concert_id,artist,tour,genre,artist_tier,date,year,month,month_name,day_of_week,is_weekend,season,city,country,continent,market_tier,latitude,longitude,venue,venue_type,opening_acts,opening_acts_count,attendance,capacity,occupancy_rate,is_sellout,gross_usd,avg_ticket_price,price_tier,shows_in_city,is_multi_night,source
CNC-0001,Taylor Swift,The Eras Tour,Pop,Global Mega-Superstar,2023-03-17,2023,3,March,Friday,True,Spring,Glendale,United States,North America,Tier 2 Major Regional Market,33.528,-112.263,State Farm Stadium,Stadium,"Paramore, Gayle",2,78600,78600,100.0,True,18781470.0,238.95,Premium ($150-$250),2,True,Kaggle (tymonbot/taylor-swift-eras-toure)
CNC-0002,Taylor Swift,The Eras Tour,Pop,Global Mega-Superstar,2023-03-18,2023,3,March,Saturday,True,Spring,Glendale,United States,North America,Tier 2 Major Regional Market,33.528,-122.263,State Farm Stadium,Stadium,"Paramore, Gayle",2,78600,78600,100.0,True,18781470.0,238.95,Premium ($150-$250),2,True,Kaggle (tymonbot/taylor-swift-eras-toure)
CNC-0003,Taylor Swift,The Eras Tour,Pop,Global Mega-Superstar,2023-03-24,2023,3,March,Friday,True,Spring,Las Vegas,United States,North America,Tier 1 Global Mega-City,36.091,-115.183,Allegiant Stadium,Stadium,"Beabadoobee, Gayle",2,71835,71835,100.0,True,17164973.25,238.95,Premium ($150-$250),2,True,Kaggle (tymonbot/taylor-swift-eras-toure)
CNC-0004,Taylor Swift,The Eras Tour,Pop,Global Mega-Superstar,2023-03-25,2023,3,March,Saturday,True,Spring,Las Vegas,United States,North America,Tier 1 Global Mega-City,36.091,-115.183,Allegiant Stadium,Stadium,"Beabadoobee, Gayle",2,71835,71835,100.0,True,17164973.25,238.95,Premium ($150-$250),2,True,Kaggle (tymonbot/taylor-swift-eras-toure)
CNC-0005,Taylor Swift,The Eras Tour,Pop,Global Mega-Superstar,2023-03-31,2023,3,March,Friday,True,Spring,Arlington,United States,North America,Tier 2 Major Regional Market,32.748,-97.093,AT&T Stadium,Stadium,"Muna, Gayle",2,105000,106361,98.72,True,25089750.0,238.95,Premium ($150-$250),3,True,Kaggle (tymonbot/taylor-swift-eras-toure)
CNC-0006,Taylor Swift,The Eras Tour,Pop,Global Mega-Superstar,2023-04-01,2023,4,April,Saturday,True,Spring,Arlington,United States,North America,Tier 2 Major Regional Market,32.748,-97.093,AT&T Stadium,Stadium,"Beabadoobee, Gracie Abrams",2,105000,106936,98.19,True,25089750.0,238.95,Premium ($150-$250),3,True,Kaggle (tymonbot/taylor-swift-eras-toure)
CNC-0007,Taylor Swift,The Eras Tour,Pop,Global Mega-Superstar,2023-04-02,2023,4,April,Sunday,True,Spring,Arlington,United States,North America,Tier 2 Major Regional Market,32.748,-97.093,AT&T Stadium,Stadium,"Beabadoobee, Gracie Abrams",2,105000,105000,100.0,True,25089750.0,238.95,Premium ($150-$250),3,True,Kaggle (tymonbot/taylor-swift-eras-toure)
CNC-0008,Taylor Swift,The Eras Tour,Pop,Global Mega-Superstar,2023-04-13,2023,4,April,Thursday,False,Spring,Tampa,United States,North America,Tier 2 Major Regional Market,27.976,-82.503,Raymond James Stadium,Stadium,"Beabadoobee, Gayle",2,75000,77320,97.0,False,17921250.0,238.95,Premium ($150-$250),3,True,Kaggle (tymonbot/taylor-swift-eras-toure)
CNC-0009,Taylor Swift,The Eras Tour,Pop,Global Mega-Superstar,2023-04-14,2023,4,April,Friday,True,Spring,Tampa,United States,North America,Tier 2 Major Regional Market,27.976,-82.503,Raymond James Stadium,Stadium,"Beabadoobee, Gracie Abrams",2,75000,79014,94.92,False,17921250.0,238.95,Premium ($150-$250),3,True,Kaggle (tymonbot/taylor-swift-eras-toure)
CNC-0010,Taylor Swift,The Eras Tour,Pop,Global Mega-Superstar,2023-04-15,2023,4,April,Saturday,True,Spring,Tampa,United States,North America,Tier 2 Major Regional Market,27.976,-82.503,Raymond James Stadium,Stadium,"Beabadoobee, Gracie Abrams",2,75000,76383,98.19,True,17921250.0,238.95,Premium ($150-$250),3,True,Kaggle (tymonbot/taylor-swift-eras-toure)
CNC-0011,Taylor Swift,The Eras Tour,Pop,Global Mega-Superstar,2023-03-21,2023,3,March,Tuesday,False,Spring,Houston,United States,North America,Tier 2 Major Regional Market,29.685,-95.411,NRG Stadium,Stadium,"Beabadoobee, Gracie Abrams",2,80000,92336,86.64,False,19116000.0,238.95,Premium ($150-$250),3,True,Kaggle (tymonbot/taylor-swift-eras-toure)
CNC-0012,Taylor Swift,The Eras Tour,Pop,Global Mega-Superstar,2023-04-22,2023,4,April,Saturday,True,Spring,Houston,United States,North America,Tier 2 Major Regional Market,29.685,-95.411,NRG Stadium,Stadium,"Beabadoobee, Gracie Abrams",2,80000,80000,100.0,True,19116000.0,238.95,Premium ($150-$250),3,True,Kaggle (tymonbot/taylor-swift-eras-toure)
CNC-0013,Taylor Swift,The Eras Tour,Pop,Global Mega-Superstar,2023-04-23,2023,4,April,Sunday,True,Spring,Houston,United States,North America,Tier 2 Major Regional Market,29.685,-95.411,NRG Stadium,Stadium,"Beabadoobee, Gracie Abrams",2,80000,82491,96.98,False,19116000.0,238.95,Premium ($150-$250),3,True,Kaggle (tymonbot/taylor-swift-eras-toure)
CNC-0014,Taylor Swift,The Eras Tour,Pop,Global Mega-Superstar,2023-04-28,2023,4,April,Friday,True,Spring,Atlanta,United States,North America,Tier 2 Major Regional Market,33.755,-84.401,Mercedes-Benz Stadium,Stadium,"Beabadoobee, Gracie Abrams",2,75000,75000,100.0,True,17921250.0,238.95,Premium ($150-$250),3,True,Kaggle (tymonbot/taylor-swift-eras-toure)
CNC-0015,Taylor Swift,The Eras Tour,Pop,Global Mega-Superstar,2023-04-29,2023,4,April,Saturday,True,Spring,Atlanta,United States,North America,Tier 2 Major Regional Market,33.755,-84.401,Mercedes-Benz Stadium,Stadium,"Beabadoobee, Gracie Abrams",2,75000,75000,100.0,True,17921250.0,238.95,Premium ($150-$250),3,True,Kaggle (tymonbot/taylor-swift-eras-toure)
CNC-0016,Taylor Swift,The Eras Tour,Pop,Global Mega-Superstar,2023-04-30,2023,4,April,Sunday,True,Spring,Atlanta,United States,North America,Tier 2 Major Regional Market,33.755,-84.401,Mercedes-Benz Stadium,Stadium,"Muna, Gayle",2,75000,81531,91.99,False,17921250.0,238.95,Premium ($150-$250),3,True,Kaggle (tymonbot/taylor-swift-eras-toure)
CNC-0017,Taylor Swift,The Eras Tour,Pop,Global Mega-Superstar,2023-05-05,2023,5,May,Friday,True,Spring,Nashville,United States,North America,Tier 2 Major Regional Market,36.166,-86.771,Nissan Stadium,Stadium,"Phoebe Bridgers, Gracie Abrams",2,70000,70764,98.92,True,16726500.0,238.95,Premium ($150-$250),3,True,Kaggle (tymonbot/taylor-swift-eras-toure)
CNC-0018,Taylor Swift,The Eras Tour,Pop,Global Mega-Superstar,2023-05-06,2023,5,May,Saturday,True,Spring,Nashville,United States,North America,Tier 2 Major Regional Market,36.166,-86.771,Nissan Stadium,Stadium,"Phoebe Bridgers, Gayle",2,70000,70000,100.0,True,16726500.0,238.95,Premium ($150-$250),3,True,Kaggle (tymonbot/taylor-swift-eras-toure)
CNC-0019,Taylor Swift,The Eras Tour,Pop,Global Mega-Superstar,2023-05-07,2023,5,May,Sunday,True,Spring,Nashville,United States,North America,Tier 2 Major Regional Market,36.166,-86.771,Nissan Stadium,Stadium,,0,70000,74476,93.99,False,16726500.0,238.95,Premium ($150-$250),3,True,Kaggle (tymonbot/taylor-swift-eras-toure)
CNC-0020,Taylor Swift,The Eras Tour,Pop,Global Mega-Superstar,2023-05-12,2023,5,May,Friday,True,Spring,Philadelphia,United States,North America,Tier 2 Major Regional Market,39.901,-75.167,Lincoln Financial Field,Stadium,"Phoebe Bridgers, Gayle",2,70000,70211,99.7,True,16726500.0,238.95,Premium ($150-$250),3,True,Kaggle (tymonbot/taylor-swift-eras-toure)
CNC-0021,Taylor Swift,The Eras Tour,Pop,Global Mega-Superstar,2023-05-13,2023,5,May,Saturday,True,Spring,Philadelphia,United States,North America,Tier 2 Major Regional Market,39.901,-75.167,Lincoln Financial Field,Stadium,"Phoebe Bridgers, Gayle",2,70000,70182,99.74,True,16726500.0,238.95,Premium ($150-$250),3,True,Kaggle (tymonbot/taylor-swift-eras-toure)
CNC-0022,Taylor Swift,The Eras Tour,Pop,Global Mega-Superstar,2023-05-14,2023,5,May,Sunday,True,Spring,Philadelphia,United States,North America,Tier 2 Major Regional Market,39.901,-75.167,Lincoln Financial Field,Stadium,"Phoebe Bridgers, Gracie Abrams",2,70000,71240,98.26,True,16726500.0,238.95,Premium ($150-$250),3,True,Kaggle (tymonbot/taylor-swift-eras-toure)
CNC-0023,Taylor Swift,The Eras Tour,Pop,Global Mega-Superstar,2023-05-19,2023,5,May,Friday,True,Spring,Foxborough,United States,North America,Tier 2 Major Regional Market,42.091,-71.264,Gillette Stadium,Stadium,"Phoebe Bridgers, Gayle",2,66000,68671,96.11,False,15770700.0,238.95,Premium ($150-$250),3,True,Kaggle (tymonbot/taylor-swift-eras-toure)
CNC-0024,Taylor Swift,The Eras Tour,Pop,Global Mega-Superstar,2023-05-20,2023,5,May,Saturday,True,Spring,Foxborough,United States,North America,Tier 2 Major Regional Market,42.091,-71.264,Gillette Stadium,Stadium,"Phoebe Bridgers, Gayle",2,66000,66000,100.0,True,15770700.0,238.95,Premium ($150-$250),3,True,Kaggle (tymonbot/taylor-swift-eras-toure)
CNC-0025,Taylor Swift,The Eras Tour,Pop,Global Mega-Superstar,2023-05-21,2023,5,May,Sunday,True,Spring,Foxborough,United States,North America,Tier 2 Major Regional Market,42.091,-71.264,Gillette Stadium,Stadium,"Phoebe Bridgers, Gracie Abrams",2,66000,66000,100.0,True,15770700.0,238.95,Premium ($150-$250),3,True,Kaggle (tymonbot/taylor-swift-eras-toure)
CNC-0026,Taylor Swift,The Eras Tour,Pop,Global Mega-Superstar,2023-05-26,2023,5,May,Friday,True,Spring,East Rutherford,United States,North America,Tier 1 Global Mega-City,40.814,-74.074,MetLife Stadium,Stadium,"Phoebe Bridgers, Gayle",2,89000,89000,100.0,True,21266550.0,238.95,Premium ($150-$250),3,True,Kaggle (tymonbot/taylor-swift-eras-toure)
CNC-0027,Taylor Swift,The Eras Tour,Pop,Global Mega-Superstar,2023-05-27,2023,5,May,Saturday,True,Spring,East Rutherford,United States,North America,Tier 1 Global Mega-City,40.814,-74.074,MetLife Stadium,Stadium,"Phoebe Bridgers, Gracie Abrams",2,89000,89000,100.0,True,21266550.0,238.95,Premium ($150-$250),3,True,Kaggle (tymonbot/taylor-swift-eras-toure)
CNC-0028,Taylor Swift,The Eras Tour,Pop,Global Mega-Superstar,2023-05-28,2023,5,May,Sunday,True,Spring,East Rutherford,United States,North America,Tier 1 Global Mega-City,40.814,-74.074,MetLife Stadium,Stadium,"Phoebe Bridgers, Owenn",2,89000,89000,100.0,True,21266550.0,238.95,Premium ($150-$250),3,True,Kaggle (tymonbot/taylor-swift-eras-toure)
CNC-0029,Taylor Swift,The Eras Tour,Pop,Global Mega-Superstar,2023-06-02,2023,6,June,Friday,True,Summer,Chicago,United States,North America,Tier 1 Global Mega-City,41.862,-87.617,Soldier Field,Stadium,"Girl in Red, Owenn",2,62000,62000,100.0,True,14814900.0,238.95,Premium ($150-$250),3,True,Kaggle (tymonbot/taylor-swift-eras-toure)
CNC-0030,Taylor Swift,The Eras Tour,Pop,Global Mega-Superstar,2023-06-03,2023,6,June,Saturday,True,Summer,Chicago,United States,North America,Tier 1 Global Mega-City,41.862,-87.617,Soldier Field,Stadium,"Girl in Red, Owenn",2,62000,62000,100.0,True,14814900.0,238.95,Premium ($150-$250),3,True,Kaggle (tymonbot/taylor-swift-eras-toure)
CNC-0031,Taylor Swift,The Eras Tour,Pop,Global Mega-Superstar,2023-06-04,2023,6,June,Sunday,True,Summer,Chicago,United States,North America,Tier 1 Global Mega-City,41.862,-87.617,Soldier Field,Stadium,"Muna, Gracie Abrams",2,62000,62000,100.0,True,14814900.0,238.95,Premium ($150-$250),3,True,Kaggle (tymonbot/taylor-swift-eras-toure)
CNC-0032,Taylor Swift,The Eras Tour,Pop,Global Mega-Superstar,2023-06-09,2023,6,June,Friday,True,Summer,Detroit,United States,North America,Tier 2 Major Regional Market,42.34,-83.046,Ford Field,Stadium,"Girl in Red, Gracie Abrams",2,78000,78298,99.62,True,18638100.0,238.95,Premium ($150-$250),2,True,Kaggle (tymonbot/taylor-swift-eras-toure)
CNC-0033,Taylor Swift,The Eras Tour,Pop,Global Mega-Superstar,2023-06-10,2023,6,June,Saturday,True,Summer,Detroit,United States,North America,Tier 2 Major Regional Market,42.34,-83.046,Ford Field,Stadium,"Girl in Red, Owenn",2,78000,78000,100.0,True,18638100.0,238.95,Premium ($150-$250),2,True,Kaggle (tymonbot/taylor-swift-eras-toure)
CNC-0034,Taylor Swift,The Eras Tour,Pop,Global Mega-Superstar,2023-06-16,2023,6,June,Friday,True,Summer,Pittsburgh,United States,North America,Tier 3 Emerging / Secondary Market,40.447,-80.016,Acrisure Stadium,Stadium,"Girl in Red, Gracie Abrams",2,75000,80308,93.39,False,17921250.0,238.95,Premium ($150-$250),2,True,Kaggle (tymonbot/taylor-swift-eras-toure)
CNC-0035,Taylor Swift,The Eras Tour,Pop,Global Mega-Superstar,2023-06-17,2023,6,June,Saturday,True,Summer,Pittsburgh,United States,North America,Tier 3 Emerging / Secondary Market,40.447,-80.016,Acrisure Stadium,Stadium,"Girl in Red, Owenn",2,75000,81646,91.86,False,17921250.0,238.95,Premium ($150-$250),2,True,Kaggle (tymonbot/taylor-swift-eras-toure)
CNC-0036,Taylor Swift,The Eras Tour,Pop,Global Mega-Superstar,2023-06-23,2023,6,June,Friday,True,Summer,Minneapolis,United States,North America,Tier 2 Major Regional Market,44.974,-93.257,U.S. Bank Stadium,Stadium,"Girl in Red, Gracie Abrams",2,73000,75242,97.02,False,17443350.0,238.95,Premium ($150-$250),2,True,Kaggle (tymonbot/taylor-swift-eras-toure)
CNC-0037,Taylor Swift,The Eras Tour,Pop,Global Mega-Superstar,2023-06-24,2023,6,June,Saturday,True,Summer,Minneapolis,United States,North America,Tier 2 Major Regional Market,44.974,-93.257,U.S. Bank Stadium,Stadium,"Girl in Red, Owenn",2,73000,75165,97.12,False,17443350.0,238.95,Premium ($150-$250),2,True,Kaggle (tymonbot/taylor-swift-eras-toure)
CNC-0038,Taylor Swift,The Eras Tour,Pop,Global Mega-Superstar,2023-06-30,2023,6,June,Friday,True,Summer,Cincinnati,United States,North America,Tier 3 Emerging / Secondary Market,39.095,-84.516,Paycor Stadium,Stadium,"Muna, Gracie Abrams",2,66000,69364,95.15,False,15770700.0,238.95,Premium ($150-$250),2,True,Kaggle (tymonbot/taylor-swift-eras-toure)
CNC-0039,Taylor Swift,The Eras Tour,Pop,Global Mega-Superstar,2023-07-01,2023,7,July,Saturday,True,Summer,Cincinnati,United States,North America,Tier 3 Emerging / Secondary Market,39.095,-84.516,Paycor Stadium,Stadium,Muna,1,66000,68493,96.36,False,15770700.0,238.95,Premium ($150-$250),2,True,Kaggle (tymonbot/taylor-swift-eras-toure)
CNC-0040,Taylor Swift,The Eras Tour,Pop,Global Mega-Superstar,2023-07-07,2023,7,July,Friday,True,Summer,Kansas City,United States,North America,Tier 3 Emerging / Secondary Market,39.049,-94.484,Arrowhead Stadium,Stadium,"Muna, Gracie Abrams",2,77000,83614,92.09,False,18399150.0,238.95,Premium ($150-$250),2,True,Kaggle (tymonbot/taylor-swift-eras-toure)
CNC-0041,Taylor Swift,The Eras Tour,Pop,Global Mega-Superstar,2023-07-08,2023,7,July,Saturday,True,Summer,Kansas City,United States,North America,Tier 3 Emerging / Secondary Market,39.049,-94.484,Arrowhead Stadium,Stadium,"Muna, Gracie Abrams",2,77000,87500,88.0,False,18399150.0,238.95,Premium ($150-$250),2,True,Kaggle (tymonbot/taylor-swift-eras-toure)
CNC-0042,Taylor Swift,The Eras Tour,Pop,Global Mega-Superstar,2023-07-14,2023,7,July,Friday,True,Summer,Denver,United States,North America,Tier 2 Major Regional Market,39.744,-105.02,Empower Field at Mile High,Stadium,"Muna, Gracie Abrams",2,84000,86876,96.69,False,20071800.0,238.95,Premium ($150-$250),2,True,Kaggle (tymonbot/taylor-swift-eras-toure)
CNC-0043,Taylor Swift,The Eras Tour,Pop,Global Mega-Superstar,2023-07-15,2023,7,July,Saturday,True,Summer,Denver,United States,North America,Tier 2 Major Regional Market,39.744,-105.02,Empower Field at Mile High,Stadium,"Muna, Gracie Abrams",2,84000,84000,100.0,True,20071800.0,238.95,Premium ($150-$250),2,True,Kaggle (tymonbot/taylor-swift-eras-toure)
CNC-0044,Taylor Swift,The Eras Tour,Pop,Global Mega-Superstar,2023-07-22,2023,7,July,Saturday,True,Summer,Seattle,United States,North America,Tier 2 Major Regional Market,47.595,-122.332,Lumen Field,Stadium,"Haim, Gracie Abrams",2,72000,72000,100.0,True,17204400.0,238.95,Premium ($150-$250),2,True,Kaggle (tymonbot/taylor-swift-eras-toure)
CNC-0045,Taylor Swift,The Eras Tour,Pop,Global Mega-Superstar,2023-07-23,2023,7,July,Sunday,True,Summer,Seattle,United States,North America,Tier 2 Major Regional Market,47.595,-122.332,Lumen Field,Stadium,"Haim, Gracie Abrams",2,72000,72000,100.0,True,17204400.0,238.95,Premium ($150-$250),2,True,Kaggle (tymonbot/taylor-swift-eras-toure)
CNC-0046,Taylor Swift,The Eras Tour,Pop,Global Mega-Superstar,2023-07-28,2023,7,July,Friday,True,Summer,Santa Clara,United States,North America,Tier 2 Major Regional Market,37.403,-121.97,Levi's Stadium,Stadium,"Haim, Gracie Abrams",2,69000,69416,99.4,True,16487550.0,238.95,Premium ($150-$250),2,True,Kaggle (tymonbot/taylor-swift-eras-toure)
CNC-0047,Taylor Swift,The Eras Tour,Pop,Global Mega-Superstar,2023-07-29,2023,7,July,Saturday,True,Summer,Santa Clara,United States,North America,Tier 2 Major Regional Market,37.403,-121.97,Levi's Stadium,Stadium,"Haim, Gracie Abrams",2,69000,69528,99.24,True,16487550.0,238.95,Premium ($150-$250),2,True,Kaggle (tymonbot/taylor-swift-eras-toure)
CNC-0048,Taylor Swift,The Eras Tour,Pop,Global Mega-Superstar,2023-08-03,2023,8,August,Thursday,False,Summer,Los Angeles,United States,North America,Tier 1 Global Mega-City,33.953,-118.339,SoFi Stadium,Stadium,"Haim, Gracie Abrams",2,100240,100240,100.0,True,23952348.0,238.95,Premium ($150-$250),6,True,Kaggle (tymonbot/taylor-swift-eras-toure)
CNC-0049,Taylor Swift,The Eras Tour,Pop,Global Mega-Superstar,2023-08-04,2023,8,August,Friday,True,Summer,Los Angeles,United States,North America,Tier 1 Global Mega-City,33.953,-118.339,SoFi Stadium,Stadium,"Haim, Owenn",2,100240,100240,100.0,True,23952348.0,238.95,Premium ($150-$250),6,True,Kaggle (tymonbot/taylor-swift-eras-toure)
CNC-0050,Taylor Swift,The Eras Tour,Pop,Global Mega-Superstar,2023-08-05,2023,8,August,Saturday,True,Summer,Los Angeles,United States,North America,Tier 1 Global Mega-City,33.953,-118.339,SoFi Stadium,Stadium,"Haim, Gayle",2,100240,100240,100.0,True,23952348.0,238.95,Premium ($150-$250),6,True,Kaggle (tymonbot/taylor-swift-eras-toure)
CNC-0051,Taylor Swift,The Eras Tour,Pop,Global Mega-Superstar,2023-08-07,2023,8,August,Monday,False,Summer,Los Angeles,United States,North America,Tier 1 Global Mega-City,33.953,-118.339,SoFi Stadium,Stadium,"Haim, Gracie Abrams",2,100240,100240,100.0,True,23952348.0,238.95,Premium ($150-$250),6,True,Kaggle (tymonbot/taylor-swift-eras-toure)
CNC-0052,Taylor Swift,The Eras Tour,Pop,Global Mega-Superstar,2023-08-08,2023,8,August,Tuesday,False,Summer,Los Angeles,United States,North America,Tier 1 Global Mega-City,33.953,-118.339,SoFi Stadium,Stadium,"Haim, Gracie Abrams",2,100240,103351,96.99,False,23952348.0,238.95,Premium ($150-$250),6,True,Kaggle (tymonbot/taylor-swift-eras-toure)
CNC-0053,Taylor Swift,The Eras Tour,Pop,Global Mega-Superstar,2023-08-09,2023,8,August,Wednesday,False,Summer,Los Angeles,United States,North America,Tier 1 Global Mega-City,33.953,-118.339,SoFi Stadium,Stadium,"Haim, Gayle",2,100240,104297,96.11,False,23952348.0,238.95,Premium ($150-$250),6,True,Kaggle (tymonbot/taylor-swift-eras-toure)
CNC-0054,Taylor Swift,The Eras Tour,Pop,Global Mega-Superstar,2023-08-24,2023,8,August,Thursday,False,Winter,Mexico City,Mexico,Latin America,Tier 1 Global Mega-City,19.405,-99.096,Estadio GNP Seguros,Stadium,Sabrina Carpenter,1,65000,65000,100.0,True,15531750.0,238.95,Premium ($150-$250),4,True,Kaggle (tymonbot/taylor-swift-eras-toure)
CNC-0055,Taylor Swift,The Eras Tour,Pop,Global Mega-Superstar,2023-08-25,2023,8,August,Friday,True,Winter,Mexico City,Mexico,Latin America,Tier 1 Global Mega-City,19.405,-99.096,Estadio GNP Seguros,Stadium,Sabrina Carpenter,1,65000,65000,100.0,True,15531750.0,238.95,Premium ($150-$250),4,True,Kaggle (tymonbot/taylor-swift-eras-toure)
CNC-0056,Taylor Swift,The Eras Tour,Pop,Global Mega-Superstar,2023-08-26,2023,8,August,Saturday,True,Winter,Mexico City,Mexico,Latin America,Tier 1 Global Mega-City,19.405,-99.096,Estadio GNP Seguros,Stadium,Sabrina Carpenter,1,65000,65000,100.0,True,15531750.0,238.95,Premium ($150-$250),4,True,Kaggle (tymonbot/taylor-swift-eras-toure)
CNC-0057,Taylor Swift,The Eras Tour,Pop,Global Mega-Superstar,2023-08-27,2023,8,August,Sunday,True,Winter,Mexico City,Mexico,Latin America,Tier 1 Global Mega-City,19.405,-99.096,Estadio GNP Seguros,Stadium,Sabrina Carpenter,1,65000,65000,100.0,True,15531750.0,238.95,Premium ($150-$250),4,True,Kaggle (tymonbot/taylor-swift-eras-toure)
CNC-0058,Taylor Swift,The Eras Tour,Pop,Global Mega-Superstar,2023-11-09,2023,11,November,Thursday,False,Spring,Buenos Aires,Argentina,Latin America,Tier 1 Global Mega-City,-34.545,-58.45,Mâs Monumental Stadium,Stadium,"Sabrina Carpenter, Louta",2,66000,66000,100.0,True,15770700.0,238.95,Premium ($150-$250),3,True,Kaggle (tymonbot/taylor-swift-eras-toure)
CNC-0059,Taylor Swift,The Eras Tour,Pop,Global Mega-Superstar,2023-11-11,2023,11,November,Saturday,True,Spring,Buenos Aires,Argentina,Latin America,Tier 1 Global Mega-City,-34.545,-58.45,Mâs Monumental Stadium,Stadium,"Sabrina Carpenter, Louta",2,66000,66000,100.0,True,15770700.0,238.95,Premium ($150-$250),3,True,Kaggle (tymonbot/taylor-swift-eras-toure)
CNC-0060,Taylor Swift,The Eras Tour,Pop,Global Mega-Superstar,2023-11-12,2023,11,November,Sunday,True,Spring,Buenos Aires,Argentina,Latin America,Tier 1 Global Mega-City,-34.545,-58.45,Mâs Monumental Stadium,Stadium,"Sabrina Carpenter, Louta",2,66000,66000,100.0,True,15770700.0,238.95,Premium ($150-$250),3,True,Kaggle (tymonbot/taylor-swift-eras-toure)
CNC-0061,Taylor Swift,The Eras Tour,Pop,Global Mega-Superstar,2023-11-17,2023,11,November,Friday,True,Spring,Rio de Janeiro,Brazil,Latin America,Tier 1 Global Mega-City,-22.893,-43.292,Estádio Olímpico Nilton Santos,Arena,Sabrina Carpenter,1,60000,60000,100.0,True,14337000.0,238.95,Premium ($150-$250),3,True,Kaggle (tymonbot/taylor-swift-eras-toure)
CNC-0062,Taylor Swift,The Eras Tour,Pop,Global Mega-Superstar,2023-11-19,2023,11,November,Sunday,True,Spring,Rio de Janeiro,Brazil,Latin America,Tier 1 Global Mega-City,-22.893,-43.292,Estádio Olímpico Nilton Santos,Arena,Sabrina Carpenter,1,60000,60000,100.0,True,14337000.0,238.95,Premium ($150-$250),3,True,Kaggle (tymonbot/taylor-swift-eras-toure)
CNC-0063,Taylor Swift,The Eras Tour,Pop,Global Mega-Superstar,2023-11-20,2023,11,November,Monday,False,Spring,Rio de Janeiro,Brazil,Latin America,Tier 1 Global Mega-City,-22.893,-43.292,Estádio Olímpico Nilton Santos,Arena,Sabrina Carpenter,1,60000,60000,100.0,True,14337000.0,238.95,Premium ($150-$250),3,True,Kaggle (tymonbot/taylor-swift-eras-toure)
CNC-0064,Taylor Swift,The Eras Tour,Pop,Global Mega-Superstar,2023-11-24,2023,11,November,Friday,True,Spring,Sao Paulo,Brazil,Latin America,Tier 1 Global Mega-City,-23.528,-46.679,Allianz Parque,Arena,Sabrina Carpenter,1,44000,44000,100.0,True,10513800.0,238.95,Premium ($150-$250),3,True,Kaggle (tymonbot/taylor-swift-eras-toure)
CNC-0065,Taylor Swift,The Eras Tour,Pop,Global Mega-Superstar,2023-11-25,2023,11,November,Saturday,True,Spring,Sao Paulo,Brazil,Latin America,Tier 1 Global Mega-City,-23.528,-46.679,Allianz Parque,Arena,Sabrina Carpenter,1,44000,44000,100.0,True,10513800.0,238.95,Premium ($150-$250),3,True,Kaggle (tymonbot/taylor-swift-eras-toure)
CNC-0066,Taylor Swift,The Eras Tour,Pop,Global Mega-Superstar,2023-11-26,2023,11,November,Sunday,True,Spring,Sao Paulo,Brazil,Latin America,Tier 1 Global Mega-City,-23.528,-46.679,Allianz Parque,Arena,Sabrina Carpenter,1,44000,44000,100.0,True,10513800.0,238.95,Premium ($150-$250),3,True,Kaggle (tymonbot/taylor-swift-eras-toure)
CNC-0067,Taylor Swift,The Eras Tour,Pop,Global Mega-Superstar,2024-02-07,2024,2,February,Wednesday,False,Winter,Tokyo,Japan,Asia,Tier 1 Global Mega-City,35.706,139.752,Tokyo Dome,Stadium,,0,70000,70430,99.39,True,16726500.0,238.95,Premium ($150-$250),4,True,Kaggle (tymonbot/taylor-swift-eras-toure)
CNC-0068,Taylor Swift,The Eras Tour,Pop,Global Mega-Superstar,2024-02-08,2024,2,February,Thursday,False,Winter,Tokyo,Japan,Asia,Tier 1 Global Mega-City,35.706,139.752,Tokyo Dome,Stadium,,0,70000,70000,100.0,True,16726500.0,238.95,Premium ($150-$250),4,True,Kaggle (tymonbot/taylor-swift-eras-toure)
CNC-0069,Taylor Swift,The Eras Tour,Pop,Global Mega-Superstar,2024-02-09,2024,2,February,Friday,True,Winter,Tokyo,Japan,Asia,Tier 1 Global Mega-City,35.706,139.752,Tokyo Dome,Stadium,,0,70000,70000,100.0,True,16726500.0,238.95,Premium ($150-$250),4,True,Kaggle (tymonbot/taylor-swift-eras-toure)
CNC-0070,Taylor Swift,The Eras Tour,Pop,Global Mega-Superstar,2024-02-10,2024,2,February,Saturday,True,Winter,Tokyo,Japan,Asia,Tier 1 Global Mega-City,35.706,139.752,Tokyo Dome,Stadium,,0,70000,70000,100.0,True,16726500.0,238.95,Premium ($150-$250),4,True,Kaggle (tymonbot/taylor-swift-eras-toure)
CNC-0071,Taylor Swift,The Eras Tour,Pop,Global Mega-Superstar,2024-02-16,2024,2,February,Friday,True,Summer,Melbourne,Australia,Oceania,Tier 1 Global Mega-City,-37.831,144.942,Melbourne Cricket Ground,Arena,Sabrina Carpenter,1,100000,100000,100.0,True,23895000.0,238.95,Premium ($150-$250),3,True,Kaggle (tymonbot/taylor-swift-eras-toure)
CNC-0072,Taylor Swift,The Eras Tour,Pop,Global Mega-Superstar,2024-02-17,2024,2,February,Saturday,True,Summer,Melbourne,Australia,Oceania,Tier 1 Global Mega-City,-37.831,144.942,Melbourne Cricket Ground,Arena,Sabrina Carpenter,1,100000,100000,100.0,True,23895000.0,238.95,Premium ($150-$250),3,True,Kaggle (tymonbot/taylor-swift-eras-toure)
CNC-0073,Taylor Swift,The Eras Tour,Pop,Global Mega-Superstar,2024-02-18,2024,2,February,Sunday,True,Summer,Melbourne,Australia,Oceania,Tier 1 Global Mega-City,-37.831,144.942,Melbourne Cricket Ground,Arena,Sabrina Carpenter,1,100000,100000,100.0,True,23895000.0,238.95,Premium ($150-$250),3,True,Kaggle (tymonbot/taylor-swift-eras-toure)
CNC-0074,Taylor Swift,The Eras Tour,Pop,Global Mega-Superstar,2024-02-23,2024,2,February,Friday,True,Summer,Sydney,Australia,Oceania,Tier 1 Global Mega-City,-33.847,151.063,Stadium Australia,Stadium,Sabrina Carpenter,1,84000,84000,100.0,True,20071800.0,238.95,Premium ($150-$250),4,True,Kaggle (tymonbot/taylor-swift-eras-toure)
CNC-0075,Taylor Swift,The Eras Tour,Pop,Global Mega-Superstar,2024-02-24,2024,2,February,Saturday,True,Summer,Sydney,Australia,Oceania,Tier 1 Global Mega-City,-33.847,151.063,Stadium Australia,Stadium,Sabrina Carpenter,1,84000,84000,100.0,True,20071800.0,238.95,Premium ($150-$250),4,True,Kaggle (tymonbot/taylor-swift-eras-toure)
CNC-0076,Taylor Swift,The Eras Tour,Pop,Global Mega-Superstar,2024-02-25,2024,2,February,Sunday,True,Summer,Sydney,Australia,Oceania,Tier 1 Global Mega-City,-33.847,151.063,Stadium Australia,Stadium,Sabrina Carpenter,1,84000,84000,100.0,True,20071800.0,238.95,Premium ($150-$250),4,True,Kaggle (tymonbot/taylor-swift-eras-toure)
CNC-0077,Taylor Swift,The Eras Tour,Pop,Global Mega-Superstar,2024-02-26,2024,2,February,Monday,False,Summer,Sydney,Australia,Oceania,Tier 1 Global Mega-City,-33.847,151.063,Stadium Australia,Stadium,Sabrina Carpenter,1,84000,84000,100.0,True,20071800.0,238.95,Premium ($150-$250),4,True,Kaggle (tymonbot/taylor-swift-eras-toure)
CNC-0078,Taylor Swift,The Eras Tour,Pop,Global Mega-Superstar,2024-03-02,2024,3,March,Saturday,True,Spring,Singapore,Singapore,Asia,Tier 1 Global Mega-City,1.305,103.874,Singapore National Stadium,Stadium,Sabrina Carpenter,1,55000,55000,100.0,True,13142250.0,238.95,Premium ($150-$250),6,True,Kaggle (tymonbot/taylor-swift-eras-toure)
CNC-0079,Taylor Swift,The Eras Tour,Pop,Global Mega-Superstar,2024-03-03,2024,3,March,Sunday,True,Spring,Singapore,Singapore,Asia,Tier 1 Global Mega-City,1.305,103.874,Singapore National Stadium,Stadium,Sabrina Carpenter,1,55000,55000,100.0,True,13142250.0,238.95,Premium ($150-$250),6,True,Kaggle (tymonbot/taylor-swift-eras-toure)
CNC-0080,Taylor Swift,The Eras Tour,Pop,Global Mega-Superstar,2024-03-04,2024,3,March,Monday,False,Spring,Singapore,Singapore,Asia,Tier 1 Global Mega-City,1.305,103.874,Singapore National Stadium,Stadium,Sabrina Carpenter,1,55000,55000,100.0,True,13142250.0,238.95,Premium ($150-$250),6,True,Kaggle (tymonbot/taylor-swift-eras-toure)
CNC-0081,Taylor Swift,The Eras Tour,Pop,Global Mega-Superstar,2024-03-07,2024,3,March,Thursday,False,Spring,Singapore,Singapore,Asia,Tier 1 Global Mega-City,1.305,103.874,Singapore National Stadium,Stadium,Sabrina Carpenter,1,55000,55000,100.0,True,13142250.0,238.95,Premium ($150-$250),6,True,Kaggle (tymonbot/taylor-swift-eras-toure)
CNC-0082,Taylor Swift,The Eras Tour,Pop,Global Mega-Superstar,2024-03-08,2024,3,March,Friday,True,Spring,Singapore,Singapore,Asia,Tier 1 Global Mega-City,1.305,103.874,Singapore National Stadium,Stadium,Sabrina Carpenter,1,55000,55000,100.0,True,13142250.0,238.95,Premium ($150-$250),6,True,Kaggle (tymonbot/taylor-swift-eras-toure)
CNC-0083,Taylor Swift,The Eras Tour,Pop,Global Mega-Superstar,2024-03-09,2024,3,March,Saturday,True,Spring,Singapore,Singapore,Asia,Tier 1 Global Mega-City,1.305,103.874,Singapore National Stadium,Stadium,Sabrina Carpenter,1,55000,55000,100.0,True,13142250.0,238.95,Premium ($150-$250),6,True,Kaggle (tymonbot/taylor-swift-eras-toure)
CNC-0084,Taylor Swift,The Eras Tour,Pop,Global Mega-Superstar,2024-05-09,2024,5,May,Thursday,False,Spring,Paris,France,Europe,Tier 1 Global Mega-City,48.896,2.229,Paris La Défense Arena,Arena,Paramore,1,40000,40132,99.67,True,9558000.0,238.95,Premium ($150-$250),4,True,Kaggle (tymonbot/taylor-swift-eras-toure)
CNC-0085,Taylor Swift,The Eras Tour,Pop,Global Mega-Superstar,2024-05-10,2024,5,May,Friday,True,Spring,Paris,France,Europe,Tier 1 Global Mega-City,48.896,2.229,Paris La Défense Arena,Arena,Paramore,1,40000,40000,100.0,True,9558000.0,238.95,Premium ($150-$250),4,True,Kaggle (tymonbot/taylor-swift-eras-toure)
CNC-0086,Taylor Swift,The Eras Tour,Pop,Global Mega-Superstar,2024-05-11,2024,5,May,Saturday,True,Spring,Paris,France,Europe,Tier 1 Global Mega-City,48.896,2.229,Paris La Défense Arena,Arena,Paramore,1,40000,40000,100.0,True,9558000.0,238.95,Premium ($150-$250),4,True,Kaggle (tymonbot/taylor-swift-eras-toure)
CNC-0087,Taylor Swift,The Eras Tour,Pop,Global Mega-Superstar,2024-05-12,2024,5,May,Sunday,True,Spring,Paris,France,Europe,Tier 1 Global Mega-City,48.896,2.229,Paris La Défense Arena,Arena,Paramore,1,40000,40392,99.03,True,9558000.0,238.95,Premium ($150-$250),4,True,Kaggle (tymonbot/taylor-swift-eras-toure)
CNC-0088,Taylor Swift,The Eras Tour,Pop,Global Mega-Superstar,2024-05-17,2024,5,May,Friday,True,Spring,Stockholm,Sweden,Europe,Tier 2 Major Regional Market,59.373,18.0,Nationalarenan Strawberry Arena,Arena,Paramore,1,65000,65000,100.0,True,15531750.0,238.95,Premium ($150-$250),3,True,Kaggle (tymonbot/taylor-swift-eras-toure)
CNC-0089,Taylor Swift,The Eras Tour,Pop,Global Mega-Superstar,2024-05-18,2024,5,May,Saturday,True,Spring,Stockholm,Sweden,Europe,Tier 2 Major Regional Market,59.374,18.0,Nationalarenan Strawberry Arena,Arena,Paramore,1,65000,66503,97.74,False,15531750.0,238.95,Premium ($150-$250),3,True,Kaggle (tymonbot/taylor-swift-eras-toure)
CNC-0090,Taylor Swift,The Eras Tour,Pop,Global Mega-Superstar,2024-05-19,2024,5,May,Sunday,True,Spring,Stockholm,Sweden,Europe,Tier 2 Major Regional Market,59.373,18.0,Nationalarenan Strawberry Arena,Arena,Paramore,1,65000,68776,94.51,False,15531750.0,238.95,Premium ($150-$250),3,True,Kaggle (tymonbot/taylor-swift-eras-toure)
CNC-0091,Taylor Swift,The Eras Tour,Pop,Global Mega-Superstar,2024-05-24,2024,5,May,Friday,True,Spring,Lisbon,Portugal,Europe,Tier 2 Major Regional Market,38.753,-9.185,Estádio da Luz,Arena,Paramore,1,66000,66000,100.0,True,15770700.0,238.95,Premium ($150-$250),2,True,Kaggle (tymonbot/taylor-swift-eras-toure)
CNC-0092,Taylor Swift,The Eras Tour,Pop,Global Mega-Superstar,2024-05-25,2024,5,May,Saturday,True,Spring,Lisbon,Portugal,Europe,Tier 2 Major Regional Market,38.753,-9.185,Estádio da Luz,Arena,Paramore,1,66000,66000,100.0,True,15770700.0,238.95,Premium ($150-$250),2,True,Kaggle (tymonbot/taylor-swift-eras-toure)
CNC-0093,Taylor Swift,The Eras Tour,Pop,Global Mega-Superstar,2024-05-29,2024,5,May,Wednesday,False,Spring,Madrid,Spain,Europe,Tier 1 Global Mega-City,38.753,-9.185,Estadio Santiago Bernabéu,Stadium,Paramore,1,82000,91365,89.75,False,19593900.0,238.95,Premium ($150-$250),2,True,Kaggle (tymonbot/taylor-swift-eras-toure)
CNC-0094,Taylor Swift,The Eras Tour,Pop,Global Mega-Superstar,2024-05-30,2024,5,May,Thursday,False,Spring,Madrid,Spain,Europe,Tier 1 Global Mega-City,38.753,-9.185,Estadio Santiago Bernabéu,Stadium,Paramore,1,82000,82000,100.0,True,19593900.0,238.95,Premium ($150-$250),2,True,Kaggle (tymonbot/taylor-swift-eras-toure)
CNC-0095,Taylor Swift,The Eras Tour,Pop,Global Mega-Superstar,2024-06-02,2024,6,June,Sunday,True,Summer,Lyon,France,Europe,Tier 2 Major Regional Market,45.765,4.982,Parc Olympique Lyonnais,Arena,Paramore,1,60000,60096,99.84,True,14337000.0,238.95,Premium ($150-$250),2,True,Kaggle (tymonbot/taylor-swift-eras-toure)
CNC-0096,Taylor Swift,The Eras Tour,Pop,Global Mega-Superstar,2024-06-03,2024,6,June,Monday,False,Summer,Lyon,France,Europe,Tier 2 Major Regional Market,45.765,4.982,Parc Olympique Lyonnais,Arena,Paramore,1,60000,62775,95.58,False,14337000.0,238.95,Premium ($150-$250),2,True,Kaggle (tymonbot/taylor-swift-eras-toure)
CNC-0097,Taylor Swift,The Eras Tour,Pop,Global Mega-Superstar,2024-06-07,2024,6,June,Friday,True,Summer,Edinburgh,United Kingdom,Europe,Tier 2 Major Regional Market,55.942,-3.241,Murrayfield Stadium,Stadium,Paramore,1,68000,70016,97.12,False,16248600.0,238.95,Premium ($150-$250),3,True,Kaggle (tymonbot/taylor-swift-eras-toure)
CNC-0098,Taylor Swift,The Eras Tour,Pop,Global Mega-Superstar,2024-06-08,2024,6,June,Saturday,True,Summer,Edinburgh,United Kingdom,Europe,Tier 2 Major Regional Market,55.942,-3.241,Murrayfield Stadium,Stadium,Paramore,1,68000,68417,99.39,True,16248600.0,238.95,Premium ($150-$250),3,True,Kaggle (tymonbot/taylor-swift-eras-toure)
CNC-0099,Taylor Swift,The Eras Tour,Pop,Global Mega-Superstar,2024-06-09,2024,6,June,Sunday,True,Summer,Edinburgh,United Kingdom,Europe,Tier 2 Major Regional Market,55.942,-3.241,Murrayfield Stadium,Stadium,Paramore,1,68000,73521,92.49,False,16248600.0,238.95,Premium ($150-$250),3,True,Kaggle (tymonbot/taylor-swift-eras-toure)
CNC-0100,Taylor Swift,The Eras Tour,Pop,Global Mega-Superstar,2024-06-13,2024,6,June,Thursday,False,Summer,Liverpool,United Kingdom,Europe,Tier 2 Major Regional Market,53.431,-2.961,Anfield,Stadium,Paramore,1,62000,64189,96.59,False,14814900.0,238.95,Premium ($150-$250),3,True,Kaggle (tymonbot/taylor-swift-eras-toure)
CNC-0101,Taylor Swift,The Eras Tour,Pop,Global Mega-Superstar,2024-06-14,2024,6,June,Friday,True,Summer,Liverpool,United Kingdom,Europe,Tier 2 Major Regional Market,53.431,-2.961,Anfield,Stadium,Paramore,1,62000,64416,96.25,False,14814900.0,238.95,Premium ($150-$250),3,True,Kaggle (tymonbot/taylor-swift-eras-toure)
CNC-0102,Taylor Swift,The Eras Tour,Pop,Global Mega-Superstar,2024-06-15,2024,6,June,Saturday,True,Summer,Liverpool,United Kingdom,Europe,Tier 2 Major Regional Market,53.431,-2.961,Anfield,Stadium,Paramore,1,62000,63570,97.53,False,14814900.0,238.95,Premium ($150-$250),3,True,Kaggle (tymonbot/taylor-swift-eras-toure)
CNC-0103,Taylor Swift,The Eras Tour,Pop,Global Mega-Superstar,2024-06-18,2024,6,June,Tuesday,False,Summer,Cardiff,United Kingdom,Europe,Tier 2 Major Regional Market,51.478,-3.183,Principality Stadium,Stadium,Paramore,1,75000,81531,91.99,False,17921250.0,238.95,Premium ($150-$250),1,False,Kaggle (tymonbot/taylor-swift-eras-toure)
CNC-0104,Taylor Swift,The Eras Tour,Pop,Global Mega-Superstar,2024-06-21,2024,6,June,Friday,True,Summer,London,United Kingdom,Europe,Tier 1 Global Mega-City,51.556,-0.28,Wembley Stadium,Stadium,Paramore,1,90000,90000,100.0,True,21505500.0,238.95,Premium ($150-$250),8,True,Kaggle (tymonbot/taylor-swift-eras-toure)
CNC-0105,Taylor Swift,The Eras Tour,Pop,Global Mega-Superstar,2024-06-22,2024,6,June,Saturday,True,Summer,London,United Kingdom,Europe,Tier 1 Global Mega-City,51.556,-0.28,Wembley Stadium,Stadium,Paramore,1,90000,90000,100.0,True,21505500.0,238.95,Premium ($150-$250),8,True,Kaggle (tymonbot/taylor-swift-eras-toure)
CNC-0106,Taylor Swift,The Eras Tour,Pop,Global Mega-Superstar,2024-06-23,2024,6,June,Sunday,True,Summer,London,United Kingdom,Europe,Tier 1 Global Mega-City,51.556,-0.28,Wembley Stadium,Stadium,Paramore,1,90000,90000,100.0,True,21505500.0,238.95,Premium ($150-$250),8,True,Kaggle (tymonbot/taylor-swift-eras-toure)
CNC-0107,Taylor Swift,The Eras Tour,Pop,Global Mega-Superstar,2024-06-28,2024,6,June,Friday,True,Summer,Dublin,Ireland,Europe,Tier 2 Major Regional Market,53.335,-6.228,Aviva Stadium,Stadium,Paramore,1,52000,52000,100.0,True,12425400.0,238.95,Premium ($150-$250),3,True,Kaggle (tymonbot/taylor-swift-eras-toure)
CNC-0108,Taylor Swift,The Eras Tour,Pop,Global Mega-Superstar,2024-06-29,2024,6,June,Saturday,True,Summer,Dublin,Ireland,Europe,Tier 2 Major Regional Market,53.335,-6.228,Aviva Stadium,Stadium,Paramore,1,52000,52000,100.0,True,12425400.0,238.95,Premium ($150-$250),3,True,Kaggle (tymonbot/taylor-swift-eras-toure)
CNC-0109,Taylor Swift,The Eras Tour,Pop,Global Mega-Superstar,2024-06-30,2024,6,June,Sunday,True,Summer,Dublin,Ireland,Europe,Tier 2 Major Regional Market,53.335,-6.228,Aviva Stadium,Stadium,Paramore,1,52000,52000,100.0,True,12425400.0,238.95,Premium ($150-$250),3,True,Kaggle (tymonbot/taylor-swift-eras-toure)
CNC-0110,Taylor Swift,The Eras Tour,Pop,Global Mega-Superstar,2024-07-04,2024,7,July,Thursday,False,Summer,Amsterdam,Netherlands,Europe,Tier 1 Global Mega-City,52.314,4.942,Johan Cruyff Arena,Arena,Paramore,1,56000,56000,100.0,True,13381200.0,238.95,Premium ($150-$250),3,True,Kaggle (tymonbot/taylor-swift-eras-toure)
CNC-0111,Taylor Swift,The Eras Tour,Pop,Global Mega-Superstar,2024-07-05,2024,7,July,Friday,True,Summer,Amsterdam,Netherlands,Europe,Tier 1 Global Mega-City,52.314,4.942,Johan Cruyff Arena,Arena,Paramore,1,56000,56000,100.0,True,13381200.0,238.95,Premium ($150-$250),3,True,Kaggle (tymonbot/taylor-swift-eras-toure)
CNC-0112,Taylor Swift,The Eras Tour,Pop,Global Mega-Superstar,2024-07-06,2024,7,July,Saturday,True,Summer,Amsterdam,Netherlands,Europe,Tier 1 Global Mega-City,52.314,4.942,Johan Cruyff Arena,Arena,Paramore,1,56000,56000,100.0,True,13381200.0,238.95,Premium ($150-$250),3,True,Kaggle (tymonbot/taylor-swift-eras-toure)
CNC-0113,Taylor Swift,The Eras Tour,Pop,Global Mega-Superstar,2024-07-09,2024,7,July,Tuesday,False,Summer,Zurich,Switzerland,Europe,Tier 2 Major Regional Market,47.383,8.504,Stadion Letzigrund,Stadium,Paramore,1,30000,35236,85.14,False,7168500.0,238.95,Premium ($150-$250),2,True,Kaggle (tymonbot/taylor-swift-eras-toure)
CNC-0114,Taylor Swift,The Eras Tour,Pop,Global Mega-Superstar,2024-07-10,2024,7,July,Wednesday,False,Summer,Zurich,Switzerland,Europe,Tier 2 Major Regional Market,47.383,8.504,Stadion Letzigrund,Stadium,Paramore,1,30000,31453,95.38,False,7168500.0,238.95,Premium ($150-$250),2,True,Kaggle (tymonbot/taylor-swift-eras-toure)
CNC-0115,Taylor Swift,The Eras Tour,Pop,Global Mega-Superstar,2024-07-13,2024,7,July,Saturday,True,Summer,Milan,Italy,Europe,Tier 2 Major Regional Market,45.478,9.124,San Siro,Arena,Paramore,1,76000,78093,97.32,False,18160200.0,238.95,Premium ($150-$250),2,True,Kaggle (tymonbot/taylor-swift-eras-toure)
CNC-0116,Taylor Swift,The Eras Tour,Pop,Global Mega-Superstar,2024-07-14,2024,7,July,Sunday,True,Summer,Milan,Italy,Europe,Tier 2 Major Regional Market,45.478,9.124,San Siro,Arena,Paramore,1,76000,76084,99.89,True,18160200.0,238.95,Premium ($150-$250),2,True,Kaggle (tymonbot/taylor-swift-eras-toure)
CNC-0117,Taylor Swift,The Eras Tour,Pop,Global Mega-Superstar,2024-07-17,2024,7,July,Wednesday,False,Summer,Gelsenkirchen,Germany,Europe,Tier 3 Emerging / Secondary Market,51.555,7.068,Veltins-Arena,Arena,Paramore,1,63000,80224,78.53,False,15053850.0,238.95,Premium ($150-$250),3,True,Kaggle (tymonbot/taylor-swift-eras-toure)
CNC-0118,Taylor Swift,The Eras Tour,Pop,Global Mega-Superstar,2024-07-18,2024,7,July,Thursday,False,Summer,Gelsenkirchen,Germany,Europe,Tier 3 Emerging / Secondary Market,51.555,7.068,Veltins-Arena,Arena,Paramore,1,63000,72165,87.3,False,15053850.0,238.95,Premium ($150-$250),3,True,Kaggle (tymonbot/taylor-swift-eras-toure)
CNC-0119,Taylor Swift,The Eras Tour,Pop,Global Mega-Superstar,2024-07-19,2024,7,July,Friday,True,Summer,Gelsenkirchen,Germany,Europe,Tier 3 Emerging / Secondary Market,51.555,7.068,Veltins-Arena,Arena,Paramore,1,63000,70446,89.43,False,15053850.0,238.95,Premium ($150-$250),3,True,Kaggle (tymonbot/taylor-swift-eras-toure)
CNC-0120,Taylor Swift,The Eras Tour,Pop,Global Mega-Superstar,2024-07-23,2024,7,July,Tuesday,False,Summer,Hamburg,Germany,Europe,Tier 2 Major Regional Market,53.587,9.899,Volksparkstadion,Stadium,Paramore,1,57000,65578,86.92,False,13620150.0,238.95,Premium ($150-$250),2,True,Kaggle (tymonbot/taylor-swift-eras-toure)
CNC-0121,Taylor Swift,The Eras Tour,Pop,Global Mega-Superstar,2024-07-24,2024,7,July,Wednesday,False,Summer,Hamburg,Germany,Europe,Tier 2 Major Regional Market,53.587,9.899,Volksparkstadion,Stadium,Paramore,1,57000,65076,87.59,False,13620150.0,238.95,Premium ($150-$250),2,True,Kaggle (tymonbot/taylor-swift-eras-toure)
CNC-0122,Taylor Swift,The Eras Tour,Pop,Global Mega-Superstar,2024-07-27,2024,7,July,Saturday,True,Summer,Munich,Germany,Europe,Tier 2 Major Regional Market,48.173,11.547,Olympiastadion,Stadium,Paramore,1,75000,75422,99.44,True,17921250.0,238.95,Premium ($150-$250),2,True,Kaggle (tymonbot/taylor-swift-eras-toure)
CNC-0123,Taylor Swift,The Eras Tour,Pop,Global Mega-Superstar,2024-07-28,2024,7,July,Sunday,True,Summer,Munich,Germany,Europe,Tier 2 Major Regional Market,48.173,11.547,Olympiastadion,Stadium,Paramore,1,75000,83315,90.02,False,17921250.0,238.95,Premium ($150-$250),2,True,Kaggle (tymonbot/taylor-swift-eras-toure)
CNC-0124,Taylor Swift,The Eras Tour,Pop,Global Mega-Superstar,2024-08-01,2024,8,August,Thursday,False,Summer,Warsaw,Poland,Europe,Tier 2 Major Regional Market,52.239,21.046,Kazimierz Górski National Stadium,Stadium,Paramore,1,73000,78630,92.84,False,17443350.0,238.95,Premium ($150-$250),3,True,Kaggle (tymonbot/taylor-swift-eras-toure)
CNC-0125,Taylor Swift,The Eras Tour,Pop,Global Mega-Superstar,2024-08-02,2024,8,August,Friday,True,Summer,Warsaw,Poland,Europe,Tier 2 Major Regional Market,52.239,21.046,Kazimierz Górski National Stadium,Stadium,Paramore,1,73000,73552,99.25,True,17443350.0,238.95,Premium ($150-$250),3,True,Kaggle (tymonbot/taylor-swift-eras-toure)
CNC-0126,Taylor Swift,The Eras Tour,Pop,Global Mega-Superstar,2024-08-03,2024,8,August,Saturday,True,Summer,Warsaw,Poland,Europe,Tier 2 Major Regional Market,52.239,21.046,Kazimierz Górski National Stadium,Stadium,Paramore,1,73000,79764,91.52,False,17443350.0,238.95,Premium ($150-$250),3,True,Kaggle (tymonbot/taylor-swift-eras-toure)
CNC-0127,Taylor Swift,The Eras Tour,Pop,Global Mega-Superstar,2024-08-15,2024,8,August,Thursday,False,Summer,London,United Kingdom,Europe,Tier 1 Global Mega-City,51.556,-0.28,Wembley Stadium,Stadium,Paramore,1,90000,90000,100.0,True,21505500.0,238.95,Premium ($150-$250),8,True,Kaggle (tymonbot/taylor-swift-eras-toure)
CNC-0128,Taylor Swift,The Eras Tour,Pop,Global Mega-Superstar,2024-08-16,2024,8,August,Friday,True,Summer,London,United Kingdom,Europe,Tier 1 Global Mega-City,51.556,-0.28,Wembley Stadium,Stadium,Paramore,1,90000,90000,100.0,True,21505500.0,238.95,Premium ($150-$250),8,True,Kaggle (tymonbot/taylor-swift-eras-toure)
CNC-0129,Taylor Swift,The Eras Tour,Pop,Global Mega-Superstar,2024-08-17,2024,8,August,Saturday,True,Summer,London,United Kingdom,Europe,Tier 1 Global Mega-City,51.556,-0.28,Wembley Stadium,Stadium,Paramore,1,90000,90000,100.0,True,21505500.0,238.95,Premium ($150-$250),8,True,Kaggle (tymonbot/taylor-swift-eras-toure)
CNC-0130,Taylor Swift,The Eras Tour,Pop,Global Mega-Superstar,2024-08-19,2024,8,August,Monday,False,Summer,London,United Kingdom,Europe,Tier 1 Global Mega-City,51.556,-0.28,Wembley Stadium,Stadium,,0,90000,90000,100.0,True,21505500.0,238.95,Premium ($150-$250),8,True,Kaggle (tymonbot/taylor-swift-eras-toure)
CNC-0131,Taylor Swift,The Eras Tour,Pop,Global Mega-Superstar,2024-08-20,2024,8,August,Tuesday,False,Summer,London,United Kingdom,Europe,Tier 1 Global Mega-City,51.556,-0.28,Wembley Stadium,Stadium,,0,90000,97192,92.6,False,21505500.0,238.95,Premium ($150-$250),8,True,Kaggle (tymonbot/taylor-swift-eras-toure)
CNC-0132,Taylor Swift,The Eras Tour,Pop,Global Mega-Superstar,2024-10-18,2024,10,October,Friday,True,Fall,Miami,United States,North America,Tier 2 Major Regional Market,25.958,-80.239,Hard Rock Stadium,Stadium,Gracie Abrams,1,65000,65000,100.0,True,15531750.0,238.95,Premium ($150-$250),3,True,Kaggle (tymonbot/taylor-swift-eras-toure)
CNC-0133,Taylor Swift,The Eras Tour,Pop,Global Mega-Superstar,2024-10-19,2024,10,October,Saturday,True,Fall,Miami,United States,North America,Tier 2 Major Regional Market,25.958,-80.239,Hard Rock Stadium,Stadium,Gracie Abrams,1,65000,65000,100.0,True,15531750.0,238.95,Premium ($150-$250),3,True,Kaggle (tymonbot/taylor-swift-eras-toure)
CNC-0134,Taylor Swift,The Eras Tour,Pop,Global Mega-Superstar,2024-10-20,2024,10,October,Sunday,True,Fall,Miami,United States,North America,Tier 2 Major Regional Market,25.958,-80.239,Hard Rock Stadium,Stadium,Gracie Abrams,1,65000,67399,96.44,False,15531750.0,238.95,Premium ($150-$250),3,True,Kaggle (tymonbot/taylor-swift-eras-toure)
CNC-0135,Taylor Swift,The Eras Tour,Pop,Global Mega-Superstar,2024-10-25,2024,10,October,Friday,True,Fall,New Orleans,United States,North America,Tier 2 Major Regional Market,29.951,-90.081,The Super-dome,Stadium,Gracie Abrams,1,83000,85251,97.36,False,19832850.0,238.95,Premium ($150-$250),3,True,Kaggle (tymonbot/taylor-swift-eras-toure)
CNC-0136,Taylor Swift,The Eras Tour,Pop,Global Mega-Superstar,2024-10-26,2024,10,October,Saturday,True,Fall,New Orleans,United States,North America,Tier 2 Major Regional Market,29.951,-90.081,The Super-dome,Stadium,Gracie Abrams,1,83000,87877,94.45,False,19832850.0,238.95,Premium ($150-$250),3,True,Kaggle (tymonbot/taylor-swift-eras-toure)
CNC-0137,Taylor Swift,The Eras Tour,Pop,Global Mega-Superstar,2024-10-27,2024,10,October,Sunday,True,Fall,New Orleans,United States,North America,Tier 2 Major Regional Market,29.951,-90.081,The Super-dome,Stadium,Gracie Abrams,1,83000,89008,93.25,False,19832850.0,238.95,Premium ($150-$250),3,True,Kaggle (tymonbot/taylor-swift-eras-toure)
CNC-0138,Taylor Swift,The Eras Tour,Pop,Global Mega-Superstar,2024-11-01,2024,11,November,Friday,True,Fall,Indianapolis,United States,North America,Tier 3 Emerging / Secondary Market,39.76,-86.164,Lucas Oil Stadium,Stadium,Gracie Abrams,1,70000,80294,87.18,False,16726500.0,238.95,Premium ($150-$250),3,True,Kaggle (tymonbot/taylor-swift-eras-toure)
CNC-0139,Taylor Swift,The Eras Tour,Pop,Global Mega-Superstar,2024-11-02,2024,11,November,Saturday,True,Fall,Indianapolis,United States,North America,Tier 3 Emerging / Secondary Market,39.76,-86.164,Lucas Oil Stadium,Stadium,Gracie Abrams,1,70000,80211,87.27,False,16726500.0,238.95,Premium ($150-$250),3,True,Kaggle (tymonbot/taylor-swift-eras-toure)
CNC-0140,Taylor Swift,The Eras Tour,Pop,Global Mega-Superstar,2024-11-03,2024,11,November,Sunday,True,Fall,Indianapolis,United States,North America,Tier 3 Emerging / Secondary Market,39.76,-86.164,Lucas Oil Stadium,Stadium,Gracie Abrams,1,70000,81197,86.21,False,16726500.0,238.95,Premium ($150-$250),3,True,Kaggle (tymonbot/taylor-swift-eras-toure)
CNC-0141,Taylor Swift,The Eras Tour,Pop,Global Mega-Superstar,2024-11-14,2024,11,November,Thursday,False,Fall,Toronto,Canada,North America,Tier 1 Global Mega-City,43.642,-79.389,Rogers Centre,Arena,Gracie Abrams,1,50000,50000,100.0,True,11947500.0,238.95,Premium ($150-$250),6,True,Kaggle (tymonbot/taylor-swift-eras-toure)
CNC-0142,Taylor Swift,The Eras Tour,Pop,Global Mega-Superstar,2024-11-15,2024,11,November,Friday,True,Fall,Toronto,Canada,North America,Tier 1 Global Mega-City,43.642,-79.389,Rogers Centre,Arena,Gracie Abrams,1,50000,50000,100.0,True,11947500.0,238.95,Premium ($150-$250),6,True,Kaggle (tymonbot/taylor-swift-eras-toure)
CNC-0143,Taylor Swift,The Eras Tour,Pop,Global Mega-Superstar,2024-11-16,2024,11,November,Saturday,True,Fall,Toronto,Canada,North America,Tier 1 Global Mega-City,43.642,-79.389,Rogers Centre,Arena,Gracie Abrams,1,50000,50000,100.0,True,11947500.0,238.95,Premium ($150-$250),6,True,Kaggle (tymonbot/taylor-swift-eras-toure)
CNC-0144,Taylor Swift,The Eras Tour,Pop,Global Mega-Superstar,2024-11-21,2024,11,November,Thursday,False,Fall,Toronto,Canada,North America,Tier 1 Global Mega-City,43.642,-79.389,Rogers Centre,Arena,Gracie Abrams,1,50000,50000,100.0,True,11947500.0,238.95,Premium ($150-$250),6,True,Kaggle (tymonbot/taylor-swift-eras-toure)
CNC-0145,Taylor Swift,The Eras Tour,Pop,Global Mega-Superstar,2024-11-22,2024,11,November,Friday,True,Fall,Toronto,Canada,North America,Tier 1 Global Mega-City,43.642,-79.389,Rogers Centre,Arena,Gracie Abrams,1,50000,50000,100.0,True,11947500.0,238.95,Premium ($150-$250),6,True,Kaggle (tymonbot/taylor-swift-eras-toure)
CNC-0146,Taylor Swift,The Eras Tour,Pop,Global Mega-Superstar,2024-11-23,2024,11,November,Saturday,True,Fall,Toronto,Canada,North America,Tier 1 Global Mega-City,43.642,-79.389,Rogers Centre,Arena,Gracie Abrams,1,50000,50000,100.0,True,11947500.0,238.95,Premium ($150-$250),6,True,Kaggle (tymonbot/taylor-swift-eras-toure)
CNC-0147,Taylor Swift,The Eras Tour,Pop,Global Mega-Superstar,2024-12-06,2024,12,December,Friday,True,Winter,Vancouver,Canada,North America,Tier 2 Major Regional Market,49.277,-123.112,BC Place,Arena,Gracie Abrams,1,55000,55000,100.0,True,13142250.0,238.95,Premium ($150-$250),3,True,Kaggle (tymonbot/taylor-swift-eras-toure)
CNC-0148,Taylor Swift,The Eras Tour,Pop,Global Mega-Superstar,2024-12-07,2024,12,December,Saturday,True,Winter,Vancouver,Canada,North America,Tier 2 Major Regional Market,49.277,-123.112,BC Place,Arena,Gracie Abrams,1,55000,55000,100.0,True,13142250.0,238.95,Premium ($150-$250),3,True,Kaggle (tymonbot/taylor-swift-eras-toure)
CNC-0149,Taylor Swift,The Eras Tour,Pop,Global Mega-Superstar,2024-12-08,2024,12,December,Sunday,True,Winter,Vancouver,Canada,North America,Tier 2 Major Regional Market,49.277,-123.112,BC Place,Arena,Gracie Abrams,1,55000,61556,89.35,False,13142250.0,238.95,Premium ($150-$250),3,True,Kaggle (tymonbot/taylor-swift-eras-toure)
CNC-0150,Taylor Swift,Fearless Tour,Country-Pop,Major Touring Artist,2009-04-01,2009,4,April,Wednesday,False,Spring,Evansville,United States,North America,Tier 2 Major Regional Market,38.0,-97.0,Roberts Municipal Stadium,Stadium,"Gloriana, Kellie Pickler",2,7463,8276,90.18,False,360617.0,48.32,Budget (<$75),1,False,Kaggle (gayu14/taylor-concert-tours)
CNC-0151,Taylor Swift,Fearless Tour,Country-Pop,Major Touring Artist,2009-05-04,2009,5,May,Monday,False,Spring,Jonesboro,United States,North America,Tier 2 Major Regional Market,38.0,-97.0,Convocation Center,Arena,"Gloriana, Kellie Pickler",2,7822,8422,92.88,False,340328.0,43.51,Budget (<$75),1,False,Kaggle (gayu14/taylor-concert-tours)
CNC-0152,Taylor Swift,Fearless Tour,Country-Pop,Major Touring Artist,2009-06-07,2009,6,June,Sunday,True,Summer,St. Louis,United States,North America,Tier 2 Major Regional Market,38.0,-97.0,Scottrade Center,Arena,"Gloriana, Kellie Pickler",2,13764,14271,96.45,False,650420.0,47.26,Budget (<$75),1,False,Kaggle (gayu14/taylor-concert-tours)
CNC-0153,Taylor Swift,Fearless Tour,Country-Pop,Major Touring Artist,2009-08-13,2009,8,August,Thursday,False,Summer,North Charleston,United States,North America,Tier 2 Major Regional Market,38.0,-97.0,North Charleston Coliseum,Arena,"Gloriana, Kellie Pickler",2,8751,8751,100.0,True,398154.0,45.5,Budget (<$75),1,False,Kaggle (gayu14/taylor-concert-tours)
CNC-0154,Taylor Swift,Fearless Tour,Country-Pop,Major Touring Artist,2009-09-16,2009,9,September,Wednesday,False,Fall,Jacksonville,United States,North America,Tier 2 Major Regional Market,38.0,-97.0,Jacksonville Veterans Memorial Arena,Arena,"Gloriana, Kellie Pickler",2,11072,13205,83.85,False,507012.0,45.79,Budget (<$75),1,False,Kaggle (gayu14/taylor-concert-tours)
CNC-0155,Taylor Swift,Fearless Tour,Country-Pop,Major Touring Artist,2009-10-19,2009,10,October,Monday,False,Fall,Biloxi,United States,North America,Tier 2 Major Regional Market,38.0,-97.0,Mississippi Coast Coliseum,Arena,"Gloriana, Kellie Pickler",2,9436,9880,95.51,False,437313.0,46.35,Budget (<$75),1,False,Kaggle (gayu14/taylor-concert-tours)
CNC-0156,Taylor Swift,Fearless Tour,Country-Pop,Major Touring Artist,2009-11-22,2009,11,November,Sunday,True,Fall,London,United Kingdom,Europe,Tier 1 Global Mega-City,51.5074,-0.1278,Shepherd's Bush Empire,Arena,,0,6789,6789,100.0,True,401328.0,59.11,Budget (<$75),3,True,Kaggle (gayu14/taylor-concert-tours)
CNC-0157,Taylor Swift,Fearless Tour,Country-Pop,Major Touring Artist,2009-04-25,2009,4,April,Saturday,True,Spring,London,United Kingdom,Europe,Tier 1 Global Mega-City,51.5074,-0.1278,Shepherd's Bush Empire,Arena,,0,6789,6789,100.0,True,401328.0,59.11,Budget (<$75),3,True,Kaggle (gayu14/taylor-concert-tours)
CNC-0158,Taylor Swift,Fearless Tour,Country-Pop,Major Touring Artist,2009-05-01,2009,5,May,Friday,True,Spring,Spokane,United States,North America,Tier 2 Major Regional Market,38.0,-97.0,Spokane Arena,Arena,"Gloriana, Kellie Pickler",2,10798,10860,99.43,True,482146.0,44.65,Budget (<$75),1,False,Kaggle (gayu14/taylor-concert-tours)
CNC-0159,Taylor Swift,Fearless Tour,Country-Pop,Major Touring Artist,2009-06-04,2009,6,June,Thursday,False,Summer,Seattle,United States,North America,Tier 2 Major Regional Market,47.6062,-122.3321,KeyArena,Arena,"Gloriana, Kellie Pickler",2,12061,12561,96.02,False,528637.0,43.83,Budget (<$75),1,False,Kaggle (gayu14/taylor-concert-tours)
CNC-0160,Taylor Swift,Fearless Tour,Country-Pop,Major Touring Artist,2009-07-07,2009,7,July,Tuesday,False,Summer,Portland,United States,North America,Tier 2 Major Regional Market,38.0,-97.0,Rose Garden Arena,Arena,"Gloriana, Kellie Pickler",2,13226,15009,88.12,False,613284.0,46.37,Budget (<$75),1,False,Kaggle (gayu14/taylor-concert-tours)
CNC-0161,Taylor Swift,Fearless Tour,Country-Pop,Major Touring Artist,2009-08-10,2009,8,August,Monday,False,Summer,Nampa,United States,North America,Tier 2 Major Regional Market,38.0,-97.0,Ford Arena,Arena,"Gloriana, Kellie Pickler",2,8970,8970,100.0,True,413622.0,46.11,Budget (<$75),1,False,Kaggle (gayu14/taylor-concert-tours)
CNC-0162,Taylor Swift,Fearless Tour,Country-Pop,Major Touring Artist,2009-09-13,2009,9,September,Sunday,True,Fall,Glendale,United States,North America,Tier 2 Major Regional Market,33.5387,-112.186,Jobing.com Arena,Arena,"Gloriana, Kellie Pickler",2,13052,13236,98.61,True,647923.0,49.64,Budget (<$75),1,False,Kaggle (gayu14/taylor-concert-tours)
CNC-0163,Taylor Swift,Fearless Tour,Country-Pop,Major Touring Artist,2009-10-16,2009,10,October,Friday,True,Fall,Los Angeles,United States,North America,Tier 1 Global Mega-City,34.0522,-118.2437,Staples Center,Arena,"Gloriana, Kellie Pickler",2,13648,13648,100.0,True,720940.0,52.82,Budget (<$75),3,True,Kaggle (gayu14/taylor-concert-tours)
CNC-0164,Taylor Swift,Fearless Tour,Country-Pop,Major Touring Artist,2009-11-19,2009,11,November,Thursday,False,Fall,Paradise,United States,North America,Tier 2 Major Regional Market,38.0,-97.0,Mandalay Bay Events Center,Arena,"Gloriana, Kellie Pickler",2,8311,9104,91.29,False,551051.0,66.3,Budget (<$75),1,False,Kaggle (gayu14/taylor-concert-tours)
CNC-0165,Taylor Swift,Fearless Tour,Country-Pop,Major Touring Artist,2009-04-22,2009,4,April,Wednesday,False,Spring,San Diego,United States,North America,Tier 2 Major Regional Market,38.0,-97.0,Valley View Casino Center,Arena,"Gloriana, Kellie Pickler",2,10174,11254,90.4,False,502689.0,49.41,Budget (<$75),1,False,Kaggle (gayu14/taylor-concert-tours)
CNC-0166,Taylor Swift,Fearless Tour,Country-Pop,Major Touring Artist,2009-05-25,2009,5,May,Monday,False,Spring,Salt Lake City,United States,North America,Tier 2 Major Regional Market,38.0,-97.0,EnergySolutions Arena,Arena,"Gloriana, Kellie Pickler",2,13042,13941,93.55,False,555207.0,42.57,Budget (<$75),1,False,Kaggle (gayu14/taylor-concert-tours)
CNC-0167,Taylor Swift,Fearless Tour,Country-Pop,Major Touring Artist,2009-07-04,2009,7,July,Saturday,True,Summer,Columbia,United States,North America,Tier 2 Major Regional Market,38.0,-97.0,Merriweather Post Pavilion,Arena,"Gloriana, Kellie Pickler",2,17619,17860,98.65,True,608438.0,34.53,Budget (<$75),2,True,Kaggle (gayu14/taylor-concert-tours)
CNC-0168,Taylor Swift,Fearless Tour,Country-Pop,Major Touring Artist,2009-08-07,2009,8,August,Friday,True,Summer,Greensboro,United States,North America,Tier 2 Major Regional Market,38.0,-97.0,Greensboro Coliseum,Arena,"Gloriana, Kellie Pickler",2,14641,15312,95.62,False,690959.0,47.19,Budget (<$75),1,False,Kaggle (gayu14/taylor-concert-tours)
CNC-0169,Taylor Swift,Fearless Tour,Country-Pop,Major Touring Artist,2009-04-19,2009,4,April,Sunday,True,Spring,Edmonton,Canada,North America,Tier 3 Emerging / Secondary Market,53.5461,-113.4938,Commonwealth Stadium,Stadium,,0,33910,44500,76.2,False,2540906.0,74.93,Budget (<$75),1,False,Kaggle (gayu14/taylor-concert-tours)
CNC-0170,Taylor Swift,Fearless Tour,Country-Pop,Major Touring Artist,2009-06-25,2009,6,June,Thursday,False,Summer,Winnipeg,Canada,North America,Tier 2 Major Regional Market,38.0,-97.0,MTS Centre,Arena,"Gloriana, Kellie Pickler",2,11369,12040,94.43,False,512487.0,45.08,Budget (<$75),1,False,Kaggle (gayu14/taylor-concert-tours)
CNC-0171,Taylor Swift,Fearless Tour,Country-Pop,Major Touring Artist,2009-10-07,2009,10,October,Wednesday,False,Fall,New York City,United States,North America,Tier 1 Global Mega-City,40.7128,-74.006,Madison Square Garden,Arena,"Gloriana, Kellie Pickler",2,13597,14239,95.49,False,976062.0,71.79,Budget (<$75),1,False,Kaggle (gayu14/taylor-concert-tours)
CNC-0172,Taylor Swift,Fearless Tour,Country-Pop,Major Touring Artist,2009-11-10,2009,11,November,Tuesday,False,Fall,Montville,United States,North America,Tier 2 Major Regional Market,38.0,-97.0,Mohegan Sun Arena,Arena,"Gloriana, Kellie Pickler",2,7507,8512,88.19,False,296306.0,39.47,Budget (<$75),1,False,Kaggle (gayu14/taylor-concert-tours)
CNC-0173,Taylor Swift,Fearless Tour,Country-Pop,Major Touring Artist,2009-04-10,2009,4,April,Friday,True,Spring,Nashville,United States,North America,Tier 2 Major Regional Market,36.1627,-86.7816,Bridgestone Arena,Arena,"Gloriana, Kellie Pickler",2,14269,14269,100.0,True,642387.0,45.02,Budget (<$75),1,False,Kaggle (gayu14/taylor-concert-tours)
CNC-0174,Taylor Swift,Fearless Tour,Country-Pop,Major Touring Artist,2009-05-13,2009,5,May,Wednesday,False,Spring,Dallas,United States,North America,Tier 2 Major Regional Market,32.7767,-96.797,American Airlines Center,Arena,"Gloriana, Kellie Pickler",2,13794,15178,90.88,False,628062.0,45.53,Budget (<$75),2,True,Kaggle (gayu14/taylor-concert-tours)
CNC-0175,Taylor Swift,Fearless Tour,Country-Pop,Major Touring Artist,2009-06-16,2009,6,June,Tuesday,False,Summer,North Little Rock,United States,North America,Tier 2 Major Regional Market,38.0,-97.0,Verizon Arena,Arena,"Gloriana, Kellie Pickler",2,13978,15295,91.39,False,654089.0,46.79,Budget (<$75),1,False,Kaggle (gayu14/taylor-concert-tours)
CNC-0176,Taylor Swift,Fearless Tour,Country-Pop,Major Touring Artist,2009-10-01,2009,10,October,Thursday,False,Fall,Cleveland,United States,North America,Tier 2 Major Regional Market,38.0,-97.0,Quicken Loans Arena,Arena,"Gloriana, Kellie Pickler",2,15524,15883,97.74,False,743492.0,47.89,Budget (<$75),1,False,Kaggle (gayu14/taylor-concert-tours)
CNC-0177,Taylor Swift,Fearless Tour,Country-Pop,Major Touring Artist,2009-11-04,2009,11,November,Wednesday,False,Fall,Indianapolis,United States,North America,Tier 3 Emerging / Secondary Market,39.7684,-86.1581,Conseco Fieldhouse,Stadium,"Gloriana, Kellie Pickler",2,13373,17370,76.99,False,634876.0,47.47,Budget (<$75),1,False,Kaggle (gayu14/taylor-concert-tours)
CNC-0178,Taylor Swift,Fearless Tour,Country-Pop,Major Touring Artist,2009-04-07,2009,4,April,Tuesday,False,Spring,Rosemont,United States,North America,Tier 2 Major Regional Market,38.0,-97.0,Allstate Arena,Arena,"Gloriana, Kellie Pickler",2,26265,29399,89.34,False,1150896.0,43.82,Budget (<$75),2,True,Kaggle (gayu14/taylor-concert-tours)
CNC-0179,Taylor Swift,Fearless Tour,Country-Pop,Major Touring Artist,2009-05-10,2009,5,May,Sunday,True,Spring,Rosemont,United States,North America,Tier 2 Major Regional Market,38.0,-97.0,Allstate Arena,Arena,"Gloriana, Kellie Pickler",2,26265,27814,94.43,False,1150896.0,43.82,Budget (<$75),2,True,Kaggle (gayu14/taylor-concert-tours)
CNC-0180,Taylor Swift,Fearless Tour,Country-Pop,Major Touring Artist,2009-06-13,2009,6,June,Saturday,True,Summer,Minneapolis,United States,North America,Tier 2 Major Regional Market,44.9778,-93.265,Target Center,Arena,"Gloriana, Kellie Pickler",2,13563,13563,100.0,True,623975.0,46.01,Budget (<$75),1,False,Kaggle (gayu14/taylor-concert-tours)
CNC-0181,Taylor Swift,Fearless Tour,Country-Pop,Major Touring Artist,2009-09-22,2009,9,September,Tuesday,False,Spring,Brisbane,Australia,Oceania,Tier 2 Major Regional Market,-27.4698,153.0251,Brisbane Entertainment Centre,Arena,Gloriana,1,11334,12305,92.11,False,956505.0,84.39,Standard ($75-$150),1,False,Kaggle (gayu14/taylor-concert-tours)
CNC-0182,Taylor Swift,Fearless Tour,Country-Pop,Major Touring Artist,2009-10-25,2009,10,October,Sunday,True,Spring,Sydney,Australia,Oceania,Tier 1 Global Mega-City,-33.8688,151.2093,Acer Arena,Arena,Gloriana,1,27030,27030,100.0,True,2030640.0,75.13,Standard ($75-$150),2,True,Kaggle (gayu14/taylor-concert-tours)
CNC-0183,Taylor Swift,Fearless Tour,Country-Pop,Major Touring Artist,2009-11-01,2009,11,November,Sunday,True,Spring,Sydney,Australia,Oceania,Tier 1 Global Mega-City,-33.8688,151.2093,Acer Arena,Arena,Gloriana,1,27030,29171,92.66,False,2030640.0,75.13,Standard ($75-$150),2,True,Kaggle (gayu14/taylor-concert-tours)
CNC-0184,Taylor Swift,Fearless Tour,Country-Pop,Major Touring Artist,2009-04-04,2009,4,April,Saturday,True,Autumn,Newcastle,Australia,Oceania,Tier 2 Major Regional Market,-25.0,135.0,Newcastle Entertainment Centre,Arena,Gloriana,1,7180,7530,95.35,False,555396.0,77.35,Standard ($75-$150),1,False,Kaggle (gayu14/taylor-concert-tours)
CNC-0185,Taylor Swift,Fearless Tour,Country-Pop,Major Touring Artist,2009-05-07,2009,5,May,Thursday,False,Autumn,Melbourne,Australia,Oceania,Tier 1 Global Mega-City,-37.8136,144.9631,Rod Laver Arena,Arena,Gloriana,1,23493,23493,100.0,True,1627510.0,69.28,Budget (<$75),2,True,Kaggle (gayu14/taylor-concert-tours)
CNC-0186,Taylor Swift,Fearless Tour,Country-Pop,Major Touring Artist,2009-06-10,2009,6,June,Wednesday,False,Winter,Melbourne,Australia,Oceania,Tier 1 Global Mega-City,-37.8136,144.9631,Rod Laver Arena,Arena,Gloriana,1,23493,25664,91.54,False,1627510.0,69.28,Budget (<$75),2,True,Kaggle (gayu14/taylor-concert-tours)
CNC-0187,Taylor Swift,Fearless Tour,Country-Pop,Major Touring Artist,2009-07-13,2009,7,July,Monday,False,Winter,Adelaide,Australia,Oceania,Tier 3 Emerging / Secondary Market,-34.9285,138.6007,Adelaide Entertainment Centre,Arena,Gloriana,1,9066,9895,91.62,False,585352.0,64.57,Budget (<$75),1,False,Kaggle (gayu14/taylor-concert-tours)
CNC-0188,Taylor Swift,Fearless Tour,Country-Pop,Major Touring Artist,2009-09-19,2009,9,September,Saturday,True,Fall,Tampa,United States,North America,Tier 2 Major Regional Market,27.9506,-82.4572,St. Pete Times Forum,Arena,"Gloriana, Kellie Pickler",2,13861,13861,100.0,True,793049.0,57.21,Budget (<$75),1,False,Kaggle (gayu14/taylor-concert-tours)
CNC-0189,Taylor Swift,Fearless Tour,Country-Pop,Major Touring Artist,2009-10-22,2009,10,October,Thursday,False,Fall,Orlando,United States,North America,Tier 2 Major Regional Market,38.0,-97.0,Amway Arena,Arena,"Gloriana, Kellie Pickler",2,11101,11308,98.17,True,598581.0,53.92,Budget (<$75),1,False,Kaggle (gayu14/taylor-concert-tours)
CNC-0190,Taylor Swift,Fearless Tour,Country-Pop,Major Touring Artist,2009-11-25,2009,11,November,Wednesday,False,Fall,Sunrise,United States,North America,Tier 2 Major Regional Market,38.0,-97.0,BankAtlantic Center,Arena,"Gloriana, Kellie Pickler",2,13453,14717,91.41,False,777442.0,57.79,Budget (<$75),1,False,Kaggle (gayu14/taylor-concert-tours)
CNC-0191,Taylor Swift,Fearless Tour,Country-Pop,Major Touring Artist,2009-04-01,2009,4,April,Wednesday,False,Spring,Austin,United States,North America,Tier 2 Major Regional Market,38.0,-97.0,Frank Erwin Center,Arena,"Gloriana, Kellie Pickler",2,11928,12897,92.49,False,642705.0,53.88,Budget (<$75),1,False,Kaggle (gayu14/taylor-concert-tours)
CNC-0192,Taylor Swift,Fearless Tour,Country-Pop,Major Touring Artist,2009-05-04,2009,5,May,Monday,False,Spring,Dallas,United States,North America,Tier 2 Major Regional Market,32.7767,-96.797,American Airlines Center,Arena,"Gloriana, Kellie Pickler",2,14022,14519,96.58,False,742954.0,52.98,Budget (<$75),2,True,Kaggle (gayu14/taylor-concert-tours)
CNC-0193,Taylor Swift,Fearless Tour,Country-Pop,Major Touring Artist,2009-06-07,2009,6,June,Sunday,True,Summer,Corpus Christi,United States,North America,Tier 2 Major Regional Market,38.0,-97.0,American Bank Center Arena,Arena,"Gloriana, Kellie Pickler",2,8423,8893,94.71,False,501169.0,59.5,Budget (<$75),1,False,Kaggle (gayu14/taylor-concert-tours)
CNC-0194,Taylor Swift,Fearless Tour,Country-Pop,Major Touring Artist,2009-07-10,2009,7,July,Friday,True,Summer,Philadelphia,United States,North America,Tier 2 Major Regional Market,39.9526,-75.1652,Wells Fargo Center,Arena,"Gloriana, Kellie Pickler",2,30360,30360,100.0,True,2002321.0,65.95,Budget (<$75),3,True,Kaggle (gayu14/taylor-concert-tours)
CNC-0195,Taylor Swift,Fearless Tour,Country-Pop,Major Touring Artist,2009-08-13,2009,8,August,Thursday,False,Summer,Philadelphia,United States,North America,Tier 2 Major Regional Market,39.9526,-75.1652,Wells Fargo Center,Arena,"Gloriana, Kellie Pickler",2,30360,31360,96.81,False,2002321.0,65.95,Budget (<$75),3,True,Kaggle (gayu14/taylor-concert-tours)
CNC-0196,Taylor Swift,Fearless Tour,Country-Pop,Major Touring Artist,2009-09-16,2009,9,September,Wednesday,False,Fall,Charlottesville,United States,North America,Tier 2 Major Regional Market,38.0,-97.0,John Paul Jones Arena,Arena,"Gloriana, Kellie Pickler",2,11858,13049,90.87,False,664305.0,56.02,Budget (<$75),1,False,Kaggle (gayu14/taylor-concert-tours)
CNC-0197,Taylor Swift,Fearless Tour,Country-Pop,Major Touring Artist,2009-10-19,2009,10,October,Monday,False,Fall,Auburn Hills,United States,North America,Tier 2 Major Regional Market,38.0,-97.0,The Palace of Auburn Hills,Arena,"Gloriana, Kellie Pickler",2,29125,29125,100.0,True,1711591.0,58.77,Budget (<$75),2,True,Kaggle (gayu14/taylor-concert-tours)
CNC-0198,Taylor Swift,Fearless Tour,Country-Pop,Major Touring Artist,2009-11-22,2009,11,November,Sunday,True,Fall,Auburn Hills,United States,North America,Tier 2 Major Regional Market,38.0,-97.0,The Palace of Auburn Hills,Arena,"Gloriana, Kellie Pickler",2,29125,29701,98.06,True,1711591.0,58.77,Budget (<$75),2,True,Kaggle (gayu14/taylor-concert-tours)
CNC-0199,Taylor Swift,Fearless Tour,Country-Pop,Major Touring Artist,2009-04-25,2009,4,April,Saturday,True,Spring,Cincinnati,United States,North America,Tier 3 Emerging / Secondary Market,39.1031,-84.512,U.S. Bank Arena,Arena,"Gloriana, Kellie Pickler",2,11208,12942,86.6,False,645592.0,57.6,Budget (<$75),1,False,Kaggle (gayu14/taylor-concert-tours)
CNC-0200,Taylor Swift,Fearless Tour,Country-Pop,Major Touring Artist,2009-05-01,2009,5,May,Friday,True,Spring,Oklahoma City,United States,North America,Tier 2 Major Regional Market,38.0,-97.0,Ford Center,Arena,"Gloriana, Kellie Pickler",2,11795,12381,95.27,False,675184.0,57.24,Budget (<$75),1,False,Kaggle (gayu14/taylor-concert-tours)
CNC-0201,Taylor Swift,Fearless Tour,Country-Pop,Major Touring Artist,2009-06-04,2009,6,June,Thursday,False,Summer,Wichita,United States,North America,Tier 2 Major Regional Market,38.0,-97.0,Intrust Bank Arena,Arena,"Gloriana, Kellie Pickler",2,11208,12001,93.39,False,610801.0,54.5,Budget (<$75),1,False,Kaggle (gayu14/taylor-concert-tours)
CNC-0202,Taylor Swift,Fearless Tour,Country-Pop,Major Touring Artist,2009-07-07,2009,7,July,Tuesday,False,Summer,Kansas City,United States,North America,Tier 3 Emerging / Secondary Market,39.0997,-94.5786,Sprint Center,Arena,"Gloriana, Kellie Pickler",2,13781,16999,81.07,False,761110.0,55.23,Budget (<$75),1,False,Kaggle (gayu14/taylor-concert-tours)
CNC-0203,Taylor Swift,Fearless Tour,Country-Pop,Major Touring Artist,2009-08-10,2009,8,August,Monday,False,Summer,Denver,United States,North America,Tier 2 Major Regional Market,39.7392,-104.9903,Pepsi Center,Arena,"Gloriana, Kellie Pickler",2,25991,27671,93.93,False,1497135.0,57.6,Budget (<$75),2,True,Kaggle (gayu14/taylor-concert-tours)
CNC-0204,Taylor Swift,Fearless Tour,Country-Pop,Major Touring Artist,2009-09-13,2009,9,September,Sunday,True,Fall,Denver,United States,North America,Tier 2 Major Regional Market,39.7392,-104.9903,Pepsi Center,Arena,"Gloriana, Kellie Pickler",2,25991,25991,100.0,True,1497135.0,57.6,Budget (<$75),2,True,Kaggle (gayu14/taylor-concert-tours)
CNC-0205,Taylor Swift,Fearless Tour,Country-Pop,Major Touring Artist,2009-10-16,2009,10,October,Friday,True,Fall,Fresno,United States,North America,Tier 2 Major Regional Market,38.0,-97.0,Save Mart Center,Arena,"Gloriana, Kellie Pickler",2,11706,11839,98.88,True,649488.0,55.48,Budget (<$75),1,False,Kaggle (gayu14/taylor-concert-tours)
CNC-0206,Taylor Swift,Fearless Tour,Country-Pop,Major Touring Artist,2009-11-19,2009,11,November,Thursday,False,Spring,San Josee,Costa Rica,Latin America,Tier 2 Major Regional Market,9.9281,-84.0907,HP Pavilion,Arena,"Gloriana, Kellie Pickler",2,12744,13714,92.93,False,716726.0,56.24,Budget (<$75),1,False,Kaggle (gayu14/taylor-concert-tours)
CNC-0207,Taylor Swift,Fearless Tour,Country-Pop,Major Touring Artist,2009-04-22,2009,4,April,Wednesday,False,Spring,Los Angeles,United States,North America,Tier 1 Global Mega-City,34.0522,-118.2437,Staples Center,Arena,"Gloriana, Kellie Pickler",2,27518,28555,96.37,False,1736197.0,63.09,Budget (<$75),3,True,Kaggle (gayu14/taylor-concert-tours)
CNC-0208,Taylor Swift,Fearless Tour,Country-Pop,Major Touring Artist,2009-05-25,2009,5,May,Monday,False,Spring,Los Angeles,United States,North America,Tier 1 Global Mega-City,34.0522,-118.2437,Staples Center,Arena,"Gloriana, Kellie Pickler",2,27518,28025,98.19,True,1736197.0,63.09,Budget (<$75),3,True,Kaggle (gayu14/taylor-concert-tours)
CNC-0209,Taylor Swift,Fearless Tour,Country-Pop,Major Touring Artist,2009-06-01,2009,6,June,Monday,False,Summer,Lexington,United States,North America,Tier 2 Major Regional Market,38.0,-97.0,Rupp Arena,Arena,"Gloriana, Kellie Pickler",2,17966,18645,96.36,False,1024223.0,57.01,Budget (<$75),1,False,Kaggle (gayu14/taylor-concert-tours)
CNC-0210,Taylor Swift,Fearless Tour,Country-Pop,Major Touring Artist,2009-08-07,2009,8,August,Friday,True,Summer,Raleigh,United States,North America,Tier 2 Major Regional Market,38.0,-97.0,RBC Center,Arena,"Gloriana, Kellie Pickler",2,13895,13949,99.61,True,752303.0,54.14,Budget (<$75),1,False,Kaggle (gayu14/taylor-concert-tours)
CNC-0211,Taylor Swift,Fearless Tour,Country-Pop,Major Touring Artist,2009-09-10,2009,9,September,Thursday,False,Fall,Des Moines,United States,North America,Tier 2 Major Regional Market,38.0,-97.0,Wells Fargo Arena,Arena,"Gloriana, Kellie Pickler",2,13264,13352,99.34,True,738280.0,55.66,Budget (<$75),1,False,Kaggle (gayu14/taylor-concert-tours)
CNC-0212,Taylor Swift,Fearless Tour,Country-Pop,Major Touring Artist,2009-10-13,2009,10,October,Tuesday,False,Fall,Saint Paul,United States,North America,Tier 2 Major Regional Market,38.0,-97.0,Xcel Energy Center,Arena,"Gloriana, Kellie Pickler",2,14914,16808,88.73,False,846111.0,56.73,Budget (<$75),1,False,Kaggle (gayu14/taylor-concert-tours)
CNC-0213,Taylor Swift,Fearless Tour,Country-Pop,Major Touring Artist,2009-11-16,2009,11,November,Monday,False,Fall,Moline,United States,North America,Tier 2 Major Regional Market,38.0,-97.0,iWireless Center,Arena,"Gloriana, Kellie Pickler",2,10641,11480,92.69,False,610668.0,57.39,Budget (<$75),1,False,Kaggle (gayu14/taylor-concert-tours)
CNC-0214,Taylor Swift,Fearless Tour,Country-Pop,Major Touring Artist,2009-04-19,2009,4,April,Sunday,True,Spring,Newark,United States,North America,Tier 2 Major Regional Market,38.0,-97.0,Prudential Center,Arena,"Gloriana, Kellie Pickler",2,26065,27741,93.96,False,1742669.0,66.86,Budget (<$75),2,True,Kaggle (gayu14/taylor-concert-tours)
CNC-0215,Taylor Swift,Fearless Tour,Country-Pop,Major Touring Artist,2009-05-22,2009,5,May,Friday,True,Spring,Newark,United States,North America,Tier 2 Major Regional Market,38.0,-97.0,Prudential Center,Arena,"Gloriana, Kellie Pickler",2,26065,26635,97.86,False,1742669.0,66.86,Budget (<$75),2,True,Kaggle (gayu14/taylor-concert-tours)
CNC-0216,Taylor Swift,Fearless Tour,Country-Pop,Major Touring Artist,2009-06-25,2009,6,June,Thursday,False,Summer,Uniondale,United States,North America,Tier 2 Major Regional Market,38.0,-97.0,Nassau Veterans Memorial Coliseum,Arena,"Gloriana, Kellie Pickler",2,25831,26575,97.2,False,1713529.0,66.34,Budget (<$75),2,True,Kaggle (gayu14/taylor-concert-tours)
CNC-0217,Taylor Swift,Fearless Tour,Country-Pop,Major Touring Artist,2009-07-01,2009,7,July,Wednesday,False,Summer,Uniondale,United States,North America,Tier 2 Major Regional Market,38.0,-97.0,Nassau Veterans Memorial Coliseum,Arena,"Gloriana, Kellie Pickler",2,25831,28672,90.09,False,1713529.0,66.34,Budget (<$75),2,True,Kaggle (gayu14/taylor-concert-tours)
CNC-0218,Taylor Swift,Fearless Tour,Country-Pop,Major Touring Artist,2009-08-04,2009,8,August,Tuesday,False,Summer,Ottawa,Canada,North America,Tier 2 Major Regional Market,38.0,-97.0,Scotiabank Place,Arena,"Gloriana, Kellie Pickler",2,13376,15320,87.31,False,873206.0,65.28,Budget (<$75),1,False,Kaggle (gayu14/taylor-concert-tours)
CNC-0219,Taylor Swift,Fearless Tour,Country-Pop,Major Touring Artist,2009-09-07,2009,9,September,Monday,False,Fall,Toronto,Canada,North America,Tier 1 Global Mega-City,43.6532,-79.3832,Air Canada Centre,Arena,"Gloriana, Kellie Pickler",2,30458,30630,99.44,True,2497690.0,82.0,Standard ($75-$150),2,True,Kaggle (gayu14/taylor-concert-tours)
CNC-0220,Taylor Swift,Fearless Tour,Country-Pop,Major Touring Artist,2009-10-10,2009,10,October,Saturday,True,Fall,Toronto,Canada,North America,Tier 1 Global Mega-City,43.6532,-79.3832,Air Canada Centre,Arena,"Gloriana, Kellie Pickler",2,30458,30458,100.0,True,2497690.0,82.0,Standard ($75-$150),2,True,Kaggle (gayu14/taylor-concert-tours)
CNC-0221,Taylor Swift,Fearless Tour,Country-Pop,Major Touring Artist,2009-11-13,2009,11,November,Friday,True,Fall,Houston,United States,North America,Tier 2 Major Regional Market,29.7604,-95.3698,Toyota Center,Arena,"Gloriana, Kellie Pickler",2,23493,24398,96.29,False,1290926.0,54.95,Budget (<$75),2,True,Kaggle (gayu14/taylor-concert-tours)
CNC-0222,Taylor Swift,Fearless Tour,Country-Pop,Major Touring Artist,2009-04-16,2009,4,April,Thursday,False,Spring,Houston,United States,North America,Tier 2 Major Regional Market,29.7604,-95.3698,Toyota Center,Arena,"Gloriana, Kellie Pickler",2,23493,25578,91.85,False,1290926.0,54.95,Budget (<$75),2,True,Kaggle (gayu14/taylor-concert-tours)
CNC-0223,Taylor Swift,Fearless Tour,Country-Pop,Major Touring Artist,2009-06-22,2009,6,June,Monday,False,Summer,Washington,United States,North America,Tier 1 Global Mega-City,38.9072,-77.0369,Verizon Center,Arena,"Gloriana, Kellie Pickler",2,27290,27290,100.0,True,1824743.0,66.86,Budget (<$75),2,True,Kaggle (gayu14/taylor-concert-tours)
CNC-0224,Taylor Swift,Fearless Tour,Country-Pop,Major Touring Artist,2009-07-25,2009,7,July,Saturday,True,Summer,Washington,United States,North America,Tier 1 Global Mega-City,38.9072,-77.0369,Verizon Center,Arena,"Gloriana, Kellie Pickler",2,27290,27290,100.0,True,1824743.0,66.86,Budget (<$75),2,True,Kaggle (gayu14/taylor-concert-tours)
CNC-0225,Taylor Swift,Fearless Tour,Country-Pop,Major Touring Artist,2009-08-01,2009,8,August,Saturday,True,Summer,Foxborough,United States,North America,Tier 2 Major Regional Market,42.0654,-71.2478,Gillette Stadium,Stadium,"Gloriana, Justin Bieber, Kellie Pickler",3,56868,57828,98.34,True,3726157.0,65.52,Budget (<$75),1,False,Kaggle (gayu14/taylor-concert-tours)
CNC-0226,Taylor Swift,Fearless Tour,Country-Pop,Major Touring Artist,2009-10-07,2009,10,October,Wednesday,False,Fall,Cavendish,Canada,North America,Tier 2 Major Regional Market,38.0,-97.0,Cavendish Beach Festival Grounds,Amphitheater / Park,,0,35000,38967,89.82,False,3325000.0,95.0,Standard ($75-$150),1,False,Kaggle (gayu14/taylor-concert-tours)
CNC-0227,Taylor Swift,Speak Now World Tour,Country-Pop,Major Touring Artist,2011-11-10,2011,11,November,Thursday,False,Fall,Singapore,Singapore,Asia,Tier 1 Global Mega-City,1.3521,103.8198,Singapore Indoor Stadium,Stadium,Sezairi Sezali,1,8964,8992,99.69,True,916850.0,102.28,Standard ($75-$150),1,False,Kaggle (gayu14/taylor-concert-tours)
CNC-0228,Taylor Swift,Speak Now World Tour,Country-Pop,Major Touring Artist,2011-04-13,2011,4,April,Wednesday,False,Spring,Seoul,South Korea,Asia,Tier 1 Global Mega-City,37.5665,126.978,Olympic Gymnastics Arena,Arena,,0,4725,5035,93.85,False,385374.0,81.56,Standard ($75-$150),1,False,Kaggle (gayu14/taylor-concert-tours)
CNC-0229,Taylor Swift,Speak Now World Tour,Country-Pop,Major Touring Artist,2011-05-16,2011,5,May,Monday,False,Spring,Osaka,Japan,Asia,Tier 2 Major Regional Market,34.6937,135.5023,Osaka-Jo Hall,Arena,,0,6953,6953,100.0,True,758113.0,109.03,Standard ($75-$150),1,False,Kaggle (gayu14/taylor-concert-tours)
CNC-0230,Taylor Swift,Speak Now World Tour,Country-Pop,Major Touring Artist,2011-06-19,2011,6,June,Sunday,True,Summer,Tokyo,Japan,Asia,Tier 1 Global Mega-City,35.6762,139.6503,Nippon Budokan,Arena,,0,15955,16089,99.17,True,1738227.0,108.95,Standard ($75-$150),2,True,Kaggle (gayu14/taylor-concert-tours)
CNC-0231,Taylor Swift,Speak Now World Tour,Country-Pop,Major Touring Artist,2011-07-22,2011,7,July,Friday,True,Summer,Tokyo,Japan,Asia,Tier 1 Global Mega-City,35.6762,139.6503,Nippon Budokan,Arena,,0,15955,15955,100.0,True,1738227.0,108.95,Standard ($75-$150),2,True,Kaggle (gayu14/taylor-concert-tours)
CNC-0232,Taylor Swift,Speak Now World Tour,Country-Pop,Major Touring Artist,2011-08-25,2011,8,August,Thursday,False,Summer,Quezon City,Philippines,Asia,Tier 2 Major Regional Market,25.0,100.0,Smart Araneta Coliseum,Arena,Sam Concepcion,1,12667,14140,89.58,False,859037.0,67.82,Budget (<$75),1,False,Kaggle (gayu14/taylor-concert-tours)
CNC-0233,Taylor Swift,Speak Now World Tour,Country-Pop,Major Touring Artist,2011-09-01,2011,9,September,Thursday,False,Fall,Hong Kong,Hong Kong,North America,Tier 3 Emerging / Secondary Market,38.0,-97.0,AsiaWorldArena,Arena,Saito Johnny,1,12573,14828,84.79,False,1030633.0,81.97,Standard ($75-$150),1,False,Kaggle (gayu14/taylor-concert-tours)
CNC-0234,Taylor Swift,Speak Now World Tour,Country-Pop,Major Touring Artist,2011-10-04,2011,10,October,Tuesday,False,Fall,Brussels,Belgium,Europe,Tier 2 Major Regional Market,50.8503,4.3517,Forest National,Arena,Tom Dice,1,4622,5383,85.86,False,219212.0,47.43,Budget (<$75),1,False,Kaggle (gayu14/taylor-concert-tours)
CNC-0235,Taylor Swift,Speak Now World Tour,Country-Pop,Major Touring Artist,2011-11-07,2011,11,November,Monday,False,Fall,Rotterdam,Netherlands,Europe,Tier 2 Major Regional Market,50.0,10.0,Sportpaleis van Ahoy,Arena,Tom Dice,1,4799,5121,93.71,False,248314.0,51.74,Budget (<$75),1,False,Kaggle (gayu14/taylor-concert-tours)
CNC-0236,Taylor Swift,Speak Now World Tour,Country-Pop,Major Touring Artist,2011-04-10,2011,4,April,Sunday,True,Spring,Oslo,Norway,Europe,Tier 2 Major Regional Market,59.9139,10.7522,Oslo Spektrum,Arena,,0,8650,8650,100.0,True,815246.0,94.25,Standard ($75-$150),1,False,Kaggle (gayu14/taylor-concert-tours)
CNC-0237,Taylor Swift,Speak Now World Tour,Country-Pop,Major Touring Artist,2011-05-13,2011,5,May,Friday,True,Spring,Oberhausen,Germany,Europe,Tier 2 Major Regional Market,50.0,10.0,Knig Pilsener Arena,Arena,Martin & James,1,6082,6082,100.0,True,370028.0,60.84,Budget (<$75),1,False,Kaggle (gayu14/taylor-concert-tours)
CNC-0238,Taylor Swift,Speak Now World Tour,Country-Pop,Major Touring Artist,2011-06-16,2011,6,June,Thursday,False,Summer,Milan,Italy,Europe,Tier 2 Major Regional Market,45.4642,9.19,Mediolanum Forum,Arena,Emma Marrone,1,3421,5585,61.25,False,153303.0,44.81,Budget (<$75),1,False,Kaggle (gayu14/taylor-concert-tours)
CNC-0239,Taylor Swift,Speak Now World Tour,Country-Pop,Major Touring Artist,2011-07-19,2011,7,July,Tuesday,False,Summer,Paris,France,Europe,Tier 1 Global Mega-City,48.8566,2.3522,Znith de Paris,Arena,,0,3598,8500,42.33,False,201781.0,56.08,Budget (<$75),1,False,Kaggle (gayu14/taylor-concert-tours)
CNC-0240,Taylor Swift,Speak Now World Tour,Country-Pop,Major Touring Artist,2011-08-22,2011,8,August,Monday,False,Summer,Madrid,Spain,Europe,Tier 1 Global Mega-City,40.4168,-3.7038,Palacio de los Deportes,Arena,The Bright,1,3962,3962,100.0,True,251864.0,63.57,Budget (<$75),1,False,Kaggle (gayu14/taylor-concert-tours)
CNC-0241,Taylor Swift,Speak Now World Tour,Country-Pop,Major Touring Artist,2011-09-25,2011,9,September,Sunday,True,Fall,Birmingham,England,Europe,Tier 2 Major Regional Market,50.0,10.0,LG Arena,Arena,Martin & James,1,9339,9339,100.0,True,508854.0,54.49,Budget (<$75),1,False,Kaggle (gayu14/taylor-concert-tours)
CNC-0242,Taylor Swift,Speak Now World Tour,Country-Pop,Major Touring Artist,2011-10-01,2011,10,October,Saturday,True,Fall,Belfast,United Kingdom,Europe,Tier 3 Emerging / Secondary Market,54.5973,-5.9301,Odyssey Arena,Arena,Ryan Sheridan,1,8058,8777,91.81,False,379001.0,47.03,Budget (<$75),1,False,Kaggle (gayu14/taylor-concert-tours)
CNC-0243,Taylor Swift,Speak Now World Tour,Country-Pop,Major Touring Artist,2011-11-04,2011,11,November,Friday,True,Fall,Dublin,Ireland,Europe,Tier 2 Major Regional Market,53.3498,-6.2603,The O2,Arena,Ryan Sheridan,1,8681,8681,100.0,True,419806.0,48.36,Budget (<$75),1,False,Kaggle (gayu14/taylor-concert-tours)
CNC-0244,Taylor Swift,Speak Now World Tour,Country-Pop,Major Touring Artist,2011-04-07,2011,4,April,Thursday,False,Spring,Manchester,United Kingdom,Europe,Tier 2 Major Regional Market,53.4808,-2.2426,Manchester Evening News Arena,Arena,Martin & James,1,10488,11622,90.24,False,580558.0,55.35,Budget (<$75),1,False,Kaggle (gayu14/taylor-concert-tours)
CNC-0245,Taylor Swift,Speak Now World Tour,Country-Pop,Major Touring Artist,2011-05-10,2011,5,May,Tuesday,False,Spring,London,United Kingdom,Europe,Tier 1 Global Mega-City,51.5074,-0.1278,The O2 Arena,Arena,Martin & James,1,15265,15681,97.35,False,891152.0,58.38,Budget (<$75),1,False,Kaggle (gayu14/taylor-concert-tours)
CNC-0246,Taylor Swift,Speak Now World Tour,Country-Pop,Major Touring Artist,2011-06-13,2011,6,June,Monday,False,Summer,Omaha,United States,North America,Tier 2 Major Regional Market,38.0,-97.0,Qwest Center Omaha,Arena,Needtobreathe,1,26992,29645,91.05,False,1717104.0,63.62,Budget (<$75),2,True,Kaggle (gayu14/taylor-concert-tours)
CNC-0247,Taylor Swift,Speak Now World Tour,Country-Pop,Major Touring Artist,2011-07-16,2011,7,July,Saturday,True,Summer,Omaha,United States,North America,Tier 2 Major Regional Market,38.0,-97.0,Qwest Center Omaha,Arena,Needtobreathe,1,26992,26992,100.0,True,1717104.0,63.62,Budget (<$75),2,True,Kaggle (gayu14/taylor-concert-tours)
CNC-0248,Taylor Swift,Speak Now World Tour,Country-Pop,Major Touring Artist,2011-08-19,2011,8,August,Friday,True,Summer,Des Moines,United States,North America,Tier 2 Major Regional Market,38.0,-97.0,Wells Fargo Arena,Arena,Needtobreathe,1,13149,13149,100.0,True,862771.0,65.61,Budget (<$75),1,False,Kaggle (gayu14/taylor-concert-tours)
CNC-0249,Taylor Swift,Speak Now World Tour,Country-Pop,Major Touring Artist,2011-09-22,2011,9,September,Thursday,False,Fall,Sunrise,United States,North America,Tier 2 Major Regional Market,38.0,-97.0,BankAtlantic Center,Arena,Needtobreathe,1,24077,24077,100.0,True,1582951.0,65.75,Budget (<$75),2,True,Kaggle (gayu14/taylor-concert-tours)
CNC-0250,Taylor Swift,Speak Now World Tour,Country-Pop,Major Touring Artist,2011-10-25,2011,10,October,Tuesday,False,Fall,Sunrise,United States,North America,Tier 2 Major Regional Market,38.0,-97.0,BankAtlantic Center,Arena,Needtobreathe,1,24077,26046,92.44,False,1582951.0,65.75,Budget (<$75),2,True,Kaggle (gayu14/taylor-concert-tours)
CNC-0251,Taylor Swift,Speak Now World Tour,Country-Pop,Major Touring Artist,2011-11-01,2011,11,November,Tuesday,False,Fall,Orlando,United States,North America,Tier 2 Major Regional Market,38.0,-97.0,Amway Center,Arena,Needtobreathe,1,12262,13049,93.97,False,791980.0,64.59,Budget (<$75),1,False,Kaggle (gayu14/taylor-concert-tours)
CNC-0252,Taylor Swift,Speak Now World Tour,Country-Pop,Major Touring Artist,2011-04-04,2011,4,April,Monday,False,Spring,Columbus,United States,North America,Tier 2 Major Regional Market,38.0,-97.0,Nationwide Arena,Arena,Needtobreathe,1,14817,14817,100.0,True,955259.0,64.47,Budget (<$75),1,False,Kaggle (gayu14/taylor-concert-tours)
CNC-0253,Taylor Swift,Speak Now World Tour,Country-Pop,Major Touring Artist,2011-05-07,2011,5,May,Saturday,True,Spring,Milwaukee,United States,North America,Tier 2 Major Regional Market,38.0,-97.0,Bradley Center,Arena,Needtobreathe,1,13748,13755,99.95,True,897042.0,65.25,Budget (<$75),1,False,Kaggle (gayu14/taylor-concert-tours)
CNC-0254,Taylor Swift,Speak Now World Tour,Country-Pop,Major Touring Artist,2011-06-10,2011,6,June,Friday,True,Summer,Detroit,United States,North America,Tier 2 Major Regional Market,42.3314,-83.0458,Ford Field,Stadium,Needtobreathe,1,47992,47992,100.0,True,3453549.0,71.96,Budget (<$75),1,False,Kaggle (gayu14/taylor-concert-tours)
CNC-0255,Taylor Swift,Speak Now World Tour,Country-Pop,Major Touring Artist,2011-07-13,2011,7,July,Wednesday,False,Summer,Saint Paul,United States,North America,Tier 2 Major Regional Market,38.0,-97.0,Xcel Energy Center,Arena,Needtobreathe,1,28977,32544,89.04,False,1913737.0,66.04,Budget (<$75),2,True,Kaggle (gayu14/taylor-concert-tours)
CNC-0256,Taylor Swift,Speak Now World Tour,Country-Pop,Major Touring Artist,2011-08-16,2011,8,August,Tuesday,False,Summer,Saint Paul,United States,North America,Tier 2 Major Regional Market,38.0,-97.0,Xcel Energy Center,Arena,Needtobreathe,1,28977,33714,85.95,False,1913737.0,66.04,Budget (<$75),2,True,Kaggle (gayu14/taylor-concert-tours)
CNC-0257,Taylor Swift,Speak Now World Tour,Country-Pop,Major Touring Artist,2011-09-19,2011,9,September,Monday,False,Fall,Pittsburgh,United States,North America,Tier 3 Emerging / Secondary Market,40.4406,-79.9959,Heinz Field,Stadium,Needtobreathe,1,52009,59486,87.43,False,4009118.0,77.09,Standard ($75-$150),1,False,Kaggle (gayu14/taylor-concert-tours)
CNC-0258,Taylor Swift,Speak Now World Tour,Country-Pop,Major Touring Artist,2011-10-22,2011,10,October,Saturday,True,Fall,Buffalo,United States,North America,Tier 2 Major Regional Market,38.0,-97.0,First Niagara Center,Arena,Needtobreathe,1,14487,14567,99.45,True,966749.0,66.73,Budget (<$75),1,False,Kaggle (gayu14/taylor-concert-tours)
CNC-0259,Taylor Swift,Speak Now World Tour,Country-Pop,Major Touring Artist,2011-11-25,2011,11,November,Friday,True,Fall,Hartford,United States,North America,Tier 2 Major Regional Market,38.0,-97.0,XL Center,Arena,Needtobreathe,1,12436,12436,100.0,True,810165.0,65.15,Budget (<$75),1,False,Kaggle (gayu14/taylor-concert-tours)
CNC-0260,Taylor Swift,Speak Now World Tour,Country-Pop,Major Touring Artist,2011-04-01,2011,4,April,Friday,True,Spring,Foxborough,United States,North America,Tier 2 Major Regional Market,42.0654,-71.2478,Gillette Stadium,Stadium,Needtobreathe,1,55400,55400,100.0,True,4013175.0,72.44,Budget (<$75),2,True,Kaggle (gayu14/taylor-concert-tours)
CNC-0261,Taylor Swift,Speak Now World Tour,Country-Pop,Major Touring Artist,2011-05-04,2011,5,May,Wednesday,False,Spring,Foxborough,United States,North America,Tier 2 Major Regional Market,42.0654,-71.2478,Gillette Stadium,Stadium,Needtobreathe,1,55400,65469,84.62,False,4013175.0,72.44,Budget (<$75),2,True,Kaggle (gayu14/taylor-concert-tours)
CNC-0262,Taylor Swift,Speak Now World Tour,Country-Pop,Major Touring Artist,2011-06-07,2011,6,June,Tuesday,False,Summer,Greensboro,United States,North America,Tier 2 Major Regional Market,38.0,-97.0,Greensboro Coliseum,Arena,Needtobreathe,1,14789,17330,85.34,False,990701.0,66.99,Budget (<$75),1,False,Kaggle (gayu14/taylor-concert-tours)
CNC-0263,Taylor Swift,Speak Now World Tour,Country-Pop,Major Touring Artist,2011-07-10,2011,7,July,Sunday,True,Summer,Knoxville,United States,North America,Tier 2 Major Regional Market,38.0,-97.0,ThompsonBoling Arena,Arena,Needtobreathe,1,13754,13913,98.86,True,903875.0,65.72,Budget (<$75),1,False,Kaggle (gayu14/taylor-concert-tours)
CNC-0264,Taylor Swift,Speak Now World Tour,Country-Pop,Major Touring Artist,2011-08-13,2011,8,August,Saturday,True,Summer,Montreal,Canada,North America,Tier 2 Major Regional Market,45.5017,-73.5673,Bell Centre,Arena,Needtobreathe,1,13439,13439,100.0,True,1254230.0,93.33,Standard ($75-$150),1,False,Kaggle (gayu14/taylor-concert-tours)
CNC-0265,Taylor Swift,Speak Now World Tour,Country-Pop,Major Touring Artist,2011-09-16,2011,9,September,Friday,True,Fall,Toronto,Canada,North America,Tier 1 Global Mega-City,43.6532,-79.3832,Air Canada Centre,Arena,Needtobreathe,1,30144,30144,100.0,True,3036000.0,100.72,Standard ($75-$150),2,True,Kaggle (gayu14/taylor-concert-tours)
CNC-0266,Taylor Swift,Speak Now World Tour,Country-Pop,Major Touring Artist,2011-10-19,2011,10,October,Wednesday,False,Fall,Toronto,Canada,North America,Tier 1 Global Mega-City,43.6532,-79.3832,Air Canada Centre,Arena,Needtobreathe,1,30144,31808,94.77,False,3036000.0,100.72,Standard ($75-$150),2,True,Kaggle (gayu14/taylor-concert-tours)
CNC-0267,Taylor Swift,Speak Now World Tour,Country-Pop,Major Touring Artist,2011-11-22,2011,11,November,Tuesday,False,Fall,Newark,United States,North America,Tier 2 Major Regional Market,38.0,-97.0,Prudential Center,Arena,Needtobreathe,1,51487,59106,87.11,False,3875463.0,75.27,Standard ($75-$150),4,True,Kaggle (gayu14/taylor-concert-tours)
CNC-0268,Taylor Swift,Speak Now World Tour,Country-Pop,Major Touring Artist,2011-04-25,2011,4,April,Monday,False,Spring,Newark,United States,North America,Tier 2 Major Regional Market,38.0,-97.0,Prudential Center,Arena,Needtobreathe,1,51487,57240,89.95,False,3875463.0,75.27,Standard ($75-$150),4,True,Kaggle (gayu14/taylor-concert-tours)
CNC-0269,Taylor Swift,Speak Now World Tour,Country-Pop,Major Touring Artist,2011-05-01,2011,5,May,Sunday,True,Spring,Newark,United States,North America,Tier 2 Major Regional Market,38.0,-97.0,Prudential Center,Arena,Needtobreathe,1,51487,53616,96.03,False,3875463.0,75.27,Standard ($75-$150),4,True,Kaggle (gayu14/taylor-concert-tours)
CNC-0270,Taylor Swift,Speak Now World Tour,Country-Pop,Major Touring Artist,2011-06-04,2011,6,June,Saturday,True,Summer,Newark,United States,North America,Tier 2 Major Regional Market,38.0,-97.0,Prudential Center,Arena,Needtobreathe,1,51487,54220,94.96,False,3875463.0,75.27,Standard ($75-$150),4,True,Kaggle (gayu14/taylor-concert-tours)
CNC-0271,Taylor Swift,Speak Now World Tour,Country-Pop,Major Touring Artist,2011-07-07,2011,7,July,Thursday,False,Summer,Grand Rapids,United States,North America,Tier 2 Major Regional Market,38.0,-97.0,Van Andel Arena,Arena,Needtobreathe,1,11012,12446,88.48,False,724854.0,65.82,Budget (<$75),1,False,Kaggle (gayu14/taylor-concert-tours)
CNC-0272,Taylor Swift,Speak Now World Tour,Country-Pop,Major Touring Artist,2011-08-10,2011,8,August,Wednesday,False,Summer,Indianapolis,United States,North America,Tier 3 Emerging / Secondary Market,39.7684,-86.1581,Conseco Fieldhouse,Stadium,Needtobreathe,1,13329,16291,81.82,False,877175.0,65.81,Budget (<$75),1,False,Kaggle (gayu14/taylor-concert-tours)
CNC-0273,Taylor Swift,Speak Now World Tour,Country-Pop,Major Touring Artist,2011-09-13,2011,9,September,Tuesday,False,Fall,Cleveland,United States,North America,Tier 2 Major Regional Market,38.0,-97.0,Quicken Loans Arena,Arena,Needtobreathe,1,14873,15806,94.1,False,976954.0,65.69,Budget (<$75),1,False,Kaggle (gayu14/taylor-concert-tours)
CNC-0274,Taylor Swift,Speak Now World Tour,Country-Pop,Major Touring Artist,2011-10-16,2011,10,October,Sunday,True,Fall,Washington,United States,North America,Tier 1 Global Mega-City,38.9072,-77.0369,Verizon Center,Arena,Needtobreathe,1,29303,29710,98.63,True,2068789.0,70.6,Budget (<$75),2,True,Kaggle (gayu14/taylor-concert-tours)
CNC-0275,Taylor Swift,Speak Now World Tour,Country-Pop,Major Touring Artist,2011-11-19,2011,11,November,Saturday,True,Fall,Washington,United States,North America,Tier 1 Global Mega-City,38.9072,-77.0369,Verizon Center,Arena,Needtobreathe,1,29303,29303,100.0,True,2068789.0,70.6,Budget (<$75),2,True,Kaggle (gayu14/taylor-concert-tours)
CNC-0276,Taylor Swift,Speak Now World Tour,Country-Pop,Major Touring Artist,2011-04-22,2011,4,April,Friday,True,Spring,Philadelphia,United States,North America,Tier 2 Major Regional Market,39.9526,-75.1652,Lincoln Financial Field,Stadium,Needtobreathe,1,51395,51395,100.0,True,4268678.0,83.06,Standard ($75-$150),1,False,Kaggle (gayu14/taylor-concert-tours)
CNC-0277,Taylor Swift,Speak Now World Tour,Country-Pop,Major Touring Artist,2011-05-25,2011,5,May,Wednesday,False,Spring,Rosemont,United States,North America,Tier 2 Major Regional Market,38.0,-97.0,Allstate Arena,Arena,Needtobreathe,1,26112,28641,91.17,False,1909603.0,73.13,Budget (<$75),2,True,Kaggle (gayu14/taylor-concert-tours)
CNC-0278,Taylor Swift,Speak Now World Tour,Country-Pop,Major Touring Artist,2011-06-01,2011,6,June,Wednesday,False,Summer,Rosemont,United States,North America,Tier 2 Major Regional Market,38.0,-97.0,Allstate Arena,Arena,Needtobreathe,1,26112,29326,89.04,False,1909603.0,73.13,Budget (<$75),2,True,Kaggle (gayu14/taylor-concert-tours)
CNC-0279,Taylor Swift,Speak Now World Tour,Country-Pop,Major Touring Artist,2011-07-04,2011,7,July,Monday,False,Summer,St. Louis,United States,North America,Tier 2 Major Regional Market,38.0,-97.0,Scottrade Center,Arena,Needtobreathe,1,27965,29561,94.6,False,1850159.0,66.16,Budget (<$75),2,True,Kaggle (gayu14/taylor-concert-tours)
CNC-0280,Taylor Swift,Speak Now World Tour,Country-Pop,Major Touring Artist,2011-08-07,2011,8,August,Sunday,True,Summer,St. Louis,United States,North America,Tier 2 Major Regional Market,38.0,-97.0,Scottrade Center,Arena,Needtobreathe,1,27965,28287,98.86,True,1850159.0,66.16,Budget (<$75),2,True,Kaggle (gayu14/taylor-concert-tours)
CNC-0281,Taylor Swift,Speak Now World Tour,Country-Pop,Major Touring Artist,2011-09-10,2011,9,September,Saturday,True,Fall,Edmonton,Canada,North America,Tier 3 Emerging / Secondary Market,53.5461,-113.4938,Rexall Place,Arena,Needtobreathe,1,25336,27952,90.64,False,2136270.0,84.32,Standard ($75-$150),2,True,Kaggle (gayu14/taylor-concert-tours)
CNC-0282,Taylor Swift,Speak Now World Tour,Country-Pop,Major Touring Artist,2011-10-13,2011,10,October,Thursday,False,Fall,Edmonton,Canada,North America,Tier 3 Emerging / Secondary Market,53.5461,-113.4938,Rexall Place,Arena,Needtobreathe,1,25336,29199,86.77,False,2136270.0,84.32,Standard ($75-$150),2,True,Kaggle (gayu14/taylor-concert-tours)
CNC-0283,Taylor Swift,Speak Now World Tour,Country-Pop,Major Touring Artist,2011-11-16,2011,11,November,Wednesday,False,Fall,Los Angeles,United States,North America,Tier 1 Global Mega-City,34.0522,-118.2437,Staples Center,Arena,Needtobreathe,1,54900,59934,91.6,False,3927154.0,71.53,Budget (<$75),4,True,Kaggle (gayu14/taylor-concert-tours)
CNC-0284,Taylor Swift,Speak Now World Tour,Country-Pop,Major Touring Artist,2011-04-19,2011,4,April,Tuesday,False,Spring,Los Angeles,United States,North America,Tier 1 Global Mega-City,34.0522,-118.2437,Staples Center,Arena,Needtobreathe,1,54900,60389,90.91,False,3927154.0,71.53,Budget (<$75),4,True,Kaggle (gayu14/taylor-concert-tours)
CNC-0285,Taylor Swift,Speak Now World Tour,Country-Pop,Major Touring Artist,2011-05-22,2011,5,May,Sunday,True,Spring,Los Angeles,United States,North America,Tier 1 Global Mega-City,34.0522,-118.2437,Staples Center,Arena,Needtobreathe,1,54900,57735,95.09,False,3927154.0,71.53,Budget (<$75),4,True,Kaggle (gayu14/taylor-concert-tours)
CNC-0286,Taylor Swift,Speak Now World Tour,Country-Pop,Major Touring Artist,2011-06-25,2011,6,June,Saturday,True,Summer,Los Angeles,United States,North America,Tier 1 Global Mega-City,34.0522,-118.2437,Staples Center,Arena,Needtobreathe,1,54900,54900,100.0,True,3927154.0,71.53,Budget (<$75),4,True,Kaggle (gayu14/taylor-concert-tours)
CNC-0287,Taylor Swift,Speak Now World Tour,Country-Pop,Major Touring Artist,2011-07-01,2011,7,July,Friday,True,Winter,San Josee,Costa Rica,Latin America,Tier 2 Major Regional Market,9.9281,-84.0907,HP Pavilion,Arena,Needtobreathe,1,24827,24827,100.0,True,1825448.0,73.53,Budget (<$75),2,True,Kaggle (gayu14/taylor-concert-tours)
CNC-0288,Taylor Swift,Speak Now World Tour,Country-Pop,Major Touring Artist,2011-08-04,2011,8,August,Thursday,False,Winter,San Josee,Costa Rica,Latin America,Tier 2 Major Regional Market,9.9281,-84.0907,HP Pavilion,Arena,Needtobreathe,1,24827,26898,92.3,False,1825448.0,73.53,Budget (<$75),2,True,Kaggle (gayu14/taylor-concert-tours)
CNC-0289,Taylor Swift,Speak Now World Tour,Country-Pop,Major Touring Artist,2011-09-07,2011,9,September,Wednesday,False,Fall,Sacramento,United States,North America,Tier 2 Major Regional Market,38.0,-97.0,Power Balance Pavilion,Arena,Needtobreathe,1,12432,13816,89.98,False,934326.0,75.15,Standard ($75-$150),1,False,Kaggle (gayu14/taylor-concert-tours)
CNC-0290,Taylor Swift,Speak Now World Tour,Country-Pop,Major Touring Artist,2011-10-10,2011,10,October,Monday,False,Fall,Portland,United States,North America,Tier 2 Major Regional Market,38.0,-97.0,Rose Garden Arena,Arena,Needtobreathe,1,13610,13610,100.0,True,903445.0,66.38,Budget (<$75),1,False,Kaggle (gayu14/taylor-concert-tours)
CNC-0291,Taylor Swift,Speak Now World Tour,Country-Pop,Major Touring Artist,2011-11-13,2011,11,November,Sunday,True,Fall,Tacoma,United States,North America,Tier 2 Major Regional Market,38.0,-97.0,Tacoma Dome,Stadium,Needtobreathe,1,19904,20062,99.21,True,1289430.0,64.78,Budget (<$75),1,False,Kaggle (gayu14/taylor-concert-tours)
CNC-0292,Taylor Swift,Speak Now World Tour,Country-Pop,Major Touring Artist,2011-04-16,2011,4,April,Saturday,True,Spring,Vancouver,Canada,North America,Tier 2 Major Regional Market,49.2827,-123.1207,Rogers Arena,Arena,Needtobreathe,1,26030,26030,100.0,True,2190680.0,84.16,Standard ($75-$150),2,True,Kaggle (gayu14/taylor-concert-tours)
CNC-0293,Taylor Swift,Speak Now World Tour,Country-Pop,Major Touring Artist,2011-05-19,2011,5,May,Thursday,False,Spring,Vancouver,Canada,North America,Tier 2 Major Regional Market,49.2827,-123.1207,Rogers Arena,Arena,Needtobreathe,1,26030,26816,97.07,False,2190680.0,84.16,Standard ($75-$150),2,True,Kaggle (gayu14/taylor-concert-tours)
CNC-0294,Taylor Swift,Speak Now World Tour,Country-Pop,Major Touring Artist,2011-06-22,2011,6,June,Wednesday,False,Summer,Nashville,United States,North America,Tier 2 Major Regional Market,36.1627,-86.7816,Bridgestone Arena,Arena,Needtobreathe,1,28178,33100,85.13,False,1841134.0,65.34,Budget (<$75),2,True,Kaggle (gayu14/taylor-concert-tours)
CNC-0295,Taylor Swift,Speak Now World Tour,Country-Pop,Major Touring Artist,2011-07-25,2011,7,July,Monday,False,Summer,Nashville,United States,North America,Tier 2 Major Regional Market,36.1627,-86.7816,Bridgestone Arena,Arena,Needtobreathe,1,28178,28178,100.0,True,1841134.0,65.34,Budget (<$75),2,True,Kaggle (gayu14/taylor-concert-tours)
CNC-0296,Taylor Swift,Speak Now World Tour,Country-Pop,Major Touring Artist,2011-08-01,2011,8,August,Monday,False,Summer,Bossier City,United States,North America,Tier 2 Major Regional Market,38.0,-97.0,CenturyLink Center,Arena,Needtobreathe,1,11510,12226,94.14,False,728546.0,63.3,Budget (<$75),1,False,Kaggle (gayu14/taylor-concert-tours)
CNC-0297,Taylor Swift,Speak Now World Tour,Country-Pop,Major Touring Artist,2011-09-04,2011,9,September,Sunday,True,Fall,Tulsa,United States,North America,Tier 2 Major Regional Market,38.0,-97.0,BOK Center,Arena,Needtobreathe,1,12546,12546,100.0,True,907573.0,72.34,Budget (<$75),1,False,Kaggle (gayu14/taylor-concert-tours)
CNC-0298,Taylor Swift,Speak Now World Tour,Country-Pop,Major Touring Artist,2011-10-07,2011,10,October,Friday,True,Fall,Kansas City,United States,North America,Tier 3 Emerging / Secondary Market,39.0997,-94.5786,Arrowhead Stadium,Stadium,Needtobreathe,1,48562,53102,91.45,False,3148046.0,64.83,Budget (<$75),1,False,Kaggle (gayu14/taylor-concert-tours)
CNC-0299,Taylor Swift,Speak Now World Tour,Country-Pop,Major Touring Artist,2011-11-10,2011,11,November,Thursday,False,Fall,Denver,United States,North America,Tier 2 Major Regional Market,39.7392,-104.9903,Pepsi Center,Arena,Needtobreathe,1,12908,13854,93.17,False,834916.0,64.68,Budget (<$75),1,False,Kaggle (gayu14/taylor-concert-tours)
CNC-0300,Taylor Swift,Speak Now World Tour,Country-Pop,Major Touring Artist,2011-04-13,2011,4,April,Wednesday,False,Spring,Salt Lake City,United States,North America,Tier 2 Major Regional Market,38.0,-97.0,EnergySolutions Arena,Arena,Needtobreathe,1,13720,14286,96.04,False,896946.0,65.38,Budget (<$75),1,False,Kaggle (gayu14/taylor-concert-tours)
CNC-0301,Taylor Swift,Speak Now World Tour,Country-Pop,Major Touring Artist,2011-05-16,2011,5,May,Monday,False,Spring,Atlanta,United States,North America,Tier 2 Major Regional Market,33.749,-84.388,Philips Arena,Arena,Needtobreathe,1,26244,26355,99.58,True,1726661.0,65.79,Budget (<$75),2,True,Kaggle (gayu14/taylor-concert-tours)
CNC-0302,Taylor Swift,Speak Now World Tour,Country-Pop,Major Touring Artist,2011-06-19,2011,6,June,Sunday,True,Summer,Atlanta,United States,North America,Tier 2 Major Regional Market,33.749,-84.388,Philips Arena,Arena,Needtobreathe,1,26244,26244,100.0,True,1726661.0,65.79,Budget (<$75),2,True,Kaggle (gayu14/taylor-concert-tours)
CNC-0303,Taylor Swift,Speak Now World Tour,Country-Pop,Major Touring Artist,2011-07-22,2011,7,July,Friday,True,Summer,North Little Rock,United States,North America,Tier 2 Major Regional Market,38.0,-97.0,Verizon Arena,Arena,Needtobreathe,1,13566,13902,97.58,False,856123.0,63.11,Budget (<$75),1,False,Kaggle (gayu14/taylor-concert-tours)
CNC-0304,Taylor Swift,Speak Now World Tour,Country-Pop,Major Touring Artist,2011-08-25,2011,8,August,Thursday,False,Summer,New Orleans,United States,North America,Tier 2 Major Regional Market,29.9511,-90.0715,New Orleans Arena,Arena,Needtobreathe,1,12943,13553,95.5,False,830289.0,64.15,Budget (<$75),1,False,Kaggle (gayu14/taylor-concert-tours)
CNC-0305,Taylor Swift,Speak Now World Tour,Country-Pop,Major Touring Artist,2011-09-01,2011,9,September,Thursday,False,Fall,Arlington,United States,North America,Tier 2 Major Regional Market,32.7357,-97.1081,Cowboys Stadium,Stadium,Needtobreathe,1,55451,55791,99.39,True,4337062.0,78.21,Standard ($75-$150),1,False,Kaggle (gayu14/taylor-concert-tours)
CNC-0306,Taylor Swift,Speak Now World Tour,Country-Pop,Major Touring Artist,2011-10-04,2011,10,October,Tuesday,False,Fall,Louisville,United States,North America,Tier 2 Major Regional Market,38.0,-97.0,KFC Yum! Center,Arena,Needtobreathe,1,14848,17584,84.44,False,1003828.0,67.61,Budget (<$75),1,False,Kaggle (gayu14/taylor-concert-tours)
CNC-0307,Taylor Swift,Speak Now World Tour,Country-Pop,Major Touring Artist,2011-11-07,2011,11,November,Monday,False,Fall,Lubbock,United States,North America,Tier 2 Major Regional Market,38.0,-97.0,United Spirit Arena,Arena,Needtobreathe,1,10419,10849,96.04,False,710426.0,68.19,Budget (<$75),1,False,Kaggle (gayu14/taylor-concert-tours)
CNC-0308,Taylor Swift,Speak Now World Tour,Country-Pop,Major Touring Artist,2011-04-10,2011,4,April,Sunday,True,Spring,Oklahoma City,United States,North America,Tier 2 Major Regional Market,38.0,-97.0,Chesapeake Energy Arena,Arena,Needtobreathe,1,11592,11592,100.0,True,758364.0,65.42,Budget (<$75),1,False,Kaggle (gayu14/taylor-concert-tours)
CNC-0309,Taylor Swift,Speak Now World Tour,Country-Pop,Major Touring Artist,2011-05-13,2011,5,May,Friday,True,Spring,San Diego,United States,North America,Tier 2 Major Regional Market,38.0,-97.0,Valley View Casino Center,Arena,Needtobreathe,1,10834,11236,96.42,False,792634.0,73.16,Budget (<$75),1,False,Kaggle (gayu14/taylor-concert-tours)
CNC-0310,Taylor Swift,Speak Now World Tour,Country-Pop,Major Touring Artist,2011-06-16,2011,6,June,Thursday,False,Summer,Glendale,United States,North America,Tier 2 Major Regional Market,33.5387,-112.186,Jobing.com Arena,Arena,Needtobreathe,1,27029,29550,91.47,False,1826025.0,67.56,Budget (<$75),2,True,Kaggle (gayu14/taylor-concert-tours)
CNC-0311,Taylor Swift,Speak Now World Tour,Country-Pop,Major Touring Artist,2011-07-19,2011,7,July,Tuesday,False,Summer,Glendale,United States,North America,Tier 2 Major Regional Market,33.5387,-112.186,Jobing.com Arena,Arena,Needtobreathe,1,27029,29300,92.25,False,1826025.0,67.56,Budget (<$75),2,True,Kaggle (gayu14/taylor-concert-tours)
CNC-0312,Taylor Swift,Speak Now World Tour,Country-Pop,Major Touring Artist,2011-08-22,2011,8,August,Monday,False,Summer,San Antonio,United States,North America,Tier 2 Major Regional Market,38.0,-97.0,AT&T Center,Arena,Needtobreathe,1,13851,14373,96.37,False,901535.0,65.09,Budget (<$75),1,False,Kaggle (gayu14/taylor-concert-tours)
CNC-0313,Taylor Swift,Speak Now World Tour,Country-Pop,Major Touring Artist,2011-09-25,2011,9,September,Sunday,True,Fall,Austin,United States,North America,Tier 2 Major Regional Market,38.0,-97.0,Frank Erwin Center,Arena,Needtobreathe,1,11999,11999,100.0,True,752078.0,62.68,Budget (<$75),1,False,Kaggle (gayu14/taylor-concert-tours)
CNC-0314,Taylor Swift,Speak Now World Tour,Country-Pop,Major Touring Artist,2011-10-01,2011,10,October,Saturday,True,Fall,Lexington,United States,North America,Tier 2 Major Regional Market,38.0,-97.0,Rupp Arena,Arena,Needtobreathe,1,16237,16541,98.16,True,1041935.0,64.17,Budget (<$75),1,False,Kaggle (gayu14/taylor-concert-tours)
CNC-0315,Taylor Swift,Speak Now World Tour,Country-Pop,Major Touring Artist,2011-11-04,2011,11,November,Friday,True,Fall,Memphis,United States,North America,Tier 2 Major Regional Market,38.0,-97.0,FedExForum,Arena,Needtobreathe,1,12604,12651,99.63,True,820036.0,65.06,Budget (<$75),1,False,Kaggle (gayu14/taylor-concert-tours)
CNC-0316,Taylor Swift,Speak Now World Tour,Country-Pop,Major Touring Artist,2011-04-07,2011,4,April,Thursday,False,Spring,Houston,United States,North America,Tier 2 Major Regional Market,29.7604,-95.3698,Minute Maid Park,Stadium,Needtobreathe,1,42095,46142,91.23,False,3435756.0,81.62,Standard ($75-$150),1,False,Kaggle (gayu14/taylor-concert-tours)
CNC-0317,Taylor Swift,Speak Now World Tour,Country-Pop,Major Touring Artist,2011-05-10,2011,5,May,Tuesday,False,Spring,Jacksonville,United States,North America,Tier 2 Major Regional Market,38.0,-97.0,Jacksonville Veterans Memorial Arena,Arena,Needtobreathe,1,11785,12531,94.05,False,749099.0,63.56,Budget (<$75),1,False,Kaggle (gayu14/taylor-concert-tours)
CNC-0318,Taylor Swift,Speak Now World Tour,Country-Pop,Major Touring Artist,2011-06-13,2011,6,June,Monday,False,Summer,Tampa,United States,North America,Tier 2 Major Regional Market,27.9506,-82.4572,St. Pete Times Forum,Arena,Needtobreathe,1,13695,13911,98.45,True,914300.0,66.76,Budget (<$75),1,False,Kaggle (gayu14/taylor-concert-tours)
CNC-0319,Taylor Swift,Speak Now World Tour,Country-Pop,Major Touring Artist,2011-07-16,2011,7,July,Saturday,True,Summer,Miami,United States,North America,Tier 2 Major Regional Market,25.7617,-80.1918,American Airlines Arena,Arena,Needtobreathe,1,12153,12316,98.68,True,786904.0,64.75,Budget (<$75),1,False,Kaggle (gayu14/taylor-concert-tours)
CNC-0320,Taylor Swift,Speak Now World Tour,Country-Pop,Major Touring Artist,2011-08-19,2011,8,August,Friday,True,Summer,Charlotte,United States,North America,Tier 2 Major Regional Market,38.0,-97.0,Time Warner Cable Arena,Arena,Needtobreathe,1,14272,14709,97.03,False,920903.0,64.53,Budget (<$75),1,False,Kaggle (gayu14/taylor-concert-tours)
CNC-0321,Taylor Swift,Speak Now World Tour,Country-Pop,Major Touring Artist,2011-09-22,2011,9,September,Thursday,False,Fall,Raleigh,United States,North America,Tier 2 Major Regional Market,38.0,-97.0,RBC Center,Arena,Needtobreathe,1,13567,13567,100.0,True,866056.0,63.84,Budget (<$75),1,False,Kaggle (gayu14/taylor-concert-tours)
CNC-0322,Taylor Swift,Speak Now World Tour,Country-Pop,Major Touring Artist,2011-10-25,2011,10,October,Tuesday,False,Fall,Columbia,United States,North America,Tier 2 Major Regional Market,38.0,-97.0,Colonial Life Arena,Arena,Needtobreathe,1,12807,14675,87.27,False,828231.0,64.67,Budget (<$75),1,False,Kaggle (gayu14/taylor-concert-tours)
CNC-0323,Taylor Swift,Speak Now World Tour,Country-Pop,Major Touring Artist,2011-11-01,2011,11,November,Tuesday,False,Fall,New York,United States,North America,Tier 1 Global Mega-City,40.7128,-74.006,Madison Square Garden,Arena,Needtobreathe,1,26652,27154,98.15,True,1988411.0,74.61,Budget (<$75),2,True,Kaggle (gayu14/taylor-concert-tours)
CNC-0324,Taylor Swift,Speak Now World Tour,Country-Pop,Major Touring Artist,2011-04-04,2011,4,April,Monday,False,Spring,New York,United States,North America,Tier 1 Global Mega-City,40.7128,-74.006,Madison Square Garden,Arena,Needtobreathe,1,26652,26652,100.0,True,1988411.0,74.61,Budget (<$75),2,True,Kaggle (gayu14/taylor-concert-tours)
CNC-0325,Taylor Swift,Speak Now World Tour,Country-Pop,Major Touring Artist,2011-05-07,2011,5,May,Saturday,True,Autumn,Perth,Australia,Oceania,Tier 2 Major Regional Market,-31.9505,115.8605,Burswood Dome,Stadium,Hot Chelle Rae,1,15142,15142,100.0,True,1878530.0,124.06,Standard ($75-$150),1,False,Kaggle (gayu14/taylor-concert-tours)
CNC-0326,Taylor Swift,Speak Now World Tour,Country-Pop,Major Touring Artist,2011-06-10,2011,6,June,Friday,True,Winter,Adelaide,Australia,Oceania,Tier 3 Emerging / Secondary Market,-34.9285,138.6007,Adelaide Entertainment Centre,Arena,Hot Chelle Rae,1,8589,9256,92.79,False,1075370.0,125.2,Standard ($75-$150),1,False,Kaggle (gayu14/taylor-concert-tours)
CNC-0327,Taylor Swift,Speak Now World Tour,Country-Pop,Major Touring Artist,2011-07-13,2011,7,July,Wednesday,False,Winter,Brisbane,Australia,Oceania,Tier 2 Major Regional Market,-27.4698,153.0251,Brisbane Entertainment Centre,Arena,Hot Chelle Rae,1,19870,23086,86.07,False,2416030.0,121.59,Standard ($75-$150),2,True,Kaggle (gayu14/taylor-concert-tours)
CNC-0328,Taylor Swift,Speak Now World Tour,Country-Pop,Major Touring Artist,2011-08-16,2011,8,August,Tuesday,False,Winter,Brisbane,Australia,Oceania,Tier 2 Major Regional Market,-27.4698,153.0251,Brisbane Entertainment Centre,Arena,Hot Chelle Rae,1,19870,21393,92.88,False,2416030.0,121.59,Standard ($75-$150),2,True,Kaggle (gayu14/taylor-concert-tours)
CNC-0329,Taylor Swift,Speak Now World Tour,Country-Pop,Major Touring Artist,2011-09-19,2011,9,September,Monday,False,Spring,Sydney,Australia,Oceania,Tier 1 Global Mega-City,-33.8688,151.2093,Allphones Arena,Arena,Hot Chelle Rae,1,27900,29005,96.19,False,3420360.0,122.59,Standard ($75-$150),2,True,Kaggle (gayu14/taylor-concert-tours)
CNC-0330,Taylor Swift,Speak Now World Tour,Country-Pop,Major Touring Artist,2011-10-22,2011,10,October,Saturday,True,Spring,Sydney,Australia,Oceania,Tier 1 Global Mega-City,-33.8688,151.2093,Allphones Arena,Arena,Hot Chelle Rae,1,27900,27900,100.0,True,3420360.0,122.59,Standard ($75-$150),2,True,Kaggle (gayu14/taylor-concert-tours)
CNC-0331,Taylor Swift,Speak Now World Tour,Country-Pop,Major Touring Artist,2011-11-25,2011,11,November,Friday,True,Spring,Melbourne,Australia,Oceania,Tier 1 Global Mega-City,-37.8136,144.9631,Rod Laver Arena,Arena,Hot Chelle Rae,1,33793,33793,100.0,True,4151650.0,122.86,Standard ($75-$150),3,True,Kaggle (gayu14/taylor-concert-tours)
CNC-0332,Taylor Swift,Speak Now World Tour,Country-Pop,Major Touring Artist,2011-04-01,2011,4,April,Friday,True,Autumn,Melbourne,Australia,Oceania,Tier 1 Global Mega-City,-37.8136,144.9631,Rod Laver Arena,Arena,Hot Chelle Rae,1,33793,34770,97.19,False,4151650.0,122.86,Standard ($75-$150),3,True,Kaggle (gayu14/taylor-concert-tours)
CNC-0333,Taylor Swift,Speak Now World Tour,Country-Pop,Major Touring Artist,2011-05-04,2011,5,May,Wednesday,False,Autumn,Melbourne,Australia,Oceania,Tier 1 Global Mega-City,-37.8136,144.9631,Rod Laver Arena,Arena,Hot Chelle Rae,1,33793,33793,100.0,True,4151650.0,122.86,Standard ($75-$150),3,True,Kaggle (gayu14/taylor-concert-tours)
CNC-0334,Taylor Swift,Speak Now World Tour,Country-Pop,Major Touring Artist,2011-06-07,2011,6,June,Tuesday,False,Winter,Auckland,New Zealand,Oceania,Tier 2 Major Regional Market,-36.8485,174.7633,Vector Arena,Arena,Hot Chelle Rae,1,32585,36782,88.59,False,2888560.0,88.65,Standard ($75-$150),3,True,Kaggle (gayu14/taylor-concert-tours)
CNC-0335,Taylor Swift,Speak Now World Tour,Country-Pop,Major Touring Artist,2011-07-10,2011,7,July,Sunday,True,Winter,Auckland,New Zealand,Oceania,Tier 2 Major Regional Market,-36.8485,174.7633,Vector Arena,Arena,Hot Chelle Rae,1,32585,34210,95.25,False,2888560.0,88.65,Standard ($75-$150),3,True,Kaggle (gayu14/taylor-concert-tours)
CNC-0336,Taylor Swift,Speak Now World Tour,Country-Pop,Major Touring Artist,2011-08-13,2011,8,August,Saturday,True,Winter,Auckland,New Zealand,Oceania,Tier 2 Major Regional Market,-36.8485,174.7633,Vector Arena,Arena,Hot Chelle Rae,1,32585,32585,100.0,True,2888560.0,88.65,Standard ($75-$150),3,True,Kaggle (gayu14/taylor-concert-tours)
CNC-0337,Taylor Swift,The Red Tour,Country-Pop,Major Touring Artist,2013-09-16,2013,9,September,Monday,False,Fall,Omaha,United States,North America,Tier 2 Major Regional Market,38.0,-97.0,CenturyLink Center Omaha,Arena,"Ed Sheeran, Brett Eldredge",2,27877,27877,100.0,True,2243164.0,80.47,Standard ($75-$150),2,True,Kaggle (gayu14/taylor-concert-tours)
CNC-0338,Taylor Swift,The Red Tour,Country-Pop,Major Touring Artist,2013-10-19,2013,10,October,Saturday,True,Fall,Omaha,United States,North America,Tier 2 Major Regional Market,38.0,-97.0,CenturyLink Center Omaha,Arena,"Ed Sheeran, Brett Eldredge",2,27877,27877,100.0,True,2243164.0,80.47,Standard ($75-$150),2,True,Kaggle (gayu14/taylor-concert-tours)
CNC-0339,Taylor Swift,The Red Tour,Country-Pop,Major Touring Artist,2013-11-22,2013,11,November,Friday,True,Fall,St. Louis,United States,North America,Tier 2 Major Regional Market,38.0,-97.0,Scottrade Center,Arena,"Ed Sheeran, Brett Eldredge",2,28582,28582,100.0,True,2346203.0,82.09,Standard ($75-$150),2,True,Kaggle (gayu14/taylor-concert-tours)
CNC-0340,Taylor Swift,The Red Tour,Country-Pop,Major Touring Artist,2013-04-25,2013,4,April,Thursday,False,Spring,St. Louis,United States,North America,Tier 2 Major Regional Market,38.0,-97.0,Scottrade Center,Arena,"Ed Sheeran, Brett Eldredge",2,28582,28582,100.0,True,2346203.0,82.09,Standard ($75-$150),2,True,Kaggle (gayu14/taylor-concert-tours)
CNC-0341,Taylor Swift,The Red Tour,Country-Pop,Major Touring Artist,2013-05-01,2013,5,May,Wednesday,False,Spring,Charlotte,United States,North America,Tier 2 Major Regional Market,38.0,-97.0,Time Warner Cable Arena,Arena,"Ed Sheeran, Brett Eldredge",2,14686,16449,89.28,False,1162733.0,79.17,Standard ($75-$150),1,False,Kaggle (gayu14/taylor-concert-tours)
CNC-0342,Taylor Swift,The Red Tour,Country-Pop,Major Touring Artist,2013-06-04,2013,6,June,Tuesday,False,Summer,Columbia,United States,North America,Tier 2 Major Regional Market,38.0,-97.0,Colonial Life Arena,Arena,"Ed Sheeran, Brett Eldredge",2,12490,12841,97.27,False,996114.0,79.75,Standard ($75-$150),1,False,Kaggle (gayu14/taylor-concert-tours)
CNC-0343,Taylor Swift,The Red Tour,Country-Pop,Major Touring Artist,2013-07-07,2013,7,July,Sunday,True,Summer,Newark,United States,North America,Tier 2 Major Regional Market,38.0,-97.0,Prudential Center,Arena,"Ed Sheeran, Florida Georgia Line",2,38065,38065,100.0,True,3565317.0,93.66,Standard ($75-$150),3,True,Kaggle (gayu14/taylor-concert-tours)
CNC-0344,Taylor Swift,The Red Tour,Country-Pop,Major Touring Artist,2013-08-10,2013,8,August,Saturday,True,Summer,Newark,United States,North America,Tier 2 Major Regional Market,38.0,-97.0,Prudential Center,Arena,"Ed Sheeran, Florida Georgia Line",2,38065,38065,100.0,True,3565317.0,93.66,Standard ($75-$150),3,True,Kaggle (gayu14/taylor-concert-tours)
CNC-0345,Taylor Swift,The Red Tour,Country-Pop,Major Touring Artist,2013-09-13,2013,9,September,Friday,True,Fall,Newark,United States,North America,Tier 2 Major Regional Market,38.0,-97.0,Prudential Center,Arena,"Ed Sheeran, Florida Georgia Line",2,38065,38469,98.95,True,3565317.0,93.66,Standard ($75-$150),3,True,Kaggle (gayu14/taylor-concert-tours)
CNC-0346,Taylor Swift,The Red Tour,Country-Pop,Major Touring Artist,2013-10-16,2013,10,October,Wednesday,False,Fall,Miami,United States,North America,Tier 2 Major Regional Market,25.7617,-80.1918,American Airlines Arena,Arena,"Ed Sheeran, Brett Eldredge",2,12808,14393,88.99,False,1010175.0,78.87,Standard ($75-$150),1,False,Kaggle (gayu14/taylor-concert-tours)
CNC-0347,Taylor Swift,The Red Tour,Country-Pop,Major Touring Artist,2013-11-19,2013,11,November,Tuesday,False,Fall,Orlando,United States,North America,Tier 2 Major Regional Market,38.0,-97.0,Amway Center,Arena,"Ed Sheeran, Brett Eldredge",2,25617,28444,90.06,False,2054128.0,80.19,Standard ($75-$150),2,True,Kaggle (gayu14/taylor-concert-tours)
CNC-0348,Taylor Swift,The Red Tour,Country-Pop,Major Touring Artist,2013-04-22,2013,4,April,Monday,False,Spring,Orlando,United States,North America,Tier 2 Major Regional Market,38.0,-97.0,Amway Center,Arena,"Ed Sheeran, Brett Eldredge",2,25617,26285,97.46,False,2054128.0,80.19,Standard ($75-$150),2,True,Kaggle (gayu14/taylor-concert-tours)
CNC-0349,Taylor Swift,The Red Tour,Country-Pop,Major Touring Artist,2013-05-25,2013,5,May,Saturday,True,Spring,Atlanta,United States,North America,Tier 2 Major Regional Market,33.749,-84.388,Philips Arena,Arena,"Ed Sheeran, Brett Eldredge",2,25471,25471,100.0,True,2048023.0,80.41,Standard ($75-$150),2,True,Kaggle (gayu14/taylor-concert-tours)
CNC-0350,Taylor Swift,The Red Tour,Country-Pop,Major Touring Artist,2013-06-01,2013,6,June,Saturday,True,Summer,Atlanta,United States,North America,Tier 2 Major Regional Market,33.749,-84.388,Philips Arena,Arena,"Ed Sheeran, Brett Eldredge",2,25471,25471,100.0,True,2048023.0,80.41,Standard ($75-$150),2,True,Kaggle (gayu14/taylor-concert-tours)
CNC-0351,Taylor Swift,The Red Tour,Country-Pop,Major Touring Artist,2013-07-04,2013,7,July,Thursday,False,Summer,Tampa,United States,North America,Tier 2 Major Regional Market,27.9506,-82.4572,Tampa Bay Times Forum,Arena,"Ed Sheeran, Brett Eldredge",2,14080,14238,98.89,True,1132095.0,80.4,Standard ($75-$150),1,False,Kaggle (gayu14/taylor-concert-tours)
CNC-0352,Taylor Swift,The Red Tour,Country-Pop,Major Touring Artist,2013-08-07,2013,8,August,Wednesday,False,Summer,Cleveland,United States,North America,Tier 2 Major Regional Market,38.0,-97.0,Quicken Loans Arena,Arena,"Ed Sheeran, Brett Eldredge",2,15336,17750,86.4,False,1247605.0,81.35,Standard ($75-$150),1,False,Kaggle (gayu14/taylor-concert-tours)
CNC-0353,Taylor Swift,The Red Tour,Country-Pop,Major Touring Artist,2013-09-10,2013,9,September,Tuesday,False,Fall,Indianapolis,United States,North America,Tier 3 Emerging / Secondary Market,39.7684,-86.1581,Bankers Life Fieldhouse,Stadium,"Ed Sheeran, Brett Eldredge",2,13573,15783,86.0,False,1082042.0,79.72,Standard ($75-$150),1,False,Kaggle (gayu14/taylor-concert-tours)
CNC-0354,Taylor Swift,The Red Tour,Country-Pop,Major Touring Artist,2013-10-13,2013,10,October,Sunday,True,Fall,Lexington,United States,North America,Tier 2 Major Regional Market,38.0,-97.0,Rupp Arena,Arena,"Ed Sheeran, Brett Eldredge",2,17003,17450,97.44,False,1342699.0,78.97,Standard ($75-$150),1,False,Kaggle (gayu14/taylor-concert-tours)
CNC-0355,Taylor Swift,The Red Tour,Country-Pop,Major Touring Artist,2013-11-16,2013,11,November,Saturday,True,Fall,Detroit,United States,North America,Tier 2 Major Regional Market,42.3314,-83.0458,Ford Field,Stadium,"Ed Sheeran, Austin Mahone, Brett Eldredge",3,48265,48323,99.88,True,3969059.0,82.23,Standard ($75-$150),1,False,Kaggle (gayu14/taylor-concert-tours)
CNC-0356,Taylor Swift,The Red Tour,Country-Pop,Major Touring Artist,2013-04-19,2013,4,April,Friday,True,Spring,Louisville,United States,North America,Tier 2 Major Regional Market,38.0,-97.0,KFC Yum! Center,Arena,"Ed Sheeran, Florida Georgia Line",2,15135,15700,96.4,False,1246491.0,82.36,Standard ($75-$150),1,False,Kaggle (gayu14/taylor-concert-tours)
CNC-0357,Taylor Swift,The Red Tour,Country-Pop,Major Touring Artist,2013-05-22,2013,5,May,Wednesday,False,Spring,Columbus,United States,North America,Tier 2 Major Regional Market,38.0,-97.0,Nationwide Arena,Arena,"Ed Sheeran, Florida Georgia Line",2,14267,14349,99.43,True,1155170.0,80.97,Standard ($75-$150),1,False,Kaggle (gayu14/taylor-concert-tours)
CNC-0358,Taylor Swift,The Red Tour,Country-Pop,Major Touring Artist,2013-06-25,2013,6,June,Tuesday,False,Summer,Washington,United States,North America,Tier 1 Global Mega-City,38.9072,-77.0369,Verizon Center,Arena,"Ed Sheeran, Brett Eldredge",2,27619,29429,93.85,False,2489205.0,90.13,Standard ($75-$150),2,True,Kaggle (gayu14/taylor-concert-tours)
CNC-0359,Taylor Swift,The Red Tour,Country-Pop,Major Touring Artist,2013-07-01,2013,7,July,Monday,False,Summer,Washington,United States,North America,Tier 1 Global Mega-City,38.9072,-77.0369,Verizon Center,Arena,"Ed Sheeran, Brett Eldredge",2,27619,27619,100.0,True,2489205.0,90.13,Standard ($75-$150),2,True,Kaggle (gayu14/taylor-concert-tours)
CNC-0360,Taylor Swift,The Red Tour,Country-Pop,Major Touring Artist,2013-08-04,2013,8,August,Sunday,True,Summer,Houston,United States,North America,Tier 2 Major Regional Market,29.7604,-95.3698,Toyota Center,Arena,"Ed Sheeran, Brett Eldredge",2,12467,13057,95.48,False,961422.0,77.12,Standard ($75-$150),1,False,Kaggle (gayu14/taylor-concert-tours)
CNC-0361,Taylor Swift,The Red Tour,Country-Pop,Major Touring Artist,2013-09-07,2013,9,September,Saturday,True,Fall,Austin,United States,North America,Tier 2 Major Regional Market,38.0,-97.0,Frank Erwin Center,Arena,"Ed Sheeran, Florida Georgia Line",2,11916,11916,100.0,True,935631.0,78.52,Standard ($75-$150),1,False,Kaggle (gayu14/taylor-concert-tours)
CNC-0362,Taylor Swift,The Red Tour,Country-Pop,Major Touring Artist,2013-10-10,2013,10,October,Thursday,False,Fall,San Antonio,United States,North America,Tier 2 Major Regional Market,38.0,-97.0,AT&T Center,Arena,"Ed Sheeran, Florida Georgia Line",2,13974,14445,96.74,False,1105253.0,79.09,Standard ($75-$150),1,False,Kaggle (gayu14/taylor-concert-tours)
CNC-0363,Taylor Swift,The Red Tour,Country-Pop,Major Touring Artist,2013-11-13,2013,11,November,Wednesday,False,Fall,Arlington,United States,North America,Tier 2 Major Regional Market,32.7357,-97.1081,Cowboys Stadium,Stadium,"Ed Sheeran, Austin Mahone, Florida Georgia Line",3,53020,57537,92.15,False,4589266.0,86.56,Standard ($75-$150),1,False,Kaggle (gayu14/taylor-concert-tours)
CNC-0364,Taylor Swift,The Red Tour,Country-Pop,Major Touring Artist,2013-04-16,2013,4,April,Tuesday,False,Spring,Glendale,United States,North America,Tier 2 Major Regional Market,33.5387,-112.186,Jobing.com Arena,Arena,"Ed Sheeran, Joel Crouse",2,26705,29942,89.19,False,2239370.0,83.86,Standard ($75-$150),2,True,Kaggle (gayu14/taylor-concert-tours)
CNC-0365,Taylor Swift,The Red Tour,Country-Pop,Major Touring Artist,2013-05-19,2013,5,May,Sunday,True,Spring,Glendale,United States,North America,Tier 2 Major Regional Market,33.5387,-112.186,Jobing.com Arena,Arena,"Ed Sheeran, Joel Crouse",2,26705,26705,100.0,True,2239370.0,83.86,Standard ($75-$150),2,True,Kaggle (gayu14/taylor-concert-tours)
CNC-0366,Taylor Swift,The Red Tour,Country-Pop,Major Touring Artist,2013-06-22,2013,6,June,Saturday,True,Summer,Salt Lake City,United States,North America,Tier 2 Major Regional Market,38.0,-97.0,EnergySolutions Arena,Arena,"Ed Sheeran, Joel Crouse",2,14007,14007,100.0,True,1139360.0,81.34,Standard ($75-$150),1,False,Kaggle (gayu14/taylor-concert-tours)
CNC-0367,Taylor Swift,The Red Tour,Country-Pop,Major Touring Artist,2013-07-25,2013,7,July,Thursday,False,Summer,Denver,United States,North America,Tier 2 Major Regional Market,39.7392,-104.9903,Pepsi Center,Arena,"Ed Sheeran, Joel Crouse",2,13489,13599,99.19,True,1076069.0,79.77,Standard ($75-$150),1,False,Kaggle (gayu14/taylor-concert-tours)
CNC-0368,Taylor Swift,The Red Tour,Country-Pop,Major Touring Artist,2013-08-01,2013,8,August,Thursday,False,Summer,Toronto,Canada,North America,Tier 1 Global Mega-City,43.6532,-79.3832,Rogers Centre,Arena,"Ed Sheeran, Austin Mahone, Joel Crouse",3,43814,44626,98.18,True,3931655.0,89.74,Standard ($75-$150),2,True,Kaggle (gayu14/taylor-concert-tours)
CNC-0369,Taylor Swift,The Red Tour,Country-Pop,Major Touring Artist,2013-09-04,2013,9,September,Wednesday,False,Fall,Toronto,Canada,North America,Tier 1 Global Mega-City,43.6532,-79.3832,Rogers Centre,Arena,"Ed Sheeran, Austin Mahone, Joel Crouse",3,43814,43945,99.7,True,3931655.0,89.74,Standard ($75-$150),2,True,Kaggle (gayu14/taylor-concert-tours)
CNC-0370,Taylor Swift,The Red Tour,Country-Pop,Major Touring Artist,2013-10-07,2013,10,October,Monday,False,Fall,Winnipeg,Canada,North America,Tier 2 Major Regional Market,38.0,-97.0,Investors Group Field,Stadium,"Ed Sheeran, Austin Mahone, Joel Crouse",3,33061,34257,96.51,False,3175430.0,96.05,Standard ($75-$150),1,False,Kaggle (gayu14/taylor-concert-tours)
CNC-0371,Taylor Swift,The Red Tour,Country-Pop,Major Touring Artist,2013-11-10,2013,11,November,Sunday,True,Fall,Edmonton,Canada,North America,Tier 3 Emerging / Secondary Market,53.5461,-113.4938,Rexall Place,Arena,"Ed Sheeran, Joel Crouse",2,25663,29146,88.05,False,2379870.0,92.74,Standard ($75-$150),2,True,Kaggle (gayu14/taylor-concert-tours)
CNC-0372,Taylor Swift,The Red Tour,Country-Pop,Major Touring Artist,2013-04-13,2013,4,April,Saturday,True,Spring,Edmonton,Canada,North America,Tier 3 Emerging / Secondary Market,53.5461,-113.4938,Rexall Place,Arena,"Ed Sheeran, Joel Crouse",2,25663,28241,90.87,False,2379870.0,92.74,Standard ($75-$150),2,True,Kaggle (gayu14/taylor-concert-tours)
CNC-0373,Taylor Swift,The Red Tour,Country-Pop,Major Touring Artist,2013-05-16,2013,5,May,Thursday,False,Spring,Vancouver,Canada,North America,Tier 2 Major Regional Market,49.2827,-123.1207,BC Place Stadium,Stadium,"Ed Sheeran, Austin Mahone, Joel Crouse",3,41142,41142,100.0,True,3974410.0,96.6,Standard ($75-$150),1,False,Kaggle (gayu14/taylor-concert-tours)
CNC-0374,Taylor Swift,The Red Tour,Country-Pop,Major Touring Artist,2013-06-19,2013,6,June,Wednesday,False,Summer,Pittsburgh,United States,North America,Tier 3 Emerging / Secondary Market,40.4406,-79.9959,Heinz Field,Stadium,"Ed Sheeran, Austin Mahone, Joel Crouse",3,56047,69745,80.36,False,4718518.0,84.19,Standard ($75-$150),1,False,Kaggle (gayu14/taylor-concert-tours)
CNC-0375,Taylor Swift,The Red Tour,Country-Pop,Major Touring Artist,2013-07-22,2013,7,July,Monday,False,Summer,East Rutherford,United States,North America,Tier 1 Global Mega-City,40.8128,-74.0742,MetLife Stadium,Stadium,"Ed Sheeran, Austin Mahone, Joel Crouse",3,52399,52399,100.0,True,4670011.0,89.12,Standard ($75-$150),1,False,Kaggle (gayu14/taylor-concert-tours)
CNC-0376,Taylor Swift,The Red Tour,Country-Pop,Major Touring Artist,2013-08-25,2013,8,August,Sunday,True,Summer,Philadelphia,United States,North America,Tier 2 Major Regional Market,39.9526,-75.1652,Lincoln Financial Field,Stadium,"Ed Sheeran, Austin Mahone, Joel Crouse",3,50638,50638,100.0,True,4411167.5,87.11,Standard ($75-$150),2,True,Kaggle (gayu14/taylor-concert-tours)
CNC-0377,Taylor Swift,The Red Tour,Country-Pop,Major Touring Artist,2013-09-01,2013,9,September,Sunday,True,Fall,Philadelphia,United States,North America,Tier 2 Major Regional Market,39.9526,-75.1652,Lincoln Financial Field,Stadium,"Ed Sheeran, Austin Mahone, Joel Crouse",3,50638,52737,96.02,False,4411167.5,87.11,Standard ($75-$150),2,True,Kaggle (gayu14/taylor-concert-tours)
CNC-0378,Taylor Swift,The Red Tour,Country-Pop,Major Touring Artist,2013-10-04,2013,10,October,Friday,True,Fall,Foxborough,United States,North America,Tier 2 Major Regional Market,42.0654,-71.2478,Gillette Stadium,Stadium,"Ed Sheeran, Austin Mahone, Joel Crouse",3,55356,56359,98.22,True,4732031.5,85.48,Standard ($75-$150),2,True,Kaggle (gayu14/taylor-concert-tours)
CNC-0379,Taylor Swift,The Red Tour,Country-Pop,Major Touring Artist,2013-11-07,2013,11,November,Thursday,False,Fall,Foxborough,United States,North America,Tier 2 Major Regional Market,42.0654,-71.2478,Gillette Stadium,Stadium,"Ed Sheeran, Austin Mahone, Joel Crouse",3,55356,58184,95.14,False,4732031.5,85.48,Standard ($75-$150),2,True,Kaggle (gayu14/taylor-concert-tours)
CNC-0380,Taylor Swift,The Red Tour,Country-Pop,Major Touring Artist,2013-04-10,2013,4,April,Wednesday,False,Spring,Des Moines,United States,North America,Tier 2 Major Regional Market,38.0,-97.0,Wells Fargo Arena,Arena,"Ed Sheeran, Florida Georgia Line",2,13368,14783,90.43,False,1075576.0,80.46,Standard ($75-$150),1,False,Kaggle (gayu14/taylor-concert-tours)
CNC-0381,Taylor Swift,The Red Tour,Country-Pop,Major Touring Artist,2013-05-13,2013,5,May,Monday,False,Spring,Kansas City,United States,North America,Tier 3 Emerging / Secondary Market,39.0997,-94.5786,Sprint Center,Arena,"Ed Sheeran, Florida Georgia Line",2,26412,30289,87.2,False,2093172.0,79.25,Standard ($75-$150),2,True,Kaggle (gayu14/taylor-concert-tours)
CNC-0382,Taylor Swift,The Red Tour,Country-Pop,Major Touring Artist,2013-06-16,2013,6,June,Sunday,True,Summer,Kansas City,United States,North America,Tier 3 Emerging / Secondary Market,39.0997,-94.5786,Sprint Center,Arena,"Ed Sheeran, Florida Georgia Line",2,26412,28131,93.89,False,2093172.0,79.25,Standard ($75-$150),2,True,Kaggle (gayu14/taylor-concert-tours)
CNC-0383,Taylor Swift,The Red Tour,Country-Pop,Major Touring Artist,2013-07-19,2013,7,July,Friday,True,Summer,Wichita,United States,North America,Tier 2 Major Regional Market,38.0,-97.0,Intrust Bank Arena,Arena,"Ed Sheeran, Casey James",2,12231,12434,98.37,True,983882.0,80.44,Standard ($75-$150),1,False,Kaggle (gayu14/taylor-concert-tours)
CNC-0384,Taylor Swift,The Red Tour,Country-Pop,Major Touring Artist,2013-08-22,2013,8,August,Thursday,False,Summer,Tulsa,United States,North America,Tier 2 Major Regional Market,38.0,-97.0,BOK Center,Arena,"Ed Sheeran, Casey James",2,10949,11731,93.33,False,868955.0,79.36,Standard ($75-$150),1,False,Kaggle (gayu14/taylor-concert-tours)
CNC-0385,Taylor Swift,The Red Tour,Country-Pop,Major Touring Artist,2013-09-25,2013,9,September,Wednesday,False,Fall,Chicago,United States,North America,Tier 1 Global Mega-City,41.8781,-87.6298,Soldier Field,Stadium,"Ed Sheeran, Austin Mahone, Casey James",3,50809,50809,100.0,True,4149148.0,81.66,Standard ($75-$150),1,False,Kaggle (gayu14/taylor-concert-tours)
CNC-0386,Taylor Swift,The Red Tour,Country-Pop,Major Touring Artist,2013-10-01,2013,10,October,Tuesday,False,Fall,San Diego,United States,North America,Tier 2 Major Regional Market,38.0,-97.0,Valley View Casino Center,Arena,"Ed Sheeran, Casey James",2,10872,12067,90.1,False,948541.0,87.25,Standard ($75-$150),1,False,Kaggle (gayu14/taylor-concert-tours)
CNC-0387,Taylor Swift,The Red Tour,Country-Pop,Major Touring Artist,2013-11-04,2013,11,November,Monday,False,Fall,Los Angeles,United States,North America,Tier 1 Global Mega-City,34.0522,-118.2437,Staples Center,Arena,"Ed Sheeran, Casey James",2,55829,58307,95.75,False,4734463.0,84.8,Standard ($75-$150),4,True,Kaggle (gayu14/taylor-concert-tours)
CNC-0388,Taylor Swift,The Red Tour,Country-Pop,Major Touring Artist,2013-04-07,2013,4,April,Sunday,True,Spring,Los Angeles,United States,North America,Tier 1 Global Mega-City,34.0522,-118.2437,Staples Center,Arena,"Ed Sheeran, Casey James",2,55829,55829,100.0,True,4734463.0,84.8,Standard ($75-$150),4,True,Kaggle (gayu14/taylor-concert-tours)
CNC-0389,Taylor Swift,The Red Tour,Country-Pop,Major Touring Artist,2013-05-10,2013,5,May,Friday,True,Spring,Los Angeles,United States,North America,Tier 1 Global Mega-City,34.0522,-118.2437,Staples Center,Arena,"Ed Sheeran, Casey James",2,55829,55829,100.0,True,4734463.0,84.8,Standard ($75-$150),4,True,Kaggle (gayu14/taylor-concert-tours)
CNC-0390,Taylor Swift,The Red Tour,Country-Pop,Major Touring Artist,2013-06-13,2013,6,June,Thursday,False,Summer,Los Angeles,United States,North America,Tier 1 Global Mega-City,34.0522,-118.2437,Staples Center,Arena,"Ed Sheeran, Casey James",2,55829,55829,100.0,True,4734463.0,84.8,Standard ($75-$150),4,True,Kaggle (gayu14/taylor-concert-tours)
CNC-0391,Taylor Swift,The Red Tour,Country-Pop,Major Touring Artist,2013-07-16,2013,7,July,Tuesday,False,Summer,Sacramento,United States,North America,Tier 2 Major Regional Market,38.0,-97.0,Sleep Train Arena,Arena,"Ed Sheeran, Casey James",2,12795,13501,94.77,False,1138103.0,88.95,Standard ($75-$150),1,False,Kaggle (gayu14/taylor-concert-tours)
CNC-0392,Taylor Swift,The Red Tour,Country-Pop,Major Touring Artist,2013-08-19,2013,8,August,Monday,False,Summer,Portland,United States,North America,Tier 2 Major Regional Market,38.0,-97.0,Moda Center,Arena,"Ed Sheeran, Casey James",2,13952,14455,96.52,False,1084760.0,77.75,Standard ($75-$150),1,False,Kaggle (gayu14/taylor-concert-tours)
CNC-0393,Taylor Swift,The Red Tour,Country-Pop,Major Touring Artist,2013-09-22,2013,9,September,Sunday,True,Fall,Tacoma,United States,North America,Tier 2 Major Regional Market,38.0,-97.0,Tacoma Dome,Stadium,"Ed Sheeran, Casey James",2,20348,20770,97.97,False,1584049.0,77.85,Standard ($75-$150),1,False,Kaggle (gayu14/taylor-concert-tours)
CNC-0394,Taylor Swift,The Red Tour,Country-Pop,Major Touring Artist,2013-10-25,2013,10,October,Friday,True,Fall,Fargo,United States,North America,Tier 2 Major Regional Market,38.0,-97.0,Fargodome,Stadium,"Ed Sheeran, Casey James",2,21073,21073,100.0,True,1661578.0,78.85,Standard ($75-$150),1,False,Kaggle (gayu14/taylor-concert-tours)
CNC-0395,Taylor Swift,The Red Tour,Country-Pop,Major Touring Artist,2013-11-01,2013,11,November,Friday,True,Fall,Saint Paul,United States,North America,Tier 2 Major Regional Market,38.0,-97.0,Xcel Energy Center,Arena,"Ed Sheeran, Casey James",2,28920,28920,100.0,True,2320937.0,80.25,Standard ($75-$150),2,True,Kaggle (gayu14/taylor-concert-tours)
CNC-0396,Taylor Swift,The Red Tour,Country-Pop,Major Touring Artist,2013-04-04,2013,4,April,Thursday,False,Spring,Saint Paul,United States,North America,Tier 2 Major Regional Market,38.0,-97.0,Xcel Energy Center,Arena,"Ed Sheeran, Casey James",2,28920,28920,100.0,True,2320937.0,80.25,Standard ($75-$150),2,True,Kaggle (gayu14/taylor-concert-tours)
CNC-0397,Taylor Swift,The Red Tour,Country-Pop,Major Touring Artist,2013-05-07,2013,5,May,Tuesday,False,Spring,Greensboro,United States,North America,Tier 2 Major Regional Market,38.0,-97.0,Greensboro Coliseum,Arena,"Ed Sheeran, Casey James",2,13650,14800,92.23,False,1109253.0,81.26,Standard ($75-$150),1,False,Kaggle (gayu14/taylor-concert-tours)
CNC-0398,Taylor Swift,The Red Tour,Country-Pop,Major Touring Artist,2013-06-10,2013,6,June,Monday,False,Summer,Raleigh,United States,North America,Tier 2 Major Regional Market,38.0,-97.0,PNC Arena,Arena,"Ed Sheeran, Casey James",2,13941,13941,100.0,True,1088612.0,78.09,Standard ($75-$150),1,False,Kaggle (gayu14/taylor-concert-tours)
CNC-0399,Taylor Swift,The Red Tour,Country-Pop,Major Touring Artist,2013-07-13,2013,7,July,Saturday,True,Summer,Charlottesville,United States,North America,Tier 2 Major Regional Market,38.0,-97.0,John Paul Jones Arena,Arena,"Ed Sheeran, Casey James",2,12689,13457,94.29,False,997216.0,78.59,Standard ($75-$150),1,False,Kaggle (gayu14/taylor-concert-tours)
CNC-0400,Taylor Swift,The Red Tour,Country-Pop,Major Touring Artist,2013-08-16,2013,8,August,Friday,True,Summer,Nashville,United States,North America,Tier 2 Major Regional Market,36.1627,-86.7816,Bridgestone Arena,Arena,"Ed Sheeran, Casey James",2,41292,41292,100.0,True,3336545.0,80.8,Standard ($75-$150),3,True,Kaggle (gayu14/taylor-concert-tours)
CNC-0401,Taylor Swift,The Red Tour,Country-Pop,Major Touring Artist,2013-09-19,2013,9,September,Thursday,False,Fall,Nashville,United States,North America,Tier 2 Major Regional Market,36.1627,-86.7816,Bridgestone Arena,Arena,"Ed Sheeran, Casey James",2,41292,42364,97.47,False,3336545.0,80.8,Standard ($75-$150),3,True,Kaggle (gayu14/taylor-concert-tours)
CNC-0402,Taylor Swift,The Red Tour,Country-Pop,Major Touring Artist,2013-10-22,2013,10,October,Tuesday,False,Fall,Nashville,United States,North America,Tier 2 Major Regional Market,36.1627,-86.7816,Bridgestone Arena,Arena,"Ed Sheeran, Casey James",2,41292,45391,90.97,False,3336545.0,80.8,Standard ($75-$150),3,True,Kaggle (gayu14/taylor-concert-tours)
CNC-0403,Taylor Swift,The Red Tour,Country-Pop,Major Touring Artist,2013-11-25,2013,11,November,Monday,False,Spring,Auckland,New Zealand,Oceania,Tier 2 Major Regional Market,-36.8485,174.7633,Vector Arena,Arena,Neon Trees,1,30799,31338,98.28,True,3100290.0,100.66,Standard ($75-$150),3,True,Kaggle (gayu14/taylor-concert-tours)
CNC-0404,Taylor Swift,The Red Tour,Country-Pop,Major Touring Artist,2013-04-01,2013,4,April,Monday,False,Autumn,Auckland,New Zealand,Oceania,Tier 2 Major Regional Market,-36.8485,174.7633,Vector Arena,Arena,Neon Trees,1,30799,30799,100.0,True,3100290.0,100.66,Standard ($75-$150),3,True,Kaggle (gayu14/taylor-concert-tours)
CNC-0405,Taylor Swift,The Red Tour,Country-Pop,Major Touring Artist,2013-05-04,2013,5,May,Saturday,True,Autumn,Auckland,New Zealand,Oceania,Tier 2 Major Regional Market,-36.8485,174.7633,Vector Arena,Arena,Neon Trees,1,30799,32311,95.32,False,3100290.0,100.66,Standard ($75-$150),3,True,Kaggle (gayu14/taylor-concert-tours)
CNC-0406,Taylor Swift,The Red Tour,Country-Pop,Major Touring Artist,2013-06-07,2013,6,June,Friday,True,Winter,Sydney,Australia,Oceania,Tier 1 Global Mega-City,-33.8688,151.2093,Allianz Stadium,Stadium,"Guy Sebastian, Neon Trees",2,40930,40930,100.0,True,4096060.0,100.07,Standard ($75-$150),1,False,Kaggle (gayu14/taylor-concert-tours)
CNC-0407,Taylor Swift,The Red Tour,Country-Pop,Major Touring Artist,2013-07-10,2013,7,July,Wednesday,False,Winter,Brisbane,Australia,Oceania,Tier 2 Major Regional Market,-27.4698,153.0251,Suncorp Stadium,Stadium,"Guy Sebastian, Neon Trees",2,38907,42619,91.29,False,3895810.0,100.13,Standard ($75-$150),1,False,Kaggle (gayu14/taylor-concert-tours)
CNC-0408,Taylor Swift,The Red Tour,Country-Pop,Major Touring Artist,2013-08-13,2013,8,August,Tuesday,False,Winter,Perth,Australia,Oceania,Tier 2 Major Regional Market,-31.9505,115.8605,Perth Rectangular Stadium,Stadium,"Guy Sebastian, Neon Trees",2,21827,25478,85.67,False,2364080.0,108.31,Standard ($75-$150),1,False,Kaggle (gayu14/taylor-concert-tours)
CNC-0409,Taylor Swift,The Red Tour,Country-Pop,Major Touring Artist,2013-09-16,2013,9,September,Monday,False,Spring,Melbourne,Australia,Oceania,Tier 1 Global Mega-City,-37.8136,144.9631,Etihad Stadium,Stadium,"Guy Sebastian, Neon Trees",2,47257,49401,95.66,False,4547250.0,96.22,Standard ($75-$150),1,False,Kaggle (gayu14/taylor-concert-tours)
CNC-0410,Taylor Swift,The Red Tour,Country-Pop,Major Touring Artist,2013-10-19,2013,10,October,Saturday,True,Fall,London,United Kingdom,Europe,Tier 1 Global Mega-City,51.5074,-0.1278,The O2 Arena,Arena,The Vamps,1,14948,14948,100.0,True,1165848.0,77.99,Standard ($75-$150),5,True,Kaggle (gayu14/taylor-concert-tours)
CNC-0411,Taylor Swift,The Red Tour,Country-Pop,Major Touring Artist,2013-11-22,2013,11,November,Friday,True,Fall,London,United Kingdom,Europe,Tier 1 Global Mega-City,51.5074,-0.1278,The O2 Arena,Arena,The Vamps,1,14948,14948,100.0,True,1165848.0,77.99,Standard ($75-$150),5,True,Kaggle (gayu14/taylor-concert-tours)
CNC-0412,Taylor Swift,The Red Tour,Country-Pop,Major Touring Artist,2013-04-25,2013,4,April,Thursday,False,Spring,London,United Kingdom,Europe,Tier 1 Global Mega-City,51.5074,-0.1278,The O2 Arena,Arena,The Vamps,1,14948,15305,97.67,False,1165848.0,77.99,Standard ($75-$150),5,True,Kaggle (gayu14/taylor-concert-tours)
CNC-0413,Taylor Swift,The Red Tour,Country-Pop,Major Touring Artist,2013-05-01,2013,5,May,Wednesday,False,Spring,Berlin,Germany,Europe,Tier 1 Global Mega-City,52.52,13.405,O2 World,Arena,Andreas Bourani,1,10350,10827,95.59,False,755006.0,72.95,Budget (<$75),1,False,Kaggle (gayu14/taylor-concert-tours)
CNC-0414,Taylor Swift,The Red Tour,Country-Pop,Major Touring Artist,2013-08-10,2013,8,August,Saturday,True,Summer,Shanghai,China,Asia,Tier 2 Major Regional Market,25.0,100.0,Mercedes-Benz Arena,Arena,nan,1,12793,12793,100.0,True,1864934.0,145.78,Standard ($75-$150),1,False,Kaggle (gayu14/taylor-concert-tours)
CNC-0415,Taylor Swift,The Red Tour,Country-Pop,Major Touring Artist,2013-09-13,2013,9,September,Friday,True,Fall,Saitama,Japan,Asia,Tier 2 Major Regional Market,25.0,100.0,Saitama Super Arena,Arena,CTS,1,20046,20151,99.48,True,1837147.0,91.65,Standard ($75-$150),1,False,Kaggle (gayu14/taylor-concert-tours)
CNC-0416,Taylor Swift,The Red Tour,Country-Pop,Major Touring Artist,2013-10-16,2013,10,October,Wednesday,False,Fall,Jakarta,Indonesia,Asia,Tier 1 Global Mega-City,-6.2088,106.8456,MEIS Ancol,Arena,Nicole Zefanya,1,8130,8711,93.33,False,1481473.0,182.22,Premium ($150-$250),1,False,Kaggle (gayu14/taylor-concert-tours)
CNC-0417,Taylor Swift,The Red Tour,Country-Pop,Major Touring Artist,2013-11-19,2013,11,November,Tuesday,False,Fall,Pasay,Philippines,Asia,Tier 2 Major Regional Market,25.0,100.0,Mall of Asia Arena,Arena,Meg Bucsit,1,9775,10648,91.8,False,1511662.0,154.65,Premium ($150-$250),1,False,Kaggle (gayu14/taylor-concert-tours)
CNC-0418,Taylor Swift,The Red Tour,Country-Pop,Major Touring Artist,2013-04-22,2013,4,April,Monday,False,Spring,Singapore,Singapore,Asia,Tier 1 Global Mega-City,1.3521,103.8198,Singapore Indoor Stadium,Stadium,Imprompt-3,1,16344,16667,98.06,True,2524080.0,154.43,Premium ($150-$250),2,True,Kaggle (gayu14/taylor-concert-tours)
CNC-0419,Taylor Swift,The Red Tour,Country-Pop,Major Touring Artist,2013-05-25,2013,5,May,Saturday,True,Spring,Kuala Lumpur,Malaysia,Asia,Tier 2 Major Regional Market,3.139,101.6869,Putra Indoor Stadium,Stadium,IamNeeta,1,7525,7595,99.08,True,998608.0,132.71,Standard ($75-$150),1,False,Kaggle (gayu14/taylor-concert-tours)
CNC-0420,Taylor Swift,The 1989 World Tour,Pop,Major Touring Artist,2015-07-04,2015,7,July,Saturday,True,Summer,Tokyo,Japan,Asia,Tier 1 Global Mega-City,35.6762,139.6503,Tokyo Dome,Stadium,,0,50160,50160,100.0,True,5293414.0,105.53,Standard ($75-$150),2,True,Kaggle (gayu14/taylor-concert-tours)
CNC-0421,Taylor Swift,The 1989 World Tour,Pop,Major Touring Artist,2015-08-07,2015,8,August,Friday,True,Summer,Tokyo,Japan,Asia,Tier 1 Global Mega-City,35.6762,139.6503,Tokyo Dome,Stadium,,0,50160,50160,100.0,True,5293414.0,105.53,Standard ($75-$150),2,True,Kaggle (gayu14/taylor-concert-tours)
CNC-0422,Taylor Swift,The 1989 World Tour,Pop,Major Touring Artist,2015-10-13,2015,10,October,Tuesday,False,Fall,Bossier City,United States,North America,Tier 2 Major Regional Market,38.0,-97.0,CenturyLink Center,Arena,Vance Joy,1,12459,14360,86.76,False,1458197.0,117.04,Standard ($75-$150),1,False,Kaggle (gayu14/taylor-concert-tours)
CNC-0423,Taylor Swift,The 1989 World Tour,Pop,Major Touring Artist,2015-11-16,2015,11,November,Monday,False,Fall,Baton Rouge,United States,North America,Tier 2 Major Regional Market,38.0,-97.0,LSU Tiger Stadium,Stadium,"Vance Joy, Shawn Mendes",2,50227,50982,98.52,True,4119670.0,82.02,Standard ($75-$150),1,False,Kaggle (gayu14/taylor-concert-tours)
CNC-0424,Taylor Swift,The 1989 World Tour,Pop,Major Touring Artist,2015-04-19,2015,4,April,Sunday,True,Spring,Detroit,United States,North America,Tier 2 Major Regional Market,42.3314,-83.0458,Ford Field,Stadium,"Vance Joy, Shawn Mendes",2,50703,53003,95.66,False,5999690.0,118.33,Standard ($75-$150),1,False,Kaggle (gayu14/taylor-concert-tours)
CNC-0425,Taylor Swift,The 1989 World Tour,Pop,Major Touring Artist,2015-05-22,2015,5,May,Friday,True,Spring,Louisville,United States,North America,Tier 2 Major Regional Market,38.0,-97.0,KFC Yum! Center,Arena,Vance Joy,1,16242,16375,99.19,True,1863281.0,114.72,Standard ($75-$150),1,False,Kaggle (gayu14/taylor-concert-tours)
CNC-0426,Taylor Swift,The 1989 World Tour,Pop,Major Touring Artist,2015-06-25,2015,6,June,Thursday,False,Summer,Cleveland,United States,North America,Tier 2 Major Regional Market,38.0,-97.0,Quicken Loans Arena,Arena,Vance Joy,1,15503,15699,98.75,True,1732041.0,111.72,Standard ($75-$150),1,False,Kaggle (gayu14/taylor-concert-tours)
CNC-0427,Taylor Swift,The 1989 World Tour,Pop,Major Touring Artist,2015-07-01,2015,7,July,Wednesday,False,Summer,Pittsburgh,United States,North America,Tier 3 Emerging / Secondary Market,40.4406,-79.9959,Heinz Field,Stadium,"Vance Joy, Shawn Mendes",2,54801,64654,84.76,False,5836926.0,106.51,Standard ($75-$150),1,False,Kaggle (gayu14/taylor-concert-tours)
CNC-0428,Taylor Swift,The 1989 World Tour,Pop,Major Touring Artist,2015-08-04,2015,8,August,Tuesday,False,Summer,Charlotte,United States,North America,Tier 2 Major Regional Market,38.0,-97.0,Time Warner Cable Arena,Arena,Vance Joy,1,15024,16197,92.76,False,1627798.0,108.35,Standard ($75-$150),1,False,Kaggle (gayu14/taylor-concert-tours)
CNC-0429,Taylor Swift,The 1989 World Tour,Pop,Major Touring Artist,2015-09-07,2015,9,September,Monday,False,Fall,Raleigh,United States,North America,Tier 2 Major Regional Market,38.0,-97.0,PNC Arena,Arena,Vance Joy,1,13886,14614,95.02,False,1653762.0,119.1,Standard ($75-$150),1,False,Kaggle (gayu14/taylor-concert-tours)
CNC-0430,Taylor Swift,The 1989 World Tour,Pop,Major Touring Artist,2015-10-10,2015,10,October,Saturday,True,Fall,Philadelphia,United States,North America,Tier 2 Major Regional Market,39.9526,-75.1652,Lincoln Financial Field,Stadium,"Vance Joy, Shawn Mendes",2,50526,50526,100.0,True,5993908.0,118.63,Standard ($75-$150),2,True,Kaggle (gayu14/taylor-concert-tours)
CNC-0431,Taylor Swift,The 1989 World Tour,Pop,Major Touring Artist,2015-11-13,2015,11,November,Friday,True,Fall,Philadelphia,United States,North America,Tier 2 Major Regional Market,39.9526,-75.1652,Lincoln Financial Field,Stadium,"Vance Joy, Shawn Mendes",2,50526,52984,95.36,False,5993908.0,118.63,Standard ($75-$150),2,True,Kaggle (gayu14/taylor-concert-tours)
CNC-0432,Taylor Swift,The 1989 World Tour,Pop,Major Touring Artist,2015-04-16,2015,4,April,Thursday,False,Spring,Cologne,Germany,Europe,Tier 2 Major Regional Market,50.9375,6.9603,Lanxess Arena,Arena,James Bay,1,29020,31540,92.01,False,2054690.0,70.8,Budget (<$75),2,True,Kaggle (gayu14/taylor-concert-tours)
CNC-0433,Taylor Swift,The 1989 World Tour,Pop,Major Touring Artist,2015-05-19,2015,5,May,Tuesday,False,Spring,Cologne,Germany,Europe,Tier 2 Major Regional Market,50.9375,6.9603,Lanxess Arena,Arena,James Bay,1,29020,31740,91.43,False,2054690.0,70.8,Budget (<$75),2,True,Kaggle (gayu14/taylor-concert-tours)
CNC-0434,Taylor Swift,The 1989 World Tour,Pop,Major Touring Artist,2015-06-22,2015,6,June,Monday,False,Summer,Amsterdam,Netherlands,Europe,Tier 1 Global Mega-City,52.3676,4.9041,Ziggo Dome,Stadium,James Bay,1,11166,11561,96.58,False,800829.0,71.72,Budget (<$75),1,False,Kaggle (gayu14/taylor-concert-tours)
CNC-0435,Taylor Swift,The 1989 World Tour,Pop,Major Touring Artist,2015-07-25,2015,7,July,Saturday,True,Summer,Glasgow,United Kingdom,Europe,Tier 2 Major Regional Market,55.8642,-4.2518,SSE Hydro,Arena,Vance Joy,1,11021,11021,100.0,True,1119300.0,101.56,Standard ($75-$150),1,False,Kaggle (gayu14/taylor-concert-tours)
CNC-0436,Taylor Swift,The 1989 World Tour,Pop,Major Touring Artist,2015-08-01,2015,8,August,Saturday,True,Summer,Manchester,United Kingdom,Europe,Tier 2 Major Regional Market,53.4808,-2.2426,Manchester Arena,Arena,Vance Joy,1,14773,14828,99.63,True,1478760.0,100.1,Standard ($75-$150),1,False,Kaggle (gayu14/taylor-concert-tours)
CNC-0437,Taylor Swift,The 1989 World Tour,Pop,Major Touring Artist,2015-10-07,2015,10,October,Wednesday,False,Fall,Dublin,Ireland,Europe,Tier 2 Major Regional Market,53.3498,-6.2603,3Arena,Arena,Vance Joy,1,25188,28403,88.68,False,1975510.0,78.43,Standard ($75-$150),2,True,Kaggle (gayu14/taylor-concert-tours)
CNC-0438,Taylor Swift,The 1989 World Tour,Pop,Major Touring Artist,2015-11-10,2015,11,November,Tuesday,False,Fall,Dublin,Ireland,Europe,Tier 2 Major Regional Market,53.3498,-6.2603,3Arena,Arena,Vance Joy,1,25188,29484,85.43,False,1975510.0,78.43,Standard ($75-$150),2,True,Kaggle (gayu14/taylor-concert-tours)
CNC-0439,Taylor Swift,The 1989 World Tour,Pop,Major Touring Artist,2015-04-13,2015,4,April,Monday,False,Spring,Ottawa,Canada,North America,Tier 2 Major Regional Market,38.0,-97.0,Canadian Tire Centre,Arena,Vance Joy,1,13480,13667,98.63,True,1325480.0,98.33,Standard ($75-$150),1,False,Kaggle (gayu14/taylor-concert-tours)
CNC-0440,Taylor Swift,The 1989 World Tour,Pop,Major Touring Artist,2015-05-16,2015,5,May,Saturday,True,Spring,Montreal,Canada,North America,Tier 2 Major Regional Market,45.5017,-73.5673,Bell Centre,Arena,Vance Joy,1,14770,14770,100.0,True,1499040.0,101.49,Standard ($75-$150),1,False,Kaggle (gayu14/taylor-concert-tours)
CNC-0441,Taylor Swift,The 1989 World Tour,Pop,Major Touring Artist,2015-06-19,2015,6,June,Friday,True,Summer,East Rutherford,United States,North America,Tier 1 Global Mega-City,40.8128,-74.0742,MetLife Stadium,Stadium,"Vance Joy, Shawn Mendes, Haim",3,55052,55052,100.0,True,6711929.0,121.92,Standard ($75-$150),2,True,Kaggle (gayu14/taylor-concert-tours)
CNC-0442,Taylor Swift,The 1989 World Tour,Pop,Major Touring Artist,2015-07-22,2015,7,July,Wednesday,False,Summer,East Rutherford,United States,North America,Tier 1 Global Mega-City,40.8128,-74.0742,MetLife Stadium,Stadium,"Vance Joy, Shawn Mendes, Haim",3,55052,56044,98.23,True,6711929.0,121.92,Standard ($75-$150),2,True,Kaggle (gayu14/taylor-concert-tours)
CNC-0443,Taylor Swift,The 1989 World Tour,Pop,Major Touring Artist,2015-08-25,2015,8,August,Tuesday,False,Summer,Washington,United States,North America,Tier 1 Global Mega-City,38.9072,-77.0369,Nationals Park,Stadium,"Vance Joy, Shawn Mendes, Haim",3,42507,42507,100.0,True,4865298.0,114.46,Standard ($75-$150),2,True,Kaggle (gayu14/taylor-concert-tours)
CNC-0444,Taylor Swift,The 1989 World Tour,Pop,Major Touring Artist,2015-09-01,2015,9,September,Tuesday,False,Fall,Washington,United States,North America,Tier 1 Global Mega-City,38.9072,-77.0369,Nationals Park,Stadium,"Vance Joy, Shawn Mendes, Haim",3,42507,42584,99.82,True,4865298.0,114.46,Standard ($75-$150),2,True,Kaggle (gayu14/taylor-concert-tours)
CNC-0445,Taylor Swift,The 1989 World Tour,Pop,Major Touring Artist,2015-10-04,2015,10,October,Sunday,True,Fall,Chicago,United States,North America,Tier 1 Global Mega-City,41.8781,-87.6298,Soldier Field,Stadium,"Vance Joy, Shawn Mendes, Haim",3,55054,55054,100.0,True,5734943.5,104.17,Standard ($75-$150),2,True,Kaggle (gayu14/taylor-concert-tours)
CNC-0446,Taylor Swift,The 1989 World Tour,Pop,Major Touring Artist,2015-11-07,2015,11,November,Saturday,True,Fall,Chicago,United States,North America,Tier 1 Global Mega-City,41.8781,-87.6298,Soldier Field,Stadium,"Vance Joy, Shawn Mendes, Haim",3,55054,55054,100.0,True,5734943.5,104.17,Standard ($75-$150),2,True,Kaggle (gayu14/taylor-concert-tours)
CNC-0447,Taylor Swift,The 1989 World Tour,Pop,Major Touring Artist,2015-04-10,2015,4,April,Friday,True,Spring,Foxborough,United States,North America,Tier 2 Major Regional Market,42.0654,-71.2478,Gillette Stadium,Stadium,"Vance Joy, Shawn Mendes, Haim",3,58424,58424,100.0,True,6266583.0,107.26,Standard ($75-$150),2,True,Kaggle (gayu14/taylor-concert-tours)
CNC-0448,Taylor Swift,The 1989 World Tour,Pop,Major Touring Artist,2015-05-13,2015,5,May,Wednesday,False,Spring,Foxborough,United States,North America,Tier 2 Major Regional Market,42.0654,-71.2478,Gillette Stadium,Stadium,"Vance Joy, Shawn Mendes, Haim",3,58424,61831,94.49,False,6266583.0,107.26,Standard ($75-$150),2,True,Kaggle (gayu14/taylor-concert-tours)
CNC-0449,Taylor Swift,The 1989 World Tour,Pop,Major Touring Artist,2015-06-16,2015,6,June,Tuesday,False,Summer,Vancouver,Canada,North America,Tier 2 Major Regional Market,49.2827,-123.1207,BC Place,Arena,"Vance Joy, Shawn Mendes",2,41463,45044,92.05,False,4081820.0,98.44,Standard ($75-$150),1,False,Kaggle (gayu14/taylor-concert-tours)
CNC-0450,Taylor Swift,The 1989 World Tour,Pop,Major Touring Artist,2015-07-19,2015,7,July,Sunday,True,Summer,Edmonton,Canada,North America,Tier 3 Emerging / Secondary Market,53.5461,-113.4938,Rexall Place,Arena,Vance Joy,1,26534,29743,89.21,False,2387080.0,89.96,Standard ($75-$150),2,True,Kaggle (gayu14/taylor-concert-tours)
CNC-0451,Taylor Swift,The 1989 World Tour,Pop,Major Touring Artist,2015-08-22,2015,8,August,Saturday,True,Summer,Edmonton,Canada,North America,Tier 3 Emerging / Secondary Market,53.5461,-113.4938,Rexall Place,Arena,Vance Joy,1,26534,28695,92.47,False,2387080.0,89.96,Standard ($75-$150),2,True,Kaggle (gayu14/taylor-concert-tours)
CNC-0452,Taylor Swift,The 1989 World Tour,Pop,Major Touring Artist,2015-09-25,2015,9,September,Friday,True,Fall,Seattle,United States,North America,Tier 2 Major Regional Market,47.6062,-122.3321,CenturyLink Field,Stadium,"Vance Joy, Shawn Mendes",2,55711,56155,99.21,True,6050643.0,108.61,Standard ($75-$150),1,False,Kaggle (gayu14/taylor-concert-tours)
CNC-0453,Taylor Swift,The 1989 World Tour,Pop,Major Touring Artist,2015-10-01,2015,10,October,Thursday,False,Fall,Santa Clara,United States,North America,Tier 2 Major Regional Market,37.3541,-121.9552,Levi's Stadium,Stadium,"Vance Joy, Shawn Mendes",2,51070,53650,95.19,False,6515573.0,127.58,Standard ($75-$150),2,True,Kaggle (gayu14/taylor-concert-tours)
CNC-0454,Taylor Swift,The 1989 World Tour,Pop,Major Touring Artist,2015-11-04,2015,11,November,Wednesday,False,Fall,Santa Clara,United States,North America,Tier 2 Major Regional Market,37.3541,-121.9552,Levi's Stadium,Stadium,"Vance Joy, Shawn Mendes",2,51070,51070,100.0,True,6515573.0,127.58,Standard ($75-$150),2,True,Kaggle (gayu14/taylor-concert-tours)
CNC-0455,Taylor Swift,The 1989 World Tour,Pop,Major Touring Artist,2015-04-07,2015,4,April,Tuesday,False,Spring,Glendale,United States,North America,Tier 2 Major Regional Market,33.5387,-112.186,Gila River Arena,Arena,Vance Joy,1,26520,28820,92.02,False,3029628.0,114.24,Standard ($75-$150),2,True,Kaggle (gayu14/taylor-concert-tours)
CNC-0456,Taylor Swift,The 1989 World Tour,Pop,Major Touring Artist,2015-05-10,2015,5,May,Sunday,True,Spring,Glendale,United States,North America,Tier 2 Major Regional Market,33.5387,-112.186,Gila River Arena,Arena,Vance Joy,1,26520,26520,100.0,True,3029628.0,114.24,Standard ($75-$150),2,True,Kaggle (gayu14/taylor-concert-tours)
CNC-0457,Taylor Swift,The 1989 World Tour,Pop,Major Touring Artist,2015-06-13,2015,6,June,Saturday,True,Summer,Los Angeles,United States,North America,Tier 1 Global Mega-City,34.0522,-118.2437,Staples Center,Arena,"Vance Joy, Haim",2,14113,14113,100.0,True,1792336.2,127.0,Standard ($75-$150),5,True,Kaggle (gayu14/taylor-concert-tours)
CNC-0458,Taylor Swift,The 1989 World Tour,Pop,Major Touring Artist,2015-07-16,2015,7,July,Thursday,False,Summer,Los Angeles,United States,North America,Tier 1 Global Mega-City,34.0522,-118.2437,Staples Center,Arena,"Vance Joy, Haim",2,14113,14113,100.0,True,1792336.2,127.0,Standard ($75-$150),5,True,Kaggle (gayu14/taylor-concert-tours)
CNC-0459,Taylor Swift,The 1989 World Tour,Pop,Major Touring Artist,2015-08-19,2015,8,August,Wednesday,False,Summer,Los Angeles,United States,North America,Tier 1 Global Mega-City,34.0522,-118.2437,Staples Center,Arena,"Vance Joy, Haim",2,14113,14879,94.85,False,1792336.2,127.0,Standard ($75-$150),5,True,Kaggle (gayu14/taylor-concert-tours)
CNC-0460,Taylor Swift,The 1989 World Tour,Pop,Major Touring Artist,2015-09-22,2015,9,September,Tuesday,False,Fall,Los Angeles,United States,North America,Tier 1 Global Mega-City,34.0522,-118.2437,Staples Center,Arena,"Vance Joy, Haim",2,14113,14113,100.0,True,1792336.2,127.0,Standard ($75-$150),5,True,Kaggle (gayu14/taylor-concert-tours)
CNC-0461,Taylor Swift,The 1989 World Tour,Pop,Major Touring Artist,2015-10-25,2015,10,October,Sunday,True,Fall,Los Angeles,United States,North America,Tier 1 Global Mega-City,34.0522,-118.2437,Staples Center,Arena,"Vance Joy, Haim",2,14113,14113,100.0,True,1792336.2,127.0,Standard ($75-$150),5,True,Kaggle (gayu14/taylor-concert-tours)
CNC-0462,Taylor Swift,The 1989 World Tour,Pop,Major Touring Artist,2015-11-01,2015,11,November,Sunday,True,Fall,San Diego,United States,North America,Tier 2 Major Regional Market,38.0,-97.0,Petco Park,Stadium,"Vance Joy, Shawn Mendes",2,44710,46236,96.7,False,5475237.0,122.46,Standard ($75-$150),1,False,Kaggle (gayu14/taylor-concert-tours)
CNC-0463,Taylor Swift,The 1989 World Tour,Pop,Major Touring Artist,2015-04-04,2015,4,April,Saturday,True,Spring,Salt Lake City,United States,North America,Tier 2 Major Regional Market,38.0,-97.0,EnergySolutions Arena,Arena,Vance Joy,1,14131,14131,100.0,True,1589686.0,112.5,Standard ($75-$150),1,False,Kaggle (gayu14/taylor-concert-tours)
CNC-0464,Taylor Swift,The 1989 World Tour,Pop,Major Touring Artist,2015-05-07,2015,5,May,Thursday,False,Spring,Denver,United States,North America,Tier 2 Major Regional Market,39.7392,-104.9903,Pepsi Center,Arena,Vance Joy,1,27126,29536,91.84,False,2868991.0,105.77,Standard ($75-$150),2,True,Kaggle (gayu14/taylor-concert-tours)
CNC-0465,Taylor Swift,The 1989 World Tour,Pop,Major Touring Artist,2015-06-10,2015,6,June,Wednesday,False,Summer,Denver,United States,North America,Tier 2 Major Regional Market,39.7392,-104.9903,Pepsi Center,Arena,Vance Joy,1,27126,30836,87.97,False,2868991.0,105.77,Standard ($75-$150),2,True,Kaggle (gayu14/taylor-concert-tours)
CNC-0466,Taylor Swift,The 1989 World Tour,Pop,Major Touring Artist,2015-07-13,2015,7,July,Monday,False,Summer,Houston,United States,North America,Tier 2 Major Regional Market,29.7604,-95.3698,Minute Maid Park,Stadium,"Vance Joy, Shawn Mendes",2,40122,40122,100.0,True,5202196.0,129.66,Standard ($75-$150),1,False,Kaggle (gayu14/taylor-concert-tours)
CNC-0467,Taylor Swift,The 1989 World Tour,Pop,Major Touring Artist,2015-08-16,2015,8,August,Sunday,True,Summer,Saint Paul,United States,North America,Tier 2 Major Regional Market,38.0,-97.0,Xcel Energy Center,Arena,Vance Joy,1,45126,45126,100.0,True,5514863.0,122.21,Standard ($75-$150),3,True,Kaggle (gayu14/taylor-concert-tours)
CNC-0468,Taylor Swift,The 1989 World Tour,Pop,Major Touring Artist,2015-09-19,2015,9,September,Saturday,True,Fall,Saint Paul,United States,North America,Tier 2 Major Regional Market,38.0,-97.0,Xcel Energy Center,Arena,Vance Joy,1,45126,45126,100.0,True,5514863.0,122.21,Standard ($75-$150),3,True,Kaggle (gayu14/taylor-concert-tours)
CNC-0469,Taylor Swift,The 1989 World Tour,Pop,Major Touring Artist,2015-10-22,2015,10,October,Thursday,False,Fall,Saint Paul,United States,North America,Tier 2 Major Regional Market,38.0,-97.0,Xcel Energy Center,Arena,Vance Joy,1,45126,48737,92.59,False,5514863.0,122.21,Standard ($75-$150),3,True,Kaggle (gayu14/taylor-concert-tours)
CNC-0470,Taylor Swift,The 1989 World Tour,Pop,Major Touring Artist,2015-11-25,2015,11,November,Wednesday,False,Fall,Indianapolis,United States,North America,Tier 3 Emerging / Secondary Market,39.7684,-86.1581,Bankers Life Fieldhouse,Stadium,Vance Joy,1,14010,16251,86.21,False,1550268.0,110.65,Standard ($75-$150),1,False,Kaggle (gayu14/taylor-concert-tours)
CNC-0471,Taylor Swift,The 1989 World Tour,Pop,Major Touring Artist,2015-04-01,2015,4,April,Wednesday,False,Spring,Columbus,United States,North America,Tier 2 Major Regional Market,38.0,-97.0,Nationwide Arena,Arena,Vance Joy,1,29936,30783,97.25,False,3369693.0,112.56,Standard ($75-$150),2,True,Kaggle (gayu14/taylor-concert-tours)
CNC-0472,Taylor Swift,The 1989 World Tour,Pop,Major Touring Artist,2015-05-04,2015,5,May,Monday,False,Spring,Columbus,United States,North America,Tier 2 Major Regional Market,38.0,-97.0,Nationwide Arena,Arena,Vance Joy,1,29936,31096,96.27,False,3369693.0,112.56,Standard ($75-$150),2,True,Kaggle (gayu14/taylor-concert-tours)
CNC-0473,Taylor Swift,The 1989 World Tour,Pop,Major Touring Artist,2015-06-07,2015,6,June,Sunday,True,Summer,Kansas City,United States,North America,Tier 3 Emerging / Secondary Market,39.0997,-94.5786,Sprint Center,Arena,Vance Joy,1,27857,32411,85.95,False,2967558.0,106.53,Standard ($75-$150),2,True,Kaggle (gayu14/taylor-concert-tours)
CNC-0474,Taylor Swift,The 1989 World Tour,Pop,Major Touring Artist,2015-07-10,2015,7,July,Friday,True,Summer,Kansas City,United States,North America,Tier 3 Emerging / Secondary Market,39.0997,-94.5786,Sprint Center,Arena,Vance Joy,1,27857,31233,89.19,False,2967558.0,106.53,Standard ($75-$150),2,True,Kaggle (gayu14/taylor-concert-tours)
CNC-0475,Taylor Swift,The 1989 World Tour,Pop,Major Touring Artist,2015-08-13,2015,8,August,Thursday,False,Summer,Nashville,United States,North America,Tier 2 Major Regional Market,36.1627,-86.7816,Bridgestone Arena,Arena,"Vance Joy, Haim",2,28917,29710,97.33,False,3354844.0,116.02,Standard ($75-$150),2,True,Kaggle (gayu14/taylor-concert-tours)
CNC-0476,Taylor Swift,The 1989 World Tour,Pop,Major Touring Artist,2015-09-16,2015,9,September,Wednesday,False,Fall,Nashville,United States,North America,Tier 2 Major Regional Market,36.1627,-86.7816,Bridgestone Arena,Arena,"Vance Joy, Haim",2,28917,32411,89.22,False,3354844.0,116.02,Standard ($75-$150),2,True,Kaggle (gayu14/taylor-concert-tours)
CNC-0477,Taylor Swift,The 1989 World Tour,Pop,Major Touring Artist,2015-10-19,2015,10,October,Monday,False,Fall,St. Louis,United States,North America,Tier 2 Major Regional Market,38.0,-97.0,Scottrade Center,Arena,"Vance Joy, Haim",2,29688,31718,93.6,False,3452940.0,116.31,Standard ($75-$150),2,True,Kaggle (gayu14/taylor-concert-tours)
CNC-0478,Taylor Swift,The 1989 World Tour,Pop,Major Touring Artist,2015-11-22,2015,11,November,Sunday,True,Fall,St. Louis,United States,North America,Tier 2 Major Regional Market,38.0,-97.0,Scottrade Center,Arena,"Vance Joy, Haim",2,29688,29688,100.0,True,3452940.0,116.31,Standard ($75-$150),2,True,Kaggle (gayu14/taylor-concert-tours)
CNC-0479,Taylor Swift,The 1989 World Tour,Pop,Major Touring Artist,2015-04-25,2015,4,April,Saturday,True,Spring,Toronto,Canada,North America,Tier 1 Global Mega-City,43.6532,-79.3832,Rogers Centre,Arena,"Vance Joy, Shawn Mendes",2,49642,49642,100.0,True,4335495.0,87.34,Standard ($75-$150),2,True,Kaggle (gayu14/taylor-concert-tours)
CNC-0480,Taylor Swift,The 1989 World Tour,Pop,Major Touring Artist,2015-05-01,2015,5,May,Friday,True,Spring,Toronto,Canada,North America,Tier 1 Global Mega-City,43.6532,-79.3832,Rogers Centre,Arena,"Vance Joy, Shawn Mendes",2,49642,49642,100.0,True,4335495.0,87.34,Standard ($75-$150),2,True,Kaggle (gayu14/taylor-concert-tours)
CNC-0481,Taylor Swift,The 1989 World Tour,Pop,Major Touring Artist,2015-06-04,2015,6,June,Thursday,False,Summer,Des Moines,United States,North America,Tier 2 Major Regional Market,38.0,-97.0,Wells Fargo Arena,Arena,Vance Joy,1,13969,13969,100.0,True,1566321.0,112.13,Standard ($75-$150),1,False,Kaggle (gayu14/taylor-concert-tours)
CNC-0482,Taylor Swift,The 1989 World Tour,Pop,Major Touring Artist,2015-07-07,2015,7,July,Tuesday,False,Summer,Omaha,United States,North America,Tier 2 Major Regional Market,38.0,-97.0,CenturyLink Center Omaha,Arena,Vance Joy,1,29622,34182,86.66,False,3121421.0,105.38,Standard ($75-$150),2,True,Kaggle (gayu14/taylor-concert-tours)
CNC-0483,Taylor Swift,The 1989 World Tour,Pop,Major Touring Artist,2015-08-10,2015,8,August,Monday,False,Summer,Omaha,United States,North America,Tier 2 Major Regional Market,38.0,-97.0,CenturyLink Center Omaha,Arena,Vance Joy,1,29622,31320,94.58,False,3121421.0,105.38,Standard ($75-$150),2,True,Kaggle (gayu14/taylor-concert-tours)
CNC-0484,Taylor Swift,The 1989 World Tour,Pop,Major Touring Artist,2015-09-13,2015,9,September,Sunday,True,Fall,Fargo,United States,North America,Tier 2 Major Regional Market,38.0,-97.0,Fargodome,Stadium,Vance Joy,1,21067,22111,95.28,False,2219188.0,105.34,Standard ($75-$150),1,False,Kaggle (gayu14/taylor-concert-tours)
CNC-0485,Taylor Swift,The 1989 World Tour,Pop,Major Touring Artist,2015-10-16,2015,10,October,Friday,True,Fall,Arlington,United States,North America,Tier 2 Major Regional Market,32.7357,-97.1081,AT&T Stadium,Stadium,"Vance Joy, Shawn Mendes",2,62630,62630,100.0,True,7396733.0,118.1,Standard ($75-$150),1,False,Kaggle (gayu14/taylor-concert-tours)
CNC-0486,Taylor Swift,The 1989 World Tour,Pop,Major Touring Artist,2015-11-19,2015,11,November,Thursday,False,Fall,Lexington,United States,North America,Tier 2 Major Regional Market,38.0,-97.0,Rupp Arena,Arena,Vance Joy,1,17084,17084,100.0,True,1870471.0,109.49,Standard ($75-$150),1,False,Kaggle (gayu14/taylor-concert-tours)
CNC-0487,Taylor Swift,The 1989 World Tour,Pop,Major Touring Artist,2015-04-22,2015,4,April,Wednesday,False,Spring,Greensboro,United States,North America,Tier 2 Major Regional Market,38.0,-97.0,Greensboro Coliseum,Arena,Vance Joy,1,15079,17690,85.24,False,1662171.0,110.23,Standard ($75-$150),1,False,Kaggle (gayu14/taylor-concert-tours)
CNC-0488,Taylor Swift,The 1989 World Tour,Pop,Major Touring Artist,2015-05-25,2015,5,May,Monday,False,Spring,Atlanta,United States,North America,Tier 2 Major Regional Market,33.749,-84.388,Georgia Dome,Stadium,"Vance Joy, Shawn Mendes",2,56046,60310,92.93,False,6034846.0,107.68,Standard ($75-$150),1,False,Kaggle (gayu14/taylor-concert-tours)
CNC-0489,Taylor Swift,The 1989 World Tour,Pop,Major Touring Artist,2015-06-01,2015,6,June,Monday,False,Summer,Miami,United States,North America,Tier 2 Major Regional Market,25.7617,-80.1918,American Airlines Arena,Arena,Vance Joy,1,14044,14651,95.86,False,1527919.0,108.8,Standard ($75-$150),1,False,Kaggle (gayu14/taylor-concert-tours)
CNC-0490,Taylor Swift,The 1989 World Tour,Pop,Major Touring Artist,2015-07-04,2015,7,July,Saturday,True,Summer,Tampa,United States,North America,Tier 2 Major Regional Market,27.9506,-82.4572,Raymond James Stadium,Stadium,"Vance Joy, Shawn Mendes",2,56987,56987,100.0,True,6202515.0,108.84,Standard ($75-$150),1,False,Kaggle (gayu14/taylor-concert-tours)
CNC-0491,Taylor Swift,The 1989 World Tour,Pop,Major Touring Artist,2015-08-07,2015,8,August,Friday,True,Summer,Singapore,Singapore,Asia,Tier 1 Global Mega-City,1.3521,103.8198,Singapore Indoor Stadium,Stadium,,0,17726,17726,100.0,True,3217569.0,181.52,Premium ($150-$250),2,True,Kaggle (gayu14/taylor-concert-tours)
CNC-0492,Taylor Swift,The 1989 World Tour,Pop,Major Touring Artist,2015-09-10,2015,9,September,Thursday,False,Fall,Singapore,Singapore,Asia,Tier 1 Global Mega-City,1.3521,103.8198,Singapore Indoor Stadium,Stadium,,0,17726,18103,97.92,False,3217569.0,181.52,Premium ($150-$250),2,True,Kaggle (gayu14/taylor-concert-tours)
CNC-0493,Taylor Swift,The 1989 World Tour,Pop,Major Touring Artist,2015-10-13,2015,10,October,Tuesday,False,Fall,Shanghai,China,Asia,Tier 2 Major Regional Market,25.0,100.0,Mercedes-Benz Arena,Arena,,0,37758,41167,91.72,False,5917348.0,156.72,Premium ($150-$250),3,True,Kaggle (gayu14/taylor-concert-tours)
CNC-0494,Taylor Swift,The 1989 World Tour,Pop,Major Touring Artist,2015-11-16,2015,11,November,Monday,False,Fall,Shanghai,China,Asia,Tier 2 Major Regional Market,25.0,100.0,Mercedes-Benz Arena,Arena,,0,37758,37758,100.0,True,5917348.0,156.72,Premium ($150-$250),3,True,Kaggle (gayu14/taylor-concert-tours)
CNC-0495,Taylor Swift,The 1989 World Tour,Pop,Major Touring Artist,2015-04-19,2015,4,April,Sunday,True,Spring,Shanghai,China,Asia,Tier 2 Major Regional Market,25.0,100.0,Mercedes-Benz Arena,Arena,,0,37758,38734,97.48,False,5917348.0,156.72,Premium ($150-$250),3,True,Kaggle (gayu14/taylor-concert-tours)
CNC-0496,Taylor Swift,The 1989 World Tour,Pop,Major Touring Artist,2015-05-22,2015,5,May,Friday,True,Autumn,Sydney,Australia,Oceania,Tier 1 Global Mega-City,-33.8688,151.2093,ANZ Stadium,Stadium,Vance Joy,1,75980,75980,100.0,True,6571683.0,86.49,Standard ($75-$150),1,False,Kaggle (gayu14/taylor-concert-tours)
CNC-0497,Taylor Swift,The 1989 World Tour,Pop,Major Touring Artist,2015-06-25,2015,6,June,Thursday,False,Winter,Brisbane,Australia,Oceania,Tier 2 Major Regional Market,-27.4698,153.0251,Suncorp Stadium,Stadium,Vance Joy,1,46881,47975,97.72,False,4759471.0,101.52,Standard ($75-$150),1,False,Kaggle (gayu14/taylor-concert-tours)
CNC-0498,Taylor Swift,The 1989 World Tour,Pop,Major Touring Artist,2015-07-01,2015,7,July,Wednesday,False,Winter,Adelaide,Australia,Oceania,Tier 3 Emerging / Secondary Market,-34.9285,138.6007,Adelaide Entertainment Centre,Arena,Vance Joy,1,20090,25563,78.59,False,2407499.0,119.84,Standard ($75-$150),2,True,Kaggle (gayu14/taylor-concert-tours)
CNC-0499,Taylor Swift,The 1989 World Tour,Pop,Major Touring Artist,2015-08-04,2015,8,August,Tuesday,False,Winter,Adelaide,Australia,Oceania,Tier 3 Emerging / Secondary Market,-34.9285,138.6007,Adelaide Entertainment Centre,Arena,Vance Joy,1,20090,23894,84.08,False,2407499.0,119.84,Standard ($75-$150),2,True,Kaggle (gayu14/taylor-concert-tours)
CNC-0500,Taylor Swift,The 1989 World Tour,Pop,Major Touring Artist,2015-09-07,2015,9,September,Monday,False,Spring,Melbourne,Australia,Oceania,Tier 1 Global Mega-City,-37.8136,144.9631,AAMI Park,Stadium,Vance Joy,1,32712,32712,100.0,True,3473851.0,106.2,Standard ($75-$150),3,True,Kaggle (gayu14/taylor-concert-tours)
CNC-0501,Taylor Swift,The 1989 World Tour,Pop,Major Touring Artist,2015-10-10,2015,10,October,Saturday,True,Spring,Melbourne,Australia,Oceania,Tier 1 Global Mega-City,-37.8136,144.9631,AAMI Park,Stadium,Vance Joy,1,32712,32712,100.0,True,3473851.0,106.2,Standard ($75-$150),3,True,Kaggle (gayu14/taylor-concert-tours)
CNC-0502,Taylor Swift,The 1989 World Tour,Pop,Major Touring Artist,2015-11-13,2015,11,November,Friday,True,Spring,Melbourne,Australia,Oceania,Tier 1 Global Mega-City,-37.8136,144.9631,AAMI Park,Stadium,Vance Joy,1,32712,32712,100.0,True,3473851.0,106.2,Standard ($75-$150),3,True,Kaggle (gayu14/taylor-concert-tours)
CNC-0503,Taylor Swift,Reputation Stadium Tour,Pop,Stadium Headliner,2018-04-16,2018,4,April,Monday,False,Spring,Glendale,United States,North America,Tier 2 Major Regional Market,33.5387,-112.186,University of Phoenix Stadium,Stadium,"Camila Cabello, Charli XCX",2,59157,59157,100.0,True,7214478.0,121.95,Standard ($75-$150),1,False,Kaggle (gayu14/taylor-concert-tours)
CNC-0504,Taylor Swift,Reputation Stadium Tour,Pop,Stadium Headliner,2018-05-19,2018,5,May,Saturday,True,Spring,Santa Clara,United States,North America,Tier 2 Major Regional Market,37.3541,-121.9552,Levi's Stadium,Stadium,"Camila Cabello, Charli XCX",2,107550,107550,100.0,True,14006963.0,130.24,Standard ($75-$150),2,True,Kaggle (gayu14/taylor-concert-tours)
CNC-0505,Taylor Swift,Reputation Stadium Tour,Pop,Stadium Headliner,2018-06-22,2018,6,June,Friday,True,Summer,Santa Clara,United States,North America,Tier 2 Major Regional Market,37.3541,-121.9552,Levi's Stadium,Stadium,"Camila Cabello, Charli XCX",2,107550,107550,100.0,True,14006963.0,130.24,Standard ($75-$150),2,True,Kaggle (gayu14/taylor-concert-tours)
CNC-0506,Taylor Swift,Reputation Stadium Tour,Pop,Stadium Headliner,2018-07-25,2018,7,July,Wednesday,False,Summer,Pasadena,United States,North America,Tier 1 Global Mega-City,34.1478,-118.1445,Rose Bowl,Amphitheater / Park,"Camila Cabello, Charli XCX",2,118084,123882,95.32,False,16251980.0,137.63,Standard ($75-$150),2,True,Kaggle (gayu14/taylor-concert-tours)
CNC-0507,Taylor Swift,Reputation Stadium Tour,Pop,Stadium Headliner,2018-08-01,2018,8,August,Wednesday,False,Summer,Pasadena,United States,North America,Tier 1 Global Mega-City,34.1478,-118.1445,Rose Bowl,Amphitheater / Park,"Camila Cabello, Charli XCX",2,118084,123687,95.47,False,16251980.0,137.63,Standard ($75-$150),2,True,Kaggle (gayu14/taylor-concert-tours)
CNC-0508,Taylor Swift,Reputation Stadium Tour,Pop,Stadium Headliner,2018-09-04,2018,9,September,Tuesday,False,Fall,Seattle,United States,North America,Tier 2 Major Regional Market,47.6062,-122.3321,CenturyLink Field,Stadium,Charli XCX,1,56021,65126,86.02,False,8672219.0,154.8,Premium ($150-$250),1,False,Kaggle (gayu14/taylor-concert-tours)
CNC-0509,Taylor Swift,Reputation Stadium Tour,Pop,Stadium Headliner,2018-10-07,2018,10,October,Sunday,True,Fall,Denver,United States,North America,Tier 2 Major Regional Market,39.7392,-104.9903,Sports Authority Field at Mile High,Stadium,"Camila Cabello, Charli XCX",2,57140,59219,96.49,False,7926366.0,138.72,Standard ($75-$150),1,False,Kaggle (gayu14/taylor-concert-tours)
CNC-0510,Taylor Swift,Reputation Stadium Tour,Pop,Stadium Headliner,2018-11-10,2018,11,November,Saturday,True,Fall,Chicago,United States,North America,Tier 1 Global Mega-City,41.8781,-87.6298,Soldier Field,Stadium,"Camila Cabello, Charli XCX",2,105208,105208,100.0,True,14576697.0,138.55,Standard ($75-$150),2,True,Kaggle (gayu14/taylor-concert-tours)
CNC-0511,Taylor Swift,Reputation Stadium Tour,Pop,Stadium Headliner,2018-04-13,2018,4,April,Friday,True,Spring,Chicago,United States,North America,Tier 1 Global Mega-City,41.8781,-87.6298,Soldier Field,Stadium,"Camila Cabello, Charli XCX",2,105208,105208,100.0,True,14576697.0,138.55,Standard ($75-$150),2,True,Kaggle (gayu14/taylor-concert-tours)
CNC-0512,Taylor Swift,Reputation Stadium Tour,Pop,Stadium Headliner,2018-05-16,2018,5,May,Wednesday,False,Spring,Manchester,United Kingdom,Europe,Tier 2 Major Regional Market,53.4808,-2.2426,Etihad Stadium,Stadium,"Camila Cabello, Charli XCX",2,77258,81815,94.43,False,6169724.0,79.86,Standard ($75-$150),2,True,Kaggle (gayu14/taylor-concert-tours)
CNC-0513,Taylor Swift,Reputation Stadium Tour,Pop,Stadium Headliner,2018-06-19,2018,6,June,Tuesday,False,Summer,Manchester,United Kingdom,Europe,Tier 2 Major Regional Market,53.4808,-2.2426,Etihad Stadium,Stadium,"Camila Cabello, Charli XCX",2,77258,83513,92.51,False,6169724.0,79.86,Standard ($75-$150),2,True,Kaggle (gayu14/taylor-concert-tours)
CNC-0514,Taylor Swift,Reputation Stadium Tour,Pop,Stadium Headliner,2018-07-22,2018,7,July,Sunday,True,Summer,Dublin,Ireland,Europe,Tier 2 Major Regional Market,53.3498,-6.2603,Croke Park,Stadium,"Camila Cabello, Charli XCX",2,133034,139507,95.36,False,8567769.0,64.4,Budget (<$75),2,True,Kaggle (gayu14/taylor-concert-tours)
CNC-0515,Taylor Swift,Reputation Stadium Tour,Pop,Stadium Headliner,2018-08-25,2018,8,August,Saturday,True,Summer,Dublin,Ireland,Europe,Tier 2 Major Regional Market,53.3498,-6.2603,Croke Park,Stadium,"Camila Cabello, Charli XCX",2,133034,133034,100.0,True,8567769.0,64.4,Budget (<$75),2,True,Kaggle (gayu14/taylor-concert-tours)
CNC-0516,Taylor Swift,Reputation Stadium Tour,Pop,Stadium Headliner,2018-09-01,2018,9,September,Saturday,True,Fall,London,United Kingdom,Europe,Tier 1 Global Mega-City,51.5074,-0.1278,Wembley Stadium,Stadium,"Camila Cabello, Charli XCX",2,143427,143427,100.0,True,12214933.0,85.16,Standard ($75-$150),2,True,Kaggle (gayu14/taylor-concert-tours)
CNC-0517,Taylor Swift,Reputation Stadium Tour,Pop,Stadium Headliner,2018-10-04,2018,10,October,Thursday,False,Fall,London,United Kingdom,Europe,Tier 1 Global Mega-City,51.5074,-0.1278,Wembley Stadium,Stadium,"Camila Cabello, Charli XCX",2,143427,143427,100.0,True,12214933.0,85.16,Standard ($75-$150),2,True,Kaggle (gayu14/taylor-concert-tours)
CNC-0518,Taylor Swift,Reputation Stadium Tour,Pop,Stadium Headliner,2018-11-07,2018,11,November,Wednesday,False,Fall,Louisville,United States,North America,Tier 2 Major Regional Market,38.0,-97.0,Cardinal Stadium,Stadium,"Camila Cabello, Charli XCX",2,52138,57925,90.01,False,4928219.0,94.52,Standard ($75-$150),1,False,Kaggle (gayu14/taylor-concert-tours)
CNC-0519,Taylor Swift,Reputation Stadium Tour,Pop,Stadium Headliner,2018-04-10,2018,4,April,Tuesday,False,Spring,Columbus,United States,North America,Tier 2 Major Regional Market,38.0,-97.0,Ohio Stadium,Stadium,"Camila Cabello, Charli XCX",2,62897,68115,92.34,False,6606529.0,105.04,Standard ($75-$150),1,False,Kaggle (gayu14/taylor-concert-tours)
CNC-0520,Taylor Swift,Reputation Stadium Tour,Pop,Stadium Headliner,2018-05-13,2018,5,May,Sunday,True,Spring,Landover,United States,North America,Tier 2 Major Regional Market,38.934,-76.8964,FedExField,Stadium,"Camila Cabello, Charli XCX",2,95672,95672,100.0,True,11396004.0,119.12,Standard ($75-$150),2,True,Kaggle (gayu14/taylor-concert-tours)
CNC-0521,Taylor Swift,Reputation Stadium Tour,Pop,Stadium Headliner,2018-06-16,2018,6,June,Saturday,True,Summer,Landover,United States,North America,Tier 2 Major Regional Market,38.934,-76.8964,FedExField,Stadium,"Camila Cabello, Charli XCX",2,95672,95672,100.0,True,11396004.0,119.12,Standard ($75-$150),2,True,Kaggle (gayu14/taylor-concert-tours)
CNC-0522,Taylor Swift,Reputation Stadium Tour,Pop,Stadium Headliner,2018-07-19,2018,7,July,Thursday,False,Summer,Philadelphia,United States,North America,Tier 2 Major Regional Market,39.9526,-75.1652,Lincoln Financial Field,Stadium,"Camila Cabello, Charli XCX",2,107378,117250,91.58,False,11951047.0,111.3,Standard ($75-$150),2,True,Kaggle (gayu14/taylor-concert-tours)
CNC-0523,Taylor Swift,Reputation Stadium Tour,Pop,Stadium Headliner,2018-08-22,2018,8,August,Wednesday,False,Summer,Philadelphia,United States,North America,Tier 2 Major Regional Market,39.9526,-75.1652,Lincoln Financial Field,Stadium,"Camila Cabello, Charli XCX",2,107378,119935,89.53,False,11951047.0,111.3,Standard ($75-$150),2,True,Kaggle (gayu14/taylor-concert-tours)
CNC-0524,Taylor Swift,Reputation Stadium Tour,Pop,Stadium Headliner,2018-09-25,2018,9,September,Tuesday,False,Fall,Cleveland,United States,North America,Tier 2 Major Regional Market,38.0,-97.0,FirstEnergy Stadium,Stadium,"Camila Cabello, Charli XCX",2,51323,54178,94.73,False,5148757.0,100.32,Standard ($75-$150),1,False,Kaggle (gayu14/taylor-concert-tours)
CNC-0525,Taylor Swift,Reputation Stadium Tour,Pop,Stadium Headliner,2018-10-01,2018,10,October,Monday,False,Fall,East Rutherford,United States,North America,Tier 1 Global Mega-City,40.8128,-74.0742,MetLife Stadium,Stadium,"Camila Cabello, Charli XCX",2,165654,165654,100.0,True,22031386.0,133.0,Standard ($75-$150),3,True,Kaggle (gayu14/taylor-concert-tours)
CNC-0526,Taylor Swift,Reputation Stadium Tour,Pop,Stadium Headliner,2018-11-04,2018,11,November,Sunday,True,Fall,East Rutherford,United States,North America,Tier 1 Global Mega-City,40.8128,-74.0742,MetLife Stadium,Stadium,"Camila Cabello, Charli XCX",2,165654,165654,100.0,True,22031386.0,133.0,Standard ($75-$150),3,True,Kaggle (gayu14/taylor-concert-tours)
CNC-0527,Taylor Swift,Reputation Stadium Tour,Pop,Stadium Headliner,2018-04-07,2018,4,April,Saturday,True,Spring,East Rutherford,United States,North America,Tier 1 Global Mega-City,40.8128,-74.0742,MetLife Stadium,Stadium,"Camila Cabello, Charli XCX",2,165654,165654,100.0,True,22031386.0,133.0,Standard ($75-$150),3,True,Kaggle (gayu14/taylor-concert-tours)
CNC-0528,Taylor Swift,Reputation Stadium Tour,Pop,Stadium Headliner,2018-05-10,2018,5,May,Thursday,False,Spring,Foxborough,United States,North America,Tier 2 Major Regional Market,42.0654,-71.2478,Gillette Stadium,Stadium,"Camila Cabello, Charli XCX",2,174764,174764,100.0,True,21779846.0,124.62,Standard ($75-$150),3,True,Kaggle (gayu14/taylor-concert-tours)
CNC-0529,Taylor Swift,Reputation Stadium Tour,Pop,Stadium Headliner,2018-06-13,2018,6,June,Wednesday,False,Summer,Foxborough,United States,North America,Tier 2 Major Regional Market,42.0654,-71.2478,Gillette Stadium,Stadium,"Camila Cabello, Charli XCX",2,174764,192471,90.8,False,21779846.0,124.62,Standard ($75-$150),3,True,Kaggle (gayu14/taylor-concert-tours)
CNC-0530,Taylor Swift,Reputation Stadium Tour,Pop,Stadium Headliner,2018-07-16,2018,7,July,Monday,False,Summer,Foxborough,United States,North America,Tier 2 Major Regional Market,42.0654,-71.2478,Gillette Stadium,Stadium,"Camila Cabello, Charli XCX",2,174764,174764,100.0,True,21779846.0,124.62,Standard ($75-$150),3,True,Kaggle (gayu14/taylor-concert-tours)
CNC-0531,Taylor Swift,Reputation Stadium Tour,Pop,Stadium Headliner,2018-08-19,2018,8,August,Sunday,True,Summer,Toronto,Canada,North America,Tier 1 Global Mega-City,43.6532,-79.3832,Rogers Centre,Arena,"Camila Cabello, Charli XCX",2,100310,100310,100.0,True,11177000.0,111.42,Standard ($75-$150),2,True,Kaggle (gayu14/taylor-concert-tours)
CNC-0532,Taylor Swift,Reputation Stadium Tour,Pop,Stadium Headliner,2018-09-22,2018,9,September,Saturday,True,Fall,Toronto,Canada,North America,Tier 1 Global Mega-City,43.6532,-79.3832,Rogers Centre,Arena,"Camila Cabello, Charli XCX",2,100310,100310,100.0,True,11177000.0,111.42,Standard ($75-$150),2,True,Kaggle (gayu14/taylor-concert-tours)
CNC-0533,Taylor Swift,Reputation Stadium Tour,Pop,Stadium Headliner,2018-10-25,2018,10,October,Thursday,False,Fall,Pittsburgh,United States,North America,Tier 3 Emerging / Secondary Market,40.4406,-79.9959,Heinz Field,Stadium,"Camila Cabello, Charli XCX",2,56445,60176,93.8,False,6230876.0,110.39,Standard ($75-$150),1,False,Kaggle (gayu14/taylor-concert-tours)
CNC-0534,Taylor Swift,Reputation Stadium Tour,Pop,Stadium Headliner,2018-11-01,2018,11,November,Thursday,False,Fall,Atlanta,United States,North America,Tier 2 Major Regional Market,33.749,-84.388,Mercedes-Benz Stadium,Stadium,"Camila Cabello, Charli XCX",2,116746,116746,100.0,True,18089415.0,154.95,Premium ($150-$250),2,True,Kaggle (gayu14/taylor-concert-tours)
CNC-0535,Taylor Swift,Reputation Stadium Tour,Pop,Stadium Headliner,2018-04-04,2018,4,April,Wednesday,False,Spring,Atlanta,United States,North America,Tier 2 Major Regional Market,33.749,-84.388,Mercedes-Benz Stadium,Stadium,"Camila Cabello, Charli XCX",2,116746,124105,94.07,False,18089415.0,154.95,Premium ($150-$250),2,True,Kaggle (gayu14/taylor-concert-tours)
CNC-0536,Taylor Swift,Reputation Stadium Tour,Pop,Stadium Headliner,2018-05-07,2018,5,May,Monday,False,Spring,Tampa,United States,North America,Tier 2 Major Regional Market,27.9506,-82.4572,Raymond James Stadium,Stadium,"Camila Cabello, Charli XCX",2,55909,55909,100.0,True,7244264.0,129.57,Standard ($75-$150),1,False,Kaggle (gayu14/taylor-concert-tours)
CNC-0537,Taylor Swift,Reputation Stadium Tour,Pop,Stadium Headliner,2018-06-10,2018,6,June,Sunday,True,Summer,Miami Gardens,United States,North America,Tier 2 Major Regional Market,25.7617,-80.1918,Hard Rock Stadium,Stadium,"Camila Cabello, Charli XCX",2,47818,50014,95.61,False,7072164.0,147.9,Standard ($75-$150),1,False,Kaggle (gayu14/taylor-concert-tours)
CNC-0538,Taylor Swift,Reputation Stadium Tour,Pop,Stadium Headliner,2018-07-13,2018,7,July,Friday,True,Summer,Nashville,United States,North America,Tier 2 Major Regional Market,36.1627,-86.7816,Nissan Stadium,Stadium,"Camila Cabello, Charli XCX",2,56112,56185,99.87,True,9007179.0,160.52,Premium ($150-$250),1,False,Kaggle (gayu14/taylor-concert-tours)
CNC-0539,Taylor Swift,Reputation Stadium Tour,Pop,Stadium Headliner,2018-08-16,2018,8,August,Thursday,False,Summer,Detroit,United States,North America,Tier 2 Major Regional Market,42.3314,-83.0458,Ford Field,Stadium,"Camila Cabello, Charli XCX",2,49464,49464,100.0,True,6597852.0,133.39,Standard ($75-$150),1,False,Kaggle (gayu14/taylor-concert-tours)
CNC-0540,Taylor Swift,Reputation Stadium Tour,Pop,Stadium Headliner,2018-09-19,2018,9,September,Wednesday,False,Fall,Minneapolis,United States,North America,Tier 2 Major Regional Market,44.9778,-93.265,U.S. Bank Stadium,Stadium,"Camila Cabello, Charli XCX",2,98774,105799,93.36,False,10242024.0,103.69,Standard ($75-$150),2,True,Kaggle (gayu14/taylor-concert-tours)
CNC-0541,Taylor Swift,Reputation Stadium Tour,Pop,Stadium Headliner,2018-10-22,2018,10,October,Monday,False,Fall,Minneapolis,United States,North America,Tier 2 Major Regional Market,44.9778,-93.265,U.S. Bank Stadium,Stadium,"Camila Cabello, Charli XCX",2,98774,99250,99.52,True,10242024.0,103.69,Standard ($75-$150),2,True,Kaggle (gayu14/taylor-concert-tours)
CNC-0542,Taylor Swift,Reputation Stadium Tour,Pop,Stadium Headliner,2018-11-25,2018,11,November,Sunday,True,Fall,Kansas City,United States,North America,Tier 3 Emerging / Secondary Market,39.0997,-94.5786,Arrowhead Stadium,Stadium,"Camila Cabello, Charli XCX",2,58611,69149,84.76,False,6730138.0,114.83,Standard ($75-$150),1,False,Kaggle (gayu14/taylor-concert-tours)
CNC-0543,Taylor Swift,Reputation Stadium Tour,Pop,Stadium Headliner,2018-04-01,2018,4,April,Sunday,True,Spring,Indianapolis,United States,North America,Tier 3 Emerging / Secondary Market,39.7684,-86.1581,Lucas Oil Stadium,Stadium,"Camila Cabello, Charli XCX",2,55729,64197,86.81,False,6531245.0,117.2,Standard ($75-$150),1,False,Kaggle (gayu14/taylor-concert-tours)
CNC-0544,Taylor Swift,Reputation Stadium Tour,Pop,Stadium Headliner,2018-05-04,2018,5,May,Friday,True,Spring,St. Louis,United States,North America,Tier 2 Major Regional Market,38.0,-97.0,The Dome at America's Center,Stadium,"Camila Cabello, Charli XCX",2,47831,47831,100.0,True,4884054.0,102.11,Standard ($75-$150),1,False,Kaggle (gayu14/taylor-concert-tours)
CNC-0545,Taylor Swift,Reputation Stadium Tour,Pop,Stadium Headliner,2018-06-07,2018,6,June,Thursday,False,Summer,New Orleans,United States,North America,Tier 2 Major Regional Market,29.9511,-90.0715,Mercedes-Benz Superdome,Stadium,"Camila Cabello, Charli XCX",2,53172,56476,94.15,False,6491546.0,122.09,Standard ($75-$150),1,False,Kaggle (gayu14/taylor-concert-tours)
CNC-0546,Taylor Swift,Reputation Stadium Tour,Pop,Stadium Headliner,2018-07-10,2018,7,July,Tuesday,False,Summer,Houston,United States,North America,Tier 2 Major Regional Market,29.7604,-95.3698,NRG Stadium,Stadium,"Camila Cabello, Charli XCX",2,53800,60382,89.1,False,9350275.0,173.8,Premium ($150-$250),1,False,Kaggle (gayu14/taylor-concert-tours)
CNC-0547,Taylor Swift,Reputation Stadium Tour,Pop,Stadium Headliner,2018-08-13,2018,8,August,Monday,False,Summer,Arlington,United States,North America,Tier 2 Major Regional Market,32.7357,-97.1081,AT&T Stadium,Stadium,"Camila Cabello, Charli XCX",2,105002,111847,93.88,False,15006157.0,142.91,Standard ($75-$150),2,True,Kaggle (gayu14/taylor-concert-tours)
CNC-0548,Taylor Swift,Reputation Stadium Tour,Pop,Stadium Headliner,2018-09-16,2018,9,September,Sunday,True,Fall,Arlington,United States,North America,Tier 2 Major Regional Market,32.7357,-97.1081,AT&T Stadium,Stadium,"Camila Cabello, Charli XCX",2,105002,105002,100.0,True,15006157.0,142.91,Standard ($75-$150),2,True,Kaggle (gayu14/taylor-concert-tours)
CNC-0549,Taylor Swift,Reputation Stadium Tour,Pop,Stadium Headliner,2018-10-19,2018,10,October,Friday,True,Spring,Perth,Australia,Oceania,Tier 2 Major Regional Market,-31.9505,115.8605,Optus Stadium,Stadium,"Charli XCX, Broods",2,50891,50891,100.0,True,4153658.0,81.62,Standard ($75-$150),1,False,Kaggle (gayu14/taylor-concert-tours)
CNC-0550,Taylor Swift,Reputation Stadium Tour,Pop,Stadium Headliner,2018-11-22,2018,11,November,Thursday,False,Spring,Melbourne,Australia,Oceania,Tier 1 Global Mega-City,-37.8136,144.9631,Marvel Stadium,Stadium,"Charli XCX, Broods",2,63027,63812,98.77,True,6755570.0,107.19,Standard ($75-$150),1,False,Kaggle (gayu14/taylor-concert-tours)
CNC-0551,Taylor Swift,Reputation Stadium Tour,Pop,Stadium Headliner,2018-04-25,2018,4,April,Wednesday,False,Autumn,Sydney,Australia,Oceania,Tier 1 Global Mega-City,-33.8688,151.2093,ANZ Stadium,Stadium,"Charli XCX, Broods",2,72805,74034,98.34,True,7686564.0,105.58,Standard ($75-$150),1,False,Kaggle (gayu14/taylor-concert-tours)
CNC-0552,Taylor Swift,Reputation Stadium Tour,Pop,Stadium Headliner,2018-05-01,2018,5,May,Tuesday,False,Autumn,Brisbane,Australia,Oceania,Tier 2 Major Regional Market,-27.4698,153.0251,The Gabba,Arena,"Charli XCX, Broods",2,43907,47156,93.11,False,4338127.0,98.8,Standard ($75-$150),1,False,Kaggle (gayu14/taylor-concert-tours)
CNC-0553,Taylor Swift,Reputation Stadium Tour,Pop,Stadium Headliner,2018-06-04,2018,6,June,Monday,False,Winter,Auckland,New Zealand,Oceania,Tier 2 Major Regional Market,-36.8485,174.7633,Mount Smart Stadium,Stadium,"Charli XCX, Broods",2,35749,35749,100.0,True,3617593.0,101.19,Standard ($75-$150),1,False,Kaggle (gayu14/taylor-concert-tours)
CNC-0554,Taylor Swift,Reputation Stadium Tour,Pop,Stadium Headliner,2018-07-07,2018,7,July,Saturday,True,Summer,Tokyo,Japan,Asia,Tier 1 Global Mega-City,35.6762,139.6503,Tokyo Dome,Stadium,Charli XCX,1,100109,100109,100.0,True,14859847.0,148.44,Standard ($75-$150),2,True,Kaggle (gayu14/taylor-concert-tours)
CNC-0555,Taylor Swift,Reputation Stadium Tour,Pop,Stadium Headliner,2018-08-10,2018,8,August,Friday,True,Summer,Tokyo,Japan,Asia,Tier 1 Global Mega-City,35.6762,139.6503,Tokyo Dome,Stadium,Charli XCX,1,100109,100109,100.0,True,14859847.0,148.44,Standard ($75-$150),2,True,Kaggle (gayu14/taylor-concert-tours)
CNC-0556,Ed Sheeran,+–=÷× Tour (Mathematics),Pop / Singer-Songwriter,Global Mega-Superstar,2022-04-23,2022,4,April,Saturday,True,Spring,Dublin,Ireland,Europe,Tier 2 Major Regional Market,53.3498,-6.2603,Croke Park,Stadium,"Maisie Peters, Denise Chaila",2,80000,80000,100.0,True,6199077.0,77.49,Standard ($75-$150),2,True,Kaggle (jessalynlim/ed-sheeran-tour)
CNC-0557,Ed Sheeran,+–=÷× Tour (Mathematics),Pop / Singer-Songwriter,Global Mega-Superstar,2022-04-24,2022,4,April,Sunday,True,Spring,Dublin,Ireland,Europe,Tier 2 Major Regional Market,53.3498,-6.2603,Croke Park,Stadium,"Maisie Peters, Denise Chaila",2,80000,80000,100.0,True,6199077.0,77.49,Standard ($75-$150),2,True,Kaggle (jessalynlim/ed-sheeran-tour)
CNC-0558,Ed Sheeran,+–=÷× Tour (Mathematics),Pop / Singer-Songwriter,Global Mega-Superstar,2022-04-28,2022,4,April,Thursday,False,Spring,Cork,Ireland,Europe,Tier 3 Emerging / Secondary Market,51.8985,-8.4756,Pirc U Chaoimh,Arena,"Maisie Peters, Denise Chaila",2,80000,80000,100.0,True,5803983.0,72.55,Budget (<$75),2,True,Kaggle (jessalynlim/ed-sheeran-tour)
CNC-0559,Ed Sheeran,+–=÷× Tour (Mathematics),Pop / Singer-Songwriter,Global Mega-Superstar,2022-04-29,2022,4,April,Friday,True,Spring,Cork,Ireland,Europe,Tier 3 Emerging / Secondary Market,51.8985,-8.4756,Pirc U Chaoimh,Arena,"Maisie Peters, Denise Chaila",2,80000,80000,100.0,True,5803983.0,72.55,Budget (<$75),2,True,Kaggle (jessalynlim/ed-sheeran-tour)
CNC-0560,Ed Sheeran,+–=÷× Tour (Mathematics),Pop / Singer-Songwriter,Global Mega-Superstar,2022-05-05,2022,5,May,Thursday,False,Spring,Limerick,Ireland,Europe,Tier 3 Emerging / Secondary Market,52.6638,-8.6267,Thomond Park,Stadium,"Maisie Peters, Denise Chaila",2,61780,63234,97.7,False,5210048.0,84.33,Standard ($75-$150),2,True,Kaggle (jessalynlim/ed-sheeran-tour)
CNC-0561,Ed Sheeran,+–=÷× Tour (Mathematics),Pop / Singer-Songwriter,Global Mega-Superstar,2022-05-06,2022,5,May,Friday,True,Spring,Limerick,Ireland,Europe,Tier 3 Emerging / Secondary Market,52.6638,-8.6267,Thomond Park,Stadium,"Maisie Peters, Denise Chaila",2,61780,63234,97.7,False,5210048.0,84.33,Standard ($75-$150),2,True,Kaggle (jessalynlim/ed-sheeran-tour)
CNC-0562,Ed Sheeran,+–=÷× Tour (Mathematics),Pop / Singer-Songwriter,Global Mega-Superstar,2022-05-12,2022,5,May,Thursday,False,Spring,Belfast,United Kingdom,Europe,Tier 3 Emerging / Secondary Market,54.5973,-5.9301,Boucher Road Playing Fields,Stadium,"Maisie Peters, Denise Chaila",2,73519,80604,91.21,False,6281351.0,85.44,Standard ($75-$150),2,True,Kaggle (jessalynlim/ed-sheeran-tour)
CNC-0563,Ed Sheeran,+–=÷× Tour (Mathematics),Pop / Singer-Songwriter,Global Mega-Superstar,2022-05-13,2022,5,May,Friday,True,Spring,Belfast,United Kingdom,Europe,Tier 3 Emerging / Secondary Market,54.5973,-5.9301,Boucher Road Playing Fields,Stadium,"Maisie Peters, Denise Chaila",2,73519,80604,91.21,False,6281351.0,85.44,Standard ($75-$150),2,True,Kaggle (jessalynlim/ed-sheeran-tour)
CNC-0564,Ed Sheeran,+–=÷× Tour (Mathematics),Pop / Singer-Songwriter,Global Mega-Superstar,2022-05-26,2022,5,May,Thursday,False,Spring,Cardiff,United Kingdom,Europe,Tier 2 Major Regional Market,51.4816,-3.1791,Principality Stadium,Stadium,"Maisie Peters, Dylan",2,61830,61830,100.0,True,5019918.33,81.19,Standard ($75-$150),3,True,Kaggle (jessalynlim/ed-sheeran-tour)
CNC-0565,Ed Sheeran,+–=÷× Tour (Mathematics),Pop / Singer-Songwriter,Global Mega-Superstar,2022-05-27,2022,5,May,Friday,True,Spring,Cardiff,United Kingdom,Europe,Tier 2 Major Regional Market,51.4816,-3.1791,Principality Stadium,Stadium,"Maisie Peters, Dylan",2,61830,61830,100.0,True,5019918.33,81.19,Standard ($75-$150),3,True,Kaggle (jessalynlim/ed-sheeran-tour)
CNC-0566,Ed Sheeran,+–=÷× Tour (Mathematics),Pop / Singer-Songwriter,Global Mega-Superstar,2022-05-28,2022,5,May,Saturday,True,Spring,Cardiff,United Kingdom,Europe,Tier 2 Major Regional Market,51.4816,-3.1791,Principality Stadium,Stadium,"Maisie Peters, Dylan",2,61830,61830,100.0,True,5019918.33,81.19,Standard ($75-$150),3,True,Kaggle (jessalynlim/ed-sheeran-tour)
CNC-0567,Ed Sheeran,+–=÷× Tour (Mathematics),Pop / Singer-Songwriter,Global Mega-Superstar,2022-06-03,2022,6,June,Friday,True,Summer,Sunderland,England,Europe,Tier 2 Major Regional Market,50.0,10.0,Stadium of Light,Stadium,"Maisie Peters, Dylan",2,53320,53320,100.0,True,4443855.5,83.34,Standard ($75-$150),2,True,Kaggle (jessalynlim/ed-sheeran-tour)
CNC-0568,Ed Sheeran,+–=÷× Tour (Mathematics),Pop / Singer-Songwriter,Global Mega-Superstar,2022-06-04,2022,6,June,Saturday,True,Summer,Sunderland,England,Europe,Tier 2 Major Regional Market,50.0,10.0,Stadium of Light,Stadium,"Maisie Peters, Dylan",2,53320,53320,100.0,True,4443855.5,83.34,Standard ($75-$150),2,True,Kaggle (jessalynlim/ed-sheeran-tour)
CNC-0569,Ed Sheeran,+–=÷× Tour (Mathematics),Pop / Singer-Songwriter,Global Mega-Superstar,2022-06-09,2022,6,June,Thursday,False,Summer,Manchester,United Kingdom,Europe,Tier 2 Major Regional Market,53.4808,-2.2426,Etihad Stadium,Stadium,"Maisie Peters, Dylan",2,54660,54660,100.0,True,4425842.75,80.97,Standard ($75-$150),4,True,Kaggle (jessalynlim/ed-sheeran-tour)
CNC-0570,Ed Sheeran,+–=÷× Tour (Mathematics),Pop / Singer-Songwriter,Global Mega-Superstar,2022-06-10,2022,6,June,Friday,True,Summer,Manchester,United Kingdom,Europe,Tier 2 Major Regional Market,53.4808,-2.2426,Etihad Stadium,Stadium,"Maisie Peters, Dylan",2,54660,54660,100.0,True,4425842.75,80.97,Standard ($75-$150),4,True,Kaggle (jessalynlim/ed-sheeran-tour)
CNC-0571,Ed Sheeran,+–=÷× Tour (Mathematics),Pop / Singer-Songwriter,Global Mega-Superstar,2022-06-11,2022,6,June,Saturday,True,Summer,Manchester,United Kingdom,Europe,Tier 2 Major Regional Market,53.4808,-2.2426,Etihad Stadium,Stadium,"Maisie Peters, Dylan",2,54660,54660,100.0,True,4425842.75,80.97,Standard ($75-$150),4,True,Kaggle (jessalynlim/ed-sheeran-tour)
CNC-0572,Ed Sheeran,+–=÷× Tour (Mathematics),Pop / Singer-Songwriter,Global Mega-Superstar,2022-06-12,2022,6,June,Sunday,True,Summer,Manchester,United Kingdom,Europe,Tier 2 Major Regional Market,53.4808,-2.2426,Etihad Stadium,Stadium,"Maisie Peters, Dylan",2,54660,54660,100.0,True,4425842.75,80.97,Standard ($75-$150),4,True,Kaggle (jessalynlim/ed-sheeran-tour)
CNC-0573,Ed Sheeran,+–=÷× Tour (Mathematics),Pop / Singer-Songwriter,Global Mega-Superstar,2022-06-16,2022,6,June,Thursday,False,Summer,Glasgow,United Kingdom,Europe,Tier 2 Major Regional Market,55.8642,-4.2518,Hampden Park,Stadium,"Maisie Peters, Dylan",2,46672,46672,100.0,True,3789887.0,81.2,Standard ($75-$150),2,True,Kaggle (jessalynlim/ed-sheeran-tour)
CNC-0574,Ed Sheeran,+–=÷× Tour (Mathematics),Pop / Singer-Songwriter,Global Mega-Superstar,2022-06-17,2022,6,June,Friday,True,Summer,Glasgow,United Kingdom,Europe,Tier 2 Major Regional Market,55.8642,-4.2518,Hampden Park,Stadium,"Maisie Peters, Dylan",2,46672,46672,100.0,True,3789887.0,81.2,Standard ($75-$150),2,True,Kaggle (jessalynlim/ed-sheeran-tour)
CNC-0575,Ed Sheeran,+–=÷× Tour (Mathematics),Pop / Singer-Songwriter,Global Mega-Superstar,2022-06-24,2022,6,June,Friday,True,Summer,London,United Kingdom,Europe,Tier 1 Global Mega-City,51.5074,-0.1278,Wembley Stadium,Stadium,"Maisie Peters, Dylan",2,89115,89115,100.0,True,7407179.2,83.12,Standard ($75-$150),5,True,Kaggle (jessalynlim/ed-sheeran-tour)
CNC-0576,Ed Sheeran,+–=÷× Tour (Mathematics),Pop / Singer-Songwriter,Global Mega-Superstar,2022-06-25,2022,6,June,Saturday,True,Summer,London,United Kingdom,Europe,Tier 1 Global Mega-City,51.5074,-0.1278,Wembley Stadium,Stadium,"Maisie Peters, Dylan",2,89115,89115,100.0,True,7407179.2,83.12,Standard ($75-$150),5,True,Kaggle (jessalynlim/ed-sheeran-tour)
CNC-0577,Ed Sheeran,+–=÷× Tour (Mathematics),Pop / Singer-Songwriter,Global Mega-Superstar,2022-06-29,2022,6,June,Wednesday,False,Summer,London,United Kingdom,Europe,Tier 1 Global Mega-City,51.5074,-0.1278,Wembley Stadium,Stadium,"Maisie Peters, Dylan",2,89115,89115,100.0,True,7407179.2,83.12,Standard ($75-$150),5,True,Kaggle (jessalynlim/ed-sheeran-tour)
CNC-0578,Ed Sheeran,+–=÷× Tour (Mathematics),Pop / Singer-Songwriter,Global Mega-Superstar,2022-06-30,2022,6,June,Thursday,False,Summer,London,United Kingdom,Europe,Tier 1 Global Mega-City,51.5074,-0.1278,Wembley Stadium,Stadium,"Maisie Peters, Dylan",2,89115,89115,100.0,True,7407179.2,83.12,Standard ($75-$150),5,True,Kaggle (jessalynlim/ed-sheeran-tour)
CNC-0579,Ed Sheeran,+–=÷× Tour (Mathematics),Pop / Singer-Songwriter,Global Mega-Superstar,2022-07-01,2022,7,July,Friday,True,Summer,London,United Kingdom,Europe,Tier 1 Global Mega-City,51.5074,-0.1278,Wembley Stadium,Stadium,"Maisie Peters, Dylan",2,89115,89115,100.0,True,7407179.2,83.12,Standard ($75-$150),5,True,Kaggle (jessalynlim/ed-sheeran-tour)
CNC-0580,Ed Sheeran,+–=÷× Tour (Mathematics),Pop / Singer-Songwriter,Global Mega-Superstar,2022-07-07,2022,7,July,Thursday,False,Summer,Gelsenkirchen,Germany,Europe,Tier 3 Emerging / Secondary Market,51.5177,7.0857,Veltins-Arena,Arena,"Maisie Peters, Cat Burns",2,60825,64352,94.52,False,4551068.67,74.82,Budget (<$75),3,True,Kaggle (jessalynlim/ed-sheeran-tour)
CNC-0581,Ed Sheeran,+–=÷× Tour (Mathematics),Pop / Singer-Songwriter,Global Mega-Superstar,2022-07-08,2022,7,July,Friday,True,Summer,Gelsenkirchen,Germany,Europe,Tier 3 Emerging / Secondary Market,51.5177,7.0857,Veltins-Arena,Arena,"Maisie Peters, Cat Burns",2,60825,64352,94.52,False,4551068.67,74.82,Budget (<$75),3,True,Kaggle (jessalynlim/ed-sheeran-tour)
CNC-0582,Ed Sheeran,+–=÷× Tour (Mathematics),Pop / Singer-Songwriter,Global Mega-Superstar,2022-07-09,2022,7,July,Saturday,True,Summer,Gelsenkirchen,Germany,Europe,Tier 3 Emerging / Secondary Market,51.5177,7.0857,Veltins-Arena,Arena,"Maisie Peters, Cat Burns",2,60825,64352,94.52,False,4551068.67,74.82,Budget (<$75),3,True,Kaggle (jessalynlim/ed-sheeran-tour)
CNC-0583,Ed Sheeran,+–=÷× Tour (Mathematics),Pop / Singer-Songwriter,Global Mega-Superstar,2022-07-14,2022,7,July,Thursday,False,Summer,Amsterdam,Netherlands,Europe,Tier 1 Global Mega-City,52.3676,4.9041,Johan Cruyff Arena,Arena,"Maisie Peters, Cat Burns",2,67060,67060,100.0,True,4305738.0,64.21,Budget (<$75),2,True,Kaggle (jessalynlim/ed-sheeran-tour)
CNC-0584,Ed Sheeran,+–=÷× Tour (Mathematics),Pop / Singer-Songwriter,Global Mega-Superstar,2022-07-15,2022,7,July,Friday,True,Summer,Amsterdam,Netherlands,Europe,Tier 1 Global Mega-City,52.3676,4.9041,Johan Cruyff Arena,Arena,"Maisie Peters, Cat Burns",2,67060,67060,100.0,True,4305738.0,64.21,Budget (<$75),2,True,Kaggle (jessalynlim/ed-sheeran-tour)
CNC-0585,Ed Sheeran,+–=÷× Tour (Mathematics),Pop / Singer-Songwriter,Global Mega-Superstar,2022-07-22,2022,7,July,Friday,True,Summer,Brussels,Belgium,Europe,Tier 2 Major Regional Market,50.8503,4.3517,King Baudouin Stadium,Stadium,"Maisie Peters, Cat Burns, Dylan",3,52236,64000,81.62,False,4136552.5,79.19,Standard ($75-$150),2,True,Kaggle (jessalynlim/ed-sheeran-tour)
CNC-0586,Ed Sheeran,+–=÷× Tour (Mathematics),Pop / Singer-Songwriter,Global Mega-Superstar,2022-07-23,2022,7,July,Saturday,True,Summer,Brussels,Belgium,Europe,Tier 2 Major Regional Market,50.8503,4.3517,King Baudouin Stadium,Stadium,"Maisie Peters, Cat Burns, Dylan",3,52236,64000,81.62,False,4136552.5,79.19,Standard ($75-$150),2,True,Kaggle (jessalynlim/ed-sheeran-tour)
CNC-0587,Ed Sheeran,+–=÷× Tour (Mathematics),Pop / Singer-Songwriter,Global Mega-Superstar,2022-07-29,2022,7,July,Friday,True,Summer,Saint-Denis,France,Europe,Tier 1 Global Mega-City,48.9362,2.3574,Stade de France,Stadium,"Maisie Peters, Cat Burns",2,83382,83382,100.0,True,5397662.0,64.73,Budget (<$75),2,True,Kaggle (jessalynlim/ed-sheeran-tour)
CNC-0588,Ed Sheeran,+–=÷× Tour (Mathematics),Pop / Singer-Songwriter,Global Mega-Superstar,2022-07-30,2022,7,July,Saturday,True,Summer,Saint-Denis,France,Europe,Tier 1 Global Mega-City,48.9362,2.3574,Stade de France,Stadium,"Maisie Peters, Cat Burns",2,83382,83382,100.0,True,5397662.0,64.73,Budget (<$75),2,True,Kaggle (jessalynlim/ed-sheeran-tour)
CNC-0589,Ed Sheeran,+–=÷× Tour (Mathematics),Pop / Singer-Songwriter,Global Mega-Superstar,2022-08-03,2022,8,August,Wednesday,False,Summer,Copenhagen,Denmark,Europe,Tier 2 Major Regional Market,55.6761,12.5683,resundsparken,Stadium,"Maisie Peters, Cat Burns",2,39204,39705,98.74,False,3543943.5,90.4,Standard ($75-$150),4,True,Kaggle (jessalynlim/ed-sheeran-tour)
CNC-0590,Ed Sheeran,+–=÷× Tour (Mathematics),Pop / Singer-Songwriter,Global Mega-Superstar,2022-08-04,2022,8,August,Thursday,False,Summer,Copenhagen,Denmark,Europe,Tier 2 Major Regional Market,55.6761,12.5683,resundsparken,Stadium,"Maisie Peters, Cat Burns",2,39204,39705,98.74,False,3543943.5,90.4,Standard ($75-$150),4,True,Kaggle (jessalynlim/ed-sheeran-tour)
CNC-0591,Ed Sheeran,+–=÷× Tour (Mathematics),Pop / Singer-Songwriter,Global Mega-Superstar,2022-08-05,2022,8,August,Friday,True,Summer,Copenhagen,Denmark,Europe,Tier 2 Major Regional Market,55.6761,12.5683,resundsparken,Stadium,"Maisie Peters, Cat Burns",2,39204,39705,98.74,False,3543943.5,90.4,Standard ($75-$150),4,True,Kaggle (jessalynlim/ed-sheeran-tour)
CNC-0592,Ed Sheeran,+–=÷× Tour (Mathematics),Pop / Singer-Songwriter,Global Mega-Superstar,2022-08-06,2022,8,August,Saturday,True,Summer,Copenhagen,Denmark,Europe,Tier 2 Major Regional Market,55.6761,12.5683,resundsparken,Stadium,"Maisie Peters, Dylan",2,39204,39705,98.74,False,3543943.5,90.4,Standard ($75-$150),4,True,Kaggle (jessalynlim/ed-sheeran-tour)
CNC-0593,Ed Sheeran,+–=÷× Tour (Mathematics),Pop / Singer-Songwriter,Global Mega-Superstar,2022-08-10,2022,8,August,Wednesday,False,Summer,Gothenburg,Sweden,Europe,Tier 2 Major Regional Market,50.0,10.0,Ullevi,Arena,"Maisie Peters, Cat Burns",2,60142,64675,92.99,False,4779451.0,79.47,Standard ($75-$150),2,True,Kaggle (jessalynlim/ed-sheeran-tour)
CNC-0594,Ed Sheeran,+–=÷× Tour (Mathematics),Pop / Singer-Songwriter,Global Mega-Superstar,2022-08-11,2022,8,August,Thursday,False,Summer,Gothenburg,Sweden,Europe,Tier 2 Major Regional Market,50.0,10.0,Ullevi,Arena,"Maisie Peters, Cat Burns",2,60142,64675,92.99,False,4779451.0,79.47,Standard ($75-$150),2,True,Kaggle (jessalynlim/ed-sheeran-tour)
CNC-0595,Ed Sheeran,+–=÷× Tour (Mathematics),Pop / Singer-Songwriter,Global Mega-Superstar,2022-08-20,2022,8,August,Saturday,True,Summer,Helsinki,Finland,Europe,Tier 2 Major Regional Market,60.1699,24.9384,Helsinki Olympic Stadium,Stadium,"Maisie Peters, Cat Burns",2,46667,46667,100.0,True,4229589.0,90.63,Standard ($75-$150),1,False,Kaggle (jessalynlim/ed-sheeran-tour)
CNC-0596,Ed Sheeran,+–=÷× Tour (Mathematics),Pop / Singer-Songwriter,Global Mega-Superstar,2022-08-25,2022,8,August,Thursday,False,Summer,Warsaw,Poland,Europe,Tier 2 Major Regional Market,52.2297,21.0122,PGE Narodowy,Arena,"Maisie Peters, Cat Burns",2,73170,73170,100.0,True,4528147.5,61.89,Budget (<$75),2,True,Kaggle (jessalynlim/ed-sheeran-tour)
CNC-0597,Ed Sheeran,+–=÷× Tour (Mathematics),Pop / Singer-Songwriter,Global Mega-Superstar,2022-08-26,2022,8,August,Friday,True,Summer,Warsaw,Poland,Europe,Tier 2 Major Regional Market,52.2297,21.0122,PGE Narodowy,Arena,"Maisie Peters, Cat Burns",2,73170,73170,100.0,True,4528147.5,61.89,Budget (<$75),2,True,Kaggle (jessalynlim/ed-sheeran-tour)
CNC-0598,Ed Sheeran,+–=÷× Tour (Mathematics),Pop / Singer-Songwriter,Global Mega-Superstar,2022-09-01,2022,9,September,Thursday,False,Fall,Vienna,Austria,Europe,Tier 2 Major Regional Market,48.2082,16.3738,Ernst-Happel-Stadion,Stadium,"Maisie Peters, Cat Burns",2,62400,65300,95.56,False,4706257.0,75.42,Standard ($75-$150),2,True,Kaggle (jessalynlim/ed-sheeran-tour)
CNC-0599,Ed Sheeran,+–=÷× Tour (Mathematics),Pop / Singer-Songwriter,Global Mega-Superstar,2022-09-02,2022,9,September,Friday,True,Fall,Vienna,Austria,Europe,Tier 2 Major Regional Market,48.2082,16.3738,Ernst-Happel-Stadion,Stadium,"Maisie Peters, Cat Burns",2,62400,65300,95.56,False,4706257.0,75.42,Standard ($75-$150),2,True,Kaggle (jessalynlim/ed-sheeran-tour)
CNC-0600,Ed Sheeran,+–=÷× Tour (Mathematics),Pop / Singer-Songwriter,Global Mega-Superstar,2022-09-10,2022,9,September,Saturday,True,Fall,Munich,Germany,Europe,Tier 2 Major Regional Market,48.1351,11.582,Olympiastadion,Stadium,"Griff, Cat Burns",2,66728,71677,93.1,False,5229967.67,78.38,Standard ($75-$150),3,True,Kaggle (jessalynlim/ed-sheeran-tour)
CNC-0601,Ed Sheeran,+–=÷× Tour (Mathematics),Pop / Singer-Songwriter,Global Mega-Superstar,2022-09-11,2022,9,September,Sunday,True,Fall,Munich,Germany,Europe,Tier 2 Major Regional Market,48.1351,11.582,Olympiastadion,Stadium,"Griff, Cat Burns",2,66728,71677,93.1,False,5229967.67,78.38,Standard ($75-$150),3,True,Kaggle (jessalynlim/ed-sheeran-tour)
CNC-0602,Ed Sheeran,+–=÷× Tour (Mathematics),Pop / Singer-Songwriter,Global Mega-Superstar,2022-09-12,2022,9,September,Monday,False,Fall,Munich,Germany,Europe,Tier 2 Major Regional Market,48.1351,11.582,Olympiastadion,Stadium,"Griff, Cat Burns",2,66728,71677,93.1,False,5229967.67,78.38,Standard ($75-$150),3,True,Kaggle (jessalynlim/ed-sheeran-tour)
CNC-0603,Ed Sheeran,+–=÷× Tour (Mathematics),Pop / Singer-Songwriter,Global Mega-Superstar,2022-09-16,2022,9,September,Friday,True,Fall,Zurich,Switzerland,Europe,Tier 2 Major Regional Market,47.3769,8.5417,Letzigrund,Arena,"Griff, Cat Burns",2,47920,48370,99.07,True,6100418.5,127.3,Standard ($75-$150),2,True,Kaggle (jessalynlim/ed-sheeran-tour)
CNC-0604,Ed Sheeran,+–=÷× Tour (Mathematics),Pop / Singer-Songwriter,Global Mega-Superstar,2022-09-17,2022,9,September,Saturday,True,Fall,Zurich,Switzerland,Europe,Tier 2 Major Regional Market,47.3769,8.5417,Letzigrund,Arena,"Griff, Cat Burns",2,47920,48370,99.07,True,6100418.5,127.3,Standard ($75-$150),2,True,Kaggle (jessalynlim/ed-sheeran-tour)
CNC-0605,Ed Sheeran,+–=÷× Tour (Mathematics),Pop / Singer-Songwriter,Global Mega-Superstar,2022-09-23,2022,9,September,Friday,True,Fall,Frankfurt,Germany,Europe,Tier 2 Major Regional Market,50.1109,8.6821,Deutsche Bank Park,Stadium,"Griff, Cat Burns",2,60952,61400,99.27,True,4484084.33,73.57,Budget (<$75),3,True,Kaggle (jessalynlim/ed-sheeran-tour)
CNC-0606,Ed Sheeran,+–=÷× Tour (Mathematics),Pop / Singer-Songwriter,Global Mega-Superstar,2022-09-24,2022,9,September,Saturday,True,Fall,Frankfurt,Germany,Europe,Tier 2 Major Regional Market,50.1109,8.6821,Deutsche Bank Park,Stadium,"Griff, Cat Burns",2,60952,61400,99.27,True,4484084.33,73.57,Budget (<$75),3,True,Kaggle (jessalynlim/ed-sheeran-tour)
CNC-0607,Ed Sheeran,+–=÷× Tour (Mathematics),Pop / Singer-Songwriter,Global Mega-Superstar,2022-09-25,2022,9,September,Sunday,True,Fall,Frankfurt,Germany,Europe,Tier 2 Major Regional Market,50.1109,8.6821,Deutsche Bank Park,Stadium,"Griff, Cat Burns",2,60952,61400,99.27,True,4484084.33,73.57,Budget (<$75),3,True,Kaggle (jessalynlim/ed-sheeran-tour)
CNC-0608,Ed Sheeran,+–=÷× Tour (Mathematics),Pop / Singer-Songwriter,Global Mega-Superstar,2023-02-02,2023,2,February,Thursday,False,Summer,Wellington,New Zealand,Oceania,Tier 3 Emerging / Secondary Market,-41.2865,174.7762,Sky Stadium,Stadium,"Maisie Peters, Kaylee Bell",2,47260,47260,100.0,True,5024421.0,106.31,Standard ($75-$150),1,False,Kaggle (jessalynlim/ed-sheeran-tour)
CNC-0609,Ed Sheeran,+–=÷× Tour (Mathematics),Pop / Singer-Songwriter,Global Mega-Superstar,2023-02-10,2023,2,February,Friday,True,Summer,Auckland,New Zealand,Oceania,Tier 2 Major Regional Market,-36.8485,174.7633,Eden Park,Stadium,"Maisie Peters, Kaylee Bell",2,83574,83574,100.0,True,7461871.0,89.28,Standard ($75-$150),2,True,Kaggle (jessalynlim/ed-sheeran-tour)
CNC-0610,Ed Sheeran,+–=÷× Tour (Mathematics),Pop / Singer-Songwriter,Global Mega-Superstar,2023-02-11,2023,2,February,Saturday,True,Summer,Auckland,New Zealand,Oceania,Tier 2 Major Regional Market,-36.8485,174.7633,Eden Park,Stadium,"Maisie Peters, Kaylee Bell",2,83574,83574,100.0,True,7461871.0,89.28,Standard ($75-$150),2,True,Kaggle (jessalynlim/ed-sheeran-tour)
CNC-0611,Ed Sheeran,+–=÷× Tour (Mathematics),Pop / Singer-Songwriter,Global Mega-Superstar,2023-02-17,2023,2,February,Friday,True,Summer,Brisbane,Australia,Oceania,Tier 2 Major Regional Market,-27.4698,153.0251,Suncorp Stadium,Stadium,"Maisie Peters, Budjerah",2,57631,57631,100.0,True,6404357.0,111.13,Standard ($75-$150),3,True,Kaggle (jessalynlim/ed-sheeran-tour)
CNC-0612,Ed Sheeran,+–=÷× Tour (Mathematics),Pop / Singer-Songwriter,Global Mega-Superstar,2023-02-18,2023,2,February,Saturday,True,Summer,Brisbane,Australia,Oceania,Tier 2 Major Regional Market,-27.4698,153.0251,Suncorp Stadium,Stadium,"Maisie Peters, Budjerah",2,57631,57631,100.0,True,6404357.0,111.13,Standard ($75-$150),3,True,Kaggle (jessalynlim/ed-sheeran-tour)
CNC-0613,Ed Sheeran,+–=÷× Tour (Mathematics),Pop / Singer-Songwriter,Global Mega-Superstar,2023-02-19,2023,2,February,Sunday,True,Summer,Brisbane,Australia,Oceania,Tier 2 Major Regional Market,-27.4698,153.0251,Suncorp Stadium,Stadium,"Maisie Peters, Budjerah",2,57631,57631,100.0,True,6404357.0,111.13,Standard ($75-$150),3,True,Kaggle (jessalynlim/ed-sheeran-tour)
CNC-0614,Ed Sheeran,+–=÷× Tour (Mathematics),Pop / Singer-Songwriter,Global Mega-Superstar,2023-02-24,2023,2,February,Friday,True,Summer,Sydney,Australia,Oceania,Tier 1 Global Mega-City,-33.8688,151.2093,Accor Stadium,Stadium,"Maisie Peters, Budjerah",2,85850,85850,100.0,True,9468309.5,110.29,Standard ($75-$150),2,True,Kaggle (jessalynlim/ed-sheeran-tour)
CNC-0615,Ed Sheeran,+–=÷× Tour (Mathematics),Pop / Singer-Songwriter,Global Mega-Superstar,2023-02-25,2023,2,February,Saturday,True,Summer,Sydney,Australia,Oceania,Tier 1 Global Mega-City,-33.8688,151.2093,Accor Stadium,Stadium,"Maisie Peters, Budjerah",2,85850,85850,100.0,True,9468309.5,110.29,Standard ($75-$150),2,True,Kaggle (jessalynlim/ed-sheeran-tour)
CNC-0616,Ed Sheeran,+–=÷× Tour (Mathematics),Pop / Singer-Songwriter,Global Mega-Superstar,2023-03-02,2023,3,March,Thursday,False,Autumn,Melbourne,Australia,Oceania,Tier 1 Global Mega-City,-37.8136,144.9631,Melbourne Cricket Ground,Arena,"Maisie Peters, Budjerah",2,105428,105428,100.0,True,10435925.0,98.99,Standard ($75-$150),2,True,Kaggle (jessalynlim/ed-sheeran-tour)
CNC-0617,Ed Sheeran,+–=÷× Tour (Mathematics),Pop / Singer-Songwriter,Global Mega-Superstar,2023-03-03,2023,3,March,Friday,True,Autumn,Melbourne,Australia,Oceania,Tier 1 Global Mega-City,-37.8136,144.9631,Melbourne Cricket Ground,Arena,"Maisie Peters, Budjerah",2,105428,105428,100.0,True,10435925.0,98.99,Standard ($75-$150),2,True,Kaggle (jessalynlim/ed-sheeran-tour)
CNC-0618,Ed Sheeran,+–=÷× Tour (Mathematics),Pop / Singer-Songwriter,Global Mega-Superstar,2023-03-07,2023,3,March,Tuesday,False,Autumn,Adelaide,Australia,Oceania,Tier 3 Emerging / Secondary Market,-34.9285,138.6007,Adelaide Oval,Arena,"Maisie Peters, Budjerah",2,59708,59708,100.0,True,6665766.0,111.64,Standard ($75-$150),1,False,Kaggle (jessalynlim/ed-sheeran-tour)
CNC-0619,Ed Sheeran,+–=÷× Tour (Mathematics),Pop / Singer-Songwriter,Global Mega-Superstar,2023-03-12,2023,3,March,Sunday,True,Autumn,Perth,Australia,Oceania,Tier 2 Major Regional Market,-31.9505,115.8605,Optus Stadium,Stadium,"Maisie Peters, Budjerah",2,73092,73092,100.0,True,7051018.0,96.47,Standard ($75-$150),1,False,Kaggle (jessalynlim/ed-sheeran-tour)
CNC-0620,Ed Sheeran,+–=÷× Tour (Mathematics),Pop / Singer-Songwriter,Global Mega-Superstar,2023-05-06,2023,5,May,Saturday,True,Spring,Arlington,United States,North America,Tier 2 Major Regional Market,32.7357,-97.1081,AT&T Stadium,Stadium,"Khalid, Dylan",2,59265,59265,100.0,True,5733414.0,96.74,Standard ($75-$150),1,False,Kaggle (jessalynlim/ed-sheeran-tour)
CNC-0621,Ed Sheeran,+–=÷× Tour (Mathematics),Pop / Singer-Songwriter,Global Mega-Superstar,2023-05-13,2023,5,May,Saturday,True,Spring,Houston,United States,North America,Tier 2 Major Regional Market,29.7604,-95.3698,NRG Stadium,Stadium,"Khalid, Dylan",2,58183,58183,100.0,True,5321684.0,91.46,Standard ($75-$150),1,False,Kaggle (jessalynlim/ed-sheeran-tour)
CNC-0622,Ed Sheeran,+–=÷× Tour (Mathematics),Pop / Singer-Songwriter,Global Mega-Superstar,2023-05-20,2023,5,May,Saturday,True,Spring,Tampa,United States,North America,Tier 2 Major Regional Market,27.9506,-82.4572,Raymond James Stadium,Stadium,"Khalid, Dylan",2,77891,77891,100.0,True,7759215.0,99.62,Standard ($75-$150),1,False,Kaggle (jessalynlim/ed-sheeran-tour)
CNC-0623,Ed Sheeran,+–=÷× Tour (Mathematics),Pop / Singer-Songwriter,Global Mega-Superstar,2023-05-27,2023,5,May,Saturday,True,Spring,Atlanta,United States,North America,Tier 2 Major Regional Market,33.749,-84.388,Mercedes-Benz Stadium,Stadium,"Khalid, Dylan",2,76335,76335,100.0,True,7100499.0,93.02,Standard ($75-$150),1,False,Kaggle (jessalynlim/ed-sheeran-tour)
CNC-0624,Ed Sheeran,+–=÷× Tour (Mathematics),Pop / Singer-Songwriter,Global Mega-Superstar,2023-06-03,2023,6,June,Saturday,True,Summer,Philadelphia,United States,North America,Tier 2 Major Regional Market,39.9526,-75.1652,Lincoln Financial Field,Stadium,"Khalid, Dylan",2,77900,77900,100.0,True,7767923.0,99.72,Standard ($75-$150),1,False,Kaggle (jessalynlim/ed-sheeran-tour)
CNC-0625,Ed Sheeran,+–=÷× Tour (Mathematics),Pop / Singer-Songwriter,Global Mega-Superstar,2023-06-10,2023,6,June,Saturday,True,Summer,East Rutherford,United States,North America,Tier 1 Global Mega-City,40.8128,-74.0742,MetLife Stadium,Stadium,"Khalid, Dylan",2,86695,86695,100.0,True,9003526.0,103.85,Standard ($75-$150),2,True,Kaggle (jessalynlim/ed-sheeran-tour)
CNC-0626,Ed Sheeran,+–=÷× Tour (Mathematics),Pop / Singer-Songwriter,Global Mega-Superstar,2023-06-11,2023,6,June,Sunday,True,Summer,East Rutherford,United States,North America,Tier 1 Global Mega-City,40.8128,-74.0742,MetLife Stadium,Stadium,"Khalid, Dylan",2,86695,86695,100.0,True,9003526.0,103.85,Standard ($75-$150),2,True,Kaggle (jessalynlim/ed-sheeran-tour)
CNC-0627,Ed Sheeran,+–=÷× Tour (Mathematics),Pop / Singer-Songwriter,Global Mega-Superstar,2023-06-17,2023,6,June,Saturday,True,Summer,Toronto,Canada,North America,Tier 1 Global Mega-City,43.6532,-79.3832,Rogers Centre,Arena,"Khalid, Rosa Linn",2,46842,46842,100.0,True,4953218.0,105.74,Standard ($75-$150),2,True,Kaggle (jessalynlim/ed-sheeran-tour)
CNC-0628,Ed Sheeran,+–=÷× Tour (Mathematics),Pop / Singer-Songwriter,Global Mega-Superstar,2023-06-18,2023,6,June,Sunday,True,Summer,Toronto,Canada,North America,Tier 1 Global Mega-City,43.6532,-79.3832,Rogers Centre,Arena,"Khalid, Rosa Linn",2,46842,46842,100.0,True,4953218.0,105.74,Standard ($75-$150),2,True,Kaggle (jessalynlim/ed-sheeran-tour)
CNC-0629,Ed Sheeran,+–=÷× Tour (Mathematics),Pop / Singer-Songwriter,Global Mega-Superstar,2023-06-24,2023,6,June,Saturday,True,Summer,Landover,United States,North America,Tier 2 Major Regional Market,38.934,-76.8964,FedExField,Stadium,"Ed Sheeran, Rosa Linn",2,62270,62270,100.0,True,6002528.0,96.4,Standard ($75-$150),1,False,Kaggle (jessalynlim/ed-sheeran-tour)
CNC-0630,Ed Sheeran,+–=÷× Tour (Mathematics),Pop / Singer-Songwriter,Global Mega-Superstar,2023-07-01,2023,7,July,Saturday,True,Summer,Foxborough,United States,North America,Tier 2 Major Regional Market,42.0654,-71.2478,Gillette Stadium,Stadium,"Rosa Linn, Little Big Town",2,71723,71723,100.0,True,6419208.5,89.5,Standard ($75-$150),2,True,Kaggle (jessalynlim/ed-sheeran-tour)
CNC-0631,Ed Sheeran,+–=÷× Tour (Mathematics),Pop / Singer-Songwriter,Global Mega-Superstar,2023-07-08,2023,7,July,Saturday,True,Summer,Pittsburgh,United States,North America,Tier 3 Emerging / Secondary Market,40.4406,-79.9959,Acrisure Stadium,Stadium,"Rosa Linn, Khalid",2,67829,67829,100.0,True,5823055.0,85.85,Standard ($75-$150),1,False,Kaggle (jessalynlim/ed-sheeran-tour)
CNC-0632,Ed Sheeran,+–=÷× Tour (Mathematics),Pop / Singer-Songwriter,Global Mega-Superstar,2023-07-15,2023,7,July,Saturday,True,Summer,Detroit,United States,North America,Tier 2 Major Regional Market,42.3314,-83.0458,Ford Field,Stadium,"Rosa Linn, Khalid",2,70372,70372,100.0,True,7126417.0,101.27,Standard ($75-$150),1,False,Kaggle (jessalynlim/ed-sheeran-tour)
CNC-0633,Ed Sheeran,+–=÷× Tour (Mathematics),Pop / Singer-Songwriter,Global Mega-Superstar,2023-07-22,2023,7,July,Saturday,True,Summer,Nashville,United States,North America,Tier 2 Major Regional Market,36.1627,-86.7816,Nissan Stadium,Stadium,"Khalid, Cat Burns",2,73874,73874,100.0,True,6227586.0,84.3,Standard ($75-$150),1,False,Kaggle (jessalynlim/ed-sheeran-tour)
CNC-0634,Ed Sheeran,+–=÷× Tour (Mathematics),Pop / Singer-Songwriter,Global Mega-Superstar,2023-08-19,2023,8,August,Saturday,True,Summer,Denver,United States,North America,Tier 2 Major Regional Market,39.7392,-104.9903,Empower Field at Mile High,Stadium,"Khalid, Cat Burns",2,85233,85233,100.0,True,7628353.5,89.5,Standard ($75-$150),1,False,Kaggle (jessalynlim/ed-sheeran-tour)
CNC-0635,Ed Sheeran,+–=÷× Tour (Mathematics),Pop / Singer-Songwriter,Global Mega-Superstar,2023-08-26,2023,8,August,Saturday,True,Summer,Seattle,United States,North America,Tier 2 Major Regional Market,47.6062,-122.3321,Lumen Field,Stadium,"Khalid, Maisie Peters",2,77286,77286,100.0,True,6917097.0,89.5,Standard ($75-$150),1,False,Kaggle (jessalynlim/ed-sheeran-tour)
CNC-0636,Ed Sheeran,+–=÷× Tour (Mathematics),Pop / Singer-Songwriter,Global Mega-Superstar,2023-09-02,2023,9,September,Saturday,True,Fall,Vancouver,Canada,North America,Tier 2 Major Regional Market,49.2827,-123.1207,BC Place,Arena,"Khalid, Maisie Peters",2,65061,65061,100.0,True,5822959.5,89.5,Standard ($75-$150),1,False,Kaggle (jessalynlim/ed-sheeran-tour)
CNC-0637,Oasis,Oasis Live '25,Britpop / Rock,Legendary Reunion,2025-07-04,2025,7,July,Friday,True,Summer,Cardiff,United Kingdom,Europe,Tier 2 Major Regional Market,51.4816,-3.1791,Principality Stadium,Stadium,Cage the Elephant / Richard Ashcroft / Cast,2,70000,70000,100.0,True,12735185.0,181.93,Premium ($150-$250),2,True,Kaggle (rodolfobrandao95/oasis-live-25)
CNC-0638,Oasis,Oasis Live '25,Britpop / Rock,Legendary Reunion,2025-07-05,2025,7,July,Saturday,True,Summer,Cardiff,United Kingdom,Europe,Tier 2 Major Regional Market,51.4816,-3.1791,Principality Stadium,Stadium,Cage the Elephant / Richard Ashcroft / Cast,2,70000,70000,100.0,True,12735185.0,181.93,Premium ($150-$250),2,True,Kaggle (rodolfobrandao95/oasis-live-25)
CNC-0639,Oasis,Oasis Live '25,Britpop / Rock,Legendary Reunion,2025-07-11,2025,7,July,Friday,True,Summer,Manchester,United Kingdom,Europe,Tier 2 Major Regional Market,53.4808,-2.2426,Heaton Park,Stadium,Cage the Elephant / Richard Ashcroft / Cast,2,74000,74000,100.0,True,13462909.86,181.93,Premium ($150-$250),5,True,Kaggle (rodolfobrandao95/oasis-live-25)
CNC-0640,Oasis,Oasis Live '25,Britpop / Rock,Legendary Reunion,2025-07-12,2025,7,July,Saturday,True,Summer,Manchester,United Kingdom,Europe,Tier 2 Major Regional Market,53.4808,-2.2426,Heaton Park,Stadium,Cage the Elephant / Richard Ashcroft / Cast,2,74000,74868,98.84,True,13462909.86,181.93,Premium ($150-$250),5,True,Kaggle (rodolfobrandao95/oasis-live-25)
CNC-0641,Oasis,Oasis Live '25,Britpop / Rock,Legendary Reunion,2025-07-16,2025,7,July,Wednesday,False,Summer,Manchester,United Kingdom,Europe,Tier 2 Major Regional Market,53.4808,-2.2426,Heaton Park,Stadium,Cage the Elephant / Richard Ashcroft / Cast,2,74000,80435,92.0,False,13462909.86,181.93,Premium ($150-$250),5,True,Kaggle (rodolfobrandao95/oasis-live-25)
CNC-0642,Oasis,Oasis Live '25,Britpop / Rock,Legendary Reunion,2025-07-19,2025,7,July,Saturday,True,Summer,Manchester,United Kingdom,Europe,Tier 2 Major Regional Market,53.4808,-2.2426,Heaton Park,Stadium,Cage the Elephant / Richard Ashcroft / Cast,2,74000,74000,100.0,True,13462909.86,181.93,Premium ($150-$250),5,True,Kaggle (rodolfobrandao95/oasis-live-25)
CNC-0643,Oasis,Oasis Live '25,Britpop / Rock,Legendary Reunion,2025-07-20,2025,7,July,Sunday,True,Summer,Manchester,United Kingdom,Europe,Tier 2 Major Regional Market,53.4808,-2.2426,Heaton Park,Stadium,Cage the Elephant / Richard Ashcroft / Cast,2,74000,74000,100.0,True,13462909.86,181.93,Premium ($150-$250),5,True,Kaggle (rodolfobrandao95/oasis-live-25)
CNC-0644,Oasis,Oasis Live '25,Britpop / Rock,Legendary Reunion,2025-07-25,2025,7,July,Friday,True,Summer,London,United Kingdom,Europe,Tier 1 Global Mega-City,51.5074,-0.1278,Wembley Stadium,Stadium,Cage the Elephant / Richard Ashcroft / Cast,2,81000,81000,100.0,True,14736428.36,181.93,Premium ($150-$250),5,True,Kaggle (rodolfobrandao95/oasis-live-25)
CNC-0645,Oasis,Oasis Live '25,Britpop / Rock,Legendary Reunion,2025-07-26,2025,7,July,Saturday,True,Summer,London,United Kingdom,Europe,Tier 1 Global Mega-City,51.5074,-0.1278,Wembley Stadium,Stadium,Cage the Elephant / Richard Ashcroft / Cast,2,81000,81000,100.0,True,14736428.36,181.93,Premium ($150-$250),5,True,Kaggle (rodolfobrandao95/oasis-live-25)
CNC-0646,Oasis,Oasis Live '25,Britpop / Rock,Legendary Reunion,2025-07-30,2025,7,July,Wednesday,False,Summer,London,United Kingdom,Europe,Tier 1 Global Mega-City,51.5074,-0.1278,Wembley Stadium,Stadium,Cage the Elephant / Richard Ashcroft / Cast,2,81000,81000,100.0,True,14736428.36,181.93,Premium ($150-$250),5,True,Kaggle (rodolfobrandao95/oasis-live-25)
CNC-0647,Oasis,Oasis Live '25,Britpop / Rock,Legendary Reunion,2025-08-02,2025,8,August,Saturday,True,Summer,London,United Kingdom,Europe,Tier 1 Global Mega-City,51.5074,-0.1278,Wembley Stadium,Stadium,Cage the Elephant / Richard Ashcroft / Cast,2,81000,81000,100.0,True,14736428.36,181.93,Premium ($150-$250),5,True,Kaggle (rodolfobrandao95/oasis-live-25)
CNC-0648,Oasis,Oasis Live '25,Britpop / Rock,Legendary Reunion,2025-08-03,2025,8,August,Sunday,True,Summer,London,United Kingdom,Europe,Tier 1 Global Mega-City,51.5074,-0.1278,Wembley Stadium,Stadium,Cage the Elephant / Richard Ashcroft / Cast,2,81000,81000,100.0,True,14736428.36,181.93,Premium ($150-$250),5,True,Kaggle (rodolfobrandao95/oasis-live-25)
CNC-0649,Oasis,Oasis Live '25,Britpop / Rock,Legendary Reunion,2025-08-08,2025,8,August,Friday,True,Summer,Edinburgh,United Kingdom,Europe,Tier 2 Major Regional Market,55.9533,-3.1883,Murrayfield Stadium,Stadium,Cage the Elephant / Richard Ashcroft / Cast,2,70000,70000,100.0,True,12735185.0,181.93,Premium ($150-$250),3,True,Kaggle (rodolfobrandao95/oasis-live-25)
CNC-0650,Oasis,Oasis Live '25,Britpop / Rock,Legendary Reunion,2025-08-09,2025,8,August,Saturday,True,Summer,Edinburgh,United Kingdom,Europe,Tier 2 Major Regional Market,55.9533,-3.1883,Murrayfield Stadium,Stadium,Cage the Elephant / Richard Ashcroft / Cast,2,70000,70000,100.0,True,12735185.0,181.93,Premium ($150-$250),3,True,Kaggle (rodolfobrandao95/oasis-live-25)
CNC-0651,Oasis,Oasis Live '25,Britpop / Rock,Legendary Reunion,2025-08-12,2025,8,August,Tuesday,False,Summer,Edinburgh,United Kingdom,Europe,Tier 2 Major Regional Market,55.9533,-3.1883,Murrayfield Stadium,Stadium,Cage the Elephant / Richard Ashcroft / Cast,2,70000,76570,91.42,False,12735185.0,181.93,Premium ($150-$250),3,True,Kaggle (rodolfobrandao95/oasis-live-25)
CNC-0652,Oasis,Oasis Live '25,Britpop / Rock,Legendary Reunion,2025-08-16,2025,8,August,Saturday,True,Summer,Dublin,Ireland,Europe,Tier 2 Major Regional Market,53.3498,-6.2603,Croke Park,Stadium,Cage the Elephant / Richard Ashcroft / Cast,2,80000,80923,98.86,True,14554497.14,181.93,Premium ($150-$250),2,True,Kaggle (rodolfobrandao95/oasis-live-25)
CNC-0653,Oasis,Oasis Live '25,Britpop / Rock,Legendary Reunion,2025-08-17,2025,8,August,Sunday,True,Summer,Dublin,Ireland,Europe,Tier 2 Major Regional Market,53.3498,-6.2603,Croke Park,Stadium,Cage the Elephant / Richard Ashcroft / Cast,2,80000,82919,96.48,False,14554497.14,181.93,Premium ($150-$250),2,True,Kaggle (rodolfobrandao95/oasis-live-25)
CNC-0654,Oasis,Oasis Live '25,Britpop / Rock,Legendary Reunion,2025-08-24,2025,8,August,Sunday,True,Summer,Toronto,Canada,North America,Tier 1 Global Mega-City,43.6532,-79.3832,Rogers Stadium,Stadium,Cage the Elephant / Richard Ashcroft / Cast,2,50000,50000,100.0,True,9096560.71,181.93,Premium ($150-$250),2,True,Kaggle (rodolfobrandao95/oasis-live-25)
CNC-0655,Oasis,Oasis Live '25,Britpop / Rock,Legendary Reunion,2025-08-25,2025,8,August,Monday,False,Summer,Toronto,Canada,North America,Tier 1 Global Mega-City,43.6532,-79.3832,Rogers Stadium,Stadium,Cage the Elephant / Richard Ashcroft / Cast,2,50000,50000,100.0,True,9096560.71,181.93,Premium ($150-$250),2,True,Kaggle (rodolfobrandao95/oasis-live-25)
CNC-0656,Oasis,Oasis Live '25,Britpop / Rock,Legendary Reunion,2025-08-28,2025,8,August,Thursday,False,Summer,Chicago,United States,North America,Tier 1 Global Mega-City,41.8781,-87.6298,Soldier Field,Stadium,Cage the Elephant / Richard Ashcroft / Cast,2,52000,52000,100.0,True,9460423.14,181.93,Premium ($150-$250),1,False,Kaggle (rodolfobrandao95/oasis-live-25)
CNC-0657,Oasis,Oasis Live '25,Britpop / Rock,Legendary Reunion,2025-08-31,2025,8,August,Sunday,True,Summer,East Rutherford,United States,North America,Tier 1 Global Mega-City,40.8128,-74.0742,MetLife Stadium,Stadium,Cage the Elephant / Richard Ashcroft / Cast,2,60000,60000,100.0,True,10915872.86,181.93,Premium ($150-$250),2,True,Kaggle (rodolfobrandao95/oasis-live-25)
CNC-0658,Oasis,Oasis Live '25,Britpop / Rock,Legendary Reunion,2025-09-01,2025,9,September,Monday,False,Fall,East Rutherford,United States,North America,Tier 1 Global Mega-City,40.8128,-74.0742,MetLife Stadium,Stadium,Cage the Elephant / Richard Ashcroft / Cast,2,60000,60000,100.0,True,10915872.86,181.93,Premium ($150-$250),2,True,Kaggle (rodolfobrandao95/oasis-live-25)
CNC-0659,Oasis,Oasis Live '25,Britpop / Rock,Legendary Reunion,2025-09-06,2025,9,September,Saturday,True,Fall,Pasadena,United States,North America,Tier 1 Global Mega-City,34.1478,-118.1445,Rose Bowl,Amphitheater / Park,Cage the Elephant / Richard Ashcroft / Cast,2,90000,90000,100.0,True,16373809.28,181.93,Premium ($150-$250),2,True,Kaggle (rodolfobrandao95/oasis-live-25)
CNC-0660,Oasis,Oasis Live '25,Britpop / Rock,Legendary Reunion,2025-09-07,2025,9,September,Sunday,True,Fall,Pasadena,United States,North America,Tier 1 Global Mega-City,34.1478,-118.1445,Rose Bowl,Amphitheater / Park,Cage the Elephant / Richard Ashcroft / Cast,2,90000,90000,100.0,True,16373809.28,181.93,Premium ($150-$250),2,True,Kaggle (rodolfobrandao95/oasis-live-25)
CNC-0661,Oasis,Oasis Live '25,Britpop / Rock,Legendary Reunion,2025-09-12,2025,9,September,Friday,True,Spring,Mexico City,Mexico,Latin America,Tier 1 Global Mega-City,19.4326,-99.1332,Estadio GNP Seguros,Stadium,Cage the Elephant / Richard Ashcroft / Cast,2,65000,65000,100.0,True,11825528.93,181.93,Premium ($150-$250),2,True,Kaggle (rodolfobrandao95/oasis-live-25)
CNC-0662,Oasis,Oasis Live '25,Britpop / Rock,Legendary Reunion,2025-09-13,2025,9,September,Saturday,True,Spring,Mexico City,Mexico,Latin America,Tier 1 Global Mega-City,19.4326,-99.1332,Estadio GNP Seguros,Stadium,Cage the Elephant / Richard Ashcroft / Cast,2,65000,65000,100.0,True,11825528.93,181.93,Premium ($150-$250),2,True,Kaggle (rodolfobrandao95/oasis-live-25)
CNC-0663,Oasis,Oasis Live '25,Britpop / Rock,Legendary Reunion,2025-09-27,2025,9,September,Saturday,True,Fall,London,United Kingdom,Europe,Tier 1 Global Mega-City,51.5074,-0.1278,Wembley Stadium,Stadium,Cage the Elephant / Richard Ashcroft / Cast,2,81000,81000,100.0,True,14736428.36,181.93,Premium ($150-$250),2,True,Kaggle (rodolfobrandao95/oasis-live-25)
CNC-0664,Oasis,Oasis Live '25,Britpop / Rock,Legendary Reunion,2025-09-28,2025,9,September,Sunday,True,Fall,London,United Kingdom,Europe,Tier 1 Global Mega-City,51.5074,-0.1278,Wembley Stadium,Stadium,Cage the Elephant / Richard Ashcroft / Cast,2,81000,81000,100.0,True,14736428.36,181.93,Premium ($150-$250),2,True,Kaggle (rodolfobrandao95/oasis-live-25)
CNC-0665,Oasis,Oasis Live '25,Britpop / Rock,Legendary Reunion,2025-10-21,2025,10,October,Tuesday,False,Fall,Goyang,South Korea,Asia,Tier 2 Major Regional Market,25.0,100.0,Goyang Stadium,Stadium,Cage the Elephant / Richard Ashcroft / Cast,2,55000,60727,90.57,False,10006216.78,181.93,Premium ($150-$250),1,False,Kaggle (rodolfobrandao95/oasis-live-25)
CNC-0666,Oasis,Oasis Live '25,Britpop / Rock,Legendary Reunion,2025-10-25,2025,10,October,Saturday,True,Fall,Tokyo,Japan,Asia,Tier 1 Global Mega-City,35.6762,139.6503,Tokyo Dome,Stadium,Cage the Elephant / Richard Ashcroft / Cast,2,55000,55000,100.0,True,10006216.78,181.93,Premium ($150-$250),2,True,Kaggle (rodolfobrandao95/oasis-live-25)
CNC-0667,Oasis,Oasis Live '25,Britpop / Rock,Legendary Reunion,2025-10-26,2025,10,October,Sunday,True,Fall,Tokyo,Japan,Asia,Tier 1 Global Mega-City,35.6762,139.6503,Tokyo Dome,Stadium,Cage the Elephant / Richard Ashcroft / Cast,2,55000,55000,100.0,True,10006216.78,181.93,Premium ($150-$250),2,True,Kaggle (rodolfobrandao95/oasis-live-25)
CNC-0668,Oasis,Oasis Live '25,Britpop / Rock,Legendary Reunion,2025-10-31,2025,10,October,Friday,True,Spring,Melbourne,Australia,Oceania,Tier 1 Global Mega-City,-37.8136,144.9631,Marvel Stadium,Stadium,Cage the Elephant / Richard Ashcroft / Cast,2,60000,60000,100.0,True,10915872.86,181.93,Premium ($150-$250),3,True,Kaggle (rodolfobrandao95/oasis-live-25)
CNC-0669,Oasis,Oasis Live '25,Britpop / Rock,Legendary Reunion,2025-11-01,2025,11,November,Saturday,True,Spring,Melbourne,Australia,Oceania,Tier 1 Global Mega-City,-37.8136,144.9631,Marvel Stadium,Stadium,Cage the Elephant / Richard Ashcroft / Cast,2,60000,60000,100.0,True,10915872.86,181.93,Premium ($150-$250),3,True,Kaggle (rodolfobrandao95/oasis-live-25)
CNC-0670,Oasis,Oasis Live '25,Britpop / Rock,Legendary Reunion,2025-11-04,2025,11,November,Tuesday,False,Spring,Melbourne,Australia,Oceania,Tier 1 Global Mega-City,-37.8136,144.9631,Marvel Stadium,Stadium,Cage the Elephant / Richard Ashcroft / Cast,2,60000,61538,97.5,False,10915872.86,181.93,Premium ($150-$250),3,True,Kaggle (rodolfobrandao95/oasis-live-25)
CNC-0671,Oasis,Oasis Live '25,Britpop / Rock,Legendary Reunion,2025-11-07,2025,11,November,Friday,True,Spring,Sydney,Australia,Oceania,Tier 1 Global Mega-City,-33.8688,151.2093,Accor Stadium,Stadium,Cage the Elephant / Richard Ashcroft / Cast,2,70000,70000,100.0,True,12735185.0,181.93,Premium ($150-$250),2,True,Kaggle (rodolfobrandao95/oasis-live-25)
CNC-0672,Oasis,Oasis Live '25,Britpop / Rock,Legendary Reunion,2025-11-08,2025,11,November,Saturday,True,Spring,Sydney,Australia,Oceania,Tier 1 Global Mega-City,-33.8688,151.2093,Accor Stadium,Stadium,Cage the Elephant / Richard Ashcroft / Cast,2,70000,70000,100.0,True,12735185.0,181.93,Premium ($150-$250),2,True,Kaggle (rodolfobrandao95/oasis-live-25)
CNC-0673,Oasis,Oasis Live '25,Britpop / Rock,Legendary Reunion,2025-11-15,2025,11,November,Saturday,True,Spring,Buenos Aires,Argentina,Latin America,Tier 1 Global Mega-City,-34.6037,-58.3816,Estadio Mâs Monumental,Stadium,Cage the Elephant / Richard Ashcroft / Cast,2,85000,85000,100.0,True,15464153.21,181.93,Premium ($150-$250),2,True,Kaggle (rodolfobrandao95/oasis-live-25)
CNC-0674,Oasis,Oasis Live '25,Britpop / Rock,Legendary Reunion,2025-11-16,2025,11,November,Sunday,True,Spring,Buenos Aires,Argentina,Latin America,Tier 1 Global Mega-City,-34.6037,-58.3816,Estadio Mâs Monumental,Stadium,Cage the Elephant / Richard Ashcroft / Cast,2,85000,85000,100.0,True,15464153.21,181.93,Premium ($150-$250),2,True,Kaggle (rodolfobrandao95/oasis-live-25)
CNC-0675,Oasis,Oasis Live '25,Britpop / Rock,Legendary Reunion,2025-11-19,2025,11,November,Wednesday,False,Spring,Santiago,Chile,Latin America,Tier 1 Global Mega-City,-33.4489,-70.6693,Estadio Nacional,Stadium,Cage the Elephant / Richard Ashcroft / Cast,2,64000,64000,100.0,True,11643597.71,181.93,Premium ($150-$250),1,False,Kaggle (rodolfobrandao95/oasis-live-25)
CNC-0676,Oasis,Oasis Live '25,Britpop / Rock,Legendary Reunion,2025-11-22,2025,11,November,Saturday,True,Spring,Sao Paulo,Brazil,Latin America,Tier 1 Global Mega-City,-23.5505,-46.6333,MorumBIS,Arena,Cage the Elephant / Richard Ashcroft / Cast,2,66000,66000,100.0,True,12007460.14,181.93,Premium ($150-$250),2,True,Kaggle (rodolfobrandao95/oasis-live-25)
CNC-0677,Oasis,Oasis Live '25,Britpop / Rock,Legendary Reunion,2025-11-23,2025,11,November,Sunday,True,Spring,Sao Paulo,Brazil,Latin America,Tier 1 Global Mega-City,-23.5505,-46.6333,MorumBIS,Arena,Cage the Elephant / Richard Ashcroft / Cast,2,66000,66000,100.0,True,12007460.14,181.93,Premium ($150-$250),2,True,Kaggle (rodolfobrandao95/oasis-live-25)
CNC-0678,Coldplay,Music of the Spheres World Tour,Alternative Rock,Global Mega-Superstar,2022-03-18,2022,3,March,Friday,True,Autumn,San Joseé,Costa Rica,Latin America,Tier 2 Major Regional Market,9.9281,-84.0907,Estadio Nacional de Costa Rica,Stadium,H.E.R. MishCatt,1,86199,88048,97.9,False,5687127.0,65.98,Budget (<$75),2,True,Billboard / Pollstar Boxscores
CNC-0679,Coldplay,Music of the Spheres World Tour,Alternative Rock,Global Mega-Superstar,2022-03-19,2022,3,March,Saturday,True,Autumn,San Joseé,Costa Rica,Latin America,Tier 2 Major Regional Market,9.9281,-84.0907,Estadio Nacional de Costa Rica,Stadium,H.E.R. MishCatt,1,86199,86199,100.0,True,5687127.0,65.98,Budget (<$75),2,True,Billboard / Pollstar Boxscores
CNC-0680,Coldplay,Music of the Spheres World Tour,Alternative Rock,Global Mega-Superstar,2022-03-22,2022,3,March,Tuesday,False,Autumn,Santo Domingo,Dominican Republic,Latin America,Tier 2 Major Regional Market,18.4861,-69.9312,Estadio Olímpico Félix Sánchez,Stadium,H.E.R. La Marimba,1,30524,36123,84.5,False,2571873.0,84.26,Standard ($75-$150),1,False,Billboard / Pollstar Boxscores
CNC-0681,Coldplay,Music of the Spheres World Tour,Alternative Rock,Global Mega-Superstar,2022-03-25,2022,3,March,Friday,True,Autumn,Guadalupe,Mexico,Latin America,Tier 2 Major Regional Market,25.6768,-100.2565,Estadio BBVA,Stadium,Carla Morrison DannyLux,1,56131,56493,99.36,True,4498216.0,80.14,Standard ($75-$150),2,True,Billboard / Pollstar Boxscores
CNC-0682,Coldplay,Music of the Spheres World Tour,Alternative Rock,Global Mega-Superstar,2022-03-26,2022,3,March,Saturday,True,Autumn,Guadalupe,Mexico,Latin America,Tier 2 Major Regional Market,25.6768,-100.2565,Estadio BBVA,Stadium,Carla Morrison DannyLux,1,56131,56131,100.0,True,4498216.0,80.14,Standard ($75-$150),2,True,Billboard / Pollstar Boxscores
CNC-0683,Coldplay,Music of the Spheres World Tour,Alternative Rock,Global Mega-Superstar,2022-03-29,2022,3,March,Tuesday,False,Autumn,Zapopan,Mexico,Latin America,Tier 2 Major Regional Market,20.7166,-103.4048,Estadio Akron,Stadium,Carla Morrison DannyLux,1,90153,100427,89.77,False,8190681.0,90.85,Standard ($75-$150),2,True,Billboard / Pollstar Boxscores
CNC-0684,Coldplay,Music of the Spheres World Tour,Alternative Rock,Global Mega-Superstar,2022-03-30,2022,3,March,Wednesday,False,Autumn,Zapopan,Mexico,Latin America,Tier 2 Major Regional Market,20.7166,-103.4048,Estadio Akron,Stadium,Carla Morrison DannyLux,1,90153,100831,89.41,False,8190681.0,90.85,Standard ($75-$150),2,True,Billboard / Pollstar Boxscores
CNC-0685,Coldplay,Music of the Spheres World Tour,Alternative Rock,Global Mega-Superstar,2022-04-03,2022,4,April,Sunday,True,Autumn,Mexico City,Mexico,Latin America,Tier 1 Global Mega-City,19.4326,-99.1332,Foro Sol,Arena,Carla Morrison DannyLux,1,64898,65786,98.65,True,4886231.0,75.29,Standard ($75-$150),4,True,Billboard / Pollstar Boxscores
CNC-0686,Coldplay,Music of the Spheres World Tour,Alternative Rock,Global Mega-Superstar,2022-04-04,2022,4,April,Monday,False,Autumn,Mexico City,Mexico,Latin America,Tier 1 Global Mega-City,19.4326,-99.1332,Foro Sol,Arena,Carla Morrison DannyLux,1,64898,65753,98.7,True,4886231.0,75.29,Standard ($75-$150),4,True,Billboard / Pollstar Boxscores
CNC-0687,Coldplay,Music of the Spheres World Tour,Alternative Rock,Global Mega-Superstar,2022-04-06,2022,4,April,Wednesday,False,Autumn,Mexico City,Mexico,Latin America,Tier 1 Global Mega-City,19.4326,-99.1332,Foro Sol,Arena,Carla Morrison DannyLux,1,64898,67112,96.7,False,4886231.0,75.29,Standard ($75-$150),4,True,Billboard / Pollstar Boxscores
CNC-0688,Coldplay,Music of the Spheres World Tour,Alternative Rock,Global Mega-Superstar,2022-04-07,2022,4,April,Thursday,False,Autumn,Mexico City,Mexico,Latin America,Tier 1 Global Mega-City,19.4326,-99.1332,Foro Sol,Arena,Carla Morrison DannyLux,1,64898,64898,100.0,True,4886231.0,75.29,Standard ($75-$150),4,True,Billboard / Pollstar Boxscores
CNC-0689,Coldplay,Music of the Spheres World Tour,Alternative Rock,Global Mega-Superstar,2022-05-06,2022,5,May,Friday,True,Spring,Dallas,United States,North America,Tier 2 Major Regional Market,32.7767,-96.797,Cotton Bowl,Amphitheater / Park,H.E.R. Leila Pari,1,58669,59166,99.16,True,6065763.0,103.39,Standard ($75-$150),1,False,Billboard / Pollstar Boxscores
CNC-0690,Coldplay,Music of the Spheres World Tour,Alternative Rock,Global Mega-Superstar,2022-05-08,2022,5,May,Sunday,True,Spring,Houston,United States,North America,Tier 2 Major Regional Market,29.7604,-95.3698,NRG Stadium,Stadium,H.E.R. Alaina Castillo,1,46959,50004,93.91,False,5413072.0,115.27,Standard ($75-$150),1,False,Billboard / Pollstar Boxscores
CNC-0691,Coldplay,Music of the Spheres World Tour,Alternative Rock,Global Mega-Superstar,2022-05-12,2022,5,May,Thursday,False,Spring,Glendale,United States,North America,Tier 2 Major Regional Market,33.5387,-112.186,State Farm Stadium,Stadium,H.E.R. Kacy Hill,1,42849,44011,97.36,False,3542528.0,82.67,Standard ($75-$150),1,False,Billboard / Pollstar Boxscores
CNC-0692,Coldplay,Music of the Spheres World Tour,Alternative Rock,Global Mega-Superstar,2022-05-15,2022,5,May,Sunday,True,Spring,Santa Clara,United States,North America,Tier 2 Major Regional Market,37.3541,-121.9552,Levi's Stadium,Stadium,H.E.R. Bobby Gonz,1,50791,52595,96.57,False,5861025.0,115.39,Standard ($75-$150),1,False,Billboard / Pollstar Boxscores
CNC-0693,Coldplay,Music of the Spheres World Tour,Alternative Rock,Global Mega-Superstar,2022-05-28,2022,5,May,Saturday,True,Spring,Chicago,United States,North America,Tier 1 Global Mega-City,41.8781,-87.6298,Soldier Field,Stadium,H.E.R. Drama,1,53536,53536,100.0,True,5484965.0,102.45,Standard ($75-$150),2,True,Billboard / Pollstar Boxscores
CNC-0694,Coldplay,Music of the Spheres World Tour,Alternative Rock,Global Mega-Superstar,2022-05-29,2022,5,May,Sunday,True,Spring,Chicago,United States,North America,Tier 1 Global Mega-City,41.8781,-87.6298,Soldier Field,Stadium,H.E.R. Drama,1,53536,54082,98.99,True,5484965.0,102.45,Standard ($75-$150),2,True,Billboard / Pollstar Boxscores
CNC-0695,Coldplay,Music of the Spheres World Tour,Alternative Rock,Global Mega-Superstar,2022-06-01,2022,6,June,Wednesday,False,Summer,Landover,United States,North America,Tier 2 Major Regional Market,38.934,-76.8964,FedExField,Stadium,H.E.R. Shaed,1,47133,50588,93.17,False,5196389.0,110.25,Standard ($75-$150),1,False,Billboard / Pollstar Boxscores
CNC-0696,Coldplay,Music of the Spheres World Tour,Alternative Rock,Global Mega-Superstar,2022-06-04,2022,6,June,Saturday,True,Summer,East Rutherford,United States,North America,Tier 1 Global Mega-City,40.8128,-74.0742,MetLife Stadium,Stadium,H.E.R. Bea Miller,1,58620,60402,97.05,False,6576946.0,112.2,Standard ($75-$150),2,True,Billboard / Pollstar Boxscores
CNC-0697,Coldplay,Music of the Spheres World Tour,Alternative Rock,Global Mega-Superstar,2022-06-05,2022,6,June,Sunday,True,Summer,East Rutherford,United States,North America,Tier 1 Global Mega-City,40.8128,-74.0742,MetLife Stadium,Stadium,H.E.R. Bea Miller,1,58620,62269,94.14,False,6576946.0,112.2,Standard ($75-$150),2,True,Billboard / Pollstar Boxscores
CNC-0698,Coldplay,Music of the Spheres World Tour,Alternative Rock,Global Mega-Superstar,2022-06-08,2022,6,June,Wednesday,False,Summer,Philadelphia,United States,North America,Tier 2 Major Regional Market,39.9526,-75.1652,Lincoln Financial Field,Stadium,H.E.R. Lizzy McAlpine,1,57415,69392,82.74,False,5606712.0,97.65,Standard ($75-$150),1,False,Billboard / Pollstar Boxscores
CNC-0699,Coldplay,Music of the Spheres World Tour,Alternative Rock,Global Mega-Superstar,2022-06-11,2022,6,June,Saturday,True,Summer,Atlanta,United States,North America,Tier 2 Major Regional Market,33.749,-84.388,Mercedes-Benz Stadium,Stadium,H.E.R. Mariah the Scientist,1,54059,55343,97.68,False,5913613.0,109.39,Standard ($75-$150),1,False,Billboard / Pollstar Boxscores
CNC-0700,Coldplay,Music of the Spheres World Tour,Alternative Rock,Global Mega-Superstar,2022-06-14,2022,6,June,Tuesday,False,Summer,Tampa,United States,North America,Tier 2 Major Regional Market,27.9506,-82.4572,Raymond James Stadium,Stadium,H.E.R. Gigi,1,55980,61598,90.88,False,6300175.0,112.54,Standard ($75-$150),1,False,Billboard / Pollstar Boxscores
CNC-0701,Coldplay,Music of the Spheres World Tour,Alternative Rock,Global Mega-Superstar,2022-07-02,2022,7,July,Saturday,True,Summer,Frankfurt,Germany,Europe,Tier 2 Major Regional Market,50.1109,8.6821,Deutsche Bank Park,Stadium,H.E.R. Alli Neumann,1,46094,46920,98.24,True,4581978.33,99.41,Standard ($75-$150),3,True,Billboard / Pollstar Boxscores
CNC-0702,Coldplay,Music of the Spheres World Tour,Alternative Rock,Global Mega-Superstar,2022-07-03,2022,7,July,Sunday,True,Summer,Frankfurt,Germany,Europe,Tier 2 Major Regional Market,50.1109,8.6821,Deutsche Bank Park,Stadium,H.E.R. Alli Neumann,1,46094,46706,98.69,True,4581978.33,99.41,Standard ($75-$150),3,True,Billboard / Pollstar Boxscores
CNC-0703,Coldplay,Music of the Spheres World Tour,Alternative Rock,Global Mega-Superstar,2022-07-05,2022,7,July,Tuesday,False,Summer,Frankfurt,Germany,Europe,Tier 2 Major Regional Market,50.1109,8.6821,Deutsche Bank Park,Stadium,London Grammar Alli Neumann,1,46094,56850,81.08,False,4581978.33,99.41,Standard ($75-$150),3,True,Billboard / Pollstar Boxscores
CNC-0704,Coldplay,Music of the Spheres World Tour,Alternative Rock,Global Mega-Superstar,2022-07-08,2022,7,July,Friday,True,Summer,Warsaw,Poland,Europe,Tier 2 Major Regional Market,52.2297,21.0122,PGE Narodowy,Arena,H.E.R. Mery Spolsky,1,57574,57574,100.0,True,4576813.0,79.49,Standard ($75-$150),1,False,Billboard / Pollstar Boxscores
CNC-0705,Coldplay,Music of the Spheres World Tour,Alternative Rock,Global Mega-Superstar,2022-07-10,2022,7,July,Sunday,True,Summer,Berlin,Germany,Europe,Tier 1 Global Mega-City,52.52,13.405,Olympiastadion,Stadium,London Grammar Alli Neumann,1,72178,72178,100.0,True,6796594.33,94.16,Standard ($75-$150),3,True,Billboard / Pollstar Boxscores
CNC-0706,Coldplay,Music of the Spheres World Tour,Alternative Rock,Global Mega-Superstar,2022-07-12,2022,7,July,Tuesday,False,Summer,Berlin,Germany,Europe,Tier 1 Global Mega-City,52.52,13.405,Olympiastadion,Stadium,H.E.R. Alli Neumann,1,72178,75953,95.03,False,6796594.33,94.16,Standard ($75-$150),3,True,Billboard / Pollstar Boxscores
CNC-0707,Coldplay,Music of the Spheres World Tour,Alternative Rock,Global Mega-Superstar,2022-07-13,2022,7,July,Wednesday,False,Summer,Berlin,Germany,Europe,Tier 1 Global Mega-City,52.52,13.405,Olympiastadion,Stadium,H.E.R. Alli Neumann,1,72178,78583,91.85,False,6796594.33,94.16,Standard ($75-$150),3,True,Billboard / Pollstar Boxscores
CNC-0708,Coldplay,Music of the Spheres World Tour,Alternative Rock,Global Mega-Superstar,2022-07-16,2022,7,July,Saturday,True,Summer,Saint-Denis,France,Europe,Tier 1 Global Mega-City,48.9362,2.3574,Stade de France,Stadium,H.E.R. Gaumar,1,79583,79583,100.0,True,7008791.0,88.07,Standard ($75-$150),4,True,Billboard / Pollstar Boxscores
CNC-0709,Coldplay,Music of the Spheres World Tour,Alternative Rock,Global Mega-Superstar,2022-07-17,2022,7,July,Sunday,True,Summer,Saint-Denis,France,Europe,Tier 1 Global Mega-City,48.9362,2.3574,Stade de France,Stadium,H.E.R. Gaumar,1,79583,79583,100.0,True,7008791.0,88.07,Standard ($75-$150),4,True,Billboard / Pollstar Boxscores
CNC-0710,Coldplay,Music of the Spheres World Tour,Alternative Rock,Global Mega-Superstar,2022-07-19,2022,7,July,Tuesday,False,Summer,Saint-Denis,France,Europe,Tier 1 Global Mega-City,48.9362,2.3574,Stade de France,Stadium,London Grammar Lous and the Yakuza,2,79583,82598,96.35,False,7008791.0,88.07,Standard ($75-$150),4,True,Billboard / Pollstar Boxscores
CNC-0711,Coldplay,Music of the Spheres World Tour,Alternative Rock,Global Mega-Superstar,2022-07-20,2022,7,July,Wednesday,False,Summer,Saint-Denis,France,Europe,Tier 1 Global Mega-City,48.9362,2.3574,Stade de France,Stadium,London Grammar Lous and the Yakuza,2,79583,86852,91.63,False,7008791.0,88.07,Standard ($75-$150),4,True,Billboard / Pollstar Boxscores
CNC-0712,Coldplay,Music of the Spheres World Tour,Alternative Rock,Global Mega-Superstar,2022-08-05,2022,8,August,Friday,True,Summer,Brussels,Belgium,Europe,Tier 2 Major Regional Market,50.8503,4.3517,King Baudouin Stadium,Stadium,H.E.R. Lous and the Yakuza,2,56180,56180,100.0,True,5001776.25,89.03,Standard ($75-$150),4,True,Billboard / Pollstar Boxscores
CNC-0713,Coldplay,Music of the Spheres World Tour,Alternative Rock,Global Mega-Superstar,2022-08-06,2022,8,August,Saturday,True,Summer,Brussels,Belgium,Europe,Tier 2 Major Regional Market,50.8503,4.3517,King Baudouin Stadium,Stadium,H.E.R. Lous and the Yakuza,2,56180,56287,99.81,True,5001776.25,89.03,Standard ($75-$150),4,True,Billboard / Pollstar Boxscores
CNC-0714,Coldplay,Music of the Spheres World Tour,Alternative Rock,Global Mega-Superstar,2022-08-08,2022,8,August,Monday,False,Summer,Brussels,Belgium,Europe,Tier 2 Major Regional Market,50.8503,4.3517,King Baudouin Stadium,Stadium,London Grammar Lous and the Yakuza,2,56180,56868,98.79,True,5001776.25,89.03,Standard ($75-$150),4,True,Billboard / Pollstar Boxscores
CNC-0715,Coldplay,Music of the Spheres World Tour,Alternative Rock,Global Mega-Superstar,2022-08-09,2022,8,August,Tuesday,False,Summer,Brussels,Belgium,Europe,Tier 2 Major Regional Market,50.8503,4.3517,King Baudouin Stadium,Stadium,London Grammar Lous and the Yakuza,2,56180,68287,82.27,False,5001776.25,89.03,Standard ($75-$150),4,True,Billboard / Pollstar Boxscores
CNC-0716,Coldplay,Music of the Spheres World Tour,Alternative Rock,Global Mega-Superstar,2022-08-12,2022,8,August,Friday,True,Summer,London,United Kingdom,Europe,Tier 1 Global Mega-City,51.5074,-0.1278,Wembley Stadium,Stadium,H.E.R. Griff,1,29052,29052,100.0,True,3075620.0,105.86,Standard ($75-$150),16,True,Billboard / Pollstar Boxscores
CNC-0717,Coldplay,Music of the Spheres World Tour,Alternative Rock,Global Mega-Superstar,2022-08-13,2022,8,August,Saturday,True,Summer,London,United Kingdom,Europe,Tier 1 Global Mega-City,51.5074,-0.1278,Wembley Stadium,Stadium,H.E.R. Griff,1,29052,29093,99.86,True,3075620.0,105.86,Standard ($75-$150),16,True,Billboard / Pollstar Boxscores
CNC-0718,Coldplay,Music of the Spheres World Tour,Alternative Rock,Global Mega-Superstar,2022-08-16,2022,8,August,Tuesday,False,Summer,London,United Kingdom,Europe,Tier 1 Global Mega-City,51.5074,-0.1278,Wembley Stadium,Stadium,London Grammar Ibibio Sound Machine,1,29052,32450,89.53,False,3075620.0,105.86,Standard ($75-$150),16,True,Billboard / Pollstar Boxscores
CNC-0719,Coldplay,Music of the Spheres World Tour,Alternative Rock,Global Mega-Superstar,2022-08-17,2022,8,August,Wednesday,False,Summer,London,United Kingdom,Europe,Tier 1 Global Mega-City,51.5074,-0.1278,Wembley Stadium,Stadium,H.E.R. Ibibio Sound Machine,1,29052,32113,90.47,False,3075620.0,105.86,Standard ($75-$150),16,True,Billboard / Pollstar Boxscores
CNC-0720,Coldplay,Music of the Spheres World Tour,Alternative Rock,Global Mega-Superstar,2022-08-20,2022,8,August,Saturday,True,Summer,London,United Kingdom,Europe,Tier 1 Global Mega-City,51.5074,-0.1278,Wembley Stadium,Stadium,London Grammar Laura Mvula,1,29052,29052,100.0,True,3075620.0,105.86,Standard ($75-$150),16,True,Billboard / Pollstar Boxscores
CNC-0721,Coldplay,Music of the Spheres World Tour,Alternative Rock,Global Mega-Superstar,2022-08-21,2022,8,August,Sunday,True,Summer,London,United Kingdom,Europe,Tier 1 Global Mega-City,51.5074,-0.1278,Wembley Stadium,Stadium,London Grammar Laura Mvula,1,29052,30444,95.43,False,3075620.0,105.86,Standard ($75-$150),16,True,Billboard / Pollstar Boxscores
CNC-0722,Coldplay,Music of the Spheres World Tour,Alternative Rock,Global Mega-Superstar,2022-08-23,2022,8,August,Tuesday,False,Summer,Glasgow,United Kingdom,Europe,Tier 2 Major Regional Market,55.8642,-4.2518,Hampden Park,Stadium,H.E.R. Nina Nesbitt,1,53104,61103,86.91,False,5201378.5,97.95,Standard ($75-$150),2,True,Billboard / Pollstar Boxscores
CNC-0723,Coldplay,Music of the Spheres World Tour,Alternative Rock,Global Mega-Superstar,2022-08-24,2022,8,August,Wednesday,False,Summer,Glasgow,United Kingdom,Europe,Tier 2 Major Regional Market,55.8642,-4.2518,Hampden Park,Stadium,London Grammar Nina Nesbitt,1,53104,59461,89.31,False,5201378.5,97.95,Standard ($75-$150),2,True,Billboard / Pollstar Boxscores
CNC-0724,Coldplay,Music of the Spheres World Tour,Alternative Rock,Global Mega-Superstar,2022-09-13,2022,9,September,Tuesday,False,Spring,Lima,Peru,Latin America,Tier 1 Global Mega-City,-12.0464,-77.0428,Estadio Nacional del Perú,Stadium,Camila Cabello Andrea Martinez,1,85845,91451,93.87,False,9242799.0,107.67,Standard ($75-$150),2,True,Billboard / Pollstar Boxscores
CNC-0725,Coldplay,Music of the Spheres World Tour,Alternative Rock,Global Mega-Superstar,2022-09-14,2022,9,September,Wednesday,False,Spring,Lima,Peru,Latin America,Tier 1 Global Mega-City,-12.0464,-77.0428,Estadio Nacional del Perú,Stadium,Camila Cabello Andrea Martinez,1,85845,87534,98.07,True,9242799.0,107.67,Standard ($75-$150),2,True,Billboard / Pollstar Boxscores
CNC-0726,Coldplay,Music of the Spheres World Tour,Alternative Rock,Global Mega-Superstar,2022-09-16,2022,9,September,Friday,True,Spring,Bogotaá,Colombia,Latin America,Tier 1 Global Mega-City,4.711,-74.0721,Estadio El Campín,Stadium,Camila Cabello Mabiland,1,89825,89825,100.0,True,8062927.0,89.76,Standard ($75-$150),2,True,Billboard / Pollstar Boxscores
CNC-0727,Coldplay,Music of the Spheres World Tour,Alternative Rock,Global Mega-Superstar,2022-09-17,2022,9,September,Saturday,True,Spring,Bogotaá,Colombia,Latin America,Tier 1 Global Mega-City,4.711,-74.0721,Estadio El Campín,Stadium,Camila Cabello Mabiland,1,89825,89825,100.0,True,8062927.0,89.76,Standard ($75-$150),2,True,Billboard / Pollstar Boxscores
CNC-0728,Coldplay,Music of the Spheres World Tour,Alternative Rock,Global Mega-Superstar,2022-09-20,2022,9,September,Tuesday,False,Spring,Santiago,Chile,Latin America,Tier 1 Global Mega-City,-33.4489,-70.6693,Estadio Nacional de Chile,Stadium,Camila Cabello Princesa Alba,1,64229,69429,92.51,False,3971721.75,61.84,Budget (<$75),4,True,Billboard / Pollstar Boxscores
CNC-0729,Coldplay,Music of the Spheres World Tour,Alternative Rock,Global Mega-Superstar,2022-09-21,2022,9,September,Wednesday,False,Spring,Santiago,Chile,Latin America,Tier 1 Global Mega-City,-33.4489,-70.6693,Estadio Nacional de Chile,Stadium,Camila Cabello Princesa Alba,1,64229,65613,97.89,False,3971721.75,61.84,Budget (<$75),4,True,Billboard / Pollstar Boxscores
CNC-0730,Coldplay,Music of the Spheres World Tour,Alternative Rock,Global Mega-Superstar,2022-09-23,2022,9,September,Friday,True,Spring,Santiago,Chile,Latin America,Tier 1 Global Mega-City,-33.4489,-70.6693,Estadio Nacional de Chile,Stadium,Camila Cabello Princesa Alba,1,64229,64229,100.0,True,3971721.75,61.84,Budget (<$75),4,True,Billboard / Pollstar Boxscores
CNC-0731,Coldplay,Music of the Spheres World Tour,Alternative Rock,Global Mega-Superstar,2022-09-24,2022,9,September,Saturday,True,Spring,Santiago,Chile,Latin America,Tier 1 Global Mega-City,-33.4489,-70.6693,Estadio Nacional de Chile,Stadium,Camila Cabello Princesa Alba,1,64229,64229,100.0,True,3971721.75,61.84,Budget (<$75),4,True,Billboard / Pollstar Boxscores
CNC-0732,Coldplay,Music of the Spheres World Tour,Alternative Rock,Global Mega-Superstar,2022-10-25,2022,10,October,Tuesday,False,Spring,Buenos Aires,Argentina,Latin America,Tier 1 Global Mega-City,-34.6037,-58.3816,Estadio River Plate,Stadium,H.E.R. Zoe Gotusso,1,62684,71590,87.56,False,4969581.4,79.28,Standard ($75-$150),10,True,Billboard / Pollstar Boxscores
CNC-0733,Coldplay,Music of the Spheres World Tour,Alternative Rock,Global Mega-Superstar,2022-10-26,2022,10,October,Wednesday,False,Spring,Buenos Aires,Argentina,Latin America,Tier 1 Global Mega-City,-34.6037,-58.3816,Estadio River Plate,Stadium,H.E.R. Zoe Gotusso,1,62684,66763,93.89,False,4969581.4,79.28,Standard ($75-$150),10,True,Billboard / Pollstar Boxscores
CNC-0734,Coldplay,Music of the Spheres World Tour,Alternative Rock,Global Mega-Superstar,2022-10-28,2022,10,October,Friday,True,Spring,Buenos Aires,Argentina,Latin America,Tier 1 Global Mega-City,-34.6037,-58.3816,Estadio River Plate,Stadium,H.E.R. Zoe Gotusso,1,62684,66143,94.77,False,4969581.4,79.28,Standard ($75-$150),10,True,Billboard / Pollstar Boxscores
CNC-0735,Coldplay,Music of the Spheres World Tour,Alternative Rock,Global Mega-Superstar,2022-10-29,2022,10,October,Saturday,True,Spring,Buenos Aires,Argentina,Latin America,Tier 1 Global Mega-City,-34.6037,-58.3816,Estadio River Plate,Stadium,H.E.R. Zoe Gotusso,1,62684,63164,99.24,True,4969581.4,79.28,Standard ($75-$150),10,True,Billboard / Pollstar Boxscores
CNC-0736,Coldplay,Music of the Spheres World Tour,Alternative Rock,Global Mega-Superstar,2022-11-01,2022,11,November,Tuesday,False,Spring,Buenos Aires,Argentina,Latin America,Tier 1 Global Mega-City,-34.6037,-58.3816,Estadio River Plate,Stadium,H.E.R. Zoe Gotusso,1,62684,66109,94.82,False,4969581.4,79.28,Standard ($75-$150),10,True,Billboard / Pollstar Boxscores
CNC-0737,Coldplay,Music of the Spheres World Tour,Alternative Rock,Global Mega-Superstar,2022-11-02,2022,11,November,Wednesday,False,Spring,Buenos Aires,Argentina,Latin America,Tier 1 Global Mega-City,-34.6037,-58.3816,Estadio River Plate,Stadium,H.E.R. Clara Cava,1,62684,69968,89.59,False,4969581.4,79.28,Standard ($75-$150),10,True,Billboard / Pollstar Boxscores
CNC-0738,Coldplay,Music of the Spheres World Tour,Alternative Rock,Global Mega-Superstar,2022-11-04,2022,11,November,Friday,True,Spring,Buenos Aires,Argentina,Latin America,Tier 1 Global Mega-City,-34.6037,-58.3816,Estadio River Plate,Stadium,H.E.R. Zoe Gotusso,1,62684,62684,100.0,True,4969581.4,79.28,Standard ($75-$150),10,True,Billboard / Pollstar Boxscores
CNC-0739,Coldplay,Music of the Spheres World Tour,Alternative Rock,Global Mega-Superstar,2022-11-05,2022,11,November,Saturday,True,Spring,Buenos Aires,Argentina,Latin America,Tier 1 Global Mega-City,-34.6037,-58.3816,Estadio River Plate,Stadium,H.E.R. Zoe Gotusso,1,62684,62684,100.0,True,4969581.4,79.28,Standard ($75-$150),10,True,Billboard / Pollstar Boxscores
CNC-0740,Coldplay,Music of the Spheres World Tour,Alternative Rock,Global Mega-Superstar,2022-11-07,2022,11,November,Monday,False,Spring,Buenos Aires,Argentina,Latin America,Tier 1 Global Mega-City,-34.6037,-58.3816,Estadio River Plate,Stadium,H.E.R. Zoe Gotusso,1,62684,64212,97.62,False,4969581.4,79.28,Standard ($75-$150),10,True,Billboard / Pollstar Boxscores
CNC-0741,Coldplay,Music of the Spheres World Tour,Alternative Rock,Global Mega-Superstar,2022-11-08,2022,11,November,Tuesday,False,Spring,Buenos Aires,Argentina,Latin America,Tier 1 Global Mega-City,-34.6037,-58.3816,Estadio River Plate,Stadium,H.E.R. Zoe Gotusso,1,62684,69127,90.68,False,4969581.4,79.28,Standard ($75-$150),10,True,Billboard / Pollstar Boxscores
CNC-0742,Coldplay,Music of the Spheres World Tour,Alternative Rock,Global Mega-Superstar,2023-03-10,2023,3,March,Friday,True,Autumn,Sao Paulo,Brazil,Latin America,Tier 1 Global Mega-City,-23.5505,-46.6333,Estádio do Morumbi,Arena,Chvrches Elana Dara,1,73275,73275,100.0,True,6684146.83,91.22,Standard ($75-$150),6,True,Billboard / Pollstar Boxscores
CNC-0743,Coldplay,Music of the Spheres World Tour,Alternative Rock,Global Mega-Superstar,2023-03-11,2023,3,March,Saturday,True,Autumn,Sao Paulo,Brazil,Latin America,Tier 1 Global Mega-City,-23.5505,-46.6333,Estádio do Morumbi,Arena,Chvrches Elana Dara,1,73275,73275,100.0,True,6684146.83,91.22,Standard ($75-$150),6,True,Billboard / Pollstar Boxscores
CNC-0744,Coldplay,Music of the Spheres World Tour,Alternative Rock,Global Mega-Superstar,2023-03-13,2023,3,March,Monday,False,Autumn,Sao Paulo,Brazil,Latin America,Tier 1 Global Mega-City,-23.5505,-46.6333,Estádio do Morumbi,Arena,Chvrches Elana Dara,1,73275,73547,99.63,True,6684146.83,91.22,Standard ($75-$150),6,True,Billboard / Pollstar Boxscores
CNC-0745,Coldplay,Music of the Spheres World Tour,Alternative Rock,Global Mega-Superstar,2023-03-14,2023,3,March,Tuesday,False,Autumn,Sao Paulo,Brazil,Latin America,Tier 1 Global Mega-City,-23.5505,-46.6333,Estádio do Morumbi,Arena,Chvrches Elana Dara,1,73275,78244,93.65,False,6684146.83,91.22,Standard ($75-$150),6,True,Billboard / Pollstar Boxscores
CNC-0746,Coldplay,Music of the Spheres World Tour,Alternative Rock,Global Mega-Superstar,2023-03-17,2023,3,March,Friday,True,Autumn,Sao Paulo,Brazil,Latin America,Tier 1 Global Mega-City,-23.5505,-46.6333,Estádio do Morumbi,Arena,Chvrches Elana Dara,1,73275,73275,100.0,True,6684146.83,91.22,Standard ($75-$150),6,True,Billboard / Pollstar Boxscores
CNC-0747,Coldplay,Music of the Spheres World Tour,Alternative Rock,Global Mega-Superstar,2023-03-18,2023,3,March,Saturday,True,Autumn,Sao Paulo,Brazil,Latin America,Tier 1 Global Mega-City,-23.5505,-46.6333,Estádio do Morumbi,Arena,Chvrches Elana Dara,1,73275,73606,99.55,True,6684146.83,91.22,Standard ($75-$150),6,True,Billboard / Pollstar Boxscores
CNC-0748,Coldplay,Music of the Spheres World Tour,Alternative Rock,Global Mega-Superstar,2023-03-21,2023,3,March,Tuesday,False,Autumn,Curitiba,Brazil,Latin America,Tier 2 Major Regional Market,-25.429,-49.2671,Estádio Couto Pereira,Arena,Chvrches Clara x Sofia,1,85776,96172,89.19,False,8126841.0,94.74,Standard ($75-$150),2,True,Billboard / Pollstar Boxscores
CNC-0749,Coldplay,Music of the Spheres World Tour,Alternative Rock,Global Mega-Superstar,2023-03-22,2023,3,March,Wednesday,False,Autumn,Curitiba,Brazil,Latin America,Tier 2 Major Regional Market,-25.429,-49.2671,Estádio Couto Pereira,Arena,Chvrches Clara x Sofia,1,85776,91749,93.49,False,8126841.0,94.74,Standard ($75-$150),2,True,Billboard / Pollstar Boxscores
CNC-0750,Coldplay,Music of the Spheres World Tour,Alternative Rock,Global Mega-Superstar,2023-03-25,2023,3,March,Saturday,True,Autumn,Rio de Janeiro,Brazil,Latin America,Tier 1 Global Mega-City,-22.9068,-43.1729,Estádio Olímpico Nilton Santos,Arena,Chvrches Clara x Sofia,1,70337,70337,100.0,True,5734888.0,81.53,Standard ($75-$150),3,True,Billboard / Pollstar Boxscores
CNC-0751,Coldplay,Music of the Spheres World Tour,Alternative Rock,Global Mega-Superstar,2023-03-26,2023,3,March,Sunday,True,Autumn,Rio de Janeiro,Brazil,Latin America,Tier 1 Global Mega-City,-22.9068,-43.1729,Estádio Olímpico Nilton Santos,Arena,Chvrches Clara x Sofia,1,70337,70337,100.0,True,5734888.0,81.53,Standard ($75-$150),3,True,Billboard / Pollstar Boxscores
CNC-0752,Coldplay,Music of the Spheres World Tour,Alternative Rock,Global Mega-Superstar,2023-03-28,2023,3,March,Tuesday,False,Autumn,Rio de Janeiro,Brazil,Latin America,Tier 1 Global Mega-City,-22.9068,-43.1729,Estádio Olímpico Nilton Santos,Arena,Chvrches Clara x Sofia,1,70337,75542,93.11,False,5734888.0,81.53,Standard ($75-$150),3,True,Billboard / Pollstar Boxscores
CNC-0753,Coldplay,Music of the Spheres World Tour,Alternative Rock,Global Mega-Superstar,2023-05-17,2023,5,May,Wednesday,False,Spring,Coimbra,Portugal,Europe,Tier 2 Major Regional Market,50.0,10.0,Estádio Cidade de Coimbra,Arena,Griff Bárbara Bandeira,1,52071,59408,87.65,False,5368471.25,103.1,Standard ($75-$150),4,True,Billboard / Pollstar Boxscores
CNC-0754,Coldplay,Music of the Spheres World Tour,Alternative Rock,Global Mega-Superstar,2023-05-18,2023,5,May,Thursday,False,Spring,Coimbra,Portugal,Europe,Tier 2 Major Regional Market,50.0,10.0,Estádio Cidade de Coimbra,Arena,Griff Bárbara Bandeira,1,52071,53346,97.61,False,5368471.25,103.1,Standard ($75-$150),4,True,Billboard / Pollstar Boxscores
CNC-0755,Coldplay,Music of the Spheres World Tour,Alternative Rock,Global Mega-Superstar,2023-05-20,2023,5,May,Saturday,True,Spring,Coimbra,Portugal,Europe,Tier 2 Major Regional Market,50.0,10.0,Estádio Cidade de Coimbra,Arena,Griff Bárbara Bandeira,1,52071,52071,100.0,True,5368471.25,103.1,Standard ($75-$150),4,True,Billboard / Pollstar Boxscores
CNC-0756,Coldplay,Music of the Spheres World Tour,Alternative Rock,Global Mega-Superstar,2023-05-21,2023,5,May,Sunday,True,Spring,Coimbra,Portugal,Europe,Tier 2 Major Regional Market,50.0,10.0,Estádio Cidade de Coimbra,Arena,Griff Bárbara Bandeira,1,52071,53395,97.52,False,5368471.25,103.1,Standard ($75-$150),4,True,Billboard / Pollstar Boxscores
CNC-0757,Coldplay,Music of the Spheres World Tour,Alternative Rock,Global Mega-Superstar,2023-05-24,2023,5,May,Wednesday,False,Spring,Barcelona,Spain,Europe,Tier 2 Major Regional Market,41.3879,2.1699,Estadi Olímpic Lluís Companys,Arena,Chvrches Hinds,1,56190,67077,83.77,False,6815724.0,121.3,Standard ($75-$150),4,True,Billboard / Pollstar Boxscores
CNC-0758,Coldplay,Music of the Spheres World Tour,Alternative Rock,Global Mega-Superstar,2023-05-25,2023,5,May,Thursday,False,Spring,Barcelona,Spain,Europe,Tier 2 Major Regional Market,41.3879,2.1699,Estadi Olímpic Lluís Companys,Arena,Chvrches Hinds,1,56190,56190,100.0,True,6815724.0,121.3,Standard ($75-$150),4,True,Billboard / Pollstar Boxscores
CNC-0759,Coldplay,Music of the Spheres World Tour,Alternative Rock,Global Mega-Superstar,2023-05-27,2023,5,May,Saturday,True,Spring,Barcelona,Spain,Europe,Tier 2 Major Regional Market,41.3879,2.1699,Estadi Olímpic Lluís Companys,Arena,Chvrches Ona Mafalda,1,56190,56712,99.08,True,6815724.0,121.3,Standard ($75-$150),4,True,Billboard / Pollstar Boxscores
CNC-0760,Coldplay,Music of the Spheres World Tour,Alternative Rock,Global Mega-Superstar,2023-05-28,2023,5,May,Sunday,True,Spring,Barcelona,Spain,Europe,Tier 2 Major Regional Market,41.3879,2.1699,Estadi Olímpic Lluís Companys,Arena,Chvrches Ona Mafalda,1,56190,57448,97.81,False,6815724.0,121.3,Standard ($75-$150),4,True,Billboard / Pollstar Boxscores
CNC-0761,Coldplay,Music of the Spheres World Tour,Alternative Rock,Global Mega-Superstar,2023-05-31,2023,5,May,Wednesday,False,Spring,Manchester,United Kingdom,Europe,Tier 2 Major Regional Market,53.4808,-2.2426,Etihad Stadium,Stadium,Chvrches Porij,1,48968,54175,90.39,False,6041021.25,123.37,Standard ($75-$150),4,True,Billboard / Pollstar Boxscores
CNC-0762,Coldplay,Music of the Spheres World Tour,Alternative Rock,Global Mega-Superstar,2023-06-01,2023,6,June,Thursday,False,Summer,Manchester,United Kingdom,Europe,Tier 2 Major Regional Market,53.4808,-2.2426,Etihad Stadium,Stadium,Chvrches Porij,1,48968,48968,100.0,True,6041021.25,123.37,Standard ($75-$150),4,True,Billboard / Pollstar Boxscores
CNC-0763,Coldplay,Music of the Spheres World Tour,Alternative Rock,Global Mega-Superstar,2023-06-03,2023,6,June,Saturday,True,Summer,Manchester,United Kingdom,Europe,Tier 2 Major Regional Market,53.4808,-2.2426,Etihad Stadium,Stadium,Chvrches Porij,1,48968,48968,100.0,True,6041021.25,123.37,Standard ($75-$150),4,True,Billboard / Pollstar Boxscores
CNC-0764,Coldplay,Music of the Spheres World Tour,Alternative Rock,Global Mega-Superstar,2023-06-04,2023,6,June,Sunday,True,Summer,Manchester,United Kingdom,Europe,Tier 2 Major Regional Market,53.4808,-2.2426,Etihad Stadium,Stadium,Chvrches Porij,1,48968,49358,99.21,True,6041021.25,123.37,Standard ($75-$150),4,True,Billboard / Pollstar Boxscores
CNC-0765,Coldplay,Music of the Spheres World Tour,Alternative Rock,Global Mega-Superstar,2023-06-06,2023,6,June,Tuesday,False,Summer,Cardiff,United Kingdom,Europe,Tier 2 Major Regional Market,51.4816,-3.1791,Principality Stadium,Stadium,Chvrches Hana Lili,1,59640,66726,89.38,False,7075567.5,118.64,Standard ($75-$150),2,True,Billboard / Pollstar Boxscores
CNC-0766,Coldplay,Music of the Spheres World Tour,Alternative Rock,Global Mega-Superstar,2023-06-07,2023,6,June,Wednesday,False,Summer,Cardiff,United Kingdom,Europe,Tier 2 Major Regional Market,51.4816,-3.1791,Principality Stadium,Stadium,Chvrches Hana Lili,1,59640,68956,86.49,False,7075567.5,118.64,Standard ($75-$150),2,True,Billboard / Pollstar Boxscores
CNC-0767,Coldplay,Music of the Spheres World Tour,Alternative Rock,Global Mega-Superstar,2023-06-21,2023,6,June,Wednesday,False,Summer,Naples,Italy,Europe,Tier 2 Major Regional Market,50.0,10.0,Stadio Diego Armando Maradona,Arena,Chvrches Laila al Habash,1,93341,104373,89.43,False,9856532.0,105.6,Standard ($75-$150),2,True,Billboard / Pollstar Boxscores
CNC-0768,Coldplay,Music of the Spheres World Tour,Alternative Rock,Global Mega-Superstar,2023-06-22,2023,6,June,Thursday,False,Summer,Naples,Italy,Europe,Tier 2 Major Regional Market,50.0,10.0,Stadio Diego Armando Maradona,Arena,Chvrches Laila al Habash,1,93341,94037,99.26,True,9856532.0,105.6,Standard ($75-$150),2,True,Billboard / Pollstar Boxscores
CNC-0769,Coldplay,Music of the Spheres World Tour,Alternative Rock,Global Mega-Superstar,2023-06-25,2023,6,June,Sunday,True,Summer,Milan,Italy,Europe,Tier 2 Major Regional Market,45.4642,9.19,San Siro,Arena,Chvrches Mara Sattei,1,62390,62390,100.0,True,7359795.0,117.96,Standard ($75-$150),4,True,Billboard / Pollstar Boxscores
CNC-0770,Coldplay,Music of the Spheres World Tour,Alternative Rock,Global Mega-Superstar,2023-06-26,2023,6,June,Monday,False,Summer,Milan,Italy,Europe,Tier 2 Major Regional Market,45.4642,9.19,San Siro,Arena,Chvrches Mara Sattei,1,62390,68515,91.06,False,7359795.0,117.96,Standard ($75-$150),4,True,Billboard / Pollstar Boxscores
CNC-0771,Coldplay,Music of the Spheres World Tour,Alternative Rock,Global Mega-Superstar,2023-06-28,2023,6,June,Wednesday,False,Summer,Milan,Italy,Europe,Tier 2 Major Regional Market,45.4642,9.19,San Siro,Arena,Chvrches Mara Sattei,1,62390,69261,90.08,False,7359795.0,117.96,Standard ($75-$150),4,True,Billboard / Pollstar Boxscores
CNC-0772,Coldplay,Music of the Spheres World Tour,Alternative Rock,Global Mega-Superstar,2023-06-29,2023,6,June,Thursday,False,Summer,Milan,Italy,Europe,Tier 2 Major Regional Market,45.4642,9.19,San Siro,Arena,Chvrches Mara Sattei,1,62390,66877,93.29,False,7359795.0,117.96,Standard ($75-$150),4,True,Billboard / Pollstar Boxscores
CNC-0773,Coldplay,Music of the Spheres World Tour,Alternative Rock,Global Mega-Superstar,2023-07-01,2023,7,July,Saturday,True,Summer,Zurich,Switzerland,Europe,Tier 2 Major Regional Market,47.3769,8.5417,Letzigrund,Arena,Griff Caroline Alves,1,47528,47528,100.0,True,7486206.5,157.51,Premium ($150-$250),2,True,Billboard / Pollstar Boxscores
CNC-0774,Coldplay,Music of the Spheres World Tour,Alternative Rock,Global Mega-Superstar,2023-07-02,2023,7,July,Sunday,True,Summer,Zurich,Switzerland,Europe,Tier 2 Major Regional Market,47.3769,8.5417,Letzigrund,Arena,Griff Caroline Alves,1,47528,52441,90.63,False,7486206.5,157.51,Premium ($150-$250),2,True,Billboard / Pollstar Boxscores
CNC-0775,Coldplay,Music of the Spheres World Tour,Alternative Rock,Global Mega-Superstar,2023-07-05,2023,7,July,Wednesday,False,Summer,Copenhagen,Denmark,Europe,Tier 2 Major Regional Market,55.6761,12.5683,Parken Stadium,Stadium,Griff Oh Land,1,49323,53682,91.88,False,6115355.0,123.99,Standard ($75-$150),2,True,Billboard / Pollstar Boxscores
CNC-0776,Coldplay,Music of the Spheres World Tour,Alternative Rock,Global Mega-Superstar,2023-07-06,2023,7,July,Thursday,False,Summer,Copenhagen,Denmark,Europe,Tier 2 Major Regional Market,55.6761,12.5683,Parken Stadium,Stadium,Griff Oh Land,1,49323,50469,97.73,False,6115355.0,123.99,Standard ($75-$150),2,True,Billboard / Pollstar Boxscores
CNC-0777,Coldplay,Music of the Spheres World Tour,Alternative Rock,Global Mega-Superstar,2023-07-08,2023,7,July,Saturday,True,Summer,Gothenburg,Sweden,Europe,Tier 2 Major Regional Market,50.0,10.0,Ullevi,Arena,Griff Luciia,1,66795,66795,100.0,True,6560705.25,98.22,Standard ($75-$150),4,True,Billboard / Pollstar Boxscores
CNC-0778,Coldplay,Music of the Spheres World Tour,Alternative Rock,Global Mega-Superstar,2023-07-09,2023,7,July,Sunday,True,Summer,Gothenburg,Sweden,Europe,Tier 2 Major Regional Market,50.0,10.0,Ullevi,Arena,Griff Luciia,1,66795,66795,100.0,True,6560705.25,98.22,Standard ($75-$150),4,True,Billboard / Pollstar Boxscores
CNC-0779,Coldplay,Music of the Spheres World Tour,Alternative Rock,Global Mega-Superstar,2023-07-11,2023,7,July,Tuesday,False,Summer,Gothenburg,Sweden,Europe,Tier 2 Major Regional Market,50.0,10.0,Ullevi,Arena,Griff Luciia,1,66795,72032,92.73,False,6560705.25,98.22,Standard ($75-$150),4,True,Billboard / Pollstar Boxscores
CNC-0780,Coldplay,Music of the Spheres World Tour,Alternative Rock,Global Mega-Superstar,2023-07-12,2023,7,July,Wednesday,False,Summer,Gothenburg,Sweden,Europe,Tier 2 Major Regional Market,50.0,10.0,Ullevi,Arena,Griff Luciia,1,66795,71892,92.91,False,6560705.25,98.22,Standard ($75-$150),4,True,Billboard / Pollstar Boxscores
CNC-0781,Coldplay,Music of the Spheres World Tour,Alternative Rock,Global Mega-Superstar,2023-07-15,2023,7,July,Saturday,True,Summer,Amsterdam,Netherlands,Europe,Tier 1 Global Mega-City,52.3676,4.9041,Johan Cruyff Arena,Arena,Griff Zoë Tauran,1,54402,54402,100.0,True,7580643.25,139.34,Standard ($75-$150),4,True,Billboard / Pollstar Boxscores
CNC-0782,Coldplay,Music of the Spheres World Tour,Alternative Rock,Global Mega-Superstar,2023-07-16,2023,7,July,Sunday,True,Summer,Amsterdam,Netherlands,Europe,Tier 1 Global Mega-City,52.3676,4.9041,Johan Cruyff Arena,Arena,Griff Zoë Tauran,1,54402,54402,100.0,True,7580643.25,139.34,Standard ($75-$150),4,True,Billboard / Pollstar Boxscores
CNC-0783,Coldplay,Music of the Spheres World Tour,Alternative Rock,Global Mega-Superstar,2023-07-18,2023,7,July,Tuesday,False,Summer,Amsterdam,Netherlands,Europe,Tier 1 Global Mega-City,52.3676,4.9041,Johan Cruyff Arena,Arena,Griff Zoë Tauran,1,54402,58566,92.89,False,7580643.25,139.34,Standard ($75-$150),4,True,Billboard / Pollstar Boxscores
CNC-0784,Coldplay,Music of the Spheres World Tour,Alternative Rock,Global Mega-Superstar,2023-07-19,2023,7,July,Wednesday,False,Summer,Amsterdam,Netherlands,Europe,Tier 1 Global Mega-City,52.3676,4.9041,Johan Cruyff Arena,Arena,Griff Zoë Tauran,1,54402,54402,100.0,True,7580643.25,139.34,Standard ($75-$150),4,True,Billboard / Pollstar Boxscores
CNC-0785,Coldplay,Music of the Spheres World Tour,Alternative Rock,Global Mega-Superstar,2023-09-20,2023,9,September,Wednesday,False,Fall,Seattle,United States,North America,Tier 2 Major Regional Market,47.6062,-122.3321,Lumen Field,Stadium,H.E.R. 070 Shake Bobby Gonz,1,60342,64447,93.63,False,8124415.0,134.64,Standard ($75-$150),1,False,Billboard / Pollstar Boxscores
CNC-0786,Coldplay,Music of the Spheres World Tour,Alternative Rock,Global Mega-Superstar,2023-09-22,2023,9,September,Friday,True,Fall,Vancouver,Canada,North America,Tier 2 Major Regional Market,49.2827,-123.1207,BC Place,Arena,H.E.R. 070 Shake Bobby Gonz,1,89645,89645,100.0,True,12405572.0,138.39,Standard ($75-$150),2,True,Billboard / Pollstar Boxscores
CNC-0787,Coldplay,Music of the Spheres World Tour,Alternative Rock,Global Mega-Superstar,2023-09-23,2023,9,September,Saturday,True,Fall,Vancouver,Canada,North America,Tier 2 Major Regional Market,49.2827,-123.1207,BC Place,Arena,H.E.R. 070 Shake Bobby Gonz,1,89645,91251,98.24,True,12405572.0,138.39,Standard ($75-$150),2,True,Billboard / Pollstar Boxscores
CNC-0788,Coldplay,Music of the Spheres World Tour,Alternative Rock,Global Mega-Superstar,2023-09-27,2023,9,September,Wednesday,False,Fall,San Diego,United States,North America,Tier 2 Major Regional Market,38.0,-97.0,Snapdragon Stadium,Stadium,H.E.R. 070 Shake Bobby Gonz,1,64130,71566,89.61,False,10355147.0,161.47,Premium ($150-$250),2,True,Billboard / Pollstar Boxscores
CNC-0789,Coldplay,Music of the Spheres World Tour,Alternative Rock,Global Mega-Superstar,2023-09-28,2023,9,September,Thursday,False,Fall,San Diego,United States,North America,Tier 2 Major Regional Market,38.0,-97.0,Snapdragon Stadium,Stadium,H.E.R. 070 Shake Bobby Gonz,1,64130,64130,100.0,True,10355147.0,161.47,Premium ($150-$250),2,True,Billboard / Pollstar Boxscores
CNC-0790,Coldplay,Music of the Spheres World Tour,Alternative Rock,Global Mega-Superstar,2023-09-30,2023,9,September,Saturday,True,Fall,Pasadena,United States,North America,Tier 1 Global Mega-City,34.1478,-118.1445,Rose Bowl,Amphitheater / Park,H.E.R. 070 Shake Bobby Gonz,1,68022,68022,100.0,True,9509558.0,139.8,Standard ($75-$150),2,True,Billboard / Pollstar Boxscores
CNC-0791,Coldplay,Music of the Spheres World Tour,Alternative Rock,Global Mega-Superstar,2023-10-01,2023,10,October,Sunday,True,Fall,Pasadena,United States,North America,Tier 1 Global Mega-City,34.1478,-118.1445,Rose Bowl,Amphitheater / Park,H.E.R. 070 Shake Bobby Gonz,1,68022,68022,100.0,True,9509558.0,139.8,Standard ($75-$150),2,True,Billboard / Pollstar Boxscores
CNC-0792,Coldplay,Music of the Spheres World Tour,Alternative Rock,Global Mega-Superstar,2023-11-06,2023,11,November,Monday,False,Fall,Tokyo,Japan,Asia,Tier 1 Global Mega-City,35.6762,139.6503,Tokyo Dome,Stadium,Yoasobi,1,48634,49580,98.09,True,6863222.5,141.12,Standard ($75-$150),2,True,Billboard / Pollstar Boxscores
CNC-0793,Coldplay,Music of the Spheres World Tour,Alternative Rock,Global Mega-Superstar,2023-11-07,2023,11,November,Tuesday,False,Fall,Tokyo,Japan,Asia,Tier 1 Global Mega-City,35.6762,139.6503,Tokyo Dome,Stadium,Yoasobi,1,48634,51118,95.14,False,6863222.5,141.12,Standard ($75-$150),2,True,Billboard / Pollstar Boxscores
CNC-0794,Coldplay,Music of the Spheres World Tour,Alternative Rock,Global Mega-Superstar,2023-11-11,2023,11,November,Saturday,True,Fall,Kaohsiung,Taiwan,Asia,Tier 2 Major Regional Market,22.6273,120.3014,Kaohsiung National Stadium,Stadium,Accusefive,1,51474,54603,94.27,False,7579508.5,147.25,Standard ($75-$150),2,True,Billboard / Pollstar Boxscores
CNC-0795,Coldplay,Music of the Spheres World Tour,Alternative Rock,Global Mega-Superstar,2023-11-12,2023,11,November,Sunday,True,Fall,Kaohsiung,Taiwan,Asia,Tier 2 Major Regional Market,22.6273,120.3014,Kaohsiung National Stadium,Stadium,Accusefive,1,51474,55546,92.67,False,7579508.5,147.25,Standard ($75-$150),2,True,Billboard / Pollstar Boxscores
CNC-0796,Coldplay,Music of the Spheres World Tour,Alternative Rock,Global Mega-Superstar,2023-11-15,2023,11,November,Wednesday,False,Fall,Jakarta,Indonesia,Asia,Tier 1 Global Mega-City,-6.2088,106.8456,Gelora Bung Karno Stadium,Stadium,Rahmania Astrini,1,78541,80887,97.1,False,13893822.0,176.9,Premium ($150-$250),1,False,Billboard / Pollstar Boxscores
CNC-0797,Coldplay,Music of the Spheres World Tour,Alternative Rock,Global Mega-Superstar,2023-11-18,2023,11,November,Saturday,True,Spring,Perth,Australia,Oceania,Tier 2 Major Regional Market,-31.9505,115.8605,Optus Stadium,Stadium,Amy Shark Thelma Plum Adrian Dzvuke,1,62518,64705,96.62,False,6955709.5,111.26,Standard ($75-$150),2,True,Billboard / Pollstar Boxscores
CNC-0798,Coldplay,Music of the Spheres World Tour,Alternative Rock,Global Mega-Superstar,2023-11-19,2023,11,November,Sunday,True,Spring,Perth,Australia,Oceania,Tier 2 Major Regional Market,-31.9505,115.8605,Optus Stadium,Stadium,Tash Sultana Thelma Plum King Ibis,1,62518,62518,100.0,True,6955709.5,111.26,Standard ($75-$150),2,True,Billboard / Pollstar Boxscores
CNC-0799,Coldplay,Music of the Spheres World Tour,Alternative Rock,Global Mega-Superstar,2023-11-22,2023,11,November,Wednesday,False,Fall,Kuala Lumpur,Malaysia,Asia,Tier 2 Major Regional Market,3.139,101.6869,Bukit Jalil National Stadium,Stadium,Bunga,1,81387,95626,85.11,False,10918567.0,134.16,Standard ($75-$150),1,False,Billboard / Pollstar Boxscores
CNC-0800,Coldplay,Music of the Spheres World Tour,Alternative Rock,Global Mega-Superstar,2024-01-19,2024,1,January,Friday,True,Winter,Bocaue,Philippines,Asia,Tier 1 Global Mega-City,14.7997,120.9272,Philippine Arena,Arena,Jikamarie,1,48040,48040,100.0,True,7712733.0,160.55,Premium ($150-$250),2,True,Billboard / Pollstar Boxscores
CNC-0801,Coldplay,Music of the Spheres World Tour,Alternative Rock,Global Mega-Superstar,2024-01-20,2024,1,January,Saturday,True,Winter,Bocaue,Philippines,Asia,Tier 1 Global Mega-City,14.7997,120.9272,Philippine Arena,Arena,Jikamarie,1,48040,48040,100.0,True,7712733.0,160.55,Premium ($150-$250),2,True,Billboard / Pollstar Boxscores
CNC-0802,Coldplay,Music of the Spheres World Tour,Alternative Rock,Global Mega-Superstar,2024-01-23,2024,1,January,Tuesday,False,Winter,Singapore,Singapore,Asia,Tier 1 Global Mega-City,1.3521,103.8198,Singapore National Stadium,Stadium,Jasmine Sokko Jinan Laetitia,1,53519,56983,93.92,False,7227041.33,135.04,Standard ($75-$150),6,True,Billboard / Pollstar Boxscores
CNC-0803,Coldplay,Music of the Spheres World Tour,Alternative Rock,Global Mega-Superstar,2024-01-24,2024,1,January,Wednesday,False,Winter,Singapore,Singapore,Asia,Tier 1 Global Mega-City,1.3521,103.8198,Singapore National Stadium,Stadium,Jasmine Sokko Jinan Laetitia,1,53519,53524,99.99,True,7227041.33,135.04,Standard ($75-$150),6,True,Billboard / Pollstar Boxscores
CNC-0804,Coldplay,Music of the Spheres World Tour,Alternative Rock,Global Mega-Superstar,2024-01-26,2024,1,January,Friday,True,Winter,Singapore,Singapore,Asia,Tier 1 Global Mega-City,1.3521,103.8198,Singapore National Stadium,Stadium,Jasmine Sokko Jinan Laetitia,1,53519,53519,100.0,True,7227041.33,135.04,Standard ($75-$150),6,True,Billboard / Pollstar Boxscores
CNC-0805,Coldplay,Music of the Spheres World Tour,Alternative Rock,Global Mega-Superstar,2024-01-27,2024,1,January,Saturday,True,Winter,Singapore,Singapore,Asia,Tier 1 Global Mega-City,1.3521,103.8198,Singapore National Stadium,Stadium,Rriley Jinan Laetitia,1,53519,53519,100.0,True,7227041.33,135.04,Standard ($75-$150),6,True,Billboard / Pollstar Boxscores
CNC-0806,Coldplay,Music of the Spheres World Tour,Alternative Rock,Global Mega-Superstar,2024-01-30,2024,1,January,Tuesday,False,Winter,Singapore,Singapore,Asia,Tier 1 Global Mega-City,1.3521,103.8198,Singapore National Stadium,Stadium,Rriley Jinan Laetitia,1,53519,58452,91.56,False,7227041.33,135.04,Standard ($75-$150),6,True,Billboard / Pollstar Boxscores
CNC-0807,Coldplay,Music of the Spheres World Tour,Alternative Rock,Global Mega-Superstar,2024-01-31,2024,1,January,Wednesday,False,Winter,Singapore,Singapore,Asia,Tier 1 Global Mega-City,1.3521,103.8198,Singapore National Stadium,Stadium,Rriley Jinan Laetitia,1,53519,57276,93.44,False,7227041.33,135.04,Standard ($75-$150),6,True,Billboard / Pollstar Boxscores
CNC-0808,Coldplay,Music of the Spheres World Tour,Alternative Rock,Global Mega-Superstar,2024-02-03,2024,2,February,Saturday,True,Winter,Bangkok,Thailand,Asia,Tier 1 Global Mega-City,13.7563,100.5018,Rajamangala Stadium,Stadium,Valentina Ploy,1,53014,53014,100.0,True,8439444.0,159.19,Premium ($150-$250),2,True,Billboard / Pollstar Boxscores
CNC-0809,Coldplay,Music of the Spheres World Tour,Alternative Rock,Global Mega-Superstar,2024-02-04,2024,2,February,Sunday,True,Winter,Bangkok,Thailand,Asia,Tier 1 Global Mega-City,13.7563,100.5018,Rajamangala Stadium,Stadium,Valentina Ploy,1,53014,53014,100.0,True,8439444.0,159.19,Premium ($150-$250),2,True,Billboard / Pollstar Boxscores
CNC-0810,Coldplay,Music of the Spheres World Tour,Alternative Rock,Global Mega-Superstar,2024-06-08,2024,6,June,Saturday,True,Summer,Athens,Greece,North America,Tier 3 Emerging / Secondary Market,38.0,-97.0,Olympic Stadium,Stadium,Maisie Peters Antonia Kaouri,1,69730,75148,92.79,False,7329906.5,105.12,Standard ($75-$150),2,True,Billboard / Pollstar Boxscores
CNC-0811,Coldplay,Music of the Spheres World Tour,Alternative Rock,Global Mega-Superstar,2024-06-09,2024,6,June,Sunday,True,Summer,Athens,Greece,North America,Tier 3 Emerging / Secondary Market,38.0,-97.0,Olympic Stadium,Stadium,Maisie Peters Antonia Kaouri,1,69730,82510,84.51,False,7329906.5,105.12,Standard ($75-$150),2,True,Billboard / Pollstar Boxscores
CNC-0812,Coldplay,Music of the Spheres World Tour,Alternative Rock,Global Mega-Superstar,2024-06-12,2024,6,June,Wednesday,False,Summer,Bucharest,Romania,North America,Tier 3 Emerging / Secondary Market,38.0,-97.0,Arena Națională,Arena,Maisie Peters Emaa,1,52710,64375,81.88,False,5758338.5,109.25,Standard ($75-$150),2,True,Billboard / Pollstar Boxscores
CNC-0813,Coldplay,Music of the Spheres World Tour,Alternative Rock,Global Mega-Superstar,2024-06-13,2024,6,June,Thursday,False,Summer,Bucharest,Romania,North America,Tier 3 Emerging / Secondary Market,38.0,-97.0,Arena Națională,Arena,Maisie Peters Emaa,1,52710,59271,88.93,False,5758338.5,109.25,Standard ($75-$150),2,True,Billboard / Pollstar Boxscores
CNC-0814,Coldplay,Music of the Spheres World Tour,Alternative Rock,Global Mega-Superstar,2024-06-16,2024,6,June,Sunday,True,Summer,Budapest,Hungary,North America,Tier 3 Emerging / Secondary Market,38.0,-97.0,Puskás Aréna,Arena,Maisie Peters Solére,1,55590,58646,94.79,False,5680917.67,102.19,Standard ($75-$150),3,True,Billboard / Pollstar Boxscores
CNC-0815,Coldplay,Music of the Spheres World Tour,Alternative Rock,Global Mega-Superstar,2024-06-18,2024,6,June,Tuesday,False,Summer,Budapest,Hungary,North America,Tier 3 Emerging / Secondary Market,38.0,-97.0,Puskás Aréna,Arena,Maisie Peters Solére,1,55590,66751,83.28,False,5680917.67,102.19,Standard ($75-$150),3,True,Billboard / Pollstar Boxscores
CNC-0816,Coldplay,Music of the Spheres World Tour,Alternative Rock,Global Mega-Superstar,2024-06-19,2024,6,June,Wednesday,False,Summer,Budapest,Hungary,North America,Tier 3 Emerging / Secondary Market,38.0,-97.0,Puskás Aréna,Arena,Maisie Peters Solére,1,55590,68512,81.14,False,5680917.67,102.19,Standard ($75-$150),3,True,Billboard / Pollstar Boxscores
CNC-0817,Coldplay,Music of the Spheres World Tour,Alternative Rock,Global Mega-Superstar,2024-06-22,2024,6,June,Saturday,True,Summer,Décines-Charpieu,France,Europe,Tier 2 Major Regional Market,50.0,10.0,Groupama Stadium,Stadium,Janelle Monáe Ronisia,1,54880,55474,98.93,True,7193736.0,131.08,Standard ($75-$150),3,True,Billboard / Pollstar Boxscores
CNC-0818,Coldplay,Music of the Spheres World Tour,Alternative Rock,Global Mega-Superstar,2024-06-23,2024,6,June,Sunday,True,Summer,Décines-Charpieu,France,Europe,Tier 2 Major Regional Market,50.0,10.0,Groupama Stadium,Stadium,Janelle Monáe Ronisia,1,54880,60992,89.98,False,7193736.0,131.08,Standard ($75-$150),3,True,Billboard / Pollstar Boxscores
CNC-0819,Coldplay,Music of the Spheres World Tour,Alternative Rock,Global Mega-Superstar,2024-06-25,2024,6,June,Tuesday,False,Summer,Décines-Charpieu,France,Europe,Tier 2 Major Regional Market,50.0,10.0,Groupama Stadium,Stadium,Janelle Monáe Ronisia,1,54880,61134,89.77,False,7193736.0,131.08,Standard ($75-$150),3,True,Billboard / Pollstar Boxscores
CNC-0820,Coldplay,Music of the Spheres World Tour,Alternative Rock,Global Mega-Superstar,2024-07-12,2024,7,July,Friday,True,Summer,Rome,Italy,Europe,Tier 1 Global Mega-City,41.9028,12.4964,Stadio Olimpico,Arena,Janelle Monáe Rose Villain,1,62943,62943,100.0,True,7344576.75,116.69,Standard ($75-$150),4,True,Billboard / Pollstar Boxscores
CNC-0821,Coldplay,Music of the Spheres World Tour,Alternative Rock,Global Mega-Superstar,2024-07-13,2024,7,July,Saturday,True,Summer,Rome,Italy,Europe,Tier 1 Global Mega-City,41.9028,12.4964,Stadio Olimpico,Arena,Janelle Monáe Rose Villain,1,62943,62943,100.0,True,7344576.75,116.69,Standard ($75-$150),4,True,Billboard / Pollstar Boxscores
CNC-0822,Coldplay,Music of the Spheres World Tour,Alternative Rock,Global Mega-Superstar,2024-07-15,2024,7,July,Monday,False,Summer,Rome,Italy,Europe,Tier 1 Global Mega-City,41.9028,12.4964,Stadio Olimpico,Arena,Janelle Monáe Rose Villain,1,62943,63006,99.9,True,7344576.75,116.69,Standard ($75-$150),4,True,Billboard / Pollstar Boxscores
CNC-0823,Coldplay,Music of the Spheres World Tour,Alternative Rock,Global Mega-Superstar,2024-07-16,2024,7,July,Tuesday,False,Summer,Rome,Italy,Europe,Tier 1 Global Mega-City,41.9028,12.4964,Stadio Olimpico,Arena,Janelle Monáe Rose Villain,1,62943,67739,92.92,False,7344576.75,116.69,Standard ($75-$150),4,True,Billboard / Pollstar Boxscores
CNC-0824,Coldplay,Music of the Spheres World Tour,Alternative Rock,Global Mega-Superstar,2024-07-20,2024,7,July,Saturday,True,Summer,Düsseldorf,Germany,Europe,Tier 2 Major Regional Market,50.0,10.0,Merkur Spiel-Arena,Arena,Janelle Monáe Zoe Wees,1,48467,50220,96.51,False,6488347.67,133.87,Standard ($75-$150),3,True,Billboard / Pollstar Boxscores
CNC-0825,Coldplay,Music of the Spheres World Tour,Alternative Rock,Global Mega-Superstar,2024-07-21,2024,7,July,Sunday,True,Summer,Düsseldorf,Germany,Europe,Tier 2 Major Regional Market,50.0,10.0,Merkur Spiel-Arena,Arena,Janelle Monáe Zoe Wees,1,48467,48467,100.0,True,6488347.67,133.87,Standard ($75-$150),3,True,Billboard / Pollstar Boxscores
CNC-0826,Coldplay,Music of the Spheres World Tour,Alternative Rock,Global Mega-Superstar,2024-07-23,2024,7,July,Tuesday,False,Summer,Düsseldorf,Germany,Europe,Tier 2 Major Regional Market,50.0,10.0,Merkur Spiel-Arena,Arena,Janelle Monáe Zoe Wees,1,48467,52854,91.7,False,6488347.67,133.87,Standard ($75-$150),3,True,Billboard / Pollstar Boxscores
CNC-0827,Coldplay,Music of the Spheres World Tour,Alternative Rock,Global Mega-Superstar,2024-07-27,2024,7,July,Saturday,True,Summer,Helsinki,Finland,Europe,Tier 2 Major Regional Market,60.1699,24.9384,Helsinki Olympic Stadium,Stadium,Maisie Peters Alma,1,44508,44508,100.0,True,5827768.75,130.94,Standard ($75-$150),4,True,Billboard / Pollstar Boxscores
CNC-0828,Coldplay,Music of the Spheres World Tour,Alternative Rock,Global Mega-Superstar,2024-07-28,2024,7,July,Sunday,True,Summer,Helsinki,Finland,Europe,Tier 2 Major Regional Market,60.1699,24.9384,Helsinki Olympic Stadium,Stadium,Maisie Peters Alma,1,44508,45899,96.97,False,5827768.75,130.94,Standard ($75-$150),4,True,Billboard / Pollstar Boxscores
CNC-0829,Coldplay,Music of the Spheres World Tour,Alternative Rock,Global Mega-Superstar,2024-07-30,2024,7,July,Tuesday,False,Summer,Helsinki,Finland,Europe,Tier 2 Major Regional Market,60.1699,24.9384,Helsinki Olympic Stadium,Stadium,Maisie Peters Alma,1,44508,51395,86.6,False,5827768.75,130.94,Standard ($75-$150),4,True,Billboard / Pollstar Boxscores
CNC-0830,Coldplay,Music of the Spheres World Tour,Alternative Rock,Global Mega-Superstar,2024-07-31,2024,7,July,Wednesday,False,Summer,Helsinki,Finland,Europe,Tier 2 Major Regional Market,60.1699,24.9384,Helsinki Olympic Stadium,Stadium,Maisie Peters Alma,1,44508,49067,90.71,False,5827768.75,130.94,Standard ($75-$150),4,True,Billboard / Pollstar Boxscores
CNC-0831,Coldplay,Music of the Spheres World Tour,Alternative Rock,Global Mega-Superstar,2024-08-15,2024,8,August,Thursday,False,Summer,Munich,Germany,Europe,Tier 2 Major Regional Market,48.1351,11.582,Olympiastadion,Stadium,Maggie Rogers Wilhelmine,1,70064,72915,96.09,False,9529214.33,136.01,Standard ($75-$150),3,True,Billboard / Pollstar Boxscores
CNC-0832,Coldplay,Music of the Spheres World Tour,Alternative Rock,Global Mega-Superstar,2024-08-17,2024,8,August,Saturday,True,Summer,Munich,Germany,Europe,Tier 2 Major Regional Market,48.1351,11.582,Olympiastadion,Stadium,Maggie Rogers Wilhelmine,1,70064,73829,94.9,False,9529214.33,136.01,Standard ($75-$150),3,True,Billboard / Pollstar Boxscores
CNC-0833,Coldplay,Music of the Spheres World Tour,Alternative Rock,Global Mega-Superstar,2024-08-18,2024,8,August,Sunday,True,Summer,Munich,Germany,Europe,Tier 2 Major Regional Market,48.1351,11.582,Olympiastadion,Stadium,Maggie Rogers Wilhelmine,1,70064,71334,98.22,True,9529214.33,136.01,Standard ($75-$150),3,True,Billboard / Pollstar Boxscores
CNC-0834,Coldplay,Music of the Spheres World Tour,Alternative Rock,Global Mega-Superstar,2024-08-21,2024,8,August,Wednesday,False,Summer,Vienna,Austria,Europe,Tier 2 Major Regional Market,48.2082,16.3738,Ernst-Happel-Stadion,Stadium,Maggie Rogers Oska,1,62850,72224,87.02,False,8257541.0,131.39,Standard ($75-$150),4,True,Billboard / Pollstar Boxscores
CNC-0835,Coldplay,Music of the Spheres World Tour,Alternative Rock,Global Mega-Superstar,2024-08-22,2024,8,August,Thursday,False,Summer,Vienna,Austria,Europe,Tier 2 Major Regional Market,48.2082,16.3738,Ernst-Happel-Stadion,Stadium,Maggie Rogers Oska,1,62850,66656,94.29,False,8257541.0,131.39,Standard ($75-$150),4,True,Billboard / Pollstar Boxscores
CNC-0836,Coldplay,Music of the Spheres World Tour,Alternative Rock,Global Mega-Superstar,2024-08-24,2024,8,August,Saturday,True,Summer,Vienna,Austria,Europe,Tier 2 Major Regional Market,48.2082,16.3738,Ernst-Happel-Stadion,Stadium,Maggie Rogers Oska,1,62850,62850,100.0,True,8257541.0,131.39,Standard ($75-$150),4,True,Billboard / Pollstar Boxscores
CNC-0837,Coldplay,Music of the Spheres World Tour,Alternative Rock,Global Mega-Superstar,2024-08-25,2024,8,August,Sunday,True,Summer,Vienna,Austria,Europe,Tier 2 Major Regional Market,48.2082,16.3738,Ernst-Happel-Stadion,Stadium,Maggie Rogers Oska,1,62850,63235,99.39,True,8257541.0,131.39,Standard ($75-$150),4,True,Billboard / Pollstar Boxscores
CNC-0838,Coldplay,Music of the Spheres World Tour,Alternative Rock,Global Mega-Superstar,2024-08-29,2024,8,August,Thursday,False,Summer,Dublin,Ireland,Europe,Tier 2 Major Regional Market,53.3498,-6.2603,Croke Park,Stadium,Maggie Rogers Aby Coulibaly,1,82300,82300,100.0,True,12380201.0,150.43,Premium ($150-$250),4,True,Billboard / Pollstar Boxscores
CNC-0839,Coldplay,Music of the Spheres World Tour,Alternative Rock,Global Mega-Superstar,2024-08-30,2024,8,August,Friday,True,Summer,Dublin,Ireland,Europe,Tier 2 Major Regional Market,53.3498,-6.2603,Croke Park,Stadium,Maggie Rogers Aby Coulibaly,1,82300,83477,98.59,True,12380201.0,150.43,Premium ($150-$250),4,True,Billboard / Pollstar Boxscores
CNC-0840,Coldplay,Music of the Spheres World Tour,Alternative Rock,Global Mega-Superstar,2024-09-01,2024,9,September,Sunday,True,Fall,Dublin,Ireland,Europe,Tier 2 Major Regional Market,53.3498,-6.2603,Croke Park,Stadium,Maggie Rogers Aby Coulibaly,1,82300,83081,99.06,True,12380201.0,150.43,Premium ($150-$250),4,True,Billboard / Pollstar Boxscores
CNC-0841,Coldplay,Music of the Spheres World Tour,Alternative Rock,Global Mega-Superstar,2024-09-02,2024,9,September,Monday,False,Fall,Dublin,Ireland,Europe,Tier 2 Major Regional Market,53.3498,-6.2603,Croke Park,Stadium,Maggie Rogers Aby Coulibaly,1,82300,82300,100.0,True,12380201.0,150.43,Premium ($150-$250),4,True,Billboard / Pollstar Boxscores
CNC-0842,Coldplay,Music of the Spheres World Tour,Alternative Rock,Global Mega-Superstar,2024-10-30,2024,10,October,Wednesday,False,Spring,Melbourne,Australia,Oceania,Tier 1 Global Mega-City,-37.8136,144.9631,Marvel Stadium,Stadium,Ayra Starr Emmanuel Kelly Shone,1,57280,62335,91.89,False,7212342.25,125.91,Standard ($75-$150),4,True,Billboard / Pollstar Boxscores
CNC-0843,Coldplay,Music of the Spheres World Tour,Alternative Rock,Global Mega-Superstar,2024-10-31,2024,10,October,Thursday,False,Spring,Melbourne,Australia,Oceania,Tier 1 Global Mega-City,-37.8136,144.9631,Marvel Stadium,Stadium,Ayra Starr Emmanuel Kelly Shone,1,57280,57280,100.0,True,7212342.25,125.91,Standard ($75-$150),4,True,Billboard / Pollstar Boxscores
CNC-0844,Coldplay,Music of the Spheres World Tour,Alternative Rock,Global Mega-Superstar,2024-11-02,2024,11,November,Saturday,True,Spring,Melbourne,Australia,Oceania,Tier 1 Global Mega-City,-37.8136,144.9631,Marvel Stadium,Stadium,Ayra Starr Emmanuel Kelly Shone,1,57280,57280,100.0,True,7212342.25,125.91,Standard ($75-$150),4,True,Billboard / Pollstar Boxscores
CNC-0845,Coldplay,Music of the Spheres World Tour,Alternative Rock,Global Mega-Superstar,2024-11-03,2024,11,November,Sunday,True,Spring,Melbourne,Australia,Oceania,Tier 1 Global Mega-City,-37.8136,144.9631,Marvel Stadium,Stadium,Ayra Starr Emmanuel Kelly Shone,1,57280,58592,97.76,False,7212342.25,125.91,Standard ($75-$150),4,True,Billboard / Pollstar Boxscores
CNC-0846,Coldplay,Music of the Spheres World Tour,Alternative Rock,Global Mega-Superstar,2024-11-06,2024,11,November,Wednesday,False,Spring,Sydney,Australia,Oceania,Tier 1 Global Mega-City,-33.8688,151.2093,Accor Stadium,Stadium,Ayra Starr Emmanuel Kelly Shone,1,81268,84610,96.05,False,9462106.5,116.43,Standard ($75-$150),4,True,Billboard / Pollstar Boxscores
CNC-0847,Coldplay,Music of the Spheres World Tour,Alternative Rock,Global Mega-Superstar,2024-11-07,2024,11,November,Thursday,False,Spring,Sydney,Australia,Oceania,Tier 1 Global Mega-City,-33.8688,151.2093,Accor Stadium,Stadium,Ayra Starr Emmanuel Kelly Shone,1,81268,81268,100.0,True,9462106.5,116.43,Standard ($75-$150),4,True,Billboard / Pollstar Boxscores
CNC-0848,Coldplay,Music of the Spheres World Tour,Alternative Rock,Global Mega-Superstar,2024-11-09,2024,11,November,Saturday,True,Spring,Sydney,Australia,Oceania,Tier 1 Global Mega-City,-33.8688,151.2093,Accor Stadium,Stadium,Ayra Starr Emmanuel Kelly Shone,1,81268,83429,97.41,False,9462106.5,116.43,Standard ($75-$150),4,True,Billboard / Pollstar Boxscores
CNC-0849,Coldplay,Music of the Spheres World Tour,Alternative Rock,Global Mega-Superstar,2024-11-10,2024,11,November,Sunday,True,Spring,Sydney,Australia,Oceania,Tier 1 Global Mega-City,-33.8688,151.2093,Accor Stadium,Stadium,Ayra Starr Emmanuel Kelly Shone,1,81268,82222,98.84,True,9462106.5,116.43,Standard ($75-$150),4,True,Billboard / Pollstar Boxscores
CNC-0850,Coldplay,Music of the Spheres World Tour,Alternative Rock,Global Mega-Superstar,2024-11-13,2024,11,November,Wednesday,False,Spring,Auckland,New Zealand,Oceania,Tier 2 Major Regional Market,-36.8485,174.7633,Eden Park,Stadium,Ayra Starr Emmanuel Kelly Shone,1,56360,60864,92.6,False,6425451.0,114.01,Standard ($75-$150),3,True,Billboard / Pollstar Boxscores
CNC-0851,Coldplay,Music of the Spheres World Tour,Alternative Rock,Global Mega-Superstar,2024-11-15,2024,11,November,Friday,True,Spring,Auckland,New Zealand,Oceania,Tier 2 Major Regional Market,-36.8485,174.7633,Eden Park,Stadium,Ayra Starr Emmanuel Kelly Shone,1,56360,56360,100.0,True,6425451.0,114.01,Standard ($75-$150),3,True,Billboard / Pollstar Boxscores
CNC-0852,Coldplay,Music of the Spheres World Tour,Alternative Rock,Global Mega-Superstar,2024-11-16,2024,11,November,Saturday,True,Spring,Auckland,New Zealand,Oceania,Tier 2 Major Regional Market,-36.8485,174.7633,Eden Park,Stadium,Ayra Starr Emmanuel Kelly Shone,1,56360,56360,100.0,True,6425451.0,114.01,Standard ($75-$150),3,True,Billboard / Pollstar Boxscores
CNC-0853,Coldplay,Music of the Spheres World Tour,Alternative Rock,Global Mega-Superstar,2025-01-09,2025,1,January,Thursday,False,Winter,Abu Dhabi,United Arab Emirates,Asia,Tier 2 Major Regional Market,24.4539,54.3773,Zayed Sports City Stadium,Stadium,Elyanna Shone,1,50790,52167,97.36,False,7020351.5,138.22,Standard ($75-$150),4,True,Billboard / Pollstar Boxscores
CNC-0854,Coldplay,Music of the Spheres World Tour,Alternative Rock,Global Mega-Superstar,2025-01-11,2025,1,January,Saturday,True,Winter,Abu Dhabi,United Arab Emirates,Asia,Tier 2 Major Regional Market,24.4539,54.3773,Zayed Sports City Stadium,Stadium,Elyanna Shone,1,50790,50790,100.0,True,7020351.5,138.22,Standard ($75-$150),4,True,Billboard / Pollstar Boxscores
CNC-0855,Coldplay,Music of the Spheres World Tour,Alternative Rock,Global Mega-Superstar,2025-01-12,2025,1,January,Sunday,True,Winter,Abu Dhabi,United Arab Emirates,Asia,Tier 2 Major Regional Market,24.4539,54.3773,Zayed Sports City Stadium,Stadium,Elyanna Shone,1,50790,51710,98.22,True,7020351.5,138.22,Standard ($75-$150),4,True,Billboard / Pollstar Boxscores
CNC-0856,Coldplay,Music of the Spheres World Tour,Alternative Rock,Global Mega-Superstar,2025-01-14,2025,1,January,Tuesday,False,Winter,Abu Dhabi,United Arab Emirates,Asia,Tier 2 Major Regional Market,24.4539,54.3773,Zayed Sports City Stadium,Stadium,Elyanna Shone,1,50790,52157,97.38,False,7020351.5,138.22,Standard ($75-$150),4,True,Billboard / Pollstar Boxscores
CNC-0857,Coldplay,Music of the Spheres World Tour,Alternative Rock,Global Mega-Superstar,2025-01-18,2025,1,January,Saturday,True,Winter,Navi Mumbai,India,Asia,Tier 1 Global Mega-City,19.076,72.8777,DY Patil Stadium,Stadium,Jasleen Royal Elyanna Shone,1,54570,54570,100.0,True,4273282.67,78.31,Standard ($75-$150),3,True,Billboard / Pollstar Boxscores
CNC-0858,Coldplay,Music of the Spheres World Tour,Alternative Rock,Global Mega-Superstar,2025-01-19,2025,1,January,Sunday,True,Winter,Navi Mumbai,India,Asia,Tier 1 Global Mega-City,19.076,72.8777,DY Patil Stadium,Stadium,Jasleen Royal Elyanna Shone,1,54570,55312,98.66,True,4273282.67,78.31,Standard ($75-$150),3,True,Billboard / Pollstar Boxscores
CNC-0859,Coldplay,Music of the Spheres World Tour,Alternative Rock,Global Mega-Superstar,2025-01-21,2025,1,January,Tuesday,False,Winter,Navi Mumbai,India,Asia,Tier 1 Global Mega-City,19.076,72.8777,DY Patil Stadium,Stadium,Jasleen Royal Elyanna Shone,1,54570,54949,99.31,True,4273282.67,78.31,Standard ($75-$150),3,True,Billboard / Pollstar Boxscores
CNC-0860,Coldplay,Music of the Spheres World Tour,Alternative Rock,Global Mega-Superstar,2025-01-25,2025,1,January,Saturday,True,Winter,Ahmedabad,India,Asia,Tier 2 Major Regional Market,23.0225,72.5714,Narendra Modi Stadium,Stadium,Jasleen Royal Elyanna Shone,1,111785,111785,100.0,True,7848407.0,70.21,Budget (<$75),2,True,Billboard / Pollstar Boxscores
CNC-0861,Coldplay,Music of the Spheres World Tour,Alternative Rock,Global Mega-Superstar,2025-01-26,2025,1,January,Sunday,True,Winter,Ahmedabad,India,Asia,Tier 2 Major Regional Market,23.0225,72.5714,Narendra Modi Stadium,Stadium,Jasleen Royal Elyanna Shone,1,111785,114569,97.57,False,7848407.0,70.21,Budget (<$75),2,True,Billboard / Pollstar Boxscores
CNC-0862,Coldplay,Music of the Spheres World Tour,Alternative Rock,Global Mega-Superstar,2025-04-08,2025,4,April,Tuesday,False,Spring,Hong Kong,China,Asia,Tier 2 Major Regional Market,25.0,100.0,Kai Tak Stadium,Stadium,Marf Elyanna,1,45995,47663,96.5,False,8235314.0,179.05,Premium ($150-$250),4,True,Billboard / Pollstar Boxscores
CNC-0863,Coldplay,Music of the Spheres World Tour,Alternative Rock,Global Mega-Superstar,2025-04-09,2025,4,April,Wednesday,False,Spring,Hong Kong,China,Asia,Tier 2 Major Regional Market,25.0,100.0,Kai Tak Stadium,Stadium,Marf Elyanna,1,45995,50328,91.39,False,8235314.0,179.05,Premium ($150-$250),4,True,Billboard / Pollstar Boxscores
CNC-0864,Coldplay,Music of the Spheres World Tour,Alternative Rock,Global Mega-Superstar,2025-04-11,2025,4,April,Friday,True,Spring,Hong Kong,China,Asia,Tier 2 Major Regional Market,25.0,100.0,Kai Tak Stadium,Stadium,Marf Elyanna,1,45995,47629,96.57,False,8235314.0,179.05,Premium ($150-$250),4,True,Billboard / Pollstar Boxscores
CNC-0865,Coldplay,Music of the Spheres World Tour,Alternative Rock,Global Mega-Superstar,2025-04-12,2025,4,April,Saturday,True,Spring,Hong Kong,China,Asia,Tier 2 Major Regional Market,25.0,100.0,Kai Tak Stadium,Stadium,Marf Elyanna,1,45995,46055,99.87,True,8235314.0,179.05,Premium ($150-$250),4,True,Billboard / Pollstar Boxscores
CNC-0866,Coldplay,Music of the Spheres World Tour,Alternative Rock,Global Mega-Superstar,2025-04-16,2025,4,April,Wednesday,False,Spring,Goyang,South Korea,Asia,Tier 2 Major Regional Market,25.0,100.0,Goyang Stadium,Stadium,Twice Elyanna,1,53052,61602,86.12,False,5741430.17,108.22,Standard ($75-$150),6,True,Billboard / Pollstar Boxscores
CNC-0867,Coldplay,Music of the Spheres World Tour,Alternative Rock,Global Mega-Superstar,2025-04-18,2025,4,April,Friday,True,Spring,Goyang,South Korea,Asia,Tier 2 Major Regional Market,25.0,100.0,Goyang Stadium,Stadium,Twice Elyanna,1,53052,53052,100.0,True,5741430.17,108.22,Standard ($75-$150),6,True,Billboard / Pollstar Boxscores
CNC-0868,Coldplay,Music of the Spheres World Tour,Alternative Rock,Global Mega-Superstar,2025-04-19,2025,4,April,Saturday,True,Spring,Goyang,South Korea,Asia,Tier 2 Major Regional Market,25.0,100.0,Goyang Stadium,Stadium,Twice Elyanna,1,53052,53115,99.88,True,5741430.17,108.22,Standard ($75-$150),6,True,Billboard / Pollstar Boxscores
CNC-0869,Coldplay,Music of the Spheres World Tour,Alternative Rock,Global Mega-Superstar,2025-04-22,2025,4,April,Tuesday,False,Spring,Goyang,South Korea,Asia,Tier 2 Major Regional Market,25.0,100.0,Goyang Stadium,Stadium,Twice Elyanna,1,53052,58985,89.94,False,5741430.17,108.22,Standard ($75-$150),6,True,Billboard / Pollstar Boxscores
CNC-0870,Coldplay,Music of the Spheres World Tour,Alternative Rock,Global Mega-Superstar,2025-04-24,2025,4,April,Thursday,False,Spring,Goyang,South Korea,Asia,Tier 2 Major Regional Market,25.0,100.0,Goyang Stadium,Stadium,Twice Hanroro,1,53052,53052,100.0,True,5741430.17,108.22,Standard ($75-$150),6,True,Billboard / Pollstar Boxscores
CNC-0871,Coldplay,Music of the Spheres World Tour,Alternative Rock,Global Mega-Superstar,2025-04-25,2025,4,April,Friday,True,Spring,Goyang,South Korea,Asia,Tier 2 Major Regional Market,25.0,100.0,Goyang Stadium,Stadium,Twice Hanroro,1,53052,53291,99.55,True,5741430.17,108.22,Standard ($75-$150),6,True,Billboard / Pollstar Boxscores
CNC-0872,Coldplay,Music of the Spheres World Tour,Alternative Rock,Global Mega-Superstar,2025-05-31,2025,5,May,Saturday,True,Spring,Stanford,United States,North America,Tier 2 Major Regional Market,38.0,-97.0,Stanford Stadium,Stadium,Willow Elyanna,1,87068,87068,100.0,True,13349713.0,153.33,Premium ($150-$250),2,True,Billboard / Pollstar Boxscores
CNC-0873,Coldplay,Music of the Spheres World Tour,Alternative Rock,Global Mega-Superstar,2025-06-01,2025,6,June,Sunday,True,Summer,Stanford,United States,North America,Tier 2 Major Regional Market,38.0,-97.0,Stanford Stadium,Stadium,Willow Elyanna,1,87068,87068,100.0,True,13349713.0,153.33,Premium ($150-$250),2,True,Billboard / Pollstar Boxscores
CNC-0874,Coldplay,Music of the Spheres World Tour,Alternative Rock,Global Mega-Superstar,2025-06-06,2025,6,June,Friday,True,Summer,Paradise,United States,North America,Tier 2 Major Regional Market,38.0,-97.0,Allegiant Stadium,Stadium,Willow Elyanna,1,50168,50695,98.96,True,6979991.0,139.13,Standard ($75-$150),2,True,Billboard / Pollstar Boxscores
CNC-0875,Coldplay,Music of the Spheres World Tour,Alternative Rock,Global Mega-Superstar,2025-06-07,2025,6,June,Saturday,True,Summer,Paradise,United States,North America,Tier 2 Major Regional Market,38.0,-97.0,Allegiant Stadium,Stadium,Willow Elyanna,1,50168,50168,100.0,True,6979991.0,139.13,Standard ($75-$150),2,True,Billboard / Pollstar Boxscores
CNC-0876,Coldplay,Music of the Spheres World Tour,Alternative Rock,Global Mega-Superstar,2025-06-10,2025,6,June,Tuesday,False,Summer,Denver,United States,North America,Tier 2 Major Regional Market,39.7392,-104.9903,Empower Field at Mile High,Stadium,Willow Elyanna,1,62580,70078,89.3,False,7827735.0,125.08,Standard ($75-$150),1,False,Billboard / Pollstar Boxscores
CNC-0877,Coldplay,Music of the Spheres World Tour,Alternative Rock,Global Mega-Superstar,2025-06-13,2025,6,June,Friday,True,Summer,El Paso,United States,North America,Tier 2 Major Regional Market,38.0,-97.0,Sun Bowl,Amphitheater / Park,Willow Elyanna Jim Ward,1,93816,94955,98.8,True,11796828.0,125.74,Standard ($75-$150),2,True,Billboard / Pollstar Boxscores
CNC-0878,Coldplay,Music of the Spheres World Tour,Alternative Rock,Global Mega-Superstar,2025-06-14,2025,6,June,Saturday,True,Summer,El Paso,United States,North America,Tier 2 Major Regional Market,38.0,-97.0,Sun Bowl,Amphitheater / Park,Willow Elyanna Jim Ward,1,93816,93816,100.0,True,11796828.0,125.74,Standard ($75-$150),2,True,Billboard / Pollstar Boxscores
CNC-0879,Coldplay,Music of the Spheres World Tour,Alternative Rock,Global Mega-Superstar,2025-07-07,2025,7,July,Monday,False,Summer,Toronto,Canada,North America,Tier 1 Global Mega-City,43.6532,-79.3832,Rogers Stadium,Stadium,Ayra Starr Elyanna,1,51853,51853,100.0,True,6912455.25,133.31,Standard ($75-$150),4,True,Billboard / Pollstar Boxscores
CNC-0880,Coldplay,Music of the Spheres World Tour,Alternative Rock,Global Mega-Superstar,2025-07-08,2025,7,July,Tuesday,False,Summer,Toronto,Canada,North America,Tier 1 Global Mega-City,43.6532,-79.3832,Rogers Stadium,Stadium,Ayra Starr Elyanna,1,51853,54109,95.83,False,6912455.25,133.31,Standard ($75-$150),4,True,Billboard / Pollstar Boxscores
CNC-0881,Coldplay,Music of the Spheres World Tour,Alternative Rock,Global Mega-Superstar,2025-07-11,2025,7,July,Friday,True,Summer,Toronto,Canada,North America,Tier 1 Global Mega-City,43.6532,-79.3832,Rogers Stadium,Stadium,Ayra Starr Elyanna,1,51853,51853,100.0,True,6912455.25,133.31,Standard ($75-$150),4,True,Billboard / Pollstar Boxscores
CNC-0882,Coldplay,Music of the Spheres World Tour,Alternative Rock,Global Mega-Superstar,2025-07-12,2025,7,July,Saturday,True,Summer,Toronto,Canada,North America,Tier 1 Global Mega-City,43.6532,-79.3832,Rogers Stadium,Stadium,Ayra Starr Elyanna,1,51853,51853,100.0,True,6912455.25,133.31,Standard ($75-$150),4,True,Billboard / Pollstar Boxscores
CNC-0883,Coldplay,Music of the Spheres World Tour,Alternative Rock,Global Mega-Superstar,2025-07-15,2025,7,July,Tuesday,False,Summer,Foxborough,United States,North America,Tier 2 Major Regional Market,42.0654,-71.2478,Gillette Stadium,Stadium,Ayra Starr Elyanna,1,56231,59592,94.36,False,7838454.0,139.4,Standard ($75-$150),2,True,Billboard / Pollstar Boxscores
CNC-0884,Coldplay,Music of the Spheres World Tour,Alternative Rock,Global Mega-Superstar,2025-07-16,2025,7,July,Wednesday,False,Summer,Foxborough,United States,North America,Tier 2 Major Regional Market,42.0654,-71.2478,Gillette Stadium,Stadium,Ayra Starr Elyanna,1,56231,65385,86.0,False,7838454.0,139.4,Standard ($75-$150),2,True,Billboard / Pollstar Boxscores
CNC-0885,Coldplay,Music of the Spheres World Tour,Alternative Rock,Global Mega-Superstar,2025-07-19,2025,7,July,Saturday,True,Summer,Madison,United States,North America,Tier 2 Major Regional Market,38.0,-97.0,Camp Randall Stadium,Stadium,Ayra Starr Elyanna Shone,1,58139,58139,100.0,True,7536623.0,129.63,Standard ($75-$150),1,False,Billboard / Pollstar Boxscores
CNC-0886,Coldplay,Music of the Spheres World Tour,Alternative Rock,Global Mega-Superstar,2025-07-22,2025,7,July,Tuesday,False,Summer,Nashville,United States,North America,Tier 2 Major Regional Market,36.1627,-86.7816,Nissan Stadium,Stadium,Ayra Starr Elyanna Bobby Gonz,1,55663,63268,87.98,False,6514557.0,117.04,Standard ($75-$150),1,False,Billboard / Pollstar Boxscores
CNC-0887,Coldplay,Music of the Spheres World Tour,Alternative Rock,Global Mega-Superstar,2025-07-26,2025,7,July,Saturday,True,Summer,Miami Gardens,United States,North America,Tier 2 Major Regional Market,25.7617,-80.1918,Hard Rock Stadium,Stadium,Ayra Starr Elyanna Shone,1,49240,49240,100.0,True,6583696.5,133.7,Standard ($75-$150),2,True,Billboard / Pollstar Boxscores
CNC-0888,Coldplay,Music of the Spheres World Tour,Alternative Rock,Global Mega-Superstar,2025-07-27,2025,7,July,Sunday,True,Summer,Miami Gardens,United States,North America,Tier 2 Major Regional Market,25.7617,-80.1918,Hard Rock Stadium,Stadium,Ayra Starr Elyanna Shone,1,49240,52306,94.14,False,6583696.5,133.7,Standard ($75-$150),2,True,Billboard / Pollstar Boxscores
CNC-0889,Coldplay,Music of the Spheres World Tour,Alternative Rock,Global Mega-Superstar,2025-08-18,2025,8,August,Monday,False,Summer,Kingston upon Hull,England,Europe,Tier 2 Major Regional Market,50.0,10.0,Craven Park,Stadium,Ayra Starr Chiedu Oraka,1,46000,46018,99.96,True,6495710.0,141.21,Standard ($75-$150),2,True,Billboard / Pollstar Boxscores
CNC-0890,Coldplay,Music of the Spheres World Tour,Alternative Rock,Global Mega-Superstar,2025-08-19,2025,8,August,Tuesday,False,Summer,Kingston upon Hull,England,Europe,Tier 2 Major Regional Market,50.0,10.0,Craven Park,Stadium,Ayra Starr Chiedu Oraka,1,46000,51425,89.45,False,6495710.0,141.21,Standard ($75-$150),2,True,Billboard / Pollstar Boxscores
CNC-0891,Coldplay,Music of the Spheres World Tour,Alternative Rock,Global Mega-Superstar,2025-08-22,2025,8,August,Friday,True,Summer,London,United Kingdom,Europe,Tier 1 Global Mega-City,51.5074,-0.1278,Wembley Stadium,Stadium,Ayra Starr Elyanna Gustavo Dudamel,1,49438,50180,98.52,True,8211839.38,166.11,Premium ($150-$250),16,True,Billboard / Pollstar Boxscores
CNC-0892,Coldplay,Music of the Spheres World Tour,Alternative Rock,Global Mega-Superstar,2025-08-23,2025,8,August,Saturday,True,Summer,London,United Kingdom,Europe,Tier 1 Global Mega-City,51.5074,-0.1278,Wembley Stadium,Stadium,Ayra Starr Elyanna Gustavo Dudamel,1,49438,49438,100.0,True,8211839.38,166.11,Premium ($150-$250),16,True,Billboard / Pollstar Boxscores
CNC-0893,Coldplay,Music of the Spheres World Tour,Alternative Rock,Global Mega-Superstar,2025-08-26,2025,8,August,Tuesday,False,Summer,London,United Kingdom,Europe,Tier 1 Global Mega-City,51.5074,-0.1278,Wembley Stadium,Stadium,Elyanna Chloe Qisha Gustavo Dudamel,1,49438,55881,88.47,False,8211839.38,166.11,Premium ($150-$250),16,True,Billboard / Pollstar Boxscores
CNC-0894,Coldplay,Music of the Spheres World Tour,Alternative Rock,Global Mega-Superstar,2025-08-27,2025,8,August,Wednesday,False,Summer,London,United Kingdom,Europe,Tier 1 Global Mega-City,51.5074,-0.1278,Wembley Stadium,Stadium,Elyanna Chloe Qisha Gustavo Dudamel,1,49438,54973,89.93,False,8211839.38,166.11,Premium ($150-$250),16,True,Billboard / Pollstar Boxscores
CNC-0895,Coldplay,Music of the Spheres World Tour,Alternative Rock,Global Mega-Superstar,2025-08-30,2025,8,August,Saturday,True,Summer,London,United Kingdom,Europe,Tier 1 Global Mega-City,51.5074,-0.1278,Wembley Stadium,Stadium,Beabadoobee Elyanna Gustavo Dudamel,1,49438,49438,100.0,True,8211839.38,166.11,Premium ($150-$250),16,True,Billboard / Pollstar Boxscores
CNC-0896,Coldplay,Music of the Spheres World Tour,Alternative Rock,Global Mega-Superstar,2025-08-31,2025,8,August,Sunday,True,Summer,London,United Kingdom,Europe,Tier 1 Global Mega-City,51.5074,-0.1278,Wembley Stadium,Stadium,Beabadoobee Elyanna Gustavo Dudamel,1,49438,49438,100.0,True,8211839.38,166.11,Premium ($150-$250),16,True,Billboard / Pollstar Boxscores
CNC-0897,Coldplay,Music of the Spheres World Tour,Alternative Rock,Global Mega-Superstar,2025-09-03,2025,9,September,Wednesday,False,Fall,London,United Kingdom,Europe,Tier 1 Global Mega-City,51.5074,-0.1278,Wembley Stadium,Stadium,Tems Elyanna Gustavo Dudamel,1,49438,55330,89.35,False,8211839.38,166.11,Premium ($150-$250),16,True,Billboard / Pollstar Boxscores
CNC-0898,Coldplay,Music of the Spheres World Tour,Alternative Rock,Global Mega-Superstar,2025-09-04,2025,9,September,Thursday,False,Fall,London,United Kingdom,Europe,Tier 1 Global Mega-City,51.5074,-0.1278,Wembley Stadium,Stadium,Tems Elyanna Gustavo Dudamel,1,49438,52999,93.28,False,8211839.38,166.11,Premium ($150-$250),16,True,Billboard / Pollstar Boxscores
CNC-0899,Coldplay,Music of the Spheres World Tour,Alternative Rock,Global Mega-Superstar,2025-09-06,2025,9,September,Saturday,True,Fall,London,United Kingdom,Europe,Tier 1 Global Mega-City,51.5074,-0.1278,Wembley Stadium,Stadium,Tems Elyanna Gustavo Dudamel,1,49438,49756,99.36,True,8211839.38,166.11,Premium ($150-$250),16,True,Billboard / Pollstar Boxscores
CNC-0900,Coldplay,Music of the Spheres World Tour,Alternative Rock,Global Mega-Superstar,2025-09-12,2025,9,September,Friday,True,Fall,London,United Kingdom,Europe,Tier 1 Global Mega-City,51.5074,-0.1278,Wembley Stadium,Stadium,Elyanna Chloe Qisha Andrés Ascanio,1,49438,49438,100.0,True,8211839.38,166.11,Premium ($150-$250),16,True,Billboard / Pollstar Boxscores
CNC-0901,Beyonce,Renaissance World Tour,R&B / Pop,Global Mega-Superstar,2023-05-10,2023,5,May,Wednesday,False,Spring,Stockholm,Sweden,Europe,Tier 2 Major Regional Market,59.3293,18.0686,Friends Arena,Arena,nan,1,90169,98042,91.97,False,9802155.0,108.71,Standard ($75-$150),2,True,Billboard / Pollstar Boxscores
CNC-0902,Beyonce,Renaissance World Tour,R&B / Pop,Global Mega-Superstar,2023-05-11,2023,5,May,Thursday,False,Spring,Stockholm,Sweden,Europe,Tier 2 Major Regional Market,59.3293,18.0686,Friends Arena,Arena,nan,1,90169,94705,95.21,False,9802155.0,108.71,Standard ($75-$150),2,True,Billboard / Pollstar Boxscores
CNC-0903,Beyonce,Renaissance World Tour,R&B / Pop,Global Mega-Superstar,2023-05-14,2023,5,May,Sunday,True,Spring,Brussels,Belgium,Europe,Tier 2 Major Regional Market,50.8503,4.3517,King Baudouin Stadium,Stadium,nan,1,53062,55302,95.95,False,6529627.0,123.06,Standard ($75-$150),1,False,Billboard / Pollstar Boxscores
CNC-0904,Beyonce,Renaissance World Tour,R&B / Pop,Global Mega-Superstar,2023-05-17,2023,5,May,Wednesday,False,Spring,Cardiff,United Kingdom,Europe,Tier 2 Major Regional Market,51.4816,-3.1791,Principality Stadium,Stadium,nan,1,52756,62492,84.42,False,6967662.0,132.07,Standard ($75-$150),1,False,Billboard / Pollstar Boxscores
CNC-0905,Beyonce,Renaissance World Tour,R&B / Pop,Global Mega-Superstar,2023-05-20,2023,5,May,Saturday,True,Spring,Edinburgh,United Kingdom,Europe,Tier 2 Major Regional Market,55.9533,-3.1883,BT Murrayfield Stadium,Stadium,nan,1,55834,56719,98.44,True,7872596.0,141.0,Standard ($75-$150),1,False,Billboard / Pollstar Boxscores
CNC-0906,Beyonce,Renaissance World Tour,R&B / Pop,Global Mega-Superstar,2023-05-23,2023,5,May,Tuesday,False,Spring,Sunderland,England,Europe,Tier 2 Major Regional Market,50.0,10.0,Stadium of Light,Stadium,nan,1,44790,54127,82.75,False,6217446.0,138.81,Standard ($75-$150),1,False,Billboard / Pollstar Boxscores
CNC-0907,Beyonce,Renaissance World Tour,R&B / Pop,Global Mega-Superstar,2023-05-26,2023,5,May,Friday,True,Spring,Saint-Denis,France,Europe,Tier 1 Global Mega-City,48.9362,2.3574,Stade de France,Stadium,nan,1,68624,68624,100.0,True,9402605.0,137.02,Standard ($75-$150),1,False,Billboard / Pollstar Boxscores
CNC-0908,Beyonce,Renaissance World Tour,R&B / Pop,Global Mega-Superstar,2023-05-29,2023,5,May,Monday,False,Spring,London,United Kingdom,Europe,Tier 1 Global Mega-City,51.5074,-0.1278,Tottenham Hotspur Stadium,Stadium,nan,1,48066,48066,100.0,True,7797233.8,162.22,Premium ($150-$250),5,True,Billboard / Pollstar Boxscores
CNC-0909,Beyonce,Renaissance World Tour,R&B / Pop,Global Mega-Superstar,2023-05-30,2023,5,May,Tuesday,False,Spring,London,United Kingdom,Europe,Tier 1 Global Mega-City,51.5074,-0.1278,Tottenham Hotspur Stadium,Stadium,nan,1,48066,49132,97.83,False,7797233.8,162.22,Premium ($150-$250),5,True,Billboard / Pollstar Boxscores
CNC-0910,Beyonce,Renaissance World Tour,R&B / Pop,Global Mega-Superstar,2023-06-01,2023,6,June,Thursday,False,Summer,London,United Kingdom,Europe,Tier 1 Global Mega-City,51.5074,-0.1278,Tottenham Hotspur Stadium,Stadium,nan,1,48066,48066,100.0,True,7797233.8,162.22,Premium ($150-$250),5,True,Billboard / Pollstar Boxscores
CNC-0911,Beyonce,Renaissance World Tour,R&B / Pop,Global Mega-Superstar,2023-06-03,2023,6,June,Saturday,True,Summer,London,United Kingdom,Europe,Tier 1 Global Mega-City,51.5074,-0.1278,Tottenham Hotspur Stadium,Stadium,nan,1,48066,48066,100.0,True,7797233.8,162.22,Premium ($150-$250),5,True,Billboard / Pollstar Boxscores
CNC-0912,Beyonce,Renaissance World Tour,R&B / Pop,Global Mega-Superstar,2023-06-04,2023,6,June,Sunday,True,Summer,London,United Kingdom,Europe,Tier 1 Global Mega-City,51.5074,-0.1278,Tottenham Hotspur Stadium,Stadium,nan,1,48066,49882,96.36,False,7797233.8,162.22,Premium ($150-$250),5,True,Billboard / Pollstar Boxscores
CNC-0913,Beyonce,Renaissance World Tour,R&B / Pop,Global Mega-Superstar,2023-06-08,2023,6,June,Thursday,False,Summer,Barcelona,Spain,Europe,Tier 2 Major Regional Market,41.3879,2.1699,Estadi Olímpic Lluís Companys,Arena,nan,1,52889,55422,95.43,False,6694569.0,126.58,Standard ($75-$150),1,False,Billboard / Pollstar Boxscores
CNC-0914,Beyonce,Renaissance World Tour,R&B / Pop,Global Mega-Superstar,2023-06-11,2023,6,June,Sunday,True,Summer,Marseille,France,Europe,Tier 2 Major Regional Market,50.0,10.0,Orange Vélodrome,Arena,nan,1,56352,61553,91.55,False,7070570.0,125.47,Standard ($75-$150),1,False,Billboard / Pollstar Boxscores
CNC-0915,Beyonce,Renaissance World Tour,R&B / Pop,Global Mega-Superstar,2023-06-15,2023,6,June,Thursday,False,Summer,Cologne,Germany,Europe,Tier 2 Major Regional Market,50.9375,6.9603,RheinEnergieStadion,Stadium,nan,1,41166,44726,92.04,False,5437729.0,132.09,Standard ($75-$150),1,False,Billboard / Pollstar Boxscores
CNC-0916,Beyonce,Renaissance World Tour,R&B / Pop,Global Mega-Superstar,2023-06-17,2023,6,June,Saturday,True,Summer,Amsterdam,Netherlands,Europe,Tier 1 Global Mega-City,52.3676,4.9041,Johan Cruyff Arena,Arena,nan,1,48828,48828,100.0,True,6408788.5,131.25,Standard ($75-$150),2,True,Billboard / Pollstar Boxscores
CNC-0917,Beyonce,Renaissance World Tour,R&B / Pop,Global Mega-Superstar,2023-06-18,2023,6,June,Sunday,True,Summer,Amsterdam,Netherlands,Europe,Tier 1 Global Mega-City,52.3676,4.9041,Johan Cruyff Arena,Arena,nan,1,48828,48828,100.0,True,6408788.5,131.25,Standard ($75-$150),2,True,Billboard / Pollstar Boxscores
CNC-0918,Beyonce,Renaissance World Tour,R&B / Pop,Global Mega-Superstar,2023-06-21,2023,6,June,Wednesday,False,Summer,Hamburg,Germany,Europe,Tier 2 Major Regional Market,53.5511,9.9937,Volksparkstadion,Stadium,nan,1,43335,49931,86.79,False,5757020.0,132.85,Standard ($75-$150),1,False,Billboard / Pollstar Boxscores
CNC-0919,Beyonce,Renaissance World Tour,R&B / Pop,Global Mega-Superstar,2023-06-24,2023,6,June,Saturday,True,Summer,Frankfurt,Germany,Europe,Tier 2 Major Regional Market,50.1109,8.6821,Deutsche Bank Park,Stadium,nan,1,42280,44482,95.05,False,5852675.0,138.43,Standard ($75-$150),1,False,Billboard / Pollstar Boxscores
CNC-0920,Beyonce,Renaissance World Tour,R&B / Pop,Global Mega-Superstar,2023-06-27,2023,6,June,Tuesday,False,Summer,Warsaw,Poland,Europe,Tier 2 Major Regional Market,52.2297,21.0122,PGE Narodowy,Arena,nan,1,54070,65907,82.04,False,6189029.0,114.46,Standard ($75-$150),2,True,Billboard / Pollstar Boxscores
CNC-0921,Beyonce,Renaissance World Tour,R&B / Pop,Global Mega-Superstar,2023-06-28,2023,6,June,Wednesday,False,Summer,Warsaw,Poland,Europe,Tier 2 Major Regional Market,52.2297,21.0122,PGE Narodowy,Arena,nan,1,54070,59035,91.59,False,6189029.0,114.46,Standard ($75-$150),2,True,Billboard / Pollstar Boxscores
CNC-0922,Beyonce,Renaissance World Tour,R&B / Pop,Global Mega-Superstar,2023-07-08,2023,7,July,Saturday,True,Summer,Toronto,Canada,North America,Tier 1 Global Mega-City,43.6532,-79.3832,Rogers Centre,Arena,nan,1,76577,76577,100.0,True,18340330.0,239.5,Premium ($150-$250),2,True,Billboard / Pollstar Boxscores
CNC-0923,Beyonce,Renaissance World Tour,R&B / Pop,Global Mega-Superstar,2023-07-09,2023,7,July,Sunday,True,Summer,Toronto,Canada,North America,Tier 1 Global Mega-City,43.6532,-79.3832,Rogers Centre,Arena,nan,1,76577,81103,94.42,False,18340330.0,239.5,Premium ($150-$250),2,True,Billboard / Pollstar Boxscores
CNC-0924,Beyonce,Renaissance World Tour,R&B / Pop,Global Mega-Superstar,2023-07-12,2023,7,July,Wednesday,False,Summer,Philadelphia,United States,North America,Tier 2 Major Regional Market,39.9526,-75.1652,Lincoln Financial Field,Stadium,nan,1,52181,61855,84.36,False,11976831.0,229.52,Premium ($150-$250),1,False,Billboard / Pollstar Boxscores
CNC-0925,Beyonce,Renaissance World Tour,R&B / Pop,Global Mega-Superstar,2023-07-15,2023,7,July,Saturday,True,Summer,Nashville,United States,North America,Tier 2 Major Regional Market,36.1627,-86.7816,Nissan Stadium,Stadium,nan,1,44742,48691,91.89,False,9412176.0,210.37,Premium ($150-$250),1,False,Billboard / Pollstar Boxscores
CNC-0926,Beyonce,Renaissance World Tour,R&B / Pop,Global Mega-Superstar,2023-07-17,2023,7,July,Monday,False,Summer,Louisville,United States,North America,Tier 2 Major Regional Market,38.0,-97.0,L&N Federal Credit Union Stadium,Stadium,nan,1,41818,43724,95.64,False,6450896.0,154.26,Premium ($150-$250),1,False,Billboard / Pollstar Boxscores
CNC-0927,Beyonce,Renaissance World Tour,R&B / Pop,Global Mega-Superstar,2023-07-20,2023,7,July,Thursday,False,Summer,Minneapolis,United States,North America,Tier 2 Major Regional Market,44.9778,-93.265,Huntington Bank Stadium,Stadium,nan,1,39415,41032,96.06,False,8217178.0,208.48,Premium ($150-$250),1,False,Billboard / Pollstar Boxscores
CNC-0928,Beyonce,Renaissance World Tour,R&B / Pop,Global Mega-Superstar,2023-07-22,2023,7,July,Saturday,True,Summer,Chicago,United States,North America,Tier 1 Global Mega-City,41.8781,-87.6298,Soldier Field,Stadium,nan,1,48843,48843,100.0,True,15057931.5,308.29,VIP / Luxury (>$250),2,True,Billboard / Pollstar Boxscores
CNC-0929,Beyonce,Renaissance World Tour,R&B / Pop,Global Mega-Superstar,2023-07-23,2023,7,July,Sunday,True,Summer,Chicago,United States,North America,Tier 1 Global Mega-City,41.8781,-87.6298,Soldier Field,Stadium,nan,1,48843,53480,91.33,False,15057931.5,308.29,VIP / Luxury (>$250),2,True,Billboard / Pollstar Boxscores
CNC-0930,Beyonce,Renaissance World Tour,R&B / Pop,Global Mega-Superstar,2023-07-26,2023,7,July,Wednesday,False,Summer,Detroit,United States,North America,Tier 2 Major Regional Market,42.3314,-83.0458,Ford Field,Stadium,nan,1,44554,56120,79.39,False,9963756.0,223.63,Premium ($150-$250),1,False,Billboard / Pollstar Boxscores
CNC-0931,Beyonce,Renaissance World Tour,R&B / Pop,Global Mega-Superstar,2023-07-29,2023,7,July,Saturday,True,Summer,East Rutherford,United States,North America,Tier 1 Global Mega-City,40.8128,-74.0742,MetLife Stadium,Stadium,nan,1,53028,53028,100.0,True,16541498.5,311.94,VIP / Luxury (>$250),2,True,Billboard / Pollstar Boxscores
CNC-0932,Beyonce,Renaissance World Tour,R&B / Pop,Global Mega-Superstar,2023-07-30,2023,7,July,Sunday,True,Summer,East Rutherford,United States,North America,Tier 1 Global Mega-City,40.8128,-74.0742,MetLife Stadium,Stadium,nan,1,53028,54028,98.15,True,16541498.5,311.94,VIP / Luxury (>$250),2,True,Billboard / Pollstar Boxscores
CNC-0933,Beyonce,Renaissance World Tour,R&B / Pop,Global Mega-Superstar,2023-08-01,2023,8,August,Tuesday,False,Summer,Foxborough,United States,North America,Tier 2 Major Regional Market,42.0654,-71.2478,Gillette Stadium,Stadium,nan,1,49740,57844,85.99,False,13801160.0,277.47,VIP / Luxury (>$250),1,False,Billboard / Pollstar Boxscores
CNC-0934,Beyonce,Renaissance World Tour,R&B / Pop,Global Mega-Superstar,2023-08-05,2023,8,August,Saturday,True,Summer,Landover,United States,North America,Tier 2 Major Regional Market,38.934,-76.8964,FedExField,Stadium,nan,1,48954,55341,88.46,False,14696149.5,300.2,VIP / Luxury (>$250),2,True,Billboard / Pollstar Boxscores
CNC-0935,Beyonce,Renaissance World Tour,R&B / Pop,Global Mega-Superstar,2023-08-06,2023,8,August,Sunday,True,Summer,Landover,United States,North America,Tier 2 Major Regional Market,38.934,-76.8964,FedExField,Stadium,nan,1,48954,59905,81.72,False,14696149.5,300.2,VIP / Luxury (>$250),2,True,Billboard / Pollstar Boxscores
CNC-0936,Beyonce,Renaissance World Tour,R&B / Pop,Global Mega-Superstar,2023-08-09,2023,8,August,Wednesday,False,Summer,Charlotte,United States,North America,Tier 2 Major Regional Market,38.0,-97.0,Bank of America Stadium,Stadium,nan,1,53612,64515,83.1,False,12227012.0,228.06,Premium ($150-$250),1,False,Billboard / Pollstar Boxscores
CNC-0937,Beyonce,Renaissance World Tour,R&B / Pop,Global Mega-Superstar,2023-08-11,2023,8,August,Friday,True,Summer,Atlanta,United States,North America,Tier 2 Major Regional Market,33.749,-84.388,Mercedes-Benz Stadium,Stadium,nan,1,52106,52184,99.85,True,13283296.67,254.93,VIP / Luxury (>$250),3,True,Billboard / Pollstar Boxscores
CNC-0938,Beyonce,Renaissance World Tour,R&B / Pop,Global Mega-Superstar,2023-08-12,2023,8,August,Saturday,True,Summer,Atlanta,United States,North America,Tier 2 Major Regional Market,33.749,-84.388,Mercedes-Benz Stadium,Stadium,nan,1,52106,52106,100.0,True,13283296.67,254.93,VIP / Luxury (>$250),3,True,Billboard / Pollstar Boxscores
CNC-0939,Beyonce,Renaissance World Tour,R&B / Pop,Global Mega-Superstar,2023-08-14,2023,8,August,Monday,False,Summer,Atlanta,United States,North America,Tier 2 Major Regional Market,33.749,-84.388,Mercedes-Benz Stadium,Stadium,nan,1,52106,58790,88.63,False,13283296.67,254.93,VIP / Luxury (>$250),3,True,Billboard / Pollstar Boxscores
CNC-0940,Beyonce,Renaissance World Tour,R&B / Pop,Global Mega-Superstar,2023-08-16,2023,8,August,Wednesday,False,Summer,Tampa,United States,North America,Tier 2 Major Regional Market,27.9506,-82.4572,Raymond James Stadium,Stadium,nan,1,55408,66151,83.76,False,13158166.0,237.48,Premium ($150-$250),1,False,Billboard / Pollstar Boxscores
CNC-0941,Beyonce,Renaissance World Tour,R&B / Pop,Global Mega-Superstar,2023-08-18,2023,8,August,Friday,True,Summer,Miami Gardens,United States,North America,Tier 2 Major Regional Market,25.7617,-80.1918,Hard Rock Stadium,Stadium,nan,1,47487,54445,87.22,False,14362704.0,302.46,VIP / Luxury (>$250),1,False,Billboard / Pollstar Boxscores
CNC-0942,Beyonce,Renaissance World Tour,R&B / Pop,Global Mega-Superstar,2023-08-21,2023,8,August,Monday,False,Summer,St. Louis,United States,North America,Tier 2 Major Regional Market,38.0,-97.0,The Dome at America's Center,Stadium,nan,1,45836,46192,99.23,True,7064451.0,154.12,Premium ($150-$250),1,False,Billboard / Pollstar Boxscores
CNC-0943,Beyonce,Renaissance World Tour,R&B / Pop,Global Mega-Superstar,2023-08-24,2023,8,August,Thursday,False,Summer,Glendale,United States,North America,Tier 2 Major Regional Market,33.5387,-112.186,State Farm Stadium,Stadium,nan,1,54705,59507,91.93,False,8226165.0,150.37,Premium ($150-$250),1,False,Billboard / Pollstar Boxscores
CNC-0944,Beyonce,Renaissance World Tour,R&B / Pop,Global Mega-Superstar,2023-08-26,2023,8,August,Saturday,True,Summer,Paradise,United States,North America,Tier 2 Major Regional Market,38.0,-97.0,Allegiant Stadium,Stadium,nan,1,86465,86882,99.52,True,25784512.0,298.21,VIP / Luxury (>$250),2,True,Billboard / Pollstar Boxscores
CNC-0945,Beyonce,Renaissance World Tour,R&B / Pop,Global Mega-Superstar,2023-08-27,2023,8,August,Sunday,True,Summer,Paradise,United States,North America,Tier 2 Major Regional Market,38.0,-97.0,Allegiant Stadium,Stadium,nan,1,86465,93043,92.93,False,25784512.0,298.21,VIP / Luxury (>$250),2,True,Billboard / Pollstar Boxscores
CNC-0946,Beyonce,Renaissance World Tour,R&B / Pop,Global Mega-Superstar,2023-08-30,2023,8,August,Wednesday,False,Summer,Santa Clara,United States,North America,Tier 2 Major Regional Market,37.3541,-121.9552,Levi's Stadium,Stadium,nan,1,49613,63137,78.58,False,15402846.0,310.46,VIP / Luxury (>$250),1,False,Billboard / Pollstar Boxscores
CNC-0947,Beyonce,Renaissance World Tour,R&B / Pop,Global Mega-Superstar,2023-09-01,2023,9,September,Friday,True,Fall,Inglewood,United States,North America,Tier 1 Global Mega-City,33.9575,-118.3429,SoFi Stadium,Stadium,nan,1,51856,51856,100.0,True,15180134.0,292.74,VIP / Luxury (>$250),3,True,Billboard / Pollstar Boxscores
CNC-0948,Beyonce,Renaissance World Tour,R&B / Pop,Global Mega-Superstar,2023-09-02,2023,9,September,Saturday,True,Fall,Inglewood,United States,North America,Tier 1 Global Mega-City,33.9575,-118.3429,SoFi Stadium,Stadium,nan,1,51856,51856,100.0,True,15180134.0,292.74,VIP / Luxury (>$250),3,True,Billboard / Pollstar Boxscores
CNC-0949,Beyonce,Renaissance World Tour,R&B / Pop,Global Mega-Superstar,2023-09-04,2023,9,September,Monday,False,Fall,Inglewood,United States,North America,Tier 1 Global Mega-City,33.9575,-118.3429,SoFi Stadium,Stadium,nan,1,51856,52592,98.6,True,15180134.0,292.74,VIP / Luxury (>$250),3,True,Billboard / Pollstar Boxscores
CNC-0950,Beyonce,Renaissance World Tour,R&B / Pop,Global Mega-Superstar,2023-09-11,2023,9,September,Monday,False,Fall,Vancouver,Canada,North America,Tier 2 Major Regional Market,49.2827,-123.1207,BC Place,Arena,nan,1,38342,42176,90.91,False,7923348.0,206.65,Premium ($150-$250),1,False,Billboard / Pollstar Boxscores
CNC-0951,Beyonce,Renaissance World Tour,R&B / Pop,Global Mega-Superstar,2023-09-14,2023,9,September,Thursday,False,Fall,Seattle,United States,North America,Tier 2 Major Regional Market,47.6062,-122.3321,Lumen Field,Stadium,nan,1,56763,65282,86.95,False,12459518.0,219.5,Premium ($150-$250),1,False,Billboard / Pollstar Boxscores
CNC-0952,Beyonce,Renaissance World Tour,R&B / Pop,Global Mega-Superstar,2023-09-21,2023,9,September,Thursday,False,Fall,Arlington,United States,North America,Tier 2 Major Regional Market,32.7357,-97.1081,AT&T Stadium,Stadium,nan,1,52953,58850,89.98,False,13849491.0,261.54,VIP / Luxury (>$250),1,False,Billboard / Pollstar Boxscores
CNC-0953,Beyonce,Renaissance World Tour,R&B / Pop,Global Mega-Superstar,2023-09-23,2023,9,September,Saturday,True,Fall,Houston,United States,North America,Tier 2 Major Regional Market,29.7604,-95.3698,NRG Stadium,Stadium,nan,1,61654,68179,90.43,False,15666166.0,254.1,VIP / Luxury (>$250),2,True,Billboard / Pollstar Boxscores
CNC-0954,Beyonce,Renaissance World Tour,R&B / Pop,Global Mega-Superstar,2023-09-24,2023,9,September,Sunday,True,Fall,Houston,United States,North America,Tier 2 Major Regional Market,29.7604,-95.3698,NRG Stadium,Stadium,nan,1,61654,68895,89.49,False,15666166.0,254.1,VIP / Luxury (>$250),2,True,Billboard / Pollstar Boxscores
CNC-0955,Beyonce,Renaissance World Tour,R&B / Pop,Global Mega-Superstar,2023-09-27,2023,9,September,Wednesday,False,Fall,New Orleans,United States,North America,Tier 2 Major Regional Market,29.9511,-90.0715,Caesars Superdome,Stadium,nan,1,49265,58852,83.71,False,10802708.0,219.28,Premium ($150-$250),1,False,Billboard / Pollstar Boxscores
CNC-0956,Beyonce,Renaissance World Tour,R&B / Pop,Global Mega-Superstar,2023-10-01,2023,10,October,Sunday,True,Fall,Kansas City,United States,North America,Tier 3 Emerging / Secondary Market,39.0997,-94.5786,GEHA Field at Arrowhead Stadium,Stadium,nan,1,53150,59565,89.23,False,9290057.0,174.79,Premium ($150-$250),1,False,Billboard / Pollstar Boxscores
CNC-0957,Harry Styles,Love on Tour,Pop Rock,Stadium Headliner,2021-09-04,2021,9,September,Saturday,True,Fall,Paradise,United States,North America,Tier 2 Major Regional Market,38.0,-97.0,MGM Grand Garden Arena,Arena,Jenny Lewis,1,13413,14869,90.21,False,1686284.0,125.72,Standard ($75-$150),1,False,Billboard / Pollstar Boxscores
CNC-0958,Harry Styles,Love on Tour,Pop Rock,Stadium Headliner,2021-09-07,2021,9,September,Tuesday,False,Fall,Denver,United States,North America,Tier 2 Major Regional Market,39.7392,-104.9903,Ball Arena,Arena,Jenny Lewis,1,17347,21654,80.11,False,1863008.0,107.4,Standard ($75-$150),1,False,Billboard / Pollstar Boxscores
CNC-0959,Harry Styles,Love on Tour,Pop Rock,Stadium Headliner,2021-09-09,2021,9,September,Thursday,False,Fall,San Antonio,United States,North America,Tier 2 Major Regional Market,38.0,-97.0,AT&T Center,Arena,Jenny Lewis,1,17298,20704,83.55,False,2131207.0,123.21,Standard ($75-$150),1,False,Billboard / Pollstar Boxscores
CNC-0960,Harry Styles,Love on Tour,Pop Rock,Stadium Headliner,2021-09-11,2021,9,September,Saturday,True,Fall,Dallas,United States,North America,Tier 2 Major Regional Market,32.7767,-96.797,American Airlines Center,Arena,Jenny Lewis,1,17682,19454,90.89,False,2193709.0,124.06,Standard ($75-$150),1,False,Billboard / Pollstar Boxscores
CNC-0961,Harry Styles,Love on Tour,Pop Rock,Stadium Headliner,2021-09-15,2021,9,September,Wednesday,False,Fall,St. Louis,United States,North America,Tier 2 Major Regional Market,38.0,-97.0,Enterprise Center,Arena,Jenny Lewis,1,17171,22028,77.95,False,2745557.0,159.89,Premium ($150-$250),1,False,Billboard / Pollstar Boxscores
CNC-0962,Harry Styles,Love on Tour,Pop Rock,Stadium Headliner,2021-09-17,2021,9,September,Friday,True,Fall,Philadelphia,United States,North America,Tier 2 Major Regional Market,39.9526,-75.1652,Wells Fargo Center,Arena,Jenny Lewis,1,18995,21816,87.07,False,2319947.0,122.13,Standard ($75-$150),1,False,Billboard / Pollstar Boxscores
CNC-0963,Harry Styles,Love on Tour,Pop Rock,Stadium Headliner,2021-09-18,2021,9,September,Saturday,True,Fall,"Washington, D.C.",United States,North America,Tier 1 Global Mega-City,38.9072,-77.0369,Capital One Arena,Arena,Jenny Lewis,1,18903,20621,91.67,False,2753018.0,145.64,Standard ($75-$150),1,False,Billboard / Pollstar Boxscores
CNC-0964,Harry Styles,Love on Tour,Pop Rock,Stadium Headliner,2021-09-20,2021,9,September,Monday,False,Fall,Detroit,United States,North America,Tier 2 Major Regional Market,42.3314,-83.0458,Little Caesars Arena,Arena,Jenny Lewis,1,18204,21052,86.47,False,2281394.0,125.32,Standard ($75-$150),1,False,Billboard / Pollstar Boxscores
CNC-0965,Harry Styles,Love on Tour,Pop Rock,Stadium Headliner,2021-09-22,2021,9,September,Wednesday,False,Fall,Saint Paul,United States,North America,Tier 2 Major Regional Market,38.0,-97.0,Xcel Energy Center,Arena,Jenny Lewis,1,18114,23992,75.5,False,2241288.0,123.73,Standard ($75-$150),1,False,Billboard / Pollstar Boxscores
CNC-0966,Harry Styles,Love on Tour,Pop Rock,Stadium Headliner,2021-09-24,2021,9,September,Friday,True,Fall,Chicago,United States,North America,Tier 1 Global Mega-City,41.8781,-87.6298,United Center,Arena,Jenny Lewis,1,39387,44581,88.35,False,4750594.0,120.61,Standard ($75-$150),8,True,Billboard / Pollstar Boxscores
CNC-0967,Harry Styles,Love on Tour,Pop Rock,Stadium Headliner,2021-09-25,2021,9,September,Saturday,True,Fall,Chicago,United States,North America,Tier 1 Global Mega-City,41.8781,-87.6298,United Center,Arena,Jenny Lewis,1,39387,44824,87.87,False,4750594.0,120.61,Standard ($75-$150),8,True,Billboard / Pollstar Boxscores
CNC-0968,Harry Styles,Love on Tour,Pop Rock,Stadium Headliner,2021-09-29,2021,9,September,Wednesday,False,Fall,Nashville,United States,North America,Tier 2 Major Regional Market,36.1627,-86.7816,Bridgestone Arena,Arena,Jenny Lewis,1,32627,39916,81.74,False,4464889.0,136.85,Standard ($75-$150),2,True,Billboard / Pollstar Boxscores
CNC-0969,Harry Styles,Love on Tour,Pop Rock,Stadium Headliner,2021-10-01,2021,10,October,Friday,True,Fall,Nashville,United States,North America,Tier 2 Major Regional Market,36.1627,-86.7816,Bridgestone Arena,Arena,Jenny Lewis,1,32627,37254,87.58,False,4464889.0,136.85,Standard ($75-$150),2,True,Billboard / Pollstar Boxscores
CNC-0970,Harry Styles,Love on Tour,Pop Rock,Stadium Headliner,2021-10-03,2021,10,October,Sunday,True,Fall,New York City,United States,North America,Tier 1 Global Mega-City,40.7128,-74.006,Madison Square Garden,Arena,Jenny Lewis,1,56392,64803,87.02,False,8099555.0,143.63,Standard ($75-$150),19,True,Billboard / Pollstar Boxscores
CNC-0971,Harry Styles,Love on Tour,Pop Rock,Stadium Headliner,2021-10-04,2021,10,October,Monday,False,Fall,New York City,United States,North America,Tier 1 Global Mega-City,40.7128,-74.006,Madison Square Garden,Arena,Jenny Lewis,1,56392,66461,84.85,False,8099555.0,143.63,Standard ($75-$150),19,True,Billboard / Pollstar Boxscores
CNC-0972,Harry Styles,Love on Tour,Pop Rock,Stadium Headliner,2021-10-07,2021,10,October,Thursday,False,Fall,Orlando,United States,North America,Tier 2 Major Regional Market,38.0,-97.0,Amway Center,Arena,Jenny Lewis,1,16898,19077,88.58,False,1904939.0,112.73,Standard ($75-$150),1,False,Billboard / Pollstar Boxscores
CNC-0973,Harry Styles,Love on Tour,Pop Rock,Stadium Headliner,2021-10-08,2021,10,October,Friday,True,Fall,Sunrise,United States,North America,Tier 2 Major Regional Market,38.0,-97.0,FLA Live Arena,Arena,Jenny Lewis,1,18176,20633,88.09,False,2350545.0,129.32,Standard ($75-$150),1,False,Billboard / Pollstar Boxscores
CNC-0974,Harry Styles,Love on Tour,Pop Rock,Stadium Headliner,2021-10-10,2021,10,October,Sunday,True,Fall,Tampa,United States,North America,Tier 2 Major Regional Market,27.9506,-82.4572,Amalie Arena,Arena,Jenny Lewis,1,18183,21006,86.56,False,2029171.0,111.6,Standard ($75-$150),1,False,Billboard / Pollstar Boxscores
CNC-0975,Harry Styles,Love on Tour,Pop Rock,Stadium Headliner,2021-10-12,2021,10,October,Tuesday,False,Fall,Raleigh,United States,North America,Tier 2 Major Regional Market,38.0,-97.0,PNC Arena,Arena,Jenny Lewis,1,18616,23585,78.93,False,2238542.0,120.25,Standard ($75-$150),1,False,Billboard / Pollstar Boxscores
CNC-0976,Harry Styles,Love on Tour,Pop Rock,Stadium Headliner,2021-10-14,2021,10,October,Thursday,False,Fall,Pittsburgh,United States,North America,Tier 3 Emerging / Secondary Market,40.4406,-79.9959,PPG Paints Arena,Arena,Jenny Lewis,1,18369,26930,68.21,False,2137752.0,116.38,Standard ($75-$150),1,False,Billboard / Pollstar Boxscores
CNC-0977,Harry Styles,Love on Tour,Pop Rock,Stadium Headliner,2021-10-18,2021,10,October,Monday,False,Fall,Cleveland,United States,North America,Tier 2 Major Regional Market,38.0,-97.0,Rocket Mortgage FieldHouse,Stadium,Jenny Lewis,1,17786,21520,82.65,False,2197690.0,123.56,Standard ($75-$150),1,False,Billboard / Pollstar Boxscores
CNC-0978,Harry Styles,Love on Tour,Pop Rock,Stadium Headliner,2021-10-21,2021,10,October,Thursday,False,Fall,Uncasville,United States,North America,Tier 2 Major Regional Market,38.0,-97.0,Mohegan Sun Arena,Arena,Jenny Lewis,1,18159,22121,82.09,False,2165968.0,119.28,Standard ($75-$150),2,True,Billboard / Pollstar Boxscores
CNC-0979,Harry Styles,Love on Tour,Pop Rock,Stadium Headliner,2021-10-23,2021,10,October,Saturday,True,Fall,Uncasville,United States,North America,Tier 2 Major Regional Market,38.0,-97.0,Mohegan Sun Arena,Arena,Jenny Lewis,1,18159,21179,85.74,False,2165968.0,119.28,Standard ($75-$150),2,True,Billboard / Pollstar Boxscores
CNC-0980,Harry Styles,Love on Tour,Pop Rock,Stadium Headliner,2021-10-25,2021,10,October,Monday,False,Fall,Boston,United States,North America,Tier 2 Major Regional Market,42.3601,-71.0589,TD Garden,Arena,Jenny Lewis,1,16743,20812,80.45,False,2306243.0,137.74,Standard ($75-$150),1,False,Billboard / Pollstar Boxscores
CNC-0981,Harry Styles,Love on Tour,Pop Rock,Stadium Headliner,2021-10-27,2021,10,October,Wednesday,False,Fall,Atlanta,United States,North America,Tier 2 Major Regional Market,33.749,-84.388,State Farm Arena,Arena,Jenny Lewis,1,31146,41852,74.42,False,4146897.0,133.14,Standard ($75-$150),2,True,Billboard / Pollstar Boxscores
CNC-0982,Harry Styles,Love on Tour,Pop Rock,Stadium Headliner,2021-10-28,2021,10,October,Thursday,False,Fall,Atlanta,United States,North America,Tier 2 Major Regional Market,33.749,-84.388,State Farm Arena,Arena,Jenny Lewis,1,31146,39172,79.51,False,4146897.0,133.14,Standard ($75-$150),2,True,Billboard / Pollstar Boxscores
CNC-0983,Harry Styles,Love on Tour,Pop Rock,Stadium Headliner,2021-10-30,2021,10,October,Saturday,True,Fall,New York City,United States,North America,Tier 1 Global Mega-City,40.7128,-74.006,Madison Square Garden,Arena,Madison Cunningham Orville Peck,1,37321,39289,94.99,False,5714220.0,153.11,Premium ($150-$250),19,True,Billboard / Pollstar Boxscores
CNC-0984,Harry Styles,Love on Tour,Pop Rock,Stadium Headliner,2021-10-31,2021,10,October,Sunday,True,Fall,New York City,United States,North America,Tier 1 Global Mega-City,40.7128,-74.006,Madison Square Garden,Arena,Madison Cunningham Orville Peck,1,37321,42204,88.43,False,5714220.0,153.11,Premium ($150-$250),19,True,Billboard / Pollstar Boxscores
CNC-0985,Harry Styles,Love on Tour,Pop Rock,Stadium Headliner,2021-11-03,2021,11,November,Wednesday,False,Fall,Milwaukee,United States,North America,Tier 2 Major Regional Market,38.0,-97.0,Fiserv Forum,Arena,Jenny Lewis,1,16881,22318,75.64,False,2312794.0,137.01,Standard ($75-$150),1,False,Billboard / Pollstar Boxscores
CNC-0986,Harry Styles,Love on Tour,Pop Rock,Stadium Headliner,2021-11-07,2021,11,November,Sunday,True,Fall,Tacoma,United States,North America,Tier 2 Major Regional Market,38.0,-97.0,Tacoma Dome,Stadium,Jenny Lewis,1,21469,24182,88.78,False,2746176.0,127.91,Standard ($75-$150),1,False,Billboard / Pollstar Boxscores
CNC-0987,Harry Styles,Love on Tour,Pop Rock,Stadium Headliner,2021-11-08,2021,11,November,Monday,False,Fall,Portland,United States,North America,Tier 2 Major Regional Market,38.0,-97.0,Moda Center,Arena,Jenny Lewis,1,17890,20474,87.38,False,2125697.0,118.82,Standard ($75-$150),1,False,Billboard / Pollstar Boxscores
CNC-0988,Harry Styles,Love on Tour,Pop Rock,Stadium Headliner,2021-11-10,2021,11,November,Wednesday,False,Fall,Sacramento,United States,North America,Tier 2 Major Regional Market,38.0,-97.0,Golden 1 Center,Arena,Jenny Lewis,1,16745,22321,75.02,False,2292473.0,136.9,Standard ($75-$150),1,False,Billboard / Pollstar Boxscores
CNC-0989,Harry Styles,Love on Tour,Pop Rock,Stadium Headliner,2021-11-11,2021,11,November,Thursday,False,Spring,San Josee,Costa Rica,Latin America,Tier 2 Major Regional Market,9.9281,-84.0907,SAP Center,Arena,Jenny Lewis,1,17823,21312,83.63,False,2244533.0,125.93,Standard ($75-$150),1,False,Billboard / Pollstar Boxscores
CNC-0990,Harry Styles,Love on Tour,Pop Rock,Stadium Headliner,2021-11-13,2021,11,November,Saturday,True,Fall,Glendale,United States,North America,Tier 2 Major Regional Market,33.5387,-112.186,Gila River Arena,Arena,Jenny Lewis,1,16846,19275,87.4,False,2036487.0,120.89,Standard ($75-$150),1,False,Billboard / Pollstar Boxscores
CNC-0991,Harry Styles,Love on Tour,Pop Rock,Stadium Headliner,2021-11-15,2021,11,November,Monday,False,Fall,San Diego,United States,North America,Tier 2 Major Regional Market,38.0,-97.0,Pechanga Arena,Arena,Jenny Lewis,1,13728,15616,87.91,False,1641218.0,119.55,Standard ($75-$150),1,False,Billboard / Pollstar Boxscores
CNC-0992,Harry Styles,Love on Tour,Pop Rock,Stadium Headliner,2021-11-17,2021,11,November,Wednesday,False,Fall,Inglewood,United States,North America,Tier 1 Global Mega-City,33.9575,-118.3429,The Forum,Arena,Jenny Lewis,1,50739,62944,80.61,False,6602191.0,130.12,Standard ($75-$150),3,True,Billboard / Pollstar Boxscores
CNC-0993,Harry Styles,Love on Tour,Pop Rock,Stadium Headliner,2021-11-19,2021,11,November,Friday,True,Fall,Inglewood,United States,North America,Tier 1 Global Mega-City,33.9575,-118.3429,The Forum,Arena,Jenny Lewis,1,50739,55568,91.31,False,6602191.0,130.12,Standard ($75-$150),3,True,Billboard / Pollstar Boxscores
CNC-0994,Harry Styles,Love on Tour,Pop Rock,Stadium Headliner,2021-11-20,2021,11,November,Saturday,True,Fall,Inglewood,United States,North America,Tier 1 Global Mega-City,33.9575,-118.3429,The Forum,Arena,Jenny Lewis,1,50739,53533,94.78,False,6602191.0,130.12,Standard ($75-$150),3,True,Billboard / Pollstar Boxscores
CNC-0995,Harry Styles,Love on Tour,Pop Rock,Stadium Headliner,2021-11-23,2021,11,November,Tuesday,False,Fall,Houston,United States,North America,Tier 2 Major Regional Market,29.7604,-95.3698,Toyota Center,Arena,— N/a,2,16541,20594,80.32,False,2171475.0,131.28,Standard ($75-$150),1,False,Billboard / Pollstar Boxscores
CNC-0996,Harry Styles,Love on Tour,Pop Rock,Stadium Headliner,2021-11-24,2021,11,November,Wednesday,False,Fall,North Little Rock,United States,North America,Tier 2 Major Regional Market,38.0,-97.0,Simmons Bank Arena,Arena,— N/a,2,16691,20794,80.27,False,2525863.0,151.33,Premium ($150-$250),1,False,Billboard / Pollstar Boxscores
CNC-0997,Harry Styles,Love on Tour,Pop Rock,Stadium Headliner,2021-11-28,2021,11,November,Sunday,True,Fall,Elmont,United States,North America,Tier 2 Major Regional Market,38.0,-97.0,UBS Arena,Arena,— N/a,2,16777,18316,91.6,False,3272836.0,195.08,Premium ($150-$250),1,False,Billboard / Pollstar Boxscores
CNC-0998,Harry Styles,Love on Tour,Pop Rock,Stadium Headliner,2022-06-11,2022,6,June,Saturday,True,Summer,Glasgow,United Kingdom,Europe,Tier 2 Major Regional Market,55.8642,-4.2518,Ibrox Stadium,Stadium,Mitski,1,43637,49419,88.3,False,4229885.0,96.93,Standard ($75-$150),1,False,Billboard / Pollstar Boxscores
CNC-0999,Harry Styles,Love on Tour,Pop Rock,Stadium Headliner,2022-06-15,2022,6,June,Wednesday,False,Summer,Manchester,United Kingdom,Europe,Tier 2 Major Regional Market,53.4808,-2.2426,Emirates Old Trafford,Arena,Mitski,1,49763,61224,81.28,False,4589569.5,92.23,Standard ($75-$150),2,True,Billboard / Pollstar Boxscores
CNC-1000,Harry Styles,Love on Tour,Pop Rock,Stadium Headliner,2022-06-16,2022,6,June,Thursday,False,Summer,Manchester,United Kingdom,Europe,Tier 2 Major Regional Market,53.4808,-2.2426,Emirates Old Trafford,Arena,Mitski,1,49763,58510,85.05,False,4589569.5,92.23,Standard ($75-$150),2,True,Billboard / Pollstar Boxscores
CNC-1001,Harry Styles,Love on Tour,Pop Rock,Stadium Headliner,2022-06-18,2022,6,June,Saturday,True,Summer,London,United Kingdom,Europe,Tier 1 Global Mega-City,51.5074,-0.1278,Wembley Stadium,Stadium,Mitski,1,24545,25314,96.96,False,2413215.5,98.32,Standard ($75-$150),6,True,Billboard / Pollstar Boxscores
CNC-1002,Harry Styles,Love on Tour,Pop Rock,Stadium Headliner,2022-06-19,2022,6,June,Sunday,True,Summer,London,United Kingdom,Europe,Tier 1 Global Mega-City,51.5074,-0.1278,Wembley Stadium,Stadium,Mitski,1,24545,27747,88.46,False,2413215.5,98.32,Standard ($75-$150),6,True,Billboard / Pollstar Boxscores
CNC-1003,Harry Styles,Love on Tour,Pop Rock,Stadium Headliner,2022-06-22,2022,6,June,Wednesday,False,Summer,Dublin,Ireland,Europe,Tier 2 Major Regional Market,53.3498,-6.2603,Aviva Stadium,Stadium,Arlo Parks,1,50422,61528,81.95,False,5006395.0,99.29,Standard ($75-$150),1,False,Billboard / Pollstar Boxscores
CNC-1004,Harry Styles,Love on Tour,Pop Rock,Stadium Headliner,2022-06-26,2022,6,June,Sunday,True,Summer,Hamburg,Germany,Europe,Tier 2 Major Regional Market,53.5511,9.9937,Volksparkstadion,Stadium,Wolf Alice,1,42192,49979,84.42,False,3494578.0,82.83,Standard ($75-$150),1,False,Billboard / Pollstar Boxscores
CNC-1005,Harry Styles,Love on Tour,Pop Rock,Stadium Headliner,2022-06-29,2022,6,June,Wednesday,False,Summer,Stockholm,Sweden,Europe,Tier 2 Major Regional Market,59.3293,18.0686,Tele2 Arena,Arena,Wolf Alice,1,36282,42203,85.97,False,3068314.0,84.57,Standard ($75-$150),1,False,Billboard / Pollstar Boxscores
CNC-1006,Harry Styles,Love on Tour,Pop Rock,Stadium Headliner,2022-07-01,2022,7,July,Friday,True,Summer,Oslo,Norway,Europe,Tier 2 Major Regional Market,59.9139,10.7522,Telenor Arena,Arena,Wolf Alice,1,23784,26082,91.19,False,2089269.0,87.84,Standard ($75-$150),1,False,Billboard / Pollstar Boxscores
CNC-1007,Harry Styles,Love on Tour,Pop Rock,Stadium Headliner,2022-07-05,2022,7,July,Tuesday,False,Summer,Paris,France,Europe,Tier 1 Global Mega-City,48.8566,2.3522,Accor Arena,Arena,Wolf Alice,1,14598,16388,89.08,False,1030721.0,70.61,Budget (<$75),1,False,Billboard / Pollstar Boxscores
CNC-1008,Harry Styles,Love on Tour,Pop Rock,Stadium Headliner,2022-07-07,2022,7,July,Thursday,False,Summer,Antwerp,Belgium,Europe,Tier 2 Major Regional Market,50.0,10.0,Sportpaleis,Arena,Wolf Alice,1,18245,22622,80.65,False,1207376.0,66.18,Budget (<$75),1,False,Billboard / Pollstar Boxscores
CNC-1009,Harry Styles,Love on Tour,Pop Rock,Stadium Headliner,2022-07-09,2022,7,July,Saturday,True,Summer,Amsterdam,Netherlands,Europe,Tier 1 Global Mega-City,52.3676,4.9041,Ziggo Dome,Stadium,Wolf Alice,1,13080,13080,100.0,True,1056199.0,80.75,Standard ($75-$150),1,False,Billboard / Pollstar Boxscores
CNC-1010,Harry Styles,Love on Tour,Pop Rock,Stadium Headliner,2022-07-11,2022,7,July,Monday,False,Summer,Munich,Germany,Europe,Tier 2 Major Regional Market,48.1351,11.582,Olympiahalle,Arena,Wolf Alice,1,13027,14953,87.12,False,991358.0,76.1,Standard ($75-$150),1,False,Billboard / Pollstar Boxscores
CNC-1011,Harry Styles,Love on Tour,Pop Rock,Stadium Headliner,2022-07-13,2022,7,July,Wednesday,False,Summer,Budapest,Hungary,North America,Tier 3 Emerging / Secondary Market,38.0,-97.0,Budapest Sports Arena,Arena,Wolf Alice,1,12070,15704,76.86,False,788891.0,65.36,Budget (<$75),1,False,Billboard / Pollstar Boxscores
CNC-1012,Harry Styles,Love on Tour,Pop Rock,Stadium Headliner,2022-07-15,2022,7,July,Friday,True,Summer,Prague,Czech Republic,Europe,Tier 2 Major Regional Market,50.0,10.0,O 2 Arena,Arena,Wolf Alice,1,15616,18335,85.17,False,1069985.0,68.52,Budget (<$75),1,False,Billboard / Pollstar Boxscores
CNC-1013,Harry Styles,Love on Tour,Pop Rock,Stadium Headliner,2022-07-16,2022,7,July,Saturday,True,Summer,Vienna,Austria,Europe,Tier 2 Major Regional Market,48.2082,16.3738,Wiener Stadthalle,Arena,Wolf Alice,1,10910,12170,89.65,False,811841.0,74.41,Budget (<$75),1,False,Billboard / Pollstar Boxscores
CNC-1014,Harry Styles,Love on Tour,Pop Rock,Stadium Headliner,2022-07-18,2022,7,July,Monday,False,Summer,Kraków,Poland,Europe,Tier 2 Major Regional Market,50.0,10.0,Tauron Arena,Arena,Wolf Alice,1,15158,15922,95.2,False,1654068.0,109.12,Standard ($75-$150),1,False,Billboard / Pollstar Boxscores
CNC-1015,Harry Styles,Love on Tour,Pop Rock,Stadium Headliner,2022-07-20,2022,7,July,Wednesday,False,Summer,Berlin,Germany,Europe,Tier 1 Global Mega-City,52.52,13.405,Mercedes-Benz Arena,Arena,Wolf Alice,1,12853,14256,90.16,False,1026787.0,79.89,Standard ($75-$150),1,False,Billboard / Pollstar Boxscores
CNC-1016,Harry Styles,Love on Tour,Pop Rock,Stadium Headliner,2022-07-22,2022,7,July,Friday,True,Summer,Cologne,Germany,Europe,Tier 2 Major Regional Market,50.9375,6.9603,Lanxess Arena,Arena,Wolf Alice,1,16069,17468,91.99,False,1211191.0,75.37,Standard ($75-$150),1,False,Billboard / Pollstar Boxscores
CNC-1017,Harry Styles,Love on Tour,Pop Rock,Stadium Headliner,2022-07-25,2022,7,July,Monday,False,Summer,Bologna,Italy,Europe,Tier 2 Major Regional Market,50.0,10.0,Unipol Arena,Arena,Wolf Alice,1,12699,14996,84.68,False,912467.0,71.85,Budget (<$75),1,False,Billboard / Pollstar Boxscores
CNC-1018,Harry Styles,Love on Tour,Pop Rock,Stadium Headliner,2022-07-26,2022,7,July,Tuesday,False,Summer,Turin,Italy,Europe,Tier 2 Major Regional Market,50.0,10.0,Pala Alpitour,Arena,Wolf Alice,1,14513,16739,86.7,False,923185.0,63.61,Budget (<$75),1,False,Billboard / Pollstar Boxscores
CNC-1019,Harry Styles,Love on Tour,Pop Rock,Stadium Headliner,2022-07-29,2022,7,July,Friday,True,Summer,Madrid,Spain,Europe,Tier 1 Global Mega-City,40.4168,-3.7038,WiZink Center,Arena,Wolf Alice,1,13990,14490,96.55,False,964164.0,68.92,Budget (<$75),1,False,Billboard / Pollstar Boxscores
CNC-1020,Harry Styles,Love on Tour,Pop Rock,Stadium Headliner,2022-07-31,2022,7,July,Sunday,True,Summer,Lisbon,Portugal,Europe,Tier 2 Major Regional Market,38.7223,-9.1393,Altice Arena,Arena,Wolf Alice,1,12671,14420,87.87,False,747179.0,58.97,Budget (<$75),1,False,Billboard / Pollstar Boxscores
CNC-1021,Harry Styles,Love on Tour,Pop Rock,Stadium Headliner,2022-08-15,2022,8,August,Monday,False,Summer,Toronto,Canada,North America,Tier 1 Global Mega-City,43.6532,-79.3832,Scotiabank Arena,Arena,Madi Diaz,1,36607,38762,94.44,False,6864299.0,187.51,Premium ($150-$250),2,True,Billboard / Pollstar Boxscores
CNC-1022,Harry Styles,Love on Tour,Pop Rock,Stadium Headliner,2022-08-16,2022,8,August,Tuesday,False,Summer,Toronto,Canada,North America,Tier 1 Global Mega-City,43.6532,-79.3832,Scotiabank Arena,Arena,Madi Diaz,1,36607,42591,85.95,False,6864299.0,187.51,Premium ($150-$250),2,True,Billboard / Pollstar Boxscores
CNC-1023,Harry Styles,Love on Tour,Pop Rock,Stadium Headliner,2022-08-20,2022,8,August,Saturday,True,Summer,New York City,United States,North America,Tier 1 Global Mega-City,40.7128,-74.006,Madison Square Garden,Arena,Blood Orange,1,14571,15799,92.23,False,3321193.47,227.93,Premium ($150-$250),19,True,Billboard / Pollstar Boxscores
CNC-1024,Harry Styles,Love on Tour,Pop Rock,Stadium Headliner,2022-08-21,2022,8,August,Sunday,True,Summer,New York City,United States,North America,Tier 1 Global Mega-City,40.7128,-74.006,Madison Square Garden,Arena,Blood Orange,1,14571,15006,97.1,False,3321193.47,227.93,Premium ($150-$250),19,True,Billboard / Pollstar Boxscores
CNC-1025,Harry Styles,Love on Tour,Pop Rock,Stadium Headliner,2022-08-22,2022,8,August,Monday,False,Summer,New York City,United States,North America,Tier 1 Global Mega-City,40.7128,-74.006,Madison Square Garden,Arena,Blood Orange,1,14571,16170,90.11,False,3321193.47,227.93,Premium ($150-$250),19,True,Billboard / Pollstar Boxscores
CNC-1026,Harry Styles,Love on Tour,Pop Rock,Stadium Headliner,2022-08-26,2022,8,August,Friday,True,Summer,New York City,United States,North America,Tier 1 Global Mega-City,40.7128,-74.006,Madison Square Garden,Arena,Blood Orange,1,14571,15087,96.58,False,3321193.47,227.93,Premium ($150-$250),19,True,Billboard / Pollstar Boxscores
CNC-1027,Harry Styles,Love on Tour,Pop Rock,Stadium Headliner,2022-08-27,2022,8,August,Saturday,True,Summer,New York City,United States,North America,Tier 1 Global Mega-City,40.7128,-74.006,Madison Square Garden,Arena,Blood Orange,1,14571,16194,89.98,False,3321193.47,227.93,Premium ($150-$250),19,True,Billboard / Pollstar Boxscores
CNC-1028,Harry Styles,Love on Tour,Pop Rock,Stadium Headliner,2022-08-28,2022,8,August,Sunday,True,Summer,New York City,United States,North America,Tier 1 Global Mega-City,40.7128,-74.006,Madison Square Garden,Arena,Blood Orange,1,14571,15253,95.53,False,3321193.47,227.93,Premium ($150-$250),19,True,Billboard / Pollstar Boxscores
CNC-1029,Harry Styles,Love on Tour,Pop Rock,Stadium Headliner,2022-09-01,2022,9,September,Thursday,False,Fall,New York City,United States,North America,Tier 1 Global Mega-City,40.7128,-74.006,Madison Square Garden,Arena,Blood Orange,1,14571,16299,89.4,False,3321193.47,227.93,Premium ($150-$250),19,True,Billboard / Pollstar Boxscores
CNC-1030,Harry Styles,Love on Tour,Pop Rock,Stadium Headliner,2022-09-02,2022,9,September,Friday,True,Fall,New York City,United States,North America,Tier 1 Global Mega-City,40.7128,-74.006,Madison Square Garden,Arena,Blood Orange,1,14571,14571,100.0,True,3321193.47,227.93,Premium ($150-$250),19,True,Billboard / Pollstar Boxscores
CNC-1031,Harry Styles,Love on Tour,Pop Rock,Stadium Headliner,2022-09-03,2022,9,September,Saturday,True,Fall,New York City,United States,North America,Tier 1 Global Mega-City,40.7128,-74.006,Madison Square Garden,Arena,Blood Orange,1,14571,14571,100.0,True,3321193.47,227.93,Premium ($150-$250),19,True,Billboard / Pollstar Boxscores
CNC-1032,Harry Styles,Love on Tour,Pop Rock,Stadium Headliner,2022-09-07,2022,9,September,Wednesday,False,Fall,New York City,United States,North America,Tier 1 Global Mega-City,40.7128,-74.006,Madison Square Garden,Arena,Blood Orange,1,14571,16165,90.14,False,3321193.47,227.93,Premium ($150-$250),19,True,Billboard / Pollstar Boxscores
CNC-1033,Harry Styles,Love on Tour,Pop Rock,Stadium Headliner,2022-09-08,2022,9,September,Thursday,False,Fall,New York City,United States,North America,Tier 1 Global Mega-City,40.7128,-74.006,Madison Square Garden,Arena,Blood Orange,1,14571,16400,88.85,False,3321193.47,227.93,Premium ($150-$250),19,True,Billboard / Pollstar Boxscores
CNC-1034,Harry Styles,Love on Tour,Pop Rock,Stadium Headliner,2022-09-10,2022,9,September,Saturday,True,Fall,New York City,United States,North America,Tier 1 Global Mega-City,40.7128,-74.006,Madison Square Garden,Arena,Blood Orange,1,14571,14571,100.0,True,3321193.47,227.93,Premium ($150-$250),19,True,Billboard / Pollstar Boxscores
CNC-1035,Harry Styles,Love on Tour,Pop Rock,Stadium Headliner,2022-09-14,2022,9,September,Wednesday,False,Fall,New York City,United States,North America,Tier 1 Global Mega-City,40.7128,-74.006,Madison Square Garden,Arena,Blood Orange,1,14571,17171,84.86,False,3321193.47,227.93,Premium ($150-$250),19,True,Billboard / Pollstar Boxscores
CNC-1036,Harry Styles,Love on Tour,Pop Rock,Stadium Headliner,2022-09-15,2022,9,September,Thursday,False,Fall,New York City,United States,North America,Tier 1 Global Mega-City,40.7128,-74.006,Madison Square Garden,Arena,Blood Orange,1,14571,15921,91.52,False,3321193.47,227.93,Premium ($150-$250),19,True,Billboard / Pollstar Boxscores
CNC-1037,Harry Styles,Love on Tour,Pop Rock,Stadium Headliner,2022-09-21,2022,9,September,Wednesday,False,Fall,New York City,United States,North America,Tier 1 Global Mega-City,40.7128,-74.006,Madison Square Garden,Arena,Blood Orange,1,14571,18435,79.04,False,3321193.47,227.93,Premium ($150-$250),19,True,Billboard / Pollstar Boxscores
CNC-1038,Harry Styles,Love on Tour,Pop Rock,Stadium Headliner,2022-09-25,2022,9,September,Sunday,True,Fall,Austin,United States,North America,Tier 2 Major Regional Market,38.0,-97.0,Moody Center,Arena,Gabriels,1,86056,96681,89.01,False,19175231.0,222.82,Premium ($150-$250),6,True,Billboard / Pollstar Boxscores
CNC-1039,Harry Styles,Love on Tour,Pop Rock,Stadium Headliner,2022-09-26,2022,9,September,Monday,False,Fall,Austin,United States,North America,Tier 2 Major Regional Market,38.0,-97.0,Moody Center,Arena,Gabriels,1,86056,100369,85.74,False,19175231.0,222.82,Premium ($150-$250),6,True,Billboard / Pollstar Boxscores
CNC-1040,Harry Styles,Love on Tour,Pop Rock,Stadium Headliner,2022-09-28,2022,9,September,Wednesday,False,Fall,Austin,United States,North America,Tier 2 Major Regional Market,38.0,-97.0,Moody Center,Arena,Gabriels,1,86056,117950,72.96,False,19175231.0,222.82,Premium ($150-$250),6,True,Billboard / Pollstar Boxscores
CNC-1041,Harry Styles,Love on Tour,Pop Rock,Stadium Headliner,2022-09-29,2022,9,September,Thursday,False,Fall,Austin,United States,North America,Tier 2 Major Regional Market,38.0,-97.0,Moody Center,Arena,Gabriels,1,86056,98070,87.75,False,19175231.0,222.82,Premium ($150-$250),6,True,Billboard / Pollstar Boxscores
CNC-1042,Harry Styles,Love on Tour,Pop Rock,Stadium Headliner,2022-10-02,2022,10,October,Sunday,True,Fall,Austin,United States,North America,Tier 2 Major Regional Market,38.0,-97.0,Moody Center,Arena,Gabriels,1,86056,97902,87.9,False,19175231.0,222.82,Premium ($150-$250),6,True,Billboard / Pollstar Boxscores
CNC-1043,Harry Styles,Love on Tour,Pop Rock,Stadium Headliner,2022-10-03,2022,10,October,Monday,False,Fall,Austin,United States,North America,Tier 2 Major Regional Market,38.0,-97.0,Moody Center,Arena,Gabriels,1,86056,105087,81.89,False,19175231.0,222.82,Premium ($150-$250),6,True,Billboard / Pollstar Boxscores
CNC-1044,Harry Styles,Love on Tour,Pop Rock,Stadium Headliner,2022-10-08,2022,10,October,Saturday,True,Fall,Chicago,United States,North America,Tier 1 Global Mega-City,41.8781,-87.6298,United Center,Arena,Jessie Ware,1,14050,14918,94.18,False,2544824.12,181.13,Premium ($150-$250),8,True,Billboard / Pollstar Boxscores
CNC-1045,Harry Styles,Love on Tour,Pop Rock,Stadium Headliner,2022-10-09,2022,10,October,Sunday,True,Fall,Chicago,United States,North America,Tier 1 Global Mega-City,41.8781,-87.6298,United Center,Arena,Jessie Ware,1,14050,14050,100.0,True,2544824.12,181.13,Premium ($150-$250),8,True,Billboard / Pollstar Boxscores
CNC-1046,Harry Styles,Love on Tour,Pop Rock,Stadium Headliner,2022-10-10,2022,10,October,Monday,False,Fall,Chicago,United States,North America,Tier 1 Global Mega-City,41.8781,-87.6298,United Center,Arena,Jessie Ware,1,14050,14660,95.84,False,2544824.12,181.13,Premium ($150-$250),8,True,Billboard / Pollstar Boxscores
CNC-1047,Harry Styles,Love on Tour,Pop Rock,Stadium Headliner,2022-10-13,2022,10,October,Thursday,False,Fall,Chicago,United States,North America,Tier 1 Global Mega-City,41.8781,-87.6298,United Center,Arena,Jessie Ware,1,14050,15797,88.94,False,2544824.12,181.13,Premium ($150-$250),8,True,Billboard / Pollstar Boxscores
CNC-1048,Harry Styles,Love on Tour,Pop Rock,Stadium Headliner,2022-10-14,2022,10,October,Friday,True,Fall,Chicago,United States,North America,Tier 1 Global Mega-City,41.8781,-87.6298,United Center,Arena,Jessie Ware,1,14050,14724,95.42,False,2544824.12,181.13,Premium ($150-$250),8,True,Billboard / Pollstar Boxscores
CNC-1049,Harry Styles,Love on Tour,Pop Rock,Stadium Headliner,2022-10-15,2022,10,October,Saturday,True,Fall,Chicago,United States,North America,Tier 1 Global Mega-City,41.8781,-87.6298,United Center,Arena,Jessie Ware,1,14050,14236,98.69,True,2544824.12,181.13,Premium ($150-$250),8,True,Billboard / Pollstar Boxscores
CNC-1050,Harry Styles,Love on Tour,Pop Rock,Stadium Headliner,2022-10-23,2022,10,October,Sunday,True,Fall,Inglewood,United States,North America,Tier 1 Global Mega-City,33.9575,-118.3429,Kia Forum,Arena,Ben Harper,1,13661,15199,89.88,False,2542168.53,186.09,Premium ($150-$250),15,True,Billboard / Pollstar Boxscores
CNC-1051,Harry Styles,Love on Tour,Pop Rock,Stadium Headliner,2022-10-24,2022,10,October,Monday,False,Fall,Inglewood,United States,North America,Tier 1 Global Mega-City,33.9575,-118.3429,Kia Forum,Arena,Ben Harper,1,13661,13661,100.0,True,2542168.53,186.09,Premium ($150-$250),15,True,Billboard / Pollstar Boxscores
CNC-1052,Harry Styles,Love on Tour,Pop Rock,Stadium Headliner,2022-10-26,2022,10,October,Wednesday,False,Fall,Inglewood,United States,North America,Tier 1 Global Mega-City,33.9575,-118.3429,Kia Forum,Arena,Ben Harper,1,13661,15972,85.53,False,2542168.53,186.09,Premium ($150-$250),15,True,Billboard / Pollstar Boxscores
CNC-1053,Harry Styles,Love on Tour,Pop Rock,Stadium Headliner,2022-10-28,2022,10,October,Friday,True,Fall,Inglewood,United States,North America,Tier 1 Global Mega-City,33.9575,-118.3429,Kia Forum,Arena,Ben Harper,1,13661,13669,99.94,True,2542168.53,186.09,Premium ($150-$250),15,True,Billboard / Pollstar Boxscores
CNC-1054,Harry Styles,Love on Tour,Pop Rock,Stadium Headliner,2022-10-29,2022,10,October,Saturday,True,Fall,Inglewood,United States,North America,Tier 1 Global Mega-City,33.9575,-118.3429,Kia Forum,Arena,Ben Harper,1,13661,13840,98.71,True,2542168.53,186.09,Premium ($150-$250),15,True,Billboard / Pollstar Boxscores
CNC-1055,Harry Styles,Love on Tour,Pop Rock,Stadium Headliner,2022-10-31,2022,10,October,Monday,False,Fall,Inglewood,United States,North America,Tier 1 Global Mega-City,33.9575,-118.3429,Kia Forum,Arena,Ben Harper,1,13661,13661,100.0,True,2542168.53,186.09,Premium ($150-$250),15,True,Billboard / Pollstar Boxscores
CNC-1056,Harry Styles,Love on Tour,Pop Rock,Stadium Headliner,2022-11-02,2022,11,November,Wednesday,False,Fall,Inglewood,United States,North America,Tier 1 Global Mega-City,33.9575,-118.3429,Kia Forum,Arena,Ben Harper,1,13661,15686,87.09,False,2542168.53,186.09,Premium ($150-$250),15,True,Billboard / Pollstar Boxscores
CNC-1057,Harry Styles,Love on Tour,Pop Rock,Stadium Headliner,2022-11-09,2022,11,November,Wednesday,False,Fall,Inglewood,United States,North America,Tier 1 Global Mega-City,33.9575,-118.3429,Kia Forum,Arena,Ben Harper,1,13661,15055,90.74,False,2542168.53,186.09,Premium ($150-$250),15,True,Billboard / Pollstar Boxscores
CNC-1058,Harry Styles,Love on Tour,Pop Rock,Stadium Headliner,2022-11-11,2022,11,November,Friday,True,Fall,Inglewood,United States,North America,Tier 1 Global Mega-City,33.9575,-118.3429,Kia Forum,Arena,Ben Harper,1,13661,13986,97.68,False,2542168.53,186.09,Premium ($150-$250),15,True,Billboard / Pollstar Boxscores
CNC-1059,Harry Styles,Love on Tour,Pop Rock,Stadium Headliner,2022-11-12,2022,11,November,Saturday,True,Fall,Inglewood,United States,North America,Tier 1 Global Mega-City,33.9575,-118.3429,Kia Forum,Arena,Ben Harper,1,13661,14930,91.5,False,2542168.53,186.09,Premium ($150-$250),15,True,Billboard / Pollstar Boxscores
CNC-1060,Harry Styles,Love on Tour,Pop Rock,Stadium Headliner,2022-11-14,2022,11,November,Monday,False,Fall,Inglewood,United States,North America,Tier 1 Global Mega-City,33.9575,-118.3429,Kia Forum,Arena,Ben Harper,1,13661,14961,91.31,False,2542168.53,186.09,Premium ($150-$250),15,True,Billboard / Pollstar Boxscores
CNC-1061,Harry Styles,Love on Tour,Pop Rock,Stadium Headliner,2022-11-15,2022,11,November,Tuesday,False,Fall,Inglewood,United States,North America,Tier 1 Global Mega-City,33.9575,-118.3429,Kia Forum,Arena,Ben Harper,1,13661,15800,86.46,False,2542168.53,186.09,Premium ($150-$250),15,True,Billboard / Pollstar Boxscores
CNC-1062,Harry Styles,Love on Tour,Pop Rock,Stadium Headliner,2022-11-20,2022,11,November,Sunday,True,Spring,Guadalajara,Mexico,Latin America,Tier 2 Major Regional Market,20.6597,-103.3496,Arena VFG,Arena,Koffee,1,12812,14350,89.28,False,1116186.0,87.12,Standard ($75-$150),1,False,Billboard / Pollstar Boxscores
CNC-1063,Harry Styles,Love on Tour,Pop Rock,Stadium Headliner,2022-11-22,2022,11,November,Tuesday,False,Spring,Monterrey,Mexico,Latin America,Tier 2 Major Regional Market,25.6866,-100.3161,Arena Monterrey,Arena,Koffee,1,11316,13945,81.15,False,832767.0,73.59,Budget (<$75),1,False,Billboard / Pollstar Boxscores
CNC-1064,Harry Styles,Love on Tour,Pop Rock,Stadium Headliner,2022-11-24,2022,11,November,Thursday,False,Spring,Mexico City,Mexico,Latin America,Tier 1 Global Mega-City,19.4326,-99.1332,Foro Sol,Arena,Koffee,1,58682,64231,91.36,False,3781548.5,64.44,Budget (<$75),2,True,Billboard / Pollstar Boxscores
CNC-1065,Harry Styles,Love on Tour,Pop Rock,Stadium Headliner,2022-11-25,2022,11,November,Friday,True,Spring,Mexico City,Mexico,Latin America,Tier 1 Global Mega-City,19.4326,-99.1332,Foro Sol,Arena,Koffee,1,58682,62494,93.9,False,3781548.5,64.44,Budget (<$75),2,True,Billboard / Pollstar Boxscores
CNC-1066,Harry Styles,Love on Tour,Pop Rock,Stadium Headliner,2022-11-27,2022,11,November,Sunday,True,Spring,Cota,Colombia,Latin America,Tier 2 Major Regional Market,-15.0,-60.0,Coliseo Live,Arena,Koffee,1,19933,21235,93.87,False,1418653.0,71.17,Budget (<$75),1,False,Billboard / Pollstar Boxscores
CNC-1067,Harry Styles,Love on Tour,Pop Rock,Stadium Headliner,2022-11-29,2022,11,November,Tuesday,False,Spring,Lima,Peru,Latin America,Tier 1 Global Mega-City,-12.0464,-77.0428,Estadio Nacional,Stadium,Koffee,1,40927,46037,88.9,False,3006682.0,73.46,Budget (<$75),1,False,Billboard / Pollstar Boxscores
CNC-1068,Harry Styles,Love on Tour,Pop Rock,Stadium Headliner,2022-12-01,2022,12,December,Thursday,False,Summer,Santiago,Chile,Latin America,Tier 1 Global Mega-City,-33.4489,-70.6693,Estadio Bicentenario de La Florida,Stadium,DJ Kamila Govorčin Koffee,1,25505,26318,96.91,False,1795373.0,70.39,Budget (<$75),1,False,Billboard / Pollstar Boxscores
CNC-1069,Harry Styles,Love on Tour,Pop Rock,Stadium Headliner,2022-12-03,2022,12,December,Saturday,True,Summer,Buenos Aires,Argentina,Latin America,Tier 1 Global Mega-City,-34.6037,-58.3816,Estadio River Plate,Stadium,Koffee Anita B Queen,1,61971,64046,96.76,False,4483054.5,72.34,Budget (<$75),2,True,Billboard / Pollstar Boxscores
CNC-1070,Harry Styles,Love on Tour,Pop Rock,Stadium Headliner,2022-12-04,2022,12,December,Sunday,True,Summer,Buenos Aires,Argentina,Latin America,Tier 1 Global Mega-City,-34.6037,-58.3816,Estadio River Plate,Stadium,Koffee Anita B Queen,1,61971,63973,96.87,False,4483054.5,72.34,Budget (<$75),2,True,Billboard / Pollstar Boxscores
CNC-1071,Harry Styles,Love on Tour,Pop Rock,Stadium Headliner,2022-12-06,2022,12,December,Tuesday,False,Summer,Sao Paulo,Brazil,Latin America,Tier 1 Global Mega-City,-23.5505,-46.6333,Allianz Parque,Arena,Koffee,1,137009,159833,85.72,False,11113075.0,81.11,Standard ($75-$150),1,False,Billboard / Pollstar Boxscores
CNC-1072,Harry Styles,Love on Tour,Pop Rock,Stadium Headliner,2022-12-08,2022,12,December,Thursday,False,Summer,Rio de Janeiro,Brazil,Latin America,Tier 1 Global Mega-City,-22.9068,-43.1729,Jeunesse Arena,Arena,Koffee,1,33260,34033,97.73,False,2362813.0,71.04,Budget (<$75),1,False,Billboard / Pollstar Boxscores
CNC-1073,Harry Styles,Love on Tour,Pop Rock,Stadium Headliner,2022-12-10,2022,12,December,Saturday,True,Summer,Curitiba,Brazil,Latin America,Tier 2 Major Regional Market,-25.429,-49.2671,Pedreira Paulo Leminski,Arena,Koffee,1,23466,25573,91.76,False,2268067.0,96.65,Standard ($75-$150),1,False,Billboard / Pollstar Boxscores
CNC-1074,Harry Styles,Love on Tour,Pop Rock,Stadium Headliner,2023-01-26,2023,1,January,Thursday,False,Winter,Inglewood,United States,North America,Tier 1 Global Mega-City,33.9575,-118.3429,Kia Forum,Arena,Wet Leg,1,51342,54952,93.43,False,9623023.0,187.43,Premium ($150-$250),15,True,Billboard / Pollstar Boxscores
CNC-1075,Harry Styles,Love on Tour,Pop Rock,Stadium Headliner,2023-01-27,2023,1,January,Friday,True,Winter,Inglewood,United States,North America,Tier 1 Global Mega-City,33.9575,-118.3429,Kia Forum,Arena,Wet Leg,1,51342,51342,100.0,True,9623023.0,187.43,Premium ($150-$250),15,True,Billboard / Pollstar Boxscores
CNC-1076,Harry Styles,Love on Tour,Pop Rock,Stadium Headliner,2023-01-29,2023,1,January,Sunday,True,Winter,Inglewood,United States,North America,Tier 1 Global Mega-City,33.9575,-118.3429,Kia Forum,Arena,Wet Leg,1,51342,51971,98.79,True,9623023.0,187.43,Premium ($150-$250),15,True,Billboard / Pollstar Boxscores
CNC-1077,Harry Styles,Love on Tour,Pop Rock,Stadium Headliner,2023-01-31,2023,1,January,Tuesday,False,Winter,Thousand Palms,United States,North America,Tier 2 Major Regional Market,38.0,-97.0,Acrisure Arena,Arena,Madi Diaz,1,20939,26342,79.49,False,5577876.0,266.39,VIP / Luxury (>$250),2,True,Billboard / Pollstar Boxscores
CNC-1078,Harry Styles,Love on Tour,Pop Rock,Stadium Headliner,2023-02-01,2023,2,February,Wednesday,False,Winter,Thousand Palms,United States,North America,Tier 2 Major Regional Market,38.0,-97.0,Acrisure Arena,Arena,Madi Diaz,1,20939,26776,78.2,False,5577876.0,266.39,VIP / Luxury (>$250),2,True,Billboard / Pollstar Boxscores
CNC-1079,Harry Styles,Love on Tour,Pop Rock,Stadium Headliner,2023-02-20,2023,2,February,Monday,False,Summer,Perth,Australia,Oceania,Tier 2 Major Regional Market,-31.9505,115.8605,HBF Park,Stadium,Wet Leg,1,30849,33057,93.32,False,4409981.0,142.95,Standard ($75-$150),1,False,Billboard / Pollstar Boxscores
CNC-1080,Harry Styles,Love on Tour,Pop Rock,Stadium Headliner,2023-02-24,2023,2,February,Friday,True,Summer,Melbourne,Australia,Oceania,Tier 1 Global Mega-City,-37.8136,144.9631,Marvel Stadium,Stadium,Wet Leg,1,57308,57308,100.0,True,7521053.5,131.24,Standard ($75-$150),2,True,Billboard / Pollstar Boxscores
CNC-1081,Harry Styles,Love on Tour,Pop Rock,Stadium Headliner,2023-02-25,2023,2,February,Saturday,True,Summer,Melbourne,Australia,Oceania,Tier 1 Global Mega-City,-37.8136,144.9631,Marvel Stadium,Stadium,Wet Leg,1,57308,57308,100.0,True,7521053.5,131.24,Standard ($75-$150),2,True,Billboard / Pollstar Boxscores
CNC-1082,Harry Styles,Love on Tour,Pop Rock,Stadium Headliner,2023-02-28,2023,2,February,Tuesday,False,Summer,Gold Coast,Australia,Oceania,Tier 2 Major Regional Market,-25.0,135.0,Metricon Stadium,Stadium,Wet Leg,1,48177,60600,79.5,False,6550585.0,135.97,Standard ($75-$150),1,False,Billboard / Pollstar Boxscores
CNC-1083,Harry Styles,Love on Tour,Pop Rock,Stadium Headliner,2023-03-03,2023,3,March,Friday,True,Autumn,Sydney,Australia,Oceania,Tier 1 Global Mega-City,-33.8688,151.2093,Accor Stadium,Stadium,Wet Leg,1,68722,69867,98.36,True,8222730.0,119.65,Standard ($75-$150),2,True,Billboard / Pollstar Boxscores
CNC-1084,Harry Styles,Love on Tour,Pop Rock,Stadium Headliner,2023-03-04,2023,3,March,Saturday,True,Autumn,Sydney,Australia,Oceania,Tier 1 Global Mega-City,-33.8688,151.2093,Accor Stadium,Stadium,Wet Leg,1,68722,68722,100.0,True,8222730.0,119.65,Standard ($75-$150),2,True,Billboard / Pollstar Boxscores
CNC-1085,Harry Styles,Love on Tour,Pop Rock,Stadium Headliner,2023-03-07,2023,3,March,Tuesday,False,Autumn,Auckland,New Zealand,Oceania,Tier 2 Major Regional Market,-36.8485,174.7633,Mount Smart Stadium,Stadium,Ny Oh Wet Leg,1,41979,46799,89.7,False,5111127.0,121.75,Standard ($75-$150),1,False,Billboard / Pollstar Boxscores
CNC-1086,Harry Styles,Love on Tour,Pop Rock,Stadium Headliner,2023-03-11,2023,3,March,Saturday,True,Spring,Bangkok,Thailand,Asia,Tier 1 Global Mega-City,13.7563,100.5018,Rajamangala Stadium,Stadium,—,1,27492,27492,100.0,True,2860607.0,104.05,Standard ($75-$150),1,False,Billboard / Pollstar Boxscores
CNC-1087,Harry Styles,Love on Tour,Pop Rock,Stadium Headliner,2023-03-14,2023,3,March,Tuesday,False,Spring,Bocaue,Philippines,Asia,Tier 1 Global Mega-City,14.7997,120.9272,Philippine Arena,Arena,—,1,29247,35271,82.92,False,3337289.0,114.11,Standard ($75-$150),1,False,Billboard / Pollstar Boxscores
CNC-1088,Harry Styles,Love on Tour,Pop Rock,Stadium Headliner,2023-03-17,2023,3,March,Friday,True,Spring,Singapore,Singapore,Asia,Tier 1 Global Mega-City,1.3521,103.8198,National Stadium,Stadium,—,1,25654,25937,98.91,True,4696429.0,183.07,Premium ($150-$250),1,False,Billboard / Pollstar Boxscores
CNC-1089,Harry Styles,Love on Tour,Pop Rock,Stadium Headliner,2023-03-20,2023,3,March,Monday,False,Spring,Seoul,South Korea,Asia,Tier 1 Global Mega-City,37.5665,126.978,KSPO Dome,Stadium,—,1,15314,15314,100.0,True,1949014.0,127.27,Standard ($75-$150),1,False,Billboard / Pollstar Boxscores
CNC-1090,Harry Styles,Love on Tour,Pop Rock,Stadium Headliner,2023-03-24,2023,3,March,Friday,True,Spring,Tokyo,Japan,Asia,Tier 1 Global Mega-City,35.6762,139.6503,Ariake Arena,Arena,—,1,24325,24376,99.79,True,3274769.0,134.63,Standard ($75-$150),2,True,Billboard / Pollstar Boxscores
CNC-1091,Harry Styles,Love on Tour,Pop Rock,Stadium Headliner,2023-03-25,2023,3,March,Saturday,True,Spring,Tokyo,Japan,Asia,Tier 1 Global Mega-City,35.6762,139.6503,Ariake Arena,Arena,—,1,24325,25336,96.01,False,3274769.0,134.63,Standard ($75-$150),2,True,Billboard / Pollstar Boxscores
CNC-1092,Harry Styles,Love on Tour,Pop Rock,Stadium Headliner,2023-05-17,2023,5,May,Wednesday,False,Spring,Munich,Germany,Europe,Tier 2 Major Regional Market,48.1351,11.582,Olympiastadion,Stadium,Wet Leg,1,60438,71449,84.59,False,6248445.0,103.39,Standard ($75-$150),2,True,Billboard / Pollstar Boxscores
CNC-1093,Harry Styles,Love on Tour,Pop Rock,Stadium Headliner,2023-05-18,2023,5,May,Thursday,False,Spring,Munich,Germany,Europe,Tier 2 Major Regional Market,48.1351,11.582,Olympiastadion,Stadium,Wet Leg,1,60438,68092,88.76,False,6248445.0,103.39,Standard ($75-$150),2,True,Billboard / Pollstar Boxscores
CNC-1094,Harry Styles,Love on Tour,Pop Rock,Stadium Headliner,2023-05-22,2023,5,May,Monday,False,Spring,Coventry,England,Europe,Tier 2 Major Regional Market,50.0,10.0,Coventry Building Society Arena,Arena,Wet Leg,1,72026,84133,85.61,False,8462319.0,117.49,Standard ($75-$150),2,True,Billboard / Pollstar Boxscores
CNC-1095,Harry Styles,Love on Tour,Pop Rock,Stadium Headliner,2023-05-23,2023,5,May,Tuesday,False,Spring,Coventry,England,Europe,Tier 2 Major Regional Market,50.0,10.0,Coventry Building Society Arena,Arena,Wet Leg,1,72026,86331,83.43,False,8462319.0,117.49,Standard ($75-$150),2,True,Billboard / Pollstar Boxscores
CNC-1096,Harry Styles,Love on Tour,Pop Rock,Stadium Headliner,2023-05-26,2023,5,May,Friday,True,Spring,Edinburgh,United Kingdom,Europe,Tier 2 Major Regional Market,55.9533,-3.1883,BT Murrayfield Stadium,Stadium,Wet Leg,1,64419,65427,98.46,True,7167908.5,111.27,Standard ($75-$150),2,True,Billboard / Pollstar Boxscores
CNC-1097,Harry Styles,Love on Tour,Pop Rock,Stadium Headliner,2023-05-27,2023,5,May,Saturday,True,Spring,Edinburgh,United Kingdom,Europe,Tier 2 Major Regional Market,55.9533,-3.1883,BT Murrayfield Stadium,Stadium,Wet Leg,1,64419,64419,100.0,True,7167908.5,111.27,Standard ($75-$150),2,True,Billboard / Pollstar Boxscores
CNC-1098,Harry Styles,Love on Tour,Pop Rock,Stadium Headliner,2023-06-01,2023,6,June,Thursday,False,Summer,Saint-Denis,France,Europe,Tier 1 Global Mega-City,48.9362,2.3574,Stade de France,Stadium,Wet Leg,1,66440,66440,100.0,True,7039570.0,105.95,Standard ($75-$150),2,True,Billboard / Pollstar Boxscores
CNC-1099,Harry Styles,Love on Tour,Pop Rock,Stadium Headliner,2023-06-02,2023,6,June,Friday,True,Summer,Saint-Denis,France,Europe,Tier 1 Global Mega-City,48.9362,2.3574,Stade de France,Stadium,Wet Leg,1,66440,67976,97.74,False,7039570.0,105.95,Standard ($75-$150),2,True,Billboard / Pollstar Boxscores
CNC-1100,Harry Styles,Love on Tour,Pop Rock,Stadium Headliner,2023-06-04,2023,6,June,Sunday,True,Summer,Amsterdam,Netherlands,Europe,Tier 1 Global Mega-City,52.3676,4.9041,Johan Cruijff Arena,Arena,Wet Leg,1,51634,56088,92.06,False,5499663.67,106.51,Standard ($75-$150),3,True,Billboard / Pollstar Boxscores
CNC-1101,Harry Styles,Love on Tour,Pop Rock,Stadium Headliner,2023-06-05,2023,6,June,Monday,False,Summer,Amsterdam,Netherlands,Europe,Tier 1 Global Mega-City,52.3676,4.9041,Johan Cruijff Arena,Arena,Wet Leg,1,51634,53657,96.23,False,5499663.67,106.51,Standard ($75-$150),3,True,Billboard / Pollstar Boxscores
CNC-1102,Harry Styles,Love on Tour,Pop Rock,Stadium Headliner,2023-06-06,2023,6,June,Tuesday,False,Summer,Amsterdam,Netherlands,Europe,Tier 1 Global Mega-City,52.3676,4.9041,Johan Cruijff Arena,Arena,Wet Leg,1,51634,58206,88.71,False,5499663.67,106.51,Standard ($75-$150),3,True,Billboard / Pollstar Boxscores
CNC-1103,Harry Styles,Love on Tour,Pop Rock,Stadium Headliner,2023-06-10,2023,6,June,Saturday,True,Summer,Slane,Ireland,Europe,Tier 2 Major Regional Market,50.0,10.0,Slane Castle,Arena,Inhaler Annie Mac Mitch Rowland Wet Leg,1,83310,89948,92.62,False,10367213.0,124.44,Standard ($75-$150),1,False,Billboard / Pollstar Boxscores
CNC-1104,Harry Styles,Love on Tour,Pop Rock,Stadium Headliner,2023-06-13,2023,6,June,Tuesday,False,Summer,London,United Kingdom,Europe,Tier 1 Global Mega-City,51.5074,-0.1278,Wembley Stadium,Stadium,Madi Diaz Wet Leg,1,55899,62604,89.29,False,6223610.83,111.34,Standard ($75-$150),6,True,Billboard / Pollstar Boxscores
CNC-1105,Harry Styles,Love on Tour,Pop Rock,Stadium Headliner,2023-06-14,2023,6,June,Wednesday,False,Summer,London,United Kingdom,Europe,Tier 1 Global Mega-City,51.5074,-0.1278,Wembley Stadium,Stadium,Ariza Elin Wet Leg,1,55899,67625,82.66,False,6223610.83,111.34,Standard ($75-$150),6,True,Billboard / Pollstar Boxscores
CNC-1106,Harry Styles,Love on Tour,Pop Rock,Stadium Headliner,2023-06-16,2023,6,June,Friday,True,Summer,London,United Kingdom,Europe,Tier 1 Global Mega-City,51.5074,-0.1278,Wembley Stadium,Stadium,Mitch Rowland Wet Leg,1,55899,58192,96.06,False,6223610.83,111.34,Standard ($75-$150),6,True,Billboard / Pollstar Boxscores
CNC-1107,Harry Styles,Love on Tour,Pop Rock,Stadium Headliner,2023-06-17,2023,6,June,Saturday,True,Summer,London,United Kingdom,Europe,Tier 1 Global Mega-City,51.5074,-0.1278,Wembley Stadium,Stadium,Pauli the PSM Wet Leg Yaffra,1,55899,58161,96.11,False,6223610.83,111.34,Standard ($75-$150),6,True,Billboard / Pollstar Boxscores
CNC-1108,Harry Styles,Love on Tour,Pop Rock,Stadium Headliner,2023-06-20,2023,6,June,Tuesday,False,Summer,Cardiff,United Kingdom,Europe,Tier 2 Major Regional Market,51.4816,-3.1791,Principality Stadium,Stadium,Wet Leg,1,57524,65509,87.81,False,6259694.5,108.82,Standard ($75-$150),2,True,Billboard / Pollstar Boxscores
CNC-1109,Harry Styles,Love on Tour,Pop Rock,Stadium Headliner,2023-06-21,2023,6,June,Wednesday,False,Summer,Cardiff,United Kingdom,Europe,Tier 2 Major Regional Market,51.4816,-3.1791,Principality Stadium,Stadium,Wet Leg,1,57524,71298,80.68,False,6259694.5,108.82,Standard ($75-$150),2,True,Billboard / Pollstar Boxscores
CNC-1110,Harry Styles,Love on Tour,Pop Rock,Stadium Headliner,2023-06-27,2023,6,June,Tuesday,False,Summer,Düsseldorf,Germany,Europe,Tier 2 Major Regional Market,50.0,10.0,Merkur Spiel-Arena,Arena,Wet Leg,1,84580,92925,91.02,False,9808564.0,115.97,Standard ($75-$150),2,True,Billboard / Pollstar Boxscores
CNC-1111,Harry Styles,Love on Tour,Pop Rock,Stadium Headliner,2023-06-28,2023,6,June,Wednesday,False,Summer,Düsseldorf,Germany,Europe,Tier 2 Major Regional Market,50.0,10.0,Merkur Spiel-Arena,Arena,Wet Leg,1,84580,91985,91.95,False,9808564.0,115.97,Standard ($75-$150),2,True,Billboard / Pollstar Boxscores
CNC-1112,Harry Styles,Love on Tour,Pop Rock,Stadium Headliner,2023-07-05,2023,7,July,Wednesday,False,Summer,Frankfurt,Germany,Europe,Tier 2 Major Regional Market,50.1109,8.6821,Deutsche Bank Park,Stadium,Wet Leg,1,90976,102914,88.4,False,9834218.0,108.1,Standard ($75-$150),2,True,Billboard / Pollstar Boxscores
CNC-1113,Harry Styles,Love on Tour,Pop Rock,Stadium Headliner,2023-07-06,2023,7,July,Thursday,False,Summer,Frankfurt,Germany,Europe,Tier 2 Major Regional Market,50.1109,8.6821,Deutsche Bank Park,Stadium,Wet Leg,1,90976,99275,91.64,False,9834218.0,108.1,Standard ($75-$150),2,True,Billboard / Pollstar Boxscores
CNC-1114,The Weeknd,After Hours til Dawn Tour,R&B / Pop,Stadium Headliner,2022-07-14,2022,7,July,Thursday,False,Summer,Philadelphia,United States,North America,Tier 2 Major Regional Market,39.9526,-75.1652,Lincoln Financial Field,Stadium,Mike Dean Kaytranada,1,46486,51749,89.83,False,5131280.0,110.38,Standard ($75-$150),3,True,Billboard / Pollstar Boxscores
CNC-1115,The Weeknd,After Hours til Dawn Tour,R&B / Pop,Stadium Headliner,2022-07-16,2022,7,July,Saturday,True,Summer,East Rutherford,United States,North America,Tier 1 Global Mega-City,40.8128,-74.0742,MetLife Stadium,Stadium,Mike Dean Kaytranada,1,54703,57534,95.08,False,9890367.0,180.8,Premium ($150-$250),4,True,Billboard / Pollstar Boxscores
CNC-1116,The Weeknd,After Hours til Dawn Tour,R&B / Pop,Stadium Headliner,2022-07-21,2022,7,July,Thursday,False,Summer,Foxborough,United States,North America,Tier 2 Major Regional Market,42.0654,-71.2478,Gillette Stadium,Stadium,Mike Dean Kaytranada,1,48993,56257,87.09,False,6278792.0,128.16,Standard ($75-$150),3,True,Billboard / Pollstar Boxscores
CNC-1117,The Weeknd,After Hours til Dawn Tour,R&B / Pop,Stadium Headliner,2022-07-24,2022,7,July,Sunday,True,Summer,Chicago,United States,North America,Tier 1 Global Mega-City,41.8781,-87.6298,Soldier Field,Stadium,Mike Dean Kaytranada,1,48887,55623,87.89,False,7691796.0,157.34,Premium ($150-$250),3,True,Billboard / Pollstar Boxscores
CNC-1118,The Weeknd,After Hours til Dawn Tour,R&B / Pop,Stadium Headliner,2022-07-27,2022,7,July,Wednesday,False,Summer,Detroit,United States,North America,Tier 2 Major Regional Market,42.3314,-83.0458,Ford Field,Stadium,Mike Dean Kaytranada,1,45609,56749,80.37,False,4985501.0,109.31,Standard ($75-$150),3,True,Billboard / Pollstar Boxscores
CNC-1119,The Weeknd,After Hours til Dawn Tour,R&B / Pop,Stadium Headliner,2022-07-30,2022,7,July,Saturday,True,Summer,Landover,United States,North America,Tier 2 Major Regional Market,38.934,-76.8964,FedExField,Stadium,Mike Dean Kaytranada,1,40175,40480,99.25,True,5929459.0,147.59,Standard ($75-$150),1,False,Billboard / Pollstar Boxscores
CNC-1120,The Weeknd,After Hours til Dawn Tour,R&B / Pop,Stadium Headliner,2022-08-04,2022,8,August,Thursday,False,Summer,Tampa,United States,North America,Tier 2 Major Regional Market,27.9506,-82.4572,Raymond James Stadium,Stadium,Kaytranada,1,49941,57997,86.11,False,6116238.0,122.47,Standard ($75-$150),1,False,Billboard / Pollstar Boxscores
CNC-1121,The Weeknd,After Hours til Dawn Tour,R&B / Pop,Stadium Headliner,2022-08-06,2022,8,August,Saturday,True,Summer,Miami Gardens,United States,North America,Tier 2 Major Regional Market,25.7617,-80.1918,Hard Rock Stadium,Stadium,Mike Dean Kaytranada,1,45142,66684,67.7,False,6470071.0,143.33,Standard ($75-$150),3,True,Billboard / Pollstar Boxscores
CNC-1122,The Weeknd,After Hours til Dawn Tour,R&B / Pop,Stadium Headliner,2022-08-11,2022,8,August,Thursday,False,Summer,Atlanta,United States,North America,Tier 2 Major Regional Market,33.749,-84.388,Mercedes-Benz Stadium,Stadium,Mike Dean Snoh Aalegra,1,46836,53785,87.08,False,6539838.0,139.63,Standard ($75-$150),2,True,Billboard / Pollstar Boxscores
CNC-1123,The Weeknd,After Hours til Dawn Tour,R&B / Pop,Stadium Headliner,2022-08-14,2022,8,August,Sunday,True,Summer,Arlington,United States,North America,Tier 2 Major Regional Market,32.7357,-97.1081,AT&T Stadium,Stadium,Mike Dean Snoh Aalegra,1,49783,58790,84.68,False,8043625.0,161.57,Premium ($150-$250),3,True,Billboard / Pollstar Boxscores
CNC-1124,The Weeknd,After Hours til Dawn Tour,R&B / Pop,Stadium Headliner,2022-08-18,2022,8,August,Thursday,False,Summer,Denver,United States,North America,Tier 2 Major Regional Market,39.7392,-104.9903,Empower Field at Mile High,Stadium,Mike Dean Kaytranada,1,51472,54491,94.46,False,6307858.0,122.55,Standard ($75-$150),2,True,Billboard / Pollstar Boxscores
CNC-1125,The Weeknd,After Hours til Dawn Tour,R&B / Pop,Stadium Headliner,2022-08-20,2022,8,August,Saturday,True,Summer,Paradise,United States,North America,Tier 2 Major Regional Market,38.0,-97.0,Allegiant Stadium,Stadium,Mike Dean Kaytranada,1,44321,50353,88.02,False,8267750.0,186.54,Premium ($150-$250),2,True,Billboard / Pollstar Boxscores
CNC-1126,The Weeknd,After Hours til Dawn Tour,R&B / Pop,Stadium Headliner,2022-08-23,2022,8,August,Tuesday,False,Summer,Vancouver,Canada,North America,Tier 2 Major Regional Market,49.2827,-123.1207,BC Place,Arena,Mike Dean Kaytranada,1,41219,50255,82.02,False,4898517.0,118.84,Standard ($75-$150),3,True,Billboard / Pollstar Boxscores
CNC-1127,The Weeknd,After Hours til Dawn Tour,R&B / Pop,Stadium Headliner,2022-08-25,2022,8,August,Thursday,False,Summer,Seattle,United States,North America,Tier 2 Major Regional Market,47.6062,-122.3321,Lumen Field,Stadium,Mike Dean Snoh Aalegra,1,51556,62621,82.33,False,7071186.0,137.16,Standard ($75-$150),2,True,Billboard / Pollstar Boxscores
CNC-1128,The Weeknd,After Hours til Dawn Tour,R&B / Pop,Stadium Headliner,2022-08-27,2022,8,August,Saturday,True,Summer,Santa Clara,United States,North America,Tier 2 Major Regional Market,37.3541,-121.9552,Levi's Stadium,Stadium,Mike Dean Snoh Aalegra,1,49227,56427,87.24,False,9599671.0,195.01,Premium ($150-$250),3,True,Billboard / Pollstar Boxscores
CNC-1129,The Weeknd,After Hours til Dawn Tour,R&B / Pop,Stadium Headliner,2022-08-30,2022,8,August,Tuesday,False,Summer,Glendale,United States,North America,Tier 2 Major Regional Market,33.5387,-112.186,State Farm Stadium,Stadium,Mike Dean Kaytranada,1,53969,61300,88.04,False,6200909.0,114.9,Standard ($75-$150),2,True,Billboard / Pollstar Boxscores
CNC-1130,The Weeknd,After Hours til Dawn Tour,R&B / Pop,Stadium Headliner,2022-09-02,2022,9,September,Friday,True,Fall,Inglewood,United States,North America,Tier 1 Global Mega-City,33.9575,-118.3429,SoFi Stadium,Stadium,Mike Dean Kaytranada,1,49324,52809,93.4,False,11132108.0,225.69,Premium ($150-$250),7,True,Billboard / Pollstar Boxscores
CNC-1131,The Weeknd,After Hours til Dawn Tour,R&B / Pop,Stadium Headliner,2022-09-22,2022,9,September,Thursday,False,Fall,Toronto,Canada,North America,Tier 1 Global Mega-City,43.6532,-79.3832,Rogers Centre,Arena,Mike Dean Kaytranada,1,87101,99533,87.51,False,10231250.0,117.46,Standard ($75-$150),4,True,Billboard / Pollstar Boxscores
CNC-1132,The Weeknd,After Hours til Dawn Tour,R&B / Pop,Stadium Headliner,2022-09-23,2022,9,September,Friday,True,Fall,Toronto,Canada,North America,Tier 1 Global Mega-City,43.6532,-79.3832,Rogers Centre,Arena,Mike Dean Kaytranada,1,87101,95863,90.86,False,10231250.0,117.46,Standard ($75-$150),4,True,Billboard / Pollstar Boxscores
CNC-1133,The Weeknd,After Hours til Dawn Tour,R&B / Pop,Stadium Headliner,2022-11-26,2022,11,November,Saturday,True,Fall,Inglewood,United States,North America,Tier 1 Global Mega-City,33.9575,-118.3429,SoFi Stadium,Stadium,Mike Dean Kaytranada,1,13957,15123,92.29,False,2517163.57,180.35,Premium ($150-$250),7,True,Billboard / Pollstar Boxscores
CNC-1134,The Weeknd,After Hours til Dawn Tour,R&B / Pop,Stadium Headliner,2022-11-27,2022,11,November,Sunday,True,Fall,Inglewood,United States,North America,Tier 1 Global Mega-City,33.9575,-118.3429,SoFi Stadium,Stadium,Mike Dean Kaytranada,1,13957,15897,87.8,False,2517163.57,180.35,Premium ($150-$250),7,True,Billboard / Pollstar Boxscores
CNC-1135,The Weeknd,After Hours til Dawn Tour,R&B / Pop,Stadium Headliner,2023-06-06,2023,6,June,Tuesday,False,Summer,Algés,Portugal,Europe,Tier 2 Major Regional Market,50.0,10.0,Passeio Marítimo de Algés,Arena,Mike Dean Kaytranada,1,59928,71360,83.98,False,5308581.0,88.58,Standard ($75-$150),1,False,Billboard / Pollstar Boxscores
CNC-1136,The Weeknd,After Hours til Dawn Tour,R&B / Pop,Stadium Headliner,2023-06-10,2023,6,June,Saturday,True,Summer,Manchester,United Kingdom,Europe,Tier 2 Major Regional Market,53.4808,-2.2426,Etihad Stadium,Stadium,Mike Dean Kaytranada,1,52972,57741,91.74,False,5293048.0,99.92,Standard ($75-$150),1,False,Billboard / Pollstar Boxscores
CNC-1137,The Weeknd,After Hours til Dawn Tour,R&B / Pop,Stadium Headliner,2023-06-14,2023,6,June,Wednesday,False,Summer,Horsens,Denmark,Europe,Tier 2 Major Regional Market,50.0,10.0,Nordstern Arena,Arena,Mike Dean Kaytranada,1,26354,31917,82.57,False,3616107.0,137.21,Standard ($75-$150),1,False,Billboard / Pollstar Boxscores
CNC-1138,The Weeknd,After Hours til Dawn Tour,R&B / Pop,Stadium Headliner,2023-06-17,2023,6,June,Saturday,True,Summer,Stockholm,Sweden,Europe,Tier 2 Major Regional Market,59.3293,18.0686,Tele2 Arena,Arena,Mike Dean Kaytranada,1,70130,72915,96.18,False,5196225.0,74.09,Budget (<$75),2,True,Billboard / Pollstar Boxscores
CNC-1139,The Weeknd,After Hours til Dawn Tour,R&B / Pop,Stadium Headliner,2023-06-18,2023,6,June,Sunday,True,Summer,Stockholm,Sweden,Europe,Tier 2 Major Regional Market,59.3293,18.0686,Tele2 Arena,Arena,Mike Dean Kaytranada,1,70130,78940,88.84,False,5196225.0,74.09,Budget (<$75),2,True,Billboard / Pollstar Boxscores
CNC-1140,The Weeknd,After Hours til Dawn Tour,R&B / Pop,Stadium Headliner,2023-06-20,2023,6,June,Tuesday,False,Summer,Oslo,Norway,Europe,Tier 2 Major Regional Market,59.9139,10.7522,Telenor Arena,Arena,Mike Dean Kaytranada,1,23332,30392,76.77,False,1919784.0,82.28,Standard ($75-$150),1,False,Billboard / Pollstar Boxscores
CNC-1141,The Weeknd,After Hours til Dawn Tour,R&B / Pop,Stadium Headliner,2023-06-23,2023,6,June,Friday,True,Summer,Amsterdam,Netherlands,Europe,Tier 1 Global Mega-City,52.3676,4.9041,Johan Cruyff Arena,Arena,Mike Dean Kaytranada,1,51590,52203,98.83,True,5033496.5,97.57,Standard ($75-$150),2,True,Billboard / Pollstar Boxscores
CNC-1142,The Weeknd,After Hours til Dawn Tour,R&B / Pop,Stadium Headliner,2023-06-24,2023,6,June,Saturday,True,Summer,Amsterdam,Netherlands,Europe,Tier 1 Global Mega-City,52.3676,4.9041,Johan Cruyff Arena,Arena,Mike Dean Kaytranada,1,51590,52203,98.83,True,5033496.5,97.57,Standard ($75-$150),2,True,Billboard / Pollstar Boxscores
CNC-1143,The Weeknd,After Hours til Dawn Tour,R&B / Pop,Stadium Headliner,2023-06-28,2023,6,June,Wednesday,False,Summer,Dublin,Ireland,Europe,Tier 2 Major Regional Market,53.3498,-6.2603,Marlay Park,Stadium,Mike Dean Kaytranada,1,36251,43613,83.12,False,3468512.0,95.68,Standard ($75-$150),1,False,Billboard / Pollstar Boxscores
CNC-1144,The Weeknd,After Hours til Dawn Tour,R&B / Pop,Stadium Headliner,2023-07-02,2023,7,July,Sunday,True,Summer,Hamburg,Germany,Europe,Tier 2 Major Regional Market,53.5511,9.9937,Volksparkstadion,Stadium,Mike Dean Kaytranada,1,46771,51431,90.94,False,4191685.0,89.62,Standard ($75-$150),1,False,Billboard / Pollstar Boxscores
CNC-1145,The Weeknd,After Hours til Dawn Tour,R&B / Pop,Stadium Headliner,2023-07-04,2023,7,July,Tuesday,False,Summer,Düsseldorf,Germany,Europe,Tier 2 Major Regional Market,50.0,10.0,Merkur Spiel-Arena,Arena,Mike Dean Kaytranada,1,46932,62071,75.61,False,4346049.0,92.6,Standard ($75-$150),1,False,Billboard / Pollstar Boxscores
CNC-1146,The Weeknd,After Hours til Dawn Tour,R&B / Pop,Stadium Headliner,2023-07-07,2023,7,July,Friday,True,Summer,London,United Kingdom,Europe,Tier 1 Global Mega-City,51.5074,-0.1278,London Stadium,Stadium,Mike Dean Kaytranada,1,79787,85553,93.26,False,8558738.5,107.27,Standard ($75-$150),2,True,Billboard / Pollstar Boxscores
CNC-1147,The Weeknd,After Hours til Dawn Tour,R&B / Pop,Stadium Headliner,2023-07-08,2023,7,July,Saturday,True,Summer,London,United Kingdom,Europe,Tier 1 Global Mega-City,51.5074,-0.1278,London Stadium,Stadium,Mike Dean Kaytranada,1,79787,90431,88.23,False,8558738.5,107.27,Standard ($75-$150),2,True,Billboard / Pollstar Boxscores
CNC-1148,The Weeknd,After Hours til Dawn Tour,R&B / Pop,Stadium Headliner,2023-07-11,2023,7,July,Tuesday,False,Summer,Brussels,Belgium,Europe,Tier 2 Major Regional Market,50.8503,4.3517,King Baudouin Stadium,Stadium,Mike Dean Kaytranada,1,51648,64001,80.7,False,4491785.5,86.97,Standard ($75-$150),2,True,Billboard / Pollstar Boxscores
CNC-1149,The Weeknd,After Hours til Dawn Tour,R&B / Pop,Stadium Headliner,2023-07-12,2023,7,July,Wednesday,False,Summer,Brussels,Belgium,Europe,Tier 2 Major Regional Market,50.8503,4.3517,King Baudouin Stadium,Stadium,Mike Dean Kaytranada,1,51648,63171,81.76,False,4491785.5,86.97,Standard ($75-$150),2,True,Billboard / Pollstar Boxscores
CNC-1150,The Weeknd,After Hours til Dawn Tour,R&B / Pop,Stadium Headliner,2023-07-14,2023,7,July,Friday,True,Summer,Frankfurt,Germany,Europe,Tier 2 Major Regional Market,50.1109,8.6821,Deutsche Bank Park,Stadium,Mike Dean Kaytranada,1,47169,49756,94.8,False,4577212.0,97.04,Standard ($75-$150),1,False,Billboard / Pollstar Boxscores
CNC-1151,The Weeknd,After Hours til Dawn Tour,R&B / Pop,Stadium Headliner,2023-07-18,2023,7,July,Tuesday,False,Summer,Madrid,Spain,Europe,Tier 1 Global Mega-City,40.4168,-3.7038,Estádio Cívitas Metropolitano,Arena,Mike Dean Kaytranada,1,54568,62751,86.96,False,4934255.0,90.42,Standard ($75-$150),1,False,Billboard / Pollstar Boxscores
CNC-1152,The Weeknd,After Hours til Dawn Tour,R&B / Pop,Stadium Headliner,2023-07-20,2023,7,July,Thursday,False,Summer,Barcelona,Spain,Europe,Tier 2 Major Regional Market,41.3879,2.1699,Estadi Olímpic Lluís Companys,Arena,Mike Dean Kaytranada,1,54017,61495,87.84,False,5484112.0,101.53,Standard ($75-$150),1,False,Billboard / Pollstar Boxscores
CNC-1153,The Weeknd,After Hours til Dawn Tour,R&B / Pop,Stadium Headliner,2023-07-22,2023,7,July,Saturday,True,Summer,Nice,France,Europe,Tier 2 Major Regional Market,50.0,10.0,Allianz Riviera,Arena,Mike Dean Kaytranada,1,69200,77017,89.85,False,7335862.0,106.01,Standard ($75-$150),2,True,Billboard / Pollstar Boxscores
CNC-1154,The Weeknd,After Hours til Dawn Tour,R&B / Pop,Stadium Headliner,2023-07-23,2023,7,July,Sunday,True,Summer,Nice,France,Europe,Tier 2 Major Regional Market,50.0,10.0,Allianz Riviera,Arena,Mike Dean Kaytranada,1,69200,75022,92.24,False,7335862.0,106.01,Standard ($75-$150),2,True,Billboard / Pollstar Boxscores
CNC-1155,The Weeknd,After Hours til Dawn Tour,R&B / Pop,Stadium Headliner,2023-07-26,2023,7,July,Wednesday,False,Summer,Milan,Italy,Europe,Tier 2 Major Regional Market,45.4642,9.19,Ippodromo Snai La Maura,Arena,Mike Dean Kaytranada,1,79354,79847,99.38,True,6454492.5,81.34,Standard ($75-$150),2,True,Billboard / Pollstar Boxscores
CNC-1156,The Weeknd,After Hours til Dawn Tour,R&B / Pop,Stadium Headliner,2023-07-27,2023,7,July,Thursday,False,Summer,Milan,Italy,Europe,Tier 2 Major Regional Market,45.4642,9.19,Ippodromo Snai La Maura,Arena,Mike Dean Kaytranada,1,79354,79847,99.38,True,6454492.5,81.34,Standard ($75-$150),2,True,Billboard / Pollstar Boxscores
CNC-1157,The Weeknd,After Hours til Dawn Tour,R&B / Pop,Stadium Headliner,2023-07-29,2023,7,July,Saturday,True,Summer,Saint-Denis,France,Europe,Tier 1 Global Mega-City,48.9362,2.3574,Stade de France,Stadium,Mike Dean Kaytranada,1,75305,75987,99.1,True,7929498.0,105.3,Standard ($75-$150),2,True,Billboard / Pollstar Boxscores
CNC-1158,The Weeknd,After Hours til Dawn Tour,R&B / Pop,Stadium Headliner,2023-07-30,2023,7,July,Sunday,True,Summer,Saint-Denis,France,Europe,Tier 1 Global Mega-City,48.9362,2.3574,Stade de France,Stadium,Mike Dean Kaytranada,1,75305,75987,99.1,True,7929498.0,105.3,Standard ($75-$150),2,True,Billboard / Pollstar Boxscores
CNC-1159,The Weeknd,After Hours til Dawn Tour,R&B / Pop,Stadium Headliner,2023-08-01,2023,8,August,Tuesday,False,Summer,Bordeaux,France,Europe,Tier 2 Major Regional Market,50.0,10.0,Matmut Atlantique,Arena,Mike Dean Kaytranada,1,38251,48511,78.85,False,3952106.0,103.32,Standard ($75-$150),1,False,Billboard / Pollstar Boxscores
CNC-1160,The Weeknd,After Hours til Dawn Tour,R&B / Pop,Stadium Headliner,2023-08-04,2023,8,August,Friday,True,Summer,Munich,Germany,Europe,Tier 2 Major Regional Market,48.1351,11.582,Olympiastadion,Stadium,Mike Dean Kaytranada,1,72011,77306,93.15,False,6338259.0,88.02,Standard ($75-$150),1,False,Billboard / Pollstar Boxscores
CNC-1161,The Weeknd,After Hours til Dawn Tour,R&B / Pop,Stadium Headliner,2023-08-06,2023,8,August,Sunday,True,Summer,Prague,Czech Republic,Europe,Tier 2 Major Regional Market,50.0,10.0,Letňany,Arena,Mike Dean Kaytranada,1,60714,66550,91.23,False,6388155.0,105.22,Standard ($75-$150),1,False,Billboard / Pollstar Boxscores
CNC-1162,The Weeknd,After Hours til Dawn Tour,R&B / Pop,Stadium Headliner,2023-08-09,2023,8,August,Wednesday,False,Summer,Warsaw,Poland,Europe,Tier 2 Major Regional Market,52.2297,21.0122,PGE Narodowy,Arena,Mike Dean Kaytranada,1,62007,79415,78.08,False,6477909.0,104.47,Standard ($75-$150),1,False,Billboard / Pollstar Boxscores
CNC-1163,The Weeknd,After Hours til Dawn Tour,R&B / Pop,Stadium Headliner,2023-08-12,2023,8,August,Saturday,True,Summer,Tallinn,Estonia,North America,Tier 3 Emerging / Secondary Market,38.0,-97.0,Tallinn Song Festival Grounds,Amphitheater / Park,Mike Dean Kaytranada,1,53458,66915,79.89,False,5086827.0,95.16,Standard ($75-$150),1,False,Billboard / Pollstar Boxscores
CNC-1164,The Weeknd,After Hours til Dawn Tour,R&B / Pop,Stadium Headliner,2023-08-18,2023,8,August,Friday,True,Summer,London,United Kingdom,Europe,Tier 1 Global Mega-City,51.5074,-0.1278,Wembley Stadium,Stadium,Mike Dean Kaytranada,1,89179,94469,94.4,False,9250620.0,103.73,Standard ($75-$150),1,False,Billboard / Pollstar Boxscores
CNC-1165,The Weeknd,After Hours til Dawn Tour,R&B / Pop,Stadium Headliner,2023-09-26,2023,9,September,Tuesday,False,Spring,Guadalupe,Mexico,Latin America,Tier 2 Major Regional Market,25.6768,-100.2565,Estadio BBVA,Stadium,Mike Dean Kaytranada,1,46791,56463,82.87,False,5689051.0,121.58,Standard ($75-$150),1,False,Billboard / Pollstar Boxscores
CNC-1166,The Weeknd,After Hours til Dawn Tour,R&B / Pop,Stadium Headliner,2023-09-29,2023,9,September,Friday,True,Spring,Mexico City,Mexico,Latin America,Tier 1 Global Mega-City,19.4326,-99.1332,Foro Sol,Arena,Mike Dean Kaytranada,1,64854,67669,95.84,False,5548699.5,85.56,Standard ($75-$150),2,True,Billboard / Pollstar Boxscores
CNC-1167,The Weeknd,After Hours til Dawn Tour,R&B / Pop,Stadium Headliner,2023-09-30,2023,9,September,Saturday,True,Spring,Mexico City,Mexico,Latin America,Tier 1 Global Mega-City,19.4326,-99.1332,Foro Sol,Arena,Mike Dean Kaytranada,1,64854,67199,96.51,False,5548699.5,85.56,Standard ($75-$150),2,True,Billboard / Pollstar Boxscores
CNC-1168,The Weeknd,After Hours til Dawn Tour,R&B / Pop,Stadium Headliner,2023-10-04,2023,10,October,Wednesday,False,Spring,Bogotaá,Colombia,Latin America,Tier 1 Global Mega-City,4.711,-74.0721,Estadio El Campín,Stadium,Mike Dean Kaytranada,1,35386,43127,82.05,False,3117966.0,88.11,Standard ($75-$150),1,False,Billboard / Pollstar Boxscores
CNC-1169,The Weeknd,After Hours til Dawn Tour,R&B / Pop,Stadium Headliner,2023-10-07,2023,10,October,Saturday,True,Spring,Rio de Janeiro,Brazil,Latin America,Tier 1 Global Mega-City,-22.9068,-43.1729,Estádio Nilton Santos,Arena,Mike Dean Kaytranada,1,71363,77434,92.16,False,5153492.0,72.22,Budget (<$75),1,False,Billboard / Pollstar Boxscores
CNC-1170,The Weeknd,After Hours til Dawn Tour,R&B / Pop,Stadium Headliner,2023-10-10,2023,10,October,Tuesday,False,Spring,Sao Paulo,Brazil,Latin America,Tier 1 Global Mega-City,-23.5505,-46.6333,Allianz Parque,Arena,Mike Dean Kaytranada,1,48946,54463,89.87,False,4604105.5,94.07,Standard ($75-$150),2,True,Billboard / Pollstar Boxscores
CNC-1171,The Weeknd,After Hours til Dawn Tour,R&B / Pop,Stadium Headliner,2023-10-11,2023,10,October,Wednesday,False,Spring,Sao Paulo,Brazil,Latin America,Tier 1 Global Mega-City,-23.5505,-46.6333,Allianz Parque,Arena,Mike Dean Kaytranada,1,48946,56835,86.12,False,4604105.5,94.07,Standard ($75-$150),2,True,Billboard / Pollstar Boxscores
CNC-1172,The Weeknd,After Hours til Dawn Tour,R&B / Pop,Stadium Headliner,2023-10-15,2023,10,October,Sunday,True,Spring,Santiago,Chile,Latin America,Tier 1 Global Mega-City,-33.4489,-70.6693,Estadio Bicentenario de La Florida,Stadium,Mike Dean Kaytranada Aerobica,1,50132,55628,90.12,False,5062150.0,100.98,Standard ($75-$150),2,True,Billboard / Pollstar Boxscores
CNC-1173,The Weeknd,After Hours til Dawn Tour,R&B / Pop,Stadium Headliner,2023-10-16,2023,10,October,Monday,False,Spring,Santiago,Chile,Latin America,Tier 1 Global Mega-City,-33.4489,-70.6693,Estadio Bicentenario de La Florida,Stadium,Mike Dean Kaytranada Aerobica,1,50132,56271,89.09,False,5062150.0,100.98,Standard ($75-$150),2,True,Billboard / Pollstar Boxscores
CNC-1174,The Weeknd,After Hours til Dawn Tour,R&B / Pop,Stadium Headliner,2023-10-18,2023,10,October,Wednesday,False,Spring,Buenos Aires,Argentina,Latin America,Tier 1 Global Mega-City,-34.6037,-58.3816,Estadio River Plate,Stadium,Mike Dean Kaytranada Tayhana,1,58347,68652,84.99,False,2546943.5,43.65,Budget (<$75),2,True,Billboard / Pollstar Boxscores
CNC-1175,The Weeknd,After Hours til Dawn Tour,R&B / Pop,Stadium Headliner,2023-10-19,2023,10,October,Thursday,False,Spring,Buenos Aires,Argentina,Latin America,Tier 1 Global Mega-City,-34.6037,-58.3816,Estadio River Plate,Stadium,Mike Dean Kaytranada Tayhana,1,58347,64111,91.01,False,2546943.5,43.65,Budget (<$75),2,True,Billboard / Pollstar Boxscores
CNC-1176,The Weeknd,After Hours til Dawn Tour,R&B / Pop,Stadium Headliner,2023-10-22,2023,10,October,Sunday,True,Spring,Lima,Peru,Latin America,Tier 1 Global Mega-City,-12.0464,-77.0428,Estadio Universidad San Marcos,Stadium,Mike Dean Kaytranada,1,41191,41946,98.2,True,4032616.0,97.9,Standard ($75-$150),1,False,Billboard / Pollstar Boxscores
CNC-1177,The Weeknd,After Hours til Dawn Tour,R&B / Pop,Stadium Headliner,2023-10-25,2023,10,October,Wednesday,False,Spring,Zapopan,Mexico,Latin America,Tier 2 Major Regional Market,20.7166,-103.4048,Estadio Akron,Stadium,Mike Dean Kaytranada,1,41145,47765,86.14,False,5935783.0,144.26,Standard ($75-$150),1,False,Billboard / Pollstar Boxscores
CNC-1178,The Weeknd,After Hours til Dawn Tour,R&B / Pop,Stadium Headliner,2024-10-05,2024,10,October,Saturday,True,Spring,Melbourne,Australia,Oceania,Tier 1 Global Mega-City,-37.8136,144.9631,Marvel Stadium,Stadium,Mike Dean Chxrry22 Anna Lunoe,1,92092,92138,99.95,True,12519035.0,135.94,Standard ($75-$150),2,True,Billboard / Pollstar Boxscores
CNC-1179,The Weeknd,After Hours til Dawn Tour,R&B / Pop,Stadium Headliner,2024-10-06,2024,10,October,Sunday,True,Spring,Melbourne,Australia,Oceania,Tier 1 Global Mega-City,-37.8136,144.9631,Marvel Stadium,Stadium,Mike Dean Chxrry22 Anna Lunoe,1,92092,99861,92.22,False,12519035.0,135.94,Standard ($75-$150),2,True,Billboard / Pollstar Boxscores
CNC-1180,The Weeknd,After Hours til Dawn Tour,R&B / Pop,Stadium Headliner,2024-10-22,2024,10,October,Tuesday,False,Spring,Sydney,Australia,Oceania,Tier 1 Global Mega-City,-33.8688,151.2093,Accor Stadium,Stadium,Mike Dean Chxrry22 Anna Lunoe,1,59484,70772,84.05,False,6798481.5,114.29,Standard ($75-$150),2,True,Billboard / Pollstar Boxscores
CNC-1181,The Weeknd,After Hours til Dawn Tour,R&B / Pop,Stadium Headliner,2024-10-23,2024,10,October,Wednesday,False,Spring,Sydney,Australia,Oceania,Tier 1 Global Mega-City,-33.8688,151.2093,Accor Stadium,Stadium,Mike Dean Chxrry22 Anna Lunoe,1,59484,68863,86.38,False,6798481.5,114.29,Standard ($75-$150),2,True,Billboard / Pollstar Boxscores
CNC-1182,The Weeknd,After Hours til Dawn Tour,R&B / Pop,Stadium Headliner,2025-05-09,2025,5,May,Friday,True,Spring,Glendale,United States,North America,Tier 2 Major Regional Market,33.5387,-112.186,State Farm Stadium,Stadium,Playboi Carti Mike Dean,1,58209,64850,89.76,False,8709847.0,149.63,Standard ($75-$150),2,True,Billboard / Pollstar Boxscores
CNC-1183,The Weeknd,After Hours til Dawn Tour,R&B / Pop,Stadium Headliner,2025-05-24,2025,5,May,Saturday,True,Spring,Detroit,United States,North America,Tier 2 Major Regional Market,42.3314,-83.0458,Ford Field,Stadium,Playboi Carti Mike Dean,1,78144,88169,88.63,False,9144437.0,117.02,Standard ($75-$150),3,True,Billboard / Pollstar Boxscores
CNC-1184,The Weeknd,After Hours til Dawn Tour,R&B / Pop,Stadium Headliner,2025-05-25,2025,5,May,Sunday,True,Spring,Detroit,United States,North America,Tier 2 Major Regional Market,42.3314,-83.0458,Ford Field,Stadium,Playboi Carti Mike Dean,1,78144,89267,87.54,False,9144437.0,117.02,Standard ($75-$150),3,True,Billboard / Pollstar Boxscores
CNC-1185,The Weeknd,After Hours til Dawn Tour,R&B / Pop,Stadium Headliner,2025-05-30,2025,5,May,Friday,True,Spring,Chicago,United States,North America,Tier 1 Global Mega-City,41.8781,-87.6298,Soldier Field,Stadium,Playboi Carti Mike Dean,1,32014,32014,100.0,True,5564690.67,173.82,Premium ($150-$250),3,True,Billboard / Pollstar Boxscores
CNC-1186,The Weeknd,After Hours til Dawn Tour,R&B / Pop,Stadium Headliner,2025-05-31,2025,5,May,Saturday,True,Spring,Chicago,United States,North America,Tier 1 Global Mega-City,41.8781,-87.6298,Soldier Field,Stadium,Playboi Carti Mike Dean,1,32014,33989,94.19,False,5564690.67,173.82,Premium ($150-$250),3,True,Billboard / Pollstar Boxscores
CNC-1187,The Weeknd,After Hours til Dawn Tour,R&B / Pop,Stadium Headliner,2025-06-05,2025,6,June,Thursday,False,Summer,East Rutherford,United States,North America,Tier 1 Global Mega-City,40.8128,-74.0742,MetLife Stadium,Stadium,Playboi Carti Mike Dean,1,40708,43082,94.49,False,7449115.25,182.99,Premium ($150-$250),4,True,Billboard / Pollstar Boxscores
CNC-1188,The Weeknd,After Hours til Dawn Tour,R&B / Pop,Stadium Headliner,2025-06-06,2025,6,June,Friday,True,Summer,East Rutherford,United States,North America,Tier 1 Global Mega-City,40.8128,-74.0742,MetLife Stadium,Stadium,Playboi Carti Mike Dean,1,40708,40708,100.0,True,7449115.25,182.99,Premium ($150-$250),4,True,Billboard / Pollstar Boxscores
CNC-1189,The Weeknd,After Hours til Dawn Tour,R&B / Pop,Stadium Headliner,2025-06-07,2025,6,June,Saturday,True,Summer,East Rutherford,United States,North America,Tier 1 Global Mega-City,40.8128,-74.0742,MetLife Stadium,Stadium,Playboi Carti Mike Dean,1,40708,42954,94.77,False,7449115.25,182.99,Premium ($150-$250),4,True,Billboard / Pollstar Boxscores
CNC-1190,The Weeknd,After Hours til Dawn Tour,R&B / Pop,Stadium Headliner,2025-06-10,2025,6,June,Tuesday,False,Summer,Foxborough,United States,North America,Tier 2 Major Regional Market,42.0654,-71.2478,Gillette Stadium,Stadium,Playboi Carti Mike Dean,1,88432,105351,83.94,False,11498903.0,130.03,Standard ($75-$150),3,True,Billboard / Pollstar Boxscores
CNC-1191,The Weeknd,After Hours til Dawn Tour,R&B / Pop,Stadium Headliner,2025-06-11,2025,6,June,Wednesday,False,Summer,Foxborough,United States,North America,Tier 2 Major Regional Market,42.0654,-71.2478,Gillette Stadium,Stadium,Playboi Carti Mike Dean,1,88432,110443,80.07,False,11498903.0,130.03,Standard ($75-$150),3,True,Billboard / Pollstar Boxscores
CNC-1192,The Weeknd,After Hours til Dawn Tour,R&B / Pop,Stadium Headliner,2025-06-14,2025,6,June,Saturday,True,Summer,Minneapolis,United States,North America,Tier 2 Major Regional Market,44.9778,-93.265,U.S. Bank Stadium,Stadium,Playboi Carti Mike Dean,1,47730,54375,87.78,False,5818152.0,121.9,Standard ($75-$150),1,False,Billboard / Pollstar Boxscores
CNC-1193,The Weeknd,After Hours til Dawn Tour,R&B / Pop,Stadium Headliner,2025-06-21,2025,6,June,Saturday,True,Summer,Denver,United States,North America,Tier 2 Major Regional Market,39.7392,-104.9903,Empower Field at Mile High,Stadium,Playboi Carti Mike Dean,1,63668,70429,90.4,False,8885868.0,139.57,Standard ($75-$150),2,True,Billboard / Pollstar Boxscores
CNC-1194,The Weeknd,After Hours til Dawn Tour,R&B / Pop,Stadium Headliner,2025-06-25,2025,6,June,Wednesday,False,Summer,Inglewood,United States,North America,Tier 1 Global Mega-City,33.9575,-118.3429,SoFi Stadium,Stadium,Playboi Carti Mike Dean,1,28470,33565,84.82,False,4862804.29,170.81,Premium ($150-$250),7,True,Billboard / Pollstar Boxscores
CNC-1195,The Weeknd,After Hours til Dawn Tour,R&B / Pop,Stadium Headliner,2025-06-26,2025,6,June,Thursday,False,Summer,Inglewood,United States,North America,Tier 1 Global Mega-City,33.9575,-118.3429,SoFi Stadium,Stadium,Playboi Carti Mike Dean,1,28470,32122,88.63,False,4862804.29,170.81,Premium ($150-$250),7,True,Billboard / Pollstar Boxscores
CNC-1196,The Weeknd,After Hours til Dawn Tour,R&B / Pop,Stadium Headliner,2025-06-28,2025,6,June,Saturday,True,Summer,Inglewood,United States,North America,Tier 1 Global Mega-City,33.9575,-118.3429,SoFi Stadium,Stadium,Playboi Carti Mike Dean,1,28470,30108,94.56,False,4862804.29,170.81,Premium ($150-$250),7,True,Billboard / Pollstar Boxscores
CNC-1197,The Weeknd,After Hours til Dawn Tour,R&B / Pop,Stadium Headliner,2025-06-29,2025,6,June,Sunday,True,Summer,Inglewood,United States,North America,Tier 1 Global Mega-City,33.9575,-118.3429,SoFi Stadium,Stadium,Playboi Carti Mike Dean,1,28470,32656,87.18,False,4862804.29,170.81,Premium ($150-$250),7,True,Billboard / Pollstar Boxscores
CNC-1198,The Weeknd,After Hours til Dawn Tour,R&B / Pop,Stadium Headliner,2025-07-05,2025,7,July,Saturday,True,Summer,Paradise,United States,North America,Tier 2 Major Regional Market,38.0,-97.0,Allegiant Stadium,Stadium,Playboi Carti Mike Dean,1,52441,63634,82.41,False,10041464.0,191.48,Premium ($150-$250),2,True,Billboard / Pollstar Boxscores
CNC-1199,The Weeknd,After Hours til Dawn Tour,R&B / Pop,Stadium Headliner,2025-07-08,2025,7,July,Tuesday,False,Summer,Santa Clara,United States,North America,Tier 2 Major Regional Market,37.3541,-121.9552,Levi's Stadium,Stadium,Playboi Carti Mike Dean,1,33410,38358,87.1,False,5695904.67,170.49,Premium ($150-$250),3,True,Billboard / Pollstar Boxscores
CNC-1200,The Weeknd,After Hours til Dawn Tour,R&B / Pop,Stadium Headliner,2025-07-09,2025,7,July,Wednesday,False,Summer,Santa Clara,United States,North America,Tier 2 Major Regional Market,37.3541,-121.9552,Levi's Stadium,Stadium,Playboi Carti Mike Dean,1,33410,39969,83.59,False,5695904.67,170.49,Premium ($150-$250),3,True,Billboard / Pollstar Boxscores
CNC-1201,The Weeknd,After Hours til Dawn Tour,R&B / Pop,Stadium Headliner,2025-07-12,2025,7,July,Saturday,True,Summer,Seattle,United States,North America,Tier 2 Major Regional Market,47.6062,-122.3321,Lumen Field,Stadium,Playboi Carti Mike Dean,1,62483,62483,100.0,True,9969625.0,159.56,Premium ($150-$250),2,True,Billboard / Pollstar Boxscores
CNC-1202,The Weeknd,After Hours til Dawn Tour,R&B / Pop,Stadium Headliner,2025-07-15,2025,7,July,Tuesday,False,Summer,Vancouver,Canada,North America,Tier 2 Major Regional Market,49.2827,-123.1207,BC Place,Arena,Mike Dean,1,83252,108656,76.62,False,10251023.0,123.13,Standard ($75-$150),3,True,Billboard / Pollstar Boxscores
CNC-1203,The Weeknd,After Hours til Dawn Tour,R&B / Pop,Stadium Headliner,2025-07-16,2025,7,July,Wednesday,False,Summer,Vancouver,Canada,North America,Tier 2 Major Regional Market,49.2827,-123.1207,BC Place,Arena,Mike Dean,1,83252,103098,80.75,False,10251023.0,123.13,Standard ($75-$150),3,True,Billboard / Pollstar Boxscores
CNC-1204,The Weeknd,After Hours til Dawn Tour,R&B / Pop,Stadium Headliner,2025-07-19,2025,7,July,Saturday,True,Summer,Edmonton,Canada,North America,Tier 3 Emerging / Secondary Market,53.5461,-113.4938,Commonwealth Stadium,Stadium,Mike Dean,1,54076,65451,82.62,False,7002903.0,129.5,Standard ($75-$150),1,False,Billboard / Pollstar Boxscores
CNC-1205,The Weeknd,After Hours til Dawn Tour,R&B / Pop,Stadium Headliner,2025-07-24,2025,7,July,Thursday,False,Summer,Montreal,Canada,North America,Tier 2 Major Regional Market,45.5017,-73.5673,Parc Jean-Drapeau,Arena,Kaytranada Mike Dean,1,79032,89100,88.7,False,9992306.0,126.43,Standard ($75-$150),2,True,Billboard / Pollstar Boxscores
CNC-1206,The Weeknd,After Hours til Dawn Tour,R&B / Pop,Stadium Headliner,2025-07-25,2025,7,July,Friday,True,Summer,Montreal,Canada,North America,Tier 2 Major Regional Market,45.5017,-73.5673,Parc Jean-Drapeau,Arena,Kaytranada Mike Dean,1,79032,83579,94.56,False,9992306.0,126.43,Standard ($75-$150),2,True,Billboard / Pollstar Boxscores
CNC-1207,The Weeknd,After Hours til Dawn Tour,R&B / Pop,Stadium Headliner,2025-07-27,2025,7,July,Sunday,True,Summer,Toronto,Canada,North America,Tier 1 Global Mega-City,43.6532,-79.3832,Rogers Centre,Arena,Kaytranada Mike Dean,1,39581,41446,95.5,False,6225663.5,157.29,Premium ($150-$250),4,True,Billboard / Pollstar Boxscores
CNC-1208,The Weeknd,After Hours til Dawn Tour,R&B / Pop,Stadium Headliner,2025-07-28,2025,7,July,Monday,False,Summer,Toronto,Canada,North America,Tier 1 Global Mega-City,43.6532,-79.3832,Rogers Centre,Arena,Kaytranada Mike Dean,1,39581,40463,97.82,False,6225663.5,157.29,Premium ($150-$250),4,True,Billboard / Pollstar Boxscores
CNC-1209,The Weeknd,After Hours til Dawn Tour,R&B / Pop,Stadium Headliner,2025-07-30,2025,7,July,Wednesday,False,Summer,Philadelphia,United States,North America,Tier 2 Major Regional Market,39.9526,-75.1652,Lincoln Financial Field,Stadium,Playboi Carti Mike Dean,1,34387,41803,82.26,False,4264390.67,124.01,Standard ($75-$150),3,True,Billboard / Pollstar Boxscores
CNC-1210,The Weeknd,After Hours til Dawn Tour,R&B / Pop,Stadium Headliner,2025-07-31,2025,7,July,Thursday,False,Summer,Philadelphia,United States,North America,Tier 2 Major Regional Market,39.9526,-75.1652,Lincoln Financial Field,Stadium,Playboi Carti,1,34387,38477,89.37,False,4264390.67,124.01,Standard ($75-$150),3,True,Billboard / Pollstar Boxscores
CNC-1211,The Weeknd,After Hours til Dawn Tour,R&B / Pop,Stadium Headliner,2025-08-02,2025,8,August,Saturday,True,Summer,Landover,United States,North America,Tier 2 Major Regional Market,38.934,-76.8964,Northwest Stadium,Stadium,Playboi Carti Mike Dean,1,43625,44334,98.4,True,6906975.0,158.33,Premium ($150-$250),1,False,Billboard / Pollstar Boxscores
CNC-1212,The Weeknd,After Hours til Dawn Tour,R&B / Pop,Stadium Headliner,2025-08-12,2025,8,August,Tuesday,False,Summer,Nashville,United States,North America,Tier 2 Major Regional Market,36.1627,-86.7816,Nissan Stadium,Stadium,Playboi Carti Mike Dean,1,46930,57253,81.97,False,5361232.0,114.24,Standard ($75-$150),1,False,Billboard / Pollstar Boxscores
CNC-1213,The Weeknd,After Hours til Dawn Tour,R&B / Pop,Stadium Headliner,2025-08-15,2025,8,August,Friday,True,Summer,Miami Gardens,United States,North America,Tier 2 Major Regional Market,25.7617,-80.1918,Hard Rock Stadium,Stadium,Playboi Carti Mike Dean,1,87172,89887,96.98,False,13628869.0,156.34,Premium ($150-$250),3,True,Billboard / Pollstar Boxscores
CNC-1214,The Weeknd,After Hours til Dawn Tour,R&B / Pop,Stadium Headliner,2025-08-16,2025,8,August,Saturday,True,Summer,Miami Gardens,United States,North America,Tier 2 Major Regional Market,25.7617,-80.1918,Hard Rock Stadium,Stadium,Playboi Carti Mike Dean,1,87172,99149,87.92,False,13628869.0,156.34,Premium ($150-$250),3,True,Billboard / Pollstar Boxscores
CNC-1215,The Weeknd,After Hours til Dawn Tour,R&B / Pop,Stadium Headliner,2025-08-21,2025,8,August,Thursday,False,Summer,Atlanta,United States,North America,Tier 2 Major Regional Market,33.749,-84.388,Mercedes-Benz Stadium,Stadium,Playboi Carti Mike Dean,1,49695,54622,90.98,False,8627354.0,173.61,Premium ($150-$250),2,True,Billboard / Pollstar Boxscores
CNC-1216,The Weeknd,After Hours til Dawn Tour,R&B / Pop,Stadium Headliner,2025-08-24,2025,8,August,Sunday,True,Summer,Orlando,United States,North America,Tier 2 Major Regional Market,38.0,-97.0,Camping World Stadium,Stadium,Playboi Carti Mike Dean,1,52083,58645,88.81,False,9062680.0,174.0,Premium ($150-$250),1,False,Billboard / Pollstar Boxscores
CNC-1217,The Weeknd,After Hours til Dawn Tour,R&B / Pop,Stadium Headliner,2025-08-27,2025,8,August,Wednesday,False,Summer,Arlington,United States,North America,Tier 2 Major Regional Market,32.7357,-97.1081,AT&T Stadium,Stadium,Playboi Carti Mike Dean,1,89608,104390,85.84,False,13175464.0,147.03,Standard ($75-$150),3,True,Billboard / Pollstar Boxscores
CNC-1218,The Weeknd,After Hours til Dawn Tour,R&B / Pop,Stadium Headliner,2025-08-28,2025,8,August,Thursday,False,Summer,Arlington,United States,North America,Tier 2 Major Regional Market,32.7357,-97.1081,AT&T Stadium,Stadium,Playboi Carti Mike Dean,1,89608,103701,86.41,False,13175464.0,147.03,Standard ($75-$150),3,True,Billboard / Pollstar Boxscores
CNC-1219,The Weeknd,After Hours til Dawn Tour,R&B / Pop,Stadium Headliner,2025-08-30,2025,8,August,Saturday,True,Summer,Houston,United States,North America,Tier 2 Major Regional Market,29.7604,-95.3698,NRG Stadium,Stadium,Playboi Carti Mike Dean,1,48521,52700,92.07,False,7307820.0,150.61,Premium ($150-$250),2,True,Billboard / Pollstar Boxscores
CNC-1220,The Weeknd,After Hours til Dawn Tour,R&B / Pop,Stadium Headliner,2025-08-31,2025,8,August,Sunday,True,Summer,Houston,United States,North America,Tier 2 Major Regional Market,29.7604,-95.3698,NRG Stadium,Stadium,Playboi Carti Mike Dean,1,48521,55990,86.66,False,7307820.0,150.61,Premium ($150-$250),2,True,Billboard / Pollstar Boxscores
CNC-1221,The Weeknd,After Hours til Dawn Tour,R&B / Pop,Stadium Headliner,2025-09-03,2025,9,September,Wednesday,False,Fall,San Antonio,United States,North America,Tier 2 Major Regional Market,38.0,-97.0,Alamodome,Stadium,Playboi Carti Mike Dean,1,51796,67469,76.77,False,8249244.0,159.26,Premium ($150-$250),1,False,Billboard / Pollstar Boxscores
CNC-1222,U2,U2 360° Tour,Rock,Stadium Headliner,2009-06-30,2009,6,June,Tuesday,False,Summer,Barcelona,Spain,Europe,Tier 2 Major Regional Market,41.3879,2.1699,Camp Nou,Arena,Snow Patrol,1,91028,123210,73.88,False,9912748.5,108.9,Standard ($75-$150),2,True,Billboard / Pollstar Boxscores
CNC-1223,U2,U2 360° Tour,Rock,Stadium Headliner,2009-07-02,2009,7,July,Thursday,False,Summer,Barcelona,Spain,Europe,Tier 2 Major Regional Market,41.3879,2.1699,Camp Nou,Arena,Snow Patrol,1,91028,119177,76.38,False,9912748.5,108.9,Standard ($75-$150),2,True,Billboard / Pollstar Boxscores
CNC-1224,U2,U2 360° Tour,Rock,Stadium Headliner,2009-07-07,2009,7,July,Tuesday,False,Summer,Milan,Italy,Europe,Tier 2 Major Regional Market,45.4642,9.19,San Siro,Arena,Snow Patrol,1,76903,109767,70.06,False,7584399.5,98.62,Standard ($75-$150),2,True,Billboard / Pollstar Boxscores
CNC-1225,U2,U2 360° Tour,Rock,Stadium Headliner,2009-07-08,2009,7,July,Wednesday,False,Summer,Milan,Italy,Europe,Tier 2 Major Regional Market,45.4642,9.19,San Siro,Arena,Snow Patrol,1,76903,103839,74.06,False,7584399.5,98.62,Standard ($75-$150),2,True,Billboard / Pollstar Boxscores
CNC-1226,U2,U2 360° Tour,Rock,Stadium Headliner,2009-07-11,2009,7,July,Saturday,True,Summer,Saint-Denis,France,Europe,Tier 1 Global Mega-City,48.9362,2.3574,Stade de France,Stadium,Kaiser Chiefs,1,62181,71211,87.32,False,6967586.67,112.05,Standard ($75-$150),3,True,Billboard / Pollstar Boxscores
CNC-1227,U2,U2 360° Tour,Rock,Stadium Headliner,2009-07-12,2009,7,July,Sunday,True,Summer,Saint-Denis,France,Europe,Tier 1 Global Mega-City,48.9362,2.3574,Stade de France,Stadium,Kaiser Chiefs,1,62181,79121,78.59,False,6967586.67,112.05,Standard ($75-$150),3,True,Billboard / Pollstar Boxscores
CNC-1228,U2,U2 360° Tour,Rock,Stadium Headliner,2009-07-15,2009,7,July,Wednesday,False,Summer,Nice,France,Europe,Tier 2 Major Regional Market,50.0,10.0,Stade Charles-Ehrmann,Stadium,Snow Patrol,1,55641,70907,78.47,False,6261208.0,112.53,Standard ($75-$150),1,False,Billboard / Pollstar Boxscores
CNC-1229,U2,U2 360° Tour,Rock,Stadium Headliner,2009-07-18,2009,7,July,Saturday,True,Summer,Berlin,Germany,Europe,Tier 1 Global Mega-City,52.52,13.405,Olympiastadion,Stadium,Snow Patrol,1,88265,104666,84.33,False,9169830.0,103.89,Standard ($75-$150),1,False,Billboard / Pollstar Boxscores
CNC-1230,U2,U2 360° Tour,Rock,Stadium Headliner,2009-07-20,2009,7,July,Monday,False,Summer,Amsterdam,Netherlands,Europe,Tier 1 Global Mega-City,52.3676,4.9041,Amsterdam Arena,Arena,Snow Patrol,1,62933,75887,82.93,False,6291999.0,99.98,Standard ($75-$150),2,True,Billboard / Pollstar Boxscores
CNC-1231,U2,U2 360° Tour,Rock,Stadium Headliner,2009-07-21,2009,7,July,Tuesday,False,Summer,Amsterdam,Netherlands,Europe,Tier 1 Global Mega-City,52.3676,4.9041,Amsterdam Arena,Arena,Snow Patrol,1,62933,85670,73.46,False,6291999.0,99.98,Standard ($75-$150),2,True,Billboard / Pollstar Boxscores
CNC-1232,U2,U2 360° Tour,Rock,Stadium Headliner,2009-07-24,2009,7,July,Friday,True,Summer,Dublin,Ireland,Europe,Tier 2 Major Regional Market,53.3498,-6.2603,Croke Park,Stadium,Glasvegas Damien Dempsey,1,81066,100979,80.28,False,9605117.33,118.49,Standard ($75-$150),3,True,Billboard / Pollstar Boxscores
CNC-1233,U2,U2 360° Tour,Rock,Stadium Headliner,2009-07-25,2009,7,July,Saturday,True,Summer,Dublin,Ireland,Europe,Tier 2 Major Regional Market,53.3498,-6.2603,Croke Park,Stadium,Kaiser Chiefs Republic of Loose,1,81066,104051,77.91,False,9605117.33,118.49,Standard ($75-$150),3,True,Billboard / Pollstar Boxscores
CNC-1234,U2,U2 360° Tour,Rock,Stadium Headliner,2009-07-27,2009,7,July,Monday,False,Summer,Dublin,Ireland,Europe,Tier 2 Major Regional Market,53.3498,-6.2603,Croke Park,Stadium,Bell X1 The Script,1,81066,99091,81.81,False,9605117.33,118.49,Standard ($75-$150),3,True,Billboard / Pollstar Boxscores
CNC-1235,U2,U2 360° Tour,Rock,Stadium Headliner,2009-07-31,2009,7,July,Friday,True,Summer,Gothenburg,Sweden,Europe,Tier 2 Major Regional Market,50.0,10.0,Ullevi,Arena,Snow Patrol,1,59648,70900,84.13,False,5523997.5,92.61,Standard ($75-$150),2,True,Billboard / Pollstar Boxscores
CNC-1236,U2,U2 360° Tour,Rock,Stadium Headliner,2009-08-01,2009,8,August,Saturday,True,Summer,Gothenburg,Sweden,Europe,Tier 2 Major Regional Market,50.0,10.0,Ullevi,Arena,Snow Patrol,1,59648,68974,86.48,False,5523997.5,92.61,Standard ($75-$150),2,True,Billboard / Pollstar Boxscores
CNC-1237,U2,U2 360° Tour,Rock,Stadium Headliner,2009-08-03,2009,8,August,Monday,False,Summer,Gelsenkirchen,Germany,Europe,Tier 3 Emerging / Secondary Market,51.5177,7.0857,Veltins-Arena,Arena,Snow Patrol,1,73704,106771,69.03,False,7292826.0,98.95,Standard ($75-$150),1,False,Billboard / Pollstar Boxscores
CNC-1238,U2,U2 360° Tour,Rock,Stadium Headliner,2009-08-06,2009,8,August,Thursday,False,Summer,Chorzów,Poland,Europe,Tier 2 Major Regional Market,50.0,10.0,Silesian Stadium,Stadium,Snow Patrol,1,75180,98869,76.04,False,6414960.0,85.33,Standard ($75-$150),1,False,Billboard / Pollstar Boxscores
CNC-1239,U2,U2 360° Tour,Rock,Stadium Headliner,2009-08-09,2009,8,August,Sunday,True,Summer,Zagreb,Croatia,North America,Tier 3 Emerging / Secondary Market,38.0,-97.0,Stadion Maksimir,Stadium,Snow Patrol The Hours,1,62006,87197,71.11,False,6350392.0,102.42,Standard ($75-$150),2,True,Billboard / Pollstar Boxscores
CNC-1240,U2,U2 360° Tour,Rock,Stadium Headliner,2009-08-10,2009,8,August,Monday,False,Summer,Zagreb,Croatia,North America,Tier 3 Emerging / Secondary Market,38.0,-97.0,Stadion Maksimir,Stadium,Snow Patrol The Hours,1,62006,93186,66.54,False,6350392.0,102.42,Standard ($75-$150),2,True,Billboard / Pollstar Boxscores
CNC-1241,U2,U2 360° Tour,Rock,Stadium Headliner,2009-08-14,2009,8,August,Friday,True,Summer,London,United Kingdom,Europe,Tier 1 Global Mega-City,51.5074,-0.1278,Wembley Stadium,Stadium,Elbow The Hours,1,82122,91480,89.77,False,10340430.0,125.92,Standard ($75-$150),2,True,Billboard / Pollstar Boxscores
CNC-1242,U2,U2 360° Tour,Rock,Stadium Headliner,2009-08-15,2009,8,August,Saturday,True,Summer,London,United Kingdom,Europe,Tier 1 Global Mega-City,51.5074,-0.1278,Wembley Stadium,Stadium,Glasvegas The Hours,1,82122,94155,87.22,False,10340430.0,125.92,Standard ($75-$150),2,True,Billboard / Pollstar Boxscores
CNC-1243,U2,U2 360° Tour,Rock,Stadium Headliner,2009-08-18,2009,8,August,Tuesday,False,Summer,Glasgow,United Kingdom,Europe,Tier 2 Major Regional Market,55.8642,-4.2518,Hampden Park,Stadium,Glasvegas The Hours,1,50917,66873,76.14,False,5290103.0,103.9,Standard ($75-$150),1,False,Billboard / Pollstar Boxscores
CNC-1244,U2,U2 360° Tour,Rock,Stadium Headliner,2009-08-20,2009,8,August,Thursday,False,Summer,Sheffield,England,Europe,Tier 2 Major Regional Market,50.0,10.0,Don Valley Stadium,Stadium,Elbow The Hours,1,49955,65335,76.46,False,5147896.0,103.05,Standard ($75-$150),1,False,Billboard / Pollstar Boxscores
CNC-1245,U2,U2 360° Tour,Rock,Stadium Headliner,2009-08-22,2009,8,August,Saturday,True,Summer,Cardiff,United Kingdom,Europe,Tier 2 Major Regional Market,51.4816,-3.1791,Millennium Stadium,Stadium,Glasvegas The Hours,1,66538,80770,82.38,False,7041576.0,105.83,Standard ($75-$150),1,False,Billboard / Pollstar Boxscores
CNC-1246,U2,U2 360° Tour,Rock,Stadium Headliner,2009-09-12,2009,9,September,Saturday,True,Fall,Chicago,United States,North America,Tier 1 Global Mega-City,41.8781,-87.6298,Soldier Field,Stadium,Snow Patrol,1,45291,54547,83.03,False,4620160.0,102.01,Standard ($75-$150),3,True,Billboard / Pollstar Boxscores
CNC-1247,U2,U2 360° Tour,Rock,Stadium Headliner,2009-09-13,2009,9,September,Sunday,True,Fall,Chicago,United States,North America,Tier 1 Global Mega-City,41.8781,-87.6298,Soldier Field,Stadium,Snow Patrol,1,45291,56663,79.93,False,4620160.0,102.01,Standard ($75-$150),3,True,Billboard / Pollstar Boxscores
CNC-1248,U2,U2 360° Tour,Rock,Stadium Headliner,2009-09-16,2009,9,September,Wednesday,False,Fall,Toronto,Canada,North America,Tier 1 Global Mega-City,43.6532,-79.3832,Rogers Centre,Arena,Snow Patrol,1,38470,48901,78.67,False,3190557.33,82.94,Standard ($75-$150),3,True,Billboard / Pollstar Boxscores
CNC-1249,U2,U2 360° Tour,Rock,Stadium Headliner,2009-09-17,2009,9,September,Thursday,False,Fall,Toronto,Canada,North America,Tier 1 Global Mega-City,43.6532,-79.3832,Rogers Centre,Arena,Snow Patrol,1,38470,46255,83.17,False,3190557.33,82.94,Standard ($75-$150),3,True,Billboard / Pollstar Boxscores
CNC-1250,U2,U2 360° Tour,Rock,Stadium Headliner,2009-09-20,2009,9,September,Sunday,True,Fall,Foxborough,United States,North America,Tier 2 Major Regional Market,42.0654,-71.2478,Gillette Stadium,Stadium,Snow Patrol,1,69402,85703,80.98,False,6429889.0,92.65,Standard ($75-$150),2,True,Billboard / Pollstar Boxscores
CNC-1251,U2,U2 360° Tour,Rock,Stadium Headliner,2009-09-21,2009,9,September,Monday,False,Fall,Foxborough,United States,North America,Tier 2 Major Regional Market,42.0654,-71.2478,Gillette Stadium,Stadium,Snow Patrol,1,69402,92512,75.02,False,6429889.0,92.65,Standard ($75-$150),2,True,Billboard / Pollstar Boxscores
CNC-1252,U2,U2 360° Tour,Rock,Stadium Headliner,2009-09-23,2009,9,September,Wednesday,False,Fall,East Rutherford,United States,North America,Tier 1 Global Mega-City,40.8128,-74.0742,Giants Stadium,Stadium,Muse,1,80905,117169,69.05,False,8064475.0,99.68,Standard ($75-$150),2,True,Billboard / Pollstar Boxscores
CNC-1253,U2,U2 360° Tour,Rock,Stadium Headliner,2009-09-24,2009,9,September,Thursday,False,Fall,East Rutherford,United States,North America,Tier 1 Global Mega-City,40.8128,-74.0742,Giants Stadium,Stadium,Muse,1,80905,97735,82.78,False,8064475.0,99.68,Standard ($75-$150),2,True,Billboard / Pollstar Boxscores
CNC-1254,U2,U2 360° Tour,Rock,Stadium Headliner,2009-09-29,2009,9,September,Tuesday,False,Fall,Landover,United States,North America,Tier 2 Major Regional Market,38.934,-76.8964,FedExField,Stadium,Muse,1,84754,111754,75.84,False,6718315.0,79.27,Standard ($75-$150),1,False,Billboard / Pollstar Boxscores
CNC-1255,U2,U2 360° Tour,Rock,Stadium Headliner,2009-10-01,2009,10,October,Thursday,False,Fall,Charlottesville,United States,North America,Tier 2 Major Regional Market,38.0,-97.0,Scott Stadium,Stadium,Muse,1,52433,62316,84.14,False,4738695.0,90.38,Standard ($75-$150),1,False,Billboard / Pollstar Boxscores
CNC-1256,U2,U2 360° Tour,Rock,Stadium Headliner,2009-10-03,2009,10,October,Saturday,True,Fall,Raleigh,United States,North America,Tier 2 Major Regional Market,38.0,-97.0,Carter–Finley Stadium,Stadium,Muse,1,55027,66474,82.78,False,4962240.0,90.18,Standard ($75-$150),1,False,Billboard / Pollstar Boxscores
CNC-1257,U2,U2 360° Tour,Rock,Stadium Headliner,2009-10-06,2009,10,October,Tuesday,False,Fall,Atlanta,United States,North America,Tier 2 Major Regional Market,33.749,-84.388,Georgia Dome,Stadium,Muse,1,61419,77442,79.31,False,5746430.0,93.56,Standard ($75-$150),1,False,Billboard / Pollstar Boxscores
CNC-1258,U2,U2 360° Tour,Rock,Stadium Headliner,2009-10-09,2009,10,October,Friday,True,Fall,Tampa,United States,North America,Tier 2 Major Regional Market,27.9506,-82.4572,Raymond James Stadium,Stadium,Muse,1,72688,88579,82.06,False,6399375.0,88.04,Standard ($75-$150),1,False,Billboard / Pollstar Boxscores
CNC-1259,U2,U2 360° Tour,Rock,Stadium Headliner,2009-10-12,2009,10,October,Monday,False,Fall,Arlington,United States,North America,Tier 2 Major Regional Market,32.7357,-97.1081,Cowboys Stadium,Stadium,Muse,1,70766,86479,81.83,False,6664880.0,94.18,Standard ($75-$150),1,False,Billboard / Pollstar Boxscores
CNC-1260,U2,U2 360° Tour,Rock,Stadium Headliner,2009-10-14,2009,10,October,Wednesday,False,Fall,Houston,United States,North America,Tier 2 Major Regional Market,29.7604,-95.3698,Reliant Stadium,Stadium,Muse,1,58328,72538,80.41,False,5985101.0,102.61,Standard ($75-$150),1,False,Billboard / Pollstar Boxscores
CNC-1261,U2,U2 360° Tour,Rock,Stadium Headliner,2009-10-18,2009,10,October,Sunday,True,Fall,Norman,United States,North America,Tier 2 Major Regional Market,38.0,-97.0,Oklahoma Memorial Stadium,Stadium,The Black Eyed Peas,1,50951,61901,82.31,False,4395085.0,86.26,Standard ($75-$150),1,False,Billboard / Pollstar Boxscores
CNC-1262,U2,U2 360° Tour,Rock,Stadium Headliner,2009-10-20,2009,10,October,Tuesday,False,Fall,Glendale,United States,North America,Tier 2 Major Regional Market,33.5387,-112.186,University of Phoenix Stadium,Stadium,The Black Eyed Peas,1,50775,71726,70.79,False,4912050.0,96.74,Standard ($75-$150),1,False,Billboard / Pollstar Boxscores
CNC-1263,U2,U2 360° Tour,Rock,Stadium Headliner,2009-10-23,2009,10,October,Friday,True,Fall,Whitney,United States,North America,Tier 2 Major Regional Market,38.0,-97.0,Sam Boyd Stadium,Stadium,The Black Eyed Peas,1,42213,49992,84.44,False,4641280.0,109.95,Standard ($75-$150),1,False,Billboard / Pollstar Boxscores
CNC-1264,U2,U2 360° Tour,Rock,Stadium Headliner,2009-10-25,2009,10,October,Sunday,True,Fall,Pasadena,United States,North America,Tier 1 Global Mega-City,34.1478,-118.1445,Rose Bowl,Amphitheater / Park,The Black Eyed Peas,1,97014,111013,87.39,False,9960036.0,102.67,Standard ($75-$150),1,False,Billboard / Pollstar Boxscores
CNC-1265,U2,U2 360° Tour,Rock,Stadium Headliner,2009-10-28,2009,10,October,Wednesday,False,Fall,Vancouver,Canada,North America,Tier 2 Major Regional Market,49.2827,-123.1207,BC Place Stadium,Stadium,The Black Eyed Peas,1,63802,92925,68.66,False,5748919.0,90.11,Standard ($75-$150),1,False,Billboard / Pollstar Boxscores
CNC-1266,U2,U2 360° Tour,Rock,Stadium Headliner,2010-08-06,2010,8,August,Friday,True,Summer,Turin,Italy,Europe,Tier 2 Major Regional Market,50.0,10.0,Stadio Olimpico di Torino,Arena,Kasabian,1,42441,53540,79.27,False,3944452.0,92.94,Standard ($75-$150),1,False,Billboard / Pollstar Boxscores
CNC-1267,U2,U2 360° Tour,Rock,Stadium Headliner,2010-08-10,2010,8,August,Tuesday,False,Summer,Frankfurt,Germany,Europe,Tier 2 Major Regional Market,50.1109,8.6821,Commerzbank-Arena,Arena,Kasabian,1,53825,71748,75.02,False,5544868.0,103.02,Standard ($75-$150),1,False,Billboard / Pollstar Boxscores
CNC-1268,U2,U2 360° Tour,Rock,Stadium Headliner,2010-08-12,2010,8,August,Thursday,False,Summer,Hanover,Germany,Europe,Tier 2 Major Regional Market,50.0,10.0,AWD-Arena,Arena,Kasabian,1,56494,74198,76.14,False,4967381.0,87.93,Standard ($75-$150),1,False,Billboard / Pollstar Boxscores
CNC-1269,U2,U2 360° Tour,Rock,Stadium Headliner,2010-08-15,2010,8,August,Sunday,True,Summer,Horsens,Denmark,Europe,Tier 2 Major Regional Market,50.0,10.0,CASA Arena Horsens,Arena,Snow Patrol,1,69886,83998,83.2,False,7809611.0,111.75,Standard ($75-$150),2,True,Billboard / Pollstar Boxscores
CNC-1270,U2,U2 360° Tour,Rock,Stadium Headliner,2010-08-16,2010,8,August,Monday,False,Summer,Horsens,Denmark,Europe,Tier 2 Major Regional Market,50.0,10.0,CASA Arena Horsens,Arena,Snow Patrol,1,69886,84170,83.03,False,7809611.0,111.75,Standard ($75-$150),2,True,Billboard / Pollstar Boxscores
CNC-1271,U2,U2 360° Tour,Rock,Stadium Headliner,2010-08-20,2010,8,August,Friday,True,Summer,Helsinki,Finland,Europe,Tier 2 Major Regional Market,60.1699,24.9384,Helsinki Olympic Stadium,Stadium,Razorlight,1,53180,60979,87.21,False,5321258.5,100.06,Standard ($75-$150),2,True,Billboard / Pollstar Boxscores
CNC-1272,U2,U2 360° Tour,Rock,Stadium Headliner,2010-08-21,2010,8,August,Saturday,True,Summer,Helsinki,Finland,Europe,Tier 2 Major Regional Market,60.1699,24.9384,Helsinki Olympic Stadium,Stadium,Razorlight,1,53180,64633,82.28,False,5321258.5,100.06,Standard ($75-$150),2,True,Billboard / Pollstar Boxscores
CNC-1273,U2,U2 360° Tour,Rock,Stadium Headliner,2010-08-25,2010,8,August,Wednesday,False,Summer,Moscow,Russia,North America,Tier 3 Emerging / Secondary Market,38.0,-97.0,Luzhniki Stadium,Stadium,Snow Patrol,1,60496,92023,65.74,False,7986534.0,132.02,Standard ($75-$150),1,False,Billboard / Pollstar Boxscores
CNC-1274,U2,U2 360° Tour,Rock,Stadium Headliner,2010-08-30,2010,8,August,Monday,False,Summer,Vienna,Austria,Europe,Tier 2 Major Regional Market,48.2082,16.3738,Ernst-Happel-Stadion,Stadium,OneRepublic,1,69253,82769,83.67,False,6866065.0,99.14,Standard ($75-$150),1,False,Billboard / Pollstar Boxscores
CNC-1275,U2,U2 360° Tour,Rock,Stadium Headliner,2010-09-03,2010,9,September,Friday,True,Fall,Athens,Greece,North America,Tier 3 Emerging / Secondary Market,38.0,-97.0,Olympic Stadium,Stadium,Snow Patrol Aviv Geffen,1,82622,108971,75.82,False,7321356.0,88.61,Standard ($75-$150),1,False,Billboard / Pollstar Boxscores
CNC-1276,U2,U2 360° Tour,Rock,Stadium Headliner,2010-09-06,2010,9,September,Monday,False,Fall,Istanbul,Turkey,North America,Tier 3 Emerging / Secondary Market,38.0,-97.0,Atatürk Olympic Stadium,Stadium,Snow Patrol,1,54278,78984,68.72,False,3775662.0,69.56,Budget (<$75),1,False,Billboard / Pollstar Boxscores
CNC-1277,U2,U2 360° Tour,Rock,Stadium Headliner,2010-09-11,2010,9,September,Saturday,True,Fall,Zurich,Switzerland,Europe,Tier 2 Major Regional Market,47.3769,8.5417,Letzigrund,Arena,OneRepublic,1,90349,101254,89.23,False,9152209.0,101.3,Standard ($75-$150),2,True,Billboard / Pollstar Boxscores
CNC-1278,U2,U2 360° Tour,Rock,Stadium Headliner,2010-09-12,2010,9,September,Sunday,True,Fall,Zurich,Switzerland,Europe,Tier 2 Major Regional Market,47.3769,8.5417,Letzigrund,Arena,OneRepublic,1,90349,107354,84.16,False,9152209.0,101.3,Standard ($75-$150),2,True,Billboard / Pollstar Boxscores
CNC-1279,U2,U2 360° Tour,Rock,Stadium Headliner,2010-09-15,2010,9,September,Wednesday,False,Fall,Munich,Germany,Europe,Tier 2 Major Regional Market,48.1351,11.582,Olympiastadion,Stadium,OneRepublic,1,76150,100409,75.84,False,7624367.0,100.12,Standard ($75-$150),1,False,Billboard / Pollstar Boxscores
CNC-1280,U2,U2 360° Tour,Rock,Stadium Headliner,2010-09-18,2010,9,September,Saturday,True,Fall,Saint-Denis,France,Europe,Tier 1 Global Mega-City,48.9362,2.3574,Stade de France,Stadium,Interpol,1,32180,36432,88.33,False,3391749.33,105.4,Standard ($75-$150),3,True,Billboard / Pollstar Boxscores
CNC-1281,U2,U2 360° Tour,Rock,Stadium Headliner,2010-09-22,2010,9,September,Wednesday,False,Fall,Brussels,Belgium,Europe,Tier 2 Major Regional Market,50.8503,4.3517,King Baudouin Stadium,Stadium,Interpol,1,72169,95906,75.25,False,7537373.0,104.44,Standard ($75-$150),2,True,Billboard / Pollstar Boxscores
CNC-1282,U2,U2 360° Tour,Rock,Stadium Headliner,2010-09-23,2010,9,September,Thursday,False,Fall,Brussels,Belgium,Europe,Tier 2 Major Regional Market,50.8503,4.3517,King Baudouin Stadium,Stadium,Interpol,1,72169,90020,80.17,False,7537373.0,104.44,Standard ($75-$150),2,True,Billboard / Pollstar Boxscores
CNC-1283,U2,U2 360° Tour,Rock,Stadium Headliner,2010-09-26,2010,9,September,Sunday,True,Fall,San Sebastián,Spain,Europe,Tier 2 Major Regional Market,50.0,10.0,Estadio Anoeta,Stadium,Interpol,1,47721,56541,84.4,False,4956464.0,103.86,Standard ($75-$150),1,False,Billboard / Pollstar Boxscores
CNC-1284,U2,U2 360° Tour,Rock,Stadium Headliner,2010-09-30,2010,9,September,Thursday,False,Fall,Seville,Spain,Europe,Tier 2 Major Regional Market,50.0,10.0,Estadio Olímpico de Sevilla,Stadium,Interpol,1,76159,97166,78.38,False,7519534.0,98.73,Standard ($75-$150),1,False,Billboard / Pollstar Boxscores
CNC-1285,U2,U2 360° Tour,Rock,Stadium Headliner,2010-10-02,2010,10,October,Saturday,True,Fall,Coimbra,Portugal,Europe,Tier 2 Major Regional Market,50.0,10.0,Estádio Cidade de Coimbra,Arena,Interpol,1,54992,71456,76.96,False,4962805.5,90.25,Standard ($75-$150),2,True,Billboard / Pollstar Boxscores
CNC-1286,U2,U2 360° Tour,Rock,Stadium Headliner,2010-10-03,2010,10,October,Sunday,True,Fall,Coimbra,Portugal,Europe,Tier 2 Major Regional Market,50.0,10.0,Estádio Cidade de Coimbra,Arena,Interpol,1,54992,63203,87.01,False,4962805.5,90.25,Standard ($75-$150),2,True,Billboard / Pollstar Boxscores
CNC-1287,U2,U2 360° Tour,Rock,Stadium Headliner,2010-10-08,2010,10,October,Friday,True,Fall,Rome,Italy,Europe,Tier 1 Global Mega-City,41.9028,12.4964,Stadio Olimpico,Arena,Interpol,1,75847,81626,92.92,False,8215742.0,108.32,Standard ($75-$150),1,False,Billboard / Pollstar Boxscores
CNC-1288,U2,U2 360° Tour,Rock,Stadium Headliner,2010-11-25,2010,11,November,Thursday,False,Spring,Auckland,New Zealand,Oceania,Tier 2 Major Regional Market,-36.8485,174.7633,Mount Smart Stadium,Stadium,Jay-Z,1,93519,111332,84.0,False,8819418.0,94.31,Standard ($75-$150),2,True,Billboard / Pollstar Boxscores
CNC-1289,U2,U2 360° Tour,Rock,Stadium Headliner,2010-11-26,2010,11,November,Friday,True,Spring,Auckland,New Zealand,Oceania,Tier 2 Major Regional Market,-36.8485,174.7633,Mount Smart Stadium,Stadium,Jay-Z,1,93519,108718,86.02,False,8819418.0,94.31,Standard ($75-$150),2,True,Billboard / Pollstar Boxscores
CNC-1290,U2,U2 360° Tour,Rock,Stadium Headliner,2010-12-01,2010,12,December,Wednesday,False,Summer,Melbourne,Australia,Oceania,Tier 1 Global Mega-City,-37.8136,144.9631,Etihad Stadium,Stadium,Jay-Z,1,52656,74425,70.75,False,6730203.5,127.81,Standard ($75-$150),2,True,Billboard / Pollstar Boxscores
CNC-1291,U2,U2 360° Tour,Rock,Stadium Headliner,2010-12-03,2010,12,December,Friday,True,Summer,Melbourne,Australia,Oceania,Tier 1 Global Mega-City,-37.8136,144.9631,Etihad Stadium,Stadium,Jay-Z,1,52656,57466,91.63,False,6730203.5,127.81,Standard ($75-$150),2,True,Billboard / Pollstar Boxscores
CNC-1292,U2,U2 360° Tour,Rock,Stadium Headliner,2010-12-08,2010,12,December,Wednesday,False,Summer,Brisbane,Australia,Oceania,Tier 2 Major Regional Market,-27.4698,153.0251,Suncorp Stadium,Stadium,Jay-Z,1,85745,113509,75.54,False,11031839.0,128.66,Standard ($75-$150),2,True,Billboard / Pollstar Boxscores
CNC-1293,U2,U2 360° Tour,Rock,Stadium Headliner,2010-12-09,2010,12,December,Thursday,False,Summer,Brisbane,Australia,Oceania,Tier 2 Major Regional Market,-27.4698,153.0251,Suncorp Stadium,Stadium,Jay-Z,1,85745,97393,88.04,False,11031839.0,128.66,Standard ($75-$150),2,True,Billboard / Pollstar Boxscores
CNC-1294,U2,U2 360° Tour,Rock,Stadium Headliner,2010-12-13,2010,12,December,Monday,False,Summer,Sydney,Australia,Oceania,Tier 1 Global Mega-City,-33.8688,151.2093,ANZ Stadium,Stadium,Jay-Z,1,53578,60383,88.73,False,6847964.5,127.81,Standard ($75-$150),2,True,Billboard / Pollstar Boxscores
CNC-1295,U2,U2 360° Tour,Rock,Stadium Headliner,2010-12-14,2010,12,December,Tuesday,False,Summer,Sydney,Australia,Oceania,Tier 1 Global Mega-City,-33.8688,151.2093,ANZ Stadium,Stadium,Jay-Z,1,53578,75451,71.01,False,6847964.5,127.81,Standard ($75-$150),2,True,Billboard / Pollstar Boxscores
CNC-1296,U2,U2 360° Tour,Rock,Stadium Headliner,2010-12-18,2010,12,December,Saturday,True,Summer,Perth,Australia,Oceania,Tier 2 Major Regional Market,-31.9505,115.8605,Subiaco Oval,Arena,Jay-Z,1,54353,61948,87.74,False,6955494.5,127.97,Standard ($75-$150),2,True,Billboard / Pollstar Boxscores
CNC-1297,U2,U2 360° Tour,Rock,Stadium Headliner,2010-12-19,2010,12,December,Sunday,True,Summer,Perth,Australia,Oceania,Tier 2 Major Regional Market,-31.9505,115.8605,Subiaco Oval,Arena,Jay-Z,1,54353,66268,82.02,False,6955494.5,127.97,Standard ($75-$150),2,True,Billboard / Pollstar Boxscores
CNC-1298,U2,U2 360° Tour,Rock,Stadium Headliner,2011-02-13,2011,2,February,Sunday,True,Summer,Johannesburg,South Africa,Africa,Tier 2 Major Regional Market,-26.2041,28.0473,FNB Stadium,Stadium,Springbok Nude Girls Amadou & Mariam,2,94232,98921,95.26,False,9433051.0,100.1,Standard ($75-$150),1,False,Billboard / Pollstar Boxscores
CNC-1299,U2,U2 360° Tour,Rock,Stadium Headliner,2011-02-18,2011,2,February,Friday,True,Summer,Cape Town,South Africa,Africa,Tier 2 Major Regional Market,-33.9249,18.4241,Cape Town Stadium,Stadium,Springbok Nude Girls Amadou & Mariam,2,72532,77849,93.17,False,6107754.0,84.21,Standard ($75-$150),1,False,Billboard / Pollstar Boxscores
CNC-1300,U2,U2 360° Tour,Rock,Stadium Headliner,2011-03-25,2011,3,March,Friday,True,Autumn,Santiago,Chile,Latin America,Tier 1 Global Mega-City,-33.4489,-70.6693,Estadio Nacional de Chile,Stadium,Muse,1,77765,90225,86.19,False,7550446.0,97.09,Standard ($75-$150),1,False,Billboard / Pollstar Boxscores
CNC-1301,U2,U2 360° Tour,Rock,Stadium Headliner,2011-03-30,2011,3,March,Wednesday,False,Autumn,La Plata,Argentina,Latin America,Tier 2 Major Regional Market,-34.9214,-57.9545,Estadio Ciudad de La Plata,Stadium,Muse,1,57343,70489,81.35,False,6850100.67,119.46,Standard ($75-$150),3,True,Billboard / Pollstar Boxscores
CNC-1302,U2,U2 360° Tour,Rock,Stadium Headliner,2011-04-02,2011,4,April,Saturday,True,Autumn,La Plata,Argentina,Latin America,Tier 2 Major Regional Market,-34.9214,-57.9545,Estadio Ciudad de La Plata,Stadium,Muse,1,57343,72366,79.24,False,6850100.67,119.46,Standard ($75-$150),3,True,Billboard / Pollstar Boxscores
CNC-1303,U2,U2 360° Tour,Rock,Stadium Headliner,2011-04-03,2011,4,April,Sunday,True,Autumn,La Plata,Argentina,Latin America,Tier 2 Major Regional Market,-34.9214,-57.9545,Estadio Ciudad de La Plata,Stadium,Muse,1,57343,67598,84.83,False,6850100.67,119.46,Standard ($75-$150),3,True,Billboard / Pollstar Boxscores
CNC-1304,U2,U2 360° Tour,Rock,Stadium Headliner,2011-04-09,2011,4,April,Saturday,True,Autumn,Sao Paulo,Brazil,Latin America,Tier 1 Global Mega-City,-23.5505,-46.6333,Estádio do Morumbi,Arena,Muse,1,89830,111632,80.47,False,10918021.67,121.54,Standard ($75-$150),3,True,Billboard / Pollstar Boxscores
CNC-1305,U2,U2 360° Tour,Rock,Stadium Headliner,2011-04-10,2011,4,April,Sunday,True,Autumn,Sao Paulo,Brazil,Latin America,Tier 1 Global Mega-City,-23.5505,-46.6333,Estádio do Morumbi,Arena,Muse,1,89830,112316,79.98,False,10918021.67,121.54,Standard ($75-$150),3,True,Billboard / Pollstar Boxscores
CNC-1306,U2,U2 360° Tour,Rock,Stadium Headliner,2011-04-13,2011,4,April,Wednesday,False,Autumn,Sao Paulo,Brazil,Latin America,Tier 1 Global Mega-City,-23.5505,-46.6333,Estádio do Morumbi,Arena,Muse,1,89830,115152,78.01,False,10918021.67,121.54,Standard ($75-$150),3,True,Billboard / Pollstar Boxscores
CNC-1307,U2,U2 360° Tour,Rock,Stadium Headliner,2011-05-11,2011,5,May,Wednesday,False,Autumn,Mexico City,Mexico,Latin America,Tier 1 Global Mega-City,19.4326,-99.1332,Estadio Azteca,Stadium,Snow Patrol,1,94326,113714,82.95,False,7622180.67,80.81,Standard ($75-$150),3,True,Billboard / Pollstar Boxscores
CNC-1308,U2,U2 360° Tour,Rock,Stadium Headliner,2011-05-14,2011,5,May,Saturday,True,Autumn,Mexico City,Mexico,Latin America,Tier 1 Global Mega-City,19.4326,-99.1332,Estadio Azteca,Stadium,Snow Patrol,1,94326,110181,85.61,False,7622180.67,80.81,Standard ($75-$150),3,True,Billboard / Pollstar Boxscores
CNC-1309,U2,U2 360° Tour,Rock,Stadium Headliner,2011-05-15,2011,5,May,Sunday,True,Autumn,Mexico City,Mexico,Latin America,Tier 1 Global Mega-City,19.4326,-99.1332,Estadio Azteca,Stadium,Snow Patrol,1,94326,117175,80.5,False,7622180.67,80.81,Standard ($75-$150),3,True,Billboard / Pollstar Boxscores
CNC-1310,U2,U2 360° Tour,Rock,Stadium Headliner,2011-05-21,2011,5,May,Saturday,True,Spring,Denver,United States,North America,Tier 2 Major Regional Market,39.7392,-104.9903,Invesco Field,Stadium,The Fray,1,77918,90792,85.82,False,6663410.0,85.52,Standard ($75-$150),1,False,Billboard / Pollstar Boxscores
CNC-1311,U2,U2 360° Tour,Rock,Stadium Headliner,2011-05-24,2011,5,May,Tuesday,False,Spring,Salt Lake City,United States,North America,Tier 2 Major Regional Market,38.0,-97.0,Rice-Eccles Stadium,Stadium,The Fray,1,47710,58034,82.21,False,3029760.0,63.5,Budget (<$75),1,False,Billboard / Pollstar Boxscores
CNC-1312,U2,U2 360° Tour,Rock,Stadium Headliner,2011-05-29,2011,5,May,Sunday,True,Spring,Winnipeg,Canada,North America,Tier 2 Major Regional Market,38.0,-97.0,Canad Inns Stadium,Stadium,The Fray,1,47190,56205,83.96,False,4908091.0,104.01,Standard ($75-$150),1,False,Billboard / Pollstar Boxscores
CNC-1313,U2,U2 360° Tour,Rock,Stadium Headliner,2011-06-01,2011,6,June,Wednesday,False,Summer,Edmonton,Canada,North America,Tier 3 Emerging / Secondary Market,53.5461,-113.4938,Commonwealth Stadium,Stadium,The Fray,1,66835,108569,61.56,False,6498291.0,97.23,Standard ($75-$150),1,False,Billboard / Pollstar Boxscores
CNC-1314,U2,U2 360° Tour,Rock,Stadium Headliner,2011-06-04,2011,6,June,Saturday,True,Summer,Seattle,United States,North America,Tier 2 Major Regional Market,47.6062,-122.3321,Qwest Field,Stadium,Lenny Kravitz,1,69439,88132,78.79,False,6118785.0,88.12,Standard ($75-$150),1,False,Billboard / Pollstar Boxscores
CNC-1315,U2,U2 360° Tour,Rock,Stadium Headliner,2011-06-07,2011,6,June,Tuesday,False,Summer,Oakland,United States,North America,Tier 2 Major Regional Market,38.0,-97.0,O.co Coliseum,Arena,Lenny Kravitz,1,64829,90581,71.57,False,6075895.0,93.72,Standard ($75-$150),1,False,Billboard / Pollstar Boxscores
CNC-1316,U2,U2 360° Tour,Rock,Stadium Headliner,2011-06-17,2011,6,June,Friday,True,Summer,Anaheim,United States,North America,Tier 2 Major Regional Market,38.0,-97.0,Angel Stadium of Anaheim,Stadium,Lenny Kravitz,1,52978,62949,84.16,False,5395070.0,101.84,Standard ($75-$150),2,True,Billboard / Pollstar Boxscores
CNC-1317,U2,U2 360° Tour,Rock,Stadium Headliner,2011-06-18,2011,6,June,Saturday,True,Summer,Anaheim,United States,North America,Tier 2 Major Regional Market,38.0,-97.0,Angel Stadium of Anaheim,Stadium,Lenny Kravitz,1,52978,61616,85.98,False,5395070.0,101.84,Standard ($75-$150),2,True,Billboard / Pollstar Boxscores
CNC-1318,U2,U2 360° Tour,Rock,Stadium Headliner,2011-06-22,2011,6,June,Wednesday,False,Summer,Baltimore,United States,North America,Tier 2 Major Regional Market,38.0,-97.0,M&T Bank Stadium,Stadium,Florence and the Machine,2,74557,108605,68.65,False,6832510.0,91.64,Standard ($75-$150),1,False,Billboard / Pollstar Boxscores
CNC-1319,U2,U2 360° Tour,Rock,Stadium Headliner,2011-06-26,2011,6,June,Sunday,True,Summer,East Lansing,United States,North America,Tier 2 Major Regional Market,38.0,-97.0,Spartan Stadium,Stadium,Florence and the Machine,2,63824,79088,80.7,False,5064980.0,79.36,Standard ($75-$150),1,False,Billboard / Pollstar Boxscores
CNC-1320,U2,U2 360° Tour,Rock,Stadium Headliner,2011-06-29,2011,6,June,Wednesday,False,Summer,Miami Gardens,United States,North America,Tier 2 Major Regional Market,25.7617,-80.1918,Sun Life Stadium,Stadium,Florence and the Machine,2,72569,96540,75.17,False,6799670.0,93.7,Standard ($75-$150),1,False,Billboard / Pollstar Boxscores
CNC-1321,U2,U2 360° Tour,Rock,Stadium Headliner,2011-07-02,2011,7,July,Saturday,True,Summer,Nashville,United States,North America,Tier 2 Major Regional Market,36.1627,-86.7816,Vanderbilt Stadium,Stadium,Florence and the Machine,2,46857,55119,85.01,False,4269125.0,91.11,Standard ($75-$150),1,False,Billboard / Pollstar Boxscores
CNC-1322,U2,U2 360° Tour,Rock,Stadium Headliner,2011-07-05,2011,7,July,Tuesday,False,Summer,Chicago,United States,North America,Tier 1 Global Mega-City,41.8781,-87.6298,Soldier Field,Stadium,Interpol,1,64297,85547,75.16,False,5786335.0,89.99,Standard ($75-$150),3,True,Billboard / Pollstar Boxscores
CNC-1323,U2,U2 360° Tour,Rock,Stadium Headliner,2011-07-08,2011,7,July,Friday,True,Summer,Montreal,Canada,North America,Tier 2 Major Regional Market,45.5017,-73.5673,Hippodrome de Montreal,Arena,Interpol,1,81233,92965,87.38,False,8589362.0,105.74,Standard ($75-$150),2,True,Billboard / Pollstar Boxscores
CNC-1324,U2,U2 360° Tour,Rock,Stadium Headliner,2011-07-09,2011,7,July,Saturday,True,Summer,Montreal,Canada,North America,Tier 2 Major Regional Market,45.5017,-73.5673,Hippodrome de Montreal,Arena,Interpol,1,81233,97367,83.43,False,8589362.0,105.74,Standard ($75-$150),2,True,Billboard / Pollstar Boxscores
CNC-1325,U2,U2 360° Tour,Rock,Stadium Headliner,2011-07-11,2011,7,July,Monday,False,Summer,Toronto,Canada,North America,Tier 1 Global Mega-City,43.6532,-79.3832,Rogers Centre,Arena,Interpol,1,58420,72106,81.02,False,6856131.0,117.36,Standard ($75-$150),3,True,Billboard / Pollstar Boxscores
CNC-1326,U2,U2 360° Tour,Rock,Stadium Headliner,2011-07-14,2011,7,July,Thursday,False,Summer,Philadelphia,United States,North America,Tier 2 Major Regional Market,39.9526,-75.1652,Lincoln Financial Field,Stadium,Interpol,1,72389,92028,78.66,False,6536230.0,90.29,Standard ($75-$150),1,False,Billboard / Pollstar Boxscores
CNC-1327,U2,U2 360° Tour,Rock,Stadium Headliner,2011-07-17,2011,7,July,Sunday,True,Summer,St. Louis,United States,North America,Tier 2 Major Regional Market,38.0,-97.0,Busch Stadium,Stadium,Interpol,1,52273,65769,79.48,False,4423395.0,84.62,Standard ($75-$150),1,False,Billboard / Pollstar Boxscores
CNC-1328,U2,U2 360° Tour,Rock,Stadium Headliner,2011-07-20,2011,7,July,Wednesday,False,Summer,East Rutherford,United States,North America,Tier 1 Global Mega-City,40.8128,-74.0742,New Meadowlands Stadium,Stadium,Interpol,1,88491,117362,75.4,False,8927150.0,100.88,Standard ($75-$150),1,False,Billboard / Pollstar Boxscores
CNC-1329,U2,U2 360° Tour,Rock,Stadium Headliner,2011-07-23,2011,7,July,Saturday,True,Summer,Minneapolis,United States,North America,Tier 2 Major Regional Market,44.9778,-93.265,TCF Bank Stadium,Stadium,Interpol,1,59843,65082,91.95,False,5163440.0,86.28,Standard ($75-$150),1,False,Billboard / Pollstar Boxscores
CNC-1330,U2,U2 360° Tour,Rock,Stadium Headliner,2011-07-26,2011,7,July,Tuesday,False,Summer,Pittsburgh,United States,North America,Tier 3 Emerging / Secondary Market,40.4406,-79.9959,Heinz Field,Stadium,Interpol,1,55823,85539,65.26,False,5050730.0,90.48,Standard ($75-$150),1,False,Billboard / Pollstar Boxscores
CNC-1331,U2,U2 360° Tour,Rock,Stadium Headliner,2011-07-30,2011,7,July,Saturday,True,Summer,Moncton,Canada,North America,Tier 2 Major Regional Market,38.0,-97.0,Magnetic Hill Concert Site,Arena,Carney Arcade Fire,1,66823,75849,88.1,False,6127953.0,91.7,Standard ($75-$150),1,False,Billboard / Pollstar Boxscores
CNC-1332,Elton John,Farewell Yellow Brick Road,Classic Rock,Stadium Headliner,2018-09-08,2018,9,September,Saturday,True,Fall,Allentown,United States,North America,Tier 2 Major Regional Market,38.0,-97.0,PPL Center,Arena,nan,1,8983,10251,87.63,False,1492859.0,166.19,Premium ($150-$250),1,False,Billboard / Pollstar Boxscores
CNC-1333,Elton John,Farewell Yellow Brick Road,Classic Rock,Stadium Headliner,2018-09-11,2018,9,September,Tuesday,False,Fall,Philadelphia,United States,North America,Tier 2 Major Regional Market,39.9526,-75.1652,Wells Fargo Center,Arena,nan,1,29531,35366,83.5,False,4273021.0,144.7,Standard ($75-$150),4,True,Billboard / Pollstar Boxscores
CNC-1334,Elton John,Farewell Yellow Brick Road,Classic Rock,Stadium Headliner,2018-09-12,2018,9,September,Wednesday,False,Fall,Philadelphia,United States,North America,Tier 2 Major Regional Market,39.9526,-75.1652,Wells Fargo Center,Arena,nan,1,29531,37836,78.05,False,4273021.0,144.7,Standard ($75-$150),4,True,Billboard / Pollstar Boxscores
CNC-1335,Elton John,Farewell Yellow Brick Road,Classic Rock,Stadium Headliner,2018-09-15,2018,9,September,Saturday,True,Fall,Buffalo,United States,North America,Tier 2 Major Regional Market,38.0,-97.0,KeyBank Center,Arena,nan,1,15581,17852,87.28,False,2033001.0,130.48,Standard ($75-$150),1,False,Billboard / Pollstar Boxscores
CNC-1336,Elton John,Farewell Yellow Brick Road,Classic Rock,Stadium Headliner,2018-09-16,2018,9,September,Sunday,True,Fall,University Park,United States,North America,Tier 2 Major Regional Market,38.0,-97.0,Bryce Jordan Center,Arena,nan,1,12421,15373,80.8,False,1662468.0,133.84,Standard ($75-$150),1,False,Billboard / Pollstar Boxscores
CNC-1337,Elton John,Farewell Yellow Brick Road,Classic Rock,Stadium Headliner,2018-09-19,2018,9,September,Wednesday,False,Fall,Hartford,United States,North America,Tier 2 Major Regional Market,38.0,-97.0,XL Center,Arena,nan,1,12311,15443,79.72,False,1430695.0,116.21,Standard ($75-$150),1,False,Billboard / Pollstar Boxscores
CNC-1338,Elton John,Farewell Yellow Brick Road,Classic Rock,Stadium Headliner,2018-09-21,2018,9,September,Friday,True,Fall,"Washington, D.C.",United States,North America,Tier 1 Global Mega-City,38.9072,-77.0369,Capital One Arena,Arena,nan,1,30315,32134,94.34,False,4464426.0,147.27,Standard ($75-$150),2,True,Billboard / Pollstar Boxscores
CNC-1339,Elton John,Farewell Yellow Brick Road,Classic Rock,Stadium Headliner,2018-09-22,2018,9,September,Saturday,True,Fall,"Washington, D.C.",United States,North America,Tier 1 Global Mega-City,38.9072,-77.0369,Capital One Arena,Arena,nan,1,30315,32295,93.87,False,4464426.0,147.27,Standard ($75-$150),2,True,Billboard / Pollstar Boxscores
CNC-1340,Elton John,Farewell Yellow Brick Road,Classic Rock,Stadium Headliner,2018-09-25,2018,9,September,Tuesday,False,Fall,Toronto,Canada,North America,Tier 1 Global Mega-City,43.6532,-79.3832,Scotiabank Arena,Arena,nan,1,31886,39273,81.19,False,3590343.0,112.6,Standard ($75-$150),4,True,Billboard / Pollstar Boxscores
CNC-1341,Elton John,Farewell Yellow Brick Road,Classic Rock,Stadium Headliner,2018-09-26,2018,9,September,Wednesday,False,Fall,Toronto,Canada,North America,Tier 1 Global Mega-City,43.6532,-79.3832,Scotiabank Arena,Arena,nan,1,31886,39561,80.6,False,3590343.0,112.6,Standard ($75-$150),4,True,Billboard / Pollstar Boxscores
CNC-1342,Elton John,Farewell Yellow Brick Road,Classic Rock,Stadium Headliner,2018-09-28,2018,9,September,Friday,True,Fall,Ottawa,Canada,North America,Tier 2 Major Regional Market,38.0,-97.0,Canadian Tire Centre,Arena,nan,1,14160,16496,85.84,False,1330020.0,93.93,Standard ($75-$150),1,False,Billboard / Pollstar Boxscores
CNC-1343,Elton John,Farewell Yellow Brick Road,Classic Rock,Stadium Headliner,2018-09-29,2018,9,September,Saturday,True,Fall,Quebec City,Canada,North America,Tier 2 Major Regional Market,38.0,-97.0,Videotron Centre,Arena,nan,1,14553,16871,86.26,False,1473260.0,101.23,Standard ($75-$150),1,False,Billboard / Pollstar Boxscores
CNC-1344,Elton John,Farewell Yellow Brick Road,Classic Rock,Stadium Headliner,2018-10-04,2018,10,October,Thursday,False,Fall,Montreal,Canada,North America,Tier 2 Major Regional Market,45.5017,-73.5673,Bell Centre,Arena,nan,1,16466,18606,88.5,False,1681260.0,102.1,Standard ($75-$150),1,False,Billboard / Pollstar Boxscores
CNC-1345,Elton John,Farewell Yellow Brick Road,Classic Rock,Stadium Headliner,2018-10-06,2018,10,October,Saturday,True,Fall,Boston,United States,North America,Tier 2 Major Regional Market,42.3601,-71.0589,TD Garden,Arena,nan,1,13946,14168,98.43,True,1953520.0,140.08,Standard ($75-$150),3,True,Billboard / Pollstar Boxscores
CNC-1346,Elton John,Farewell Yellow Brick Road,Classic Rock,Stadium Headliner,2018-10-09,2018,10,October,Tuesday,False,Fall,Uniondale,United States,North America,Tier 2 Major Regional Market,38.0,-97.0,Nassau Coliseum,Arena,nan,1,11984,16872,71.03,False,1648995.0,137.6,Standard ($75-$150),4,True,Billboard / Pollstar Boxscores
CNC-1347,Elton John,Farewell Yellow Brick Road,Classic Rock,Stadium Headliner,2018-10-10,2018,10,October,Wednesday,False,Fall,Pittsburgh,United States,North America,Tier 3 Emerging / Secondary Market,40.4406,-79.9959,PPG Paints Arena,Arena,nan,1,14452,20809,69.45,False,1998879.0,138.31,Standard ($75-$150),2,True,Billboard / Pollstar Boxscores
CNC-1348,Elton John,Farewell Yellow Brick Road,Classic Rock,Stadium Headliner,2018-10-12,2018,10,October,Friday,True,Fall,Detroit,United States,North America,Tier 2 Major Regional Market,42.3314,-83.0458,Little Caesars Arena,Arena,nan,1,30218,35459,85.22,False,4037241.0,133.6,Standard ($75-$150),4,True,Billboard / Pollstar Boxscores
CNC-1349,Elton John,Farewell Yellow Brick Road,Classic Rock,Stadium Headliner,2018-10-13,2018,10,October,Saturday,True,Fall,Detroit,United States,North America,Tier 2 Major Regional Market,42.3314,-83.0458,Little Caesars Arena,Arena,nan,1,30218,33594,89.95,False,4037241.0,133.6,Standard ($75-$150),4,True,Billboard / Pollstar Boxscores
CNC-1350,Elton John,Farewell Yellow Brick Road,Classic Rock,Stadium Headliner,2018-10-15,2018,10,October,Monday,False,Fall,Grand Rapids,United States,North America,Tier 2 Major Regional Market,38.0,-97.0,Van Andel Arena,Arena,nan,1,12689,14890,85.22,False,1698338.0,133.84,Standard ($75-$150),2,True,Billboard / Pollstar Boxscores
CNC-1351,Elton John,Farewell Yellow Brick Road,Classic Rock,Stadium Headliner,2018-10-18,2018,10,October,Thursday,False,Fall,New York City,United States,North America,Tier 1 Global Mega-City,40.7128,-74.006,Madison Square Garden,Arena,nan,1,58949,64145,91.9,False,10024748.0,170.06,Premium ($150-$250),6,True,Billboard / Pollstar Boxscores
CNC-1352,Elton John,Farewell Yellow Brick Road,Classic Rock,Stadium Headliner,2018-10-19,2018,10,October,Friday,True,Fall,New York City,United States,North America,Tier 1 Global Mega-City,40.7128,-74.006,Madison Square Garden,Arena,nan,1,58949,64243,91.76,False,10024748.0,170.06,Premium ($150-$250),6,True,Billboard / Pollstar Boxscores
CNC-1353,Elton John,Farewell Yellow Brick Road,Classic Rock,Stadium Headliner,2018-10-23,2018,10,October,Tuesday,False,Fall,Louisville,United States,North America,Tier 2 Major Regional Market,38.0,-97.0,KFC Yum! Center,Arena,nan,1,17412,21587,80.66,False,1990938.0,114.34,Standard ($75-$150),2,True,Billboard / Pollstar Boxscores
CNC-1354,Elton John,Farewell Yellow Brick Road,Classic Rock,Stadium Headliner,2018-10-24,2018,10,October,Wednesday,False,Fall,Nashville,United States,North America,Tier 2 Major Regional Market,36.1627,-86.7816,Bridgestone Arena,Arena,nan,1,14447,18600,77.67,False,2179947.0,150.89,Premium ($150-$250),2,True,Billboard / Pollstar Boxscores
CNC-1355,Elton John,Farewell Yellow Brick Road,Classic Rock,Stadium Headliner,2018-10-26,2018,10,October,Friday,True,Fall,Chicago,United States,North America,Tier 1 Global Mega-City,41.8781,-87.6298,United Center,Arena,nan,1,31066,33415,92.97,False,4431187.0,142.64,Standard ($75-$150),4,True,Billboard / Pollstar Boxscores
CNC-1356,Elton John,Farewell Yellow Brick Road,Classic Rock,Stadium Headliner,2018-10-27,2018,10,October,Saturday,True,Fall,Chicago,United States,North America,Tier 1 Global Mega-City,41.8781,-87.6298,United Center,Arena,nan,1,31066,32888,94.46,False,4431187.0,142.64,Standard ($75-$150),4,True,Billboard / Pollstar Boxscores
CNC-1357,Elton John,Farewell Yellow Brick Road,Classic Rock,Stadium Headliner,2018-10-30,2018,10,October,Tuesday,False,Fall,St. Louis,United States,North America,Tier 2 Major Regional Market,38.0,-97.0,Enterprise Center,Arena,nan,1,15495,20512,75.54,False,1867478.0,120.52,Standard ($75-$150),2,True,Billboard / Pollstar Boxscores
CNC-1358,Elton John,Farewell Yellow Brick Road,Classic Rock,Stadium Headliner,2018-11-02,2018,11,November,Friday,True,Fall,Columbus,United States,North America,Tier 2 Major Regional Market,38.0,-97.0,Schottenstein Center,Arena,nan,1,14399,17228,83.58,False,1708401.0,118.65,Standard ($75-$150),2,True,Billboard / Pollstar Boxscores
CNC-1359,Elton John,Farewell Yellow Brick Road,Classic Rock,Stadium Headliner,2018-11-03,2018,11,November,Saturday,True,Fall,Cleveland,United States,North America,Tier 2 Major Regional Market,38.0,-97.0,Quicken Loans Arena,Arena,nan,1,16252,18259,89.01,False,1923705.0,118.37,Standard ($75-$150),1,False,Billboard / Pollstar Boxscores
CNC-1360,Elton John,Farewell Yellow Brick Road,Classic Rock,Stadium Headliner,2018-11-06,2018,11,November,Tuesday,False,Fall,Boston,United States,North America,Tier 2 Major Regional Market,42.3601,-71.0589,TD Garden,Arena,nan,1,14073,17227,81.69,False,2047084.0,145.46,Standard ($75-$150),3,True,Billboard / Pollstar Boxscores
CNC-1361,Elton John,Farewell Yellow Brick Road,Classic Rock,Stadium Headliner,2018-11-23,2018,11,November,Friday,True,Fall,Sunrise,United States,North America,Tier 2 Major Regional Market,38.0,-97.0,BB&T Center,Arena,nan,1,14182,15978,88.76,False,2055879.0,144.96,Standard ($75-$150),2,True,Billboard / Pollstar Boxscores
CNC-1362,Elton John,Farewell Yellow Brick Road,Classic Rock,Stadium Headliner,2018-11-24,2018,11,November,Saturday,True,Fall,Miami,United States,North America,Tier 2 Major Regional Market,25.7617,-80.1918,American Airlines Arena,Arena,nan,1,13996,15654,89.41,False,2119362.0,151.43,Premium ($150-$250),1,False,Billboard / Pollstar Boxscores
CNC-1363,Elton John,Farewell Yellow Brick Road,Classic Rock,Stadium Headliner,2018-11-30,2018,11,November,Friday,True,Fall,Atlanta,United States,North America,Tier 2 Major Regional Market,33.749,-84.388,State Farm Arena,Arena,nan,1,24920,27310,91.25,False,3310272.0,132.84,Standard ($75-$150),4,True,Billboard / Pollstar Boxscores
CNC-1364,Elton John,Farewell Yellow Brick Road,Classic Rock,Stadium Headliner,2018-12-01,2018,12,December,Saturday,True,Winter,Atlanta,United States,North America,Tier 2 Major Regional Market,33.749,-84.388,State Farm Arena,Arena,nan,1,24920,27566,90.4,False,3310272.0,132.84,Standard ($75-$150),4,True,Billboard / Pollstar Boxscores
CNC-1365,Elton John,Farewell Yellow Brick Road,Classic Rock,Stadium Headliner,2018-12-04,2018,12,December,Tuesday,False,Winter,Birmingham,United States,North America,Tier 2 Major Regional Market,38.0,-97.0,Legacy Arena,Arena,nan,1,13774,17491,78.75,False,1466013.0,106.43,Standard ($75-$150),1,False,Billboard / Pollstar Boxscores
CNC-1366,Elton John,Farewell Yellow Brick Road,Classic Rock,Stadium Headliner,2018-12-06,2018,12,December,Thursday,False,Winter,New Orleans,United States,North America,Tier 2 Major Regional Market,29.9511,-90.0715,Smoothie King Center,Arena,nan,1,14573,16196,89.98,False,1807489.0,124.03,Standard ($75-$150),2,True,Billboard / Pollstar Boxscores
CNC-1367,Elton John,Farewell Yellow Brick Road,Classic Rock,Stadium Headliner,2018-12-08,2018,12,December,Saturday,True,Winter,Houston,United States,North America,Tier 2 Major Regional Market,29.7604,-95.3698,Toyota Center,Arena,nan,1,25794,29492,87.46,False,3958024.0,153.45,Premium ($150-$250),4,True,Billboard / Pollstar Boxscores
CNC-1368,Elton John,Farewell Yellow Brick Road,Classic Rock,Stadium Headliner,2018-12-09,2018,12,December,Sunday,True,Winter,Houston,United States,North America,Tier 2 Major Regional Market,29.7604,-95.3698,Toyota Center,Arena,nan,1,25794,29717,86.8,False,3958024.0,153.45,Premium ($150-$250),4,True,Billboard / Pollstar Boxscores
CNC-1369,Elton John,Farewell Yellow Brick Road,Classic Rock,Stadium Headliner,2018-12-12,2018,12,December,Wednesday,False,Winter,San Antonio,United States,North America,Tier 2 Major Regional Market,38.0,-97.0,AT&T Center,Arena,nan,1,15037,19623,76.63,False,1707532.0,113.56,Standard ($75-$150),1,False,Billboard / Pollstar Boxscores
CNC-1370,Elton John,Farewell Yellow Brick Road,Classic Rock,Stadium Headliner,2018-12-14,2018,12,December,Friday,True,Winter,Dallas,United States,North America,Tier 2 Major Regional Market,32.7767,-96.797,American Airlines Center,Arena,nan,1,28928,33969,85.16,False,4297806.0,148.57,Standard ($75-$150),4,True,Billboard / Pollstar Boxscores
CNC-1371,Elton John,Farewell Yellow Brick Road,Classic Rock,Stadium Headliner,2018-12-15,2018,12,December,Saturday,True,Winter,Dallas,United States,North America,Tier 2 Major Regional Market,32.7767,-96.797,American Airlines Center,Arena,nan,1,28928,32053,90.25,False,4297806.0,148.57,Standard ($75-$150),4,True,Billboard / Pollstar Boxscores
CNC-1372,Elton John,Farewell Yellow Brick Road,Classic Rock,Stadium Headliner,2019-01-11,2019,1,January,Friday,True,Winter,Boise,United States,North America,Tier 2 Major Regional Market,38.0,-97.0,Taco Bell Arena,Arena,nan,1,9063,10993,82.44,False,1189869.0,131.29,Standard ($75-$150),1,False,Billboard / Pollstar Boxscores
CNC-1373,Elton John,Farewell Yellow Brick Road,Classic Rock,Stadium Headliner,2019-01-12,2019,1,January,Saturday,True,Winter,Portland,United States,North America,Tier 2 Major Regional Market,38.0,-97.0,Moda Center,Arena,nan,1,14584,16021,91.03,False,1843608.0,126.41,Standard ($75-$150),1,False,Billboard / Pollstar Boxscores
CNC-1374,Elton John,Farewell Yellow Brick Road,Classic Rock,Stadium Headliner,2019-01-15,2019,1,January,Tuesday,False,Winter,Fresno,United States,North America,Tier 2 Major Regional Market,38.0,-97.0,Save Mart Center,Arena,nan,1,12271,17110,71.72,False,1677265.0,136.69,Standard ($75-$150),1,False,Billboard / Pollstar Boxscores
CNC-1375,Elton John,Farewell Yellow Brick Road,Classic Rock,Stadium Headliner,2019-01-16,2019,1,January,Wednesday,False,Winter,Sacramento,United States,North America,Tier 2 Major Regional Market,38.0,-97.0,Golden 1 Center,Arena,nan,1,14241,19154,74.35,False,1860305.0,130.63,Standard ($75-$150),1,False,Billboard / Pollstar Boxscores
CNC-1376,Elton John,Farewell Yellow Brick Road,Classic Rock,Stadium Headliner,2019-01-18,2019,1,January,Friday,True,Winter,Oakland,United States,North America,Tier 2 Major Regional Market,38.0,-97.0,Oracle Arena,Arena,nan,1,14749,16185,91.13,False,2017373.0,136.78,Standard ($75-$150),1,False,Billboard / Pollstar Boxscores
CNC-1377,Elton John,Farewell Yellow Brick Road,Classic Rock,Stadium Headliner,2019-01-19,2019,1,January,Saturday,True,Summer,San Josee,Costa Rica,Latin America,Tier 2 Major Regional Market,9.9281,-84.0907,SAP Center,Arena,nan,1,13835,15886,87.09,False,1992673.0,144.03,Standard ($75-$150),1,False,Billboard / Pollstar Boxscores
CNC-1378,Elton John,Farewell Yellow Brick Road,Classic Rock,Stadium Headliner,2019-01-22,2019,1,January,Tuesday,False,Winter,Los Angeles,United States,North America,Tier 1 Global Mega-City,34.0522,-118.2437,Staples Center,Arena,nan,1,57213,74053,77.26,False,8513984.0,148.81,Standard ($75-$150),3,True,Billboard / Pollstar Boxscores
CNC-1379,Elton John,Farewell Yellow Brick Road,Classic Rock,Stadium Headliner,2019-01-23,2019,1,January,Wednesday,False,Winter,Los Angeles,United States,North America,Tier 1 Global Mega-City,34.0522,-118.2437,Staples Center,Arena,nan,1,57213,69324,82.53,False,8513984.0,148.81,Standard ($75-$150),3,True,Billboard / Pollstar Boxscores
CNC-1380,Elton John,Farewell Yellow Brick Road,Classic Rock,Stadium Headliner,2019-01-25,2019,1,January,Friday,True,Winter,Los Angeles,United States,North America,Tier 1 Global Mega-City,34.0522,-118.2437,Staples Center,Arena,nan,1,57213,61586,92.9,False,8513984.0,148.81,Standard ($75-$150),3,True,Billboard / Pollstar Boxscores
CNC-1381,Elton John,Farewell Yellow Brick Road,Classic Rock,Stadium Headliner,2019-01-26,2019,1,January,Saturday,True,Winter,Glendale,United States,North America,Tier 2 Major Regional Market,33.5387,-112.186,Gila River Arena,Arena,nan,1,13899,16744,83.01,False,1864926.0,134.18,Standard ($75-$150),1,False,Billboard / Pollstar Boxscores
CNC-1382,Elton John,Farewell Yellow Brick Road,Classic Rock,Stadium Headliner,2019-01-29,2019,1,January,Tuesday,False,Winter,San Diego,United States,North America,Tier 2 Major Regional Market,38.0,-97.0,Pechanga Arena,Arena,nan,1,11517,14412,79.91,False,1361249.0,118.19,Standard ($75-$150),1,False,Billboard / Pollstar Boxscores
CNC-1383,Elton John,Farewell Yellow Brick Road,Classic Rock,Stadium Headliner,2019-02-01,2019,2,February,Friday,True,Winter,Inglewood,United States,North America,Tier 1 Global Mega-City,33.9575,-118.3429,The Forum,Arena,nan,1,29408,31500,93.36,False,3973836.0,135.13,Standard ($75-$150),2,True,Billboard / Pollstar Boxscores
CNC-1384,Elton John,Farewell Yellow Brick Road,Classic Rock,Stadium Headliner,2019-02-02,2019,2,February,Saturday,True,Winter,Inglewood,United States,North America,Tier 1 Global Mega-City,33.9575,-118.3429,The Forum,Arena,nan,1,29408,33054,88.97,False,3973836.0,135.13,Standard ($75-$150),2,True,Billboard / Pollstar Boxscores
CNC-1385,Elton John,Farewell Yellow Brick Road,Classic Rock,Stadium Headliner,2019-02-06,2019,2,February,Wednesday,False,Winter,Denver,United States,North America,Tier 2 Major Regional Market,39.7392,-104.9903,Pepsi Center,Arena,nan,1,27711,33906,81.73,False,4208205.0,151.86,Premium ($150-$250),2,True,Billboard / Pollstar Boxscores
CNC-1386,Elton John,Farewell Yellow Brick Road,Classic Rock,Stadium Headliner,2019-02-07,2019,2,February,Thursday,False,Winter,Denver,United States,North America,Tier 2 Major Regional Market,39.7392,-104.9903,Pepsi Center,Arena,nan,1,27711,34266,80.87,False,4208205.0,151.86,Premium ($150-$250),2,True,Billboard / Pollstar Boxscores
CNC-1387,Elton John,Farewell Yellow Brick Road,Classic Rock,Stadium Headliner,2019-02-09,2019,2,February,Saturday,True,Winter,Tulsa,United States,North America,Tier 2 Major Regional Market,38.0,-97.0,BOK Center,Arena,nan,1,13363,14377,92.95,False,1629219.0,121.92,Standard ($75-$150),1,False,Billboard / Pollstar Boxscores
CNC-1388,Elton John,Farewell Yellow Brick Road,Classic Rock,Stadium Headliner,2019-02-12,2019,2,February,Tuesday,False,Winter,Omaha,United States,North America,Tier 2 Major Regional Market,38.0,-97.0,CHI Health Center Omaha,Arena,nan,1,14738,18801,78.39,False,1811131.0,122.89,Standard ($75-$150),1,False,Billboard / Pollstar Boxscores
CNC-1389,Elton John,Farewell Yellow Brick Road,Classic Rock,Stadium Headliner,2019-02-13,2019,2,February,Wednesday,False,Winter,Kansas City,United States,North America,Tier 3 Emerging / Secondary Market,39.0997,-94.5786,Sprint Center,Arena,nan,1,14292,19686,72.6,False,1974229.0,138.14,Standard ($75-$150),1,False,Billboard / Pollstar Boxscores
CNC-1390,Elton John,Farewell Yellow Brick Road,Classic Rock,Stadium Headliner,2019-02-15,2019,2,February,Friday,True,Winter,Rosemont,United States,North America,Tier 2 Major Regional Market,38.0,-97.0,Allstate Arena,Arena,nan,1,28400,31538,90.05,False,3942660.0,138.83,Standard ($75-$150),2,True,Billboard / Pollstar Boxscores
CNC-1391,Elton John,Farewell Yellow Brick Road,Classic Rock,Stadium Headliner,2019-02-16,2019,2,February,Saturday,True,Winter,Rosemont,United States,North America,Tier 2 Major Regional Market,38.0,-97.0,Allstate Arena,Arena,nan,1,28400,32629,87.04,False,3942660.0,138.83,Standard ($75-$150),2,True,Billboard / Pollstar Boxscores
CNC-1392,Elton John,Farewell Yellow Brick Road,Classic Rock,Stadium Headliner,2019-02-21,2019,2,February,Thursday,False,Winter,Minneapolis,United States,North America,Tier 2 Major Regional Market,44.9778,-93.265,Target Center,Arena,nan,1,29949,34353,87.18,False,4205786.0,140.43,Standard ($75-$150),2,True,Billboard / Pollstar Boxscores
CNC-1393,Elton John,Farewell Yellow Brick Road,Classic Rock,Stadium Headliner,2019-02-22,2019,2,February,Friday,True,Winter,Minneapolis,United States,North America,Tier 2 Major Regional Market,44.9778,-93.265,Target Center,Arena,nan,1,29949,36965,81.02,False,4205786.0,140.43,Standard ($75-$150),2,True,Billboard / Pollstar Boxscores
CNC-1394,Elton John,Farewell Yellow Brick Road,Classic Rock,Stadium Headliner,2019-02-27,2019,2,February,Wednesday,False,Winter,Cincinnati,United States,North America,Tier 3 Emerging / Secondary Market,39.1031,-84.512,U.S. Bank Arena,Arena,nan,1,13456,18534,72.6,False,1678397.0,124.73,Standard ($75-$150),1,False,Billboard / Pollstar Boxscores
CNC-1395,Elton John,Farewell Yellow Brick Road,Classic Rock,Stadium Headliner,2019-03-01,2019,3,March,Friday,True,Spring,Albany,United States,North America,Tier 2 Major Regional Market,38.0,-97.0,Times Union Center,Arena,nan,1,12617,14099,89.49,False,1629499.0,129.15,Standard ($75-$150),1,False,Billboard / Pollstar Boxscores
CNC-1396,Elton John,Farewell Yellow Brick Road,Classic Rock,Stadium Headliner,2019-03-02,2019,3,March,Saturday,True,Spring,Newark,United States,North America,Tier 2 Major Regional Market,38.0,-97.0,Prudential Center,Arena,nan,1,13949,15393,90.62,False,2141546.0,153.53,Premium ($150-$250),2,True,Billboard / Pollstar Boxscores
CNC-1397,Elton John,Farewell Yellow Brick Road,Classic Rock,Stadium Headliner,2019-03-05,2019,3,March,Tuesday,False,Spring,New York City,United States,North America,Tier 1 Global Mega-City,40.7128,-74.006,Madison Square Garden,Arena,nan,1,29821,35804,83.29,False,5249700.0,176.04,Premium ($150-$250),6,True,Billboard / Pollstar Boxscores
CNC-1398,Elton John,Farewell Yellow Brick Road,Classic Rock,Stadium Headliner,2019-03-06,2019,3,March,Wednesday,False,Spring,New York City,United States,North America,Tier 1 Global Mega-City,40.7128,-74.006,Madison Square Garden,Arena,nan,1,29821,39953,74.64,False,5249700.0,176.04,Premium ($150-$250),6,True,Billboard / Pollstar Boxscores
CNC-1399,Elton John,Farewell Yellow Brick Road,Classic Rock,Stadium Headliner,2019-03-08,2019,3,March,Friday,True,Spring,Brooklyn,United States,North America,Tier 2 Major Regional Market,38.0,-97.0,Barclays Center,Arena,nan,1,30108,33151,90.82,False,4295346.0,142.66,Standard ($75-$150),4,True,Billboard / Pollstar Boxscores
CNC-1400,Elton John,Farewell Yellow Brick Road,Classic Rock,Stadium Headliner,2019-03-09,2019,3,March,Saturday,True,Spring,Brooklyn,United States,North America,Tier 2 Major Regional Market,38.0,-97.0,Barclays Center,Arena,nan,1,30108,33368,90.23,False,4295346.0,142.66,Standard ($75-$150),4,True,Billboard / Pollstar Boxscores
CNC-1401,Elton John,Farewell Yellow Brick Road,Classic Rock,Stadium Headliner,2019-03-12,2019,3,March,Tuesday,False,Spring,Raleigh,United States,North America,Tier 2 Major Regional Market,38.0,-97.0,PNC Arena,Arena,nan,1,14885,20082,74.12,False,2050728.0,137.77,Standard ($75-$150),1,False,Billboard / Pollstar Boxscores
CNC-1402,Elton John,Farewell Yellow Brick Road,Classic Rock,Stadium Headliner,2019-03-13,2019,3,March,Wednesday,False,Spring,Columbia,United States,North America,Tier 2 Major Regional Market,38.0,-97.0,Colonial Life Arena,Arena,nan,1,13331,16303,81.77,False,1833220.0,137.52,Standard ($75-$150),2,True,Billboard / Pollstar Boxscores
CNC-1403,Elton John,Farewell Yellow Brick Road,Classic Rock,Stadium Headliner,2019-03-15,2019,3,March,Friday,True,Spring,Jacksonville,United States,North America,Tier 2 Major Regional Market,38.0,-97.0,VyStar Veterans Memorial Arena,Arena,nan,1,12370,14958,82.7,False,1779255.0,143.84,Standard ($75-$150),2,True,Billboard / Pollstar Boxscores
CNC-1404,Elton John,Farewell Yellow Brick Road,Classic Rock,Stadium Headliner,2019-03-16,2019,3,March,Saturday,True,Spring,Sunrise,United States,North America,Tier 2 Major Regional Market,38.0,-97.0,BB&T Center,Arena,nan,1,14517,16610,87.4,False,2109042.0,145.28,Standard ($75-$150),2,True,Billboard / Pollstar Boxscores
CNC-1405,Elton John,Farewell Yellow Brick Road,Classic Rock,Stadium Headliner,2019-03-18,2019,3,March,Monday,False,Spring,Orlando,United States,North America,Tier 2 Major Regional Market,38.0,-97.0,Amway Center,Arena,nan,1,13446,15901,84.56,False,1833937.0,136.39,Standard ($75-$150),2,True,Billboard / Pollstar Boxscores
CNC-1406,Elton John,Farewell Yellow Brick Road,Classic Rock,Stadium Headliner,2019-05-01,2019,5,May,Wednesday,False,Spring,Vienna,Austria,Europe,Tier 2 Major Regional Market,48.2082,16.3738,Wiener Stadthalle,Arena,nan,1,20565,25339,81.16,False,2706734.0,131.62,Standard ($75-$150),2,True,Billboard / Pollstar Boxscores
CNC-1407,Elton John,Farewell Yellow Brick Road,Classic Rock,Stadium Headliner,2019-05-02,2019,5,May,Thursday,False,Spring,Vienna,Austria,Europe,Tier 2 Major Regional Market,48.2082,16.3738,Wiener Stadthalle,Arena,nan,1,20565,23340,88.11,False,2706734.0,131.62,Standard ($75-$150),2,True,Billboard / Pollstar Boxscores
CNC-1408,Elton John,Farewell Yellow Brick Road,Classic Rock,Stadium Headliner,2019-05-04,2019,5,May,Saturday,True,Spring,Kraków,Poland,Europe,Tier 2 Major Regional Market,50.0,10.0,Tauron Arena Kraków,Arena,nan,1,13972,14787,94.49,False,1164007.0,83.31,Standard ($75-$150),1,False,Billboard / Pollstar Boxscores
CNC-1409,Elton John,Farewell Yellow Brick Road,Classic Rock,Stadium Headliner,2019-05-07,2019,5,May,Tuesday,False,Spring,Prague,Czech Republic,Europe,Tier 2 Major Regional Market,50.0,10.0,O 2 Arena,Arena,nan,1,13722,17692,77.56,False,1500712.0,109.37,Standard ($75-$150),1,False,Billboard / Pollstar Boxscores
CNC-1410,Elton John,Farewell Yellow Brick Road,Classic Rock,Stadium Headliner,2019-05-09,2019,5,May,Thursday,False,Spring,Bremen,Germany,Europe,Tier 2 Major Regional Market,50.0,10.0,ÖVB Arena,Arena,nan,1,8656,9807,88.26,False,973112.0,112.42,Standard ($75-$150),1,False,Billboard / Pollstar Boxscores
CNC-1411,Elton John,Farewell Yellow Brick Road,Classic Rock,Stadium Headliner,2019-05-11,2019,5,May,Saturday,True,Spring,Stuttgart,Germany,Europe,Tier 2 Major Regional Market,50.0,10.0,Hanns-Martin-Schleyer-Halle,Arena,nan,1,9841,11323,86.91,False,1444671.0,146.8,Standard ($75-$150),1,False,Billboard / Pollstar Boxscores
CNC-1412,Elton John,Farewell Yellow Brick Road,Classic Rock,Stadium Headliner,2019-05-12,2019,5,May,Sunday,True,Spring,Oberhausen,Germany,Europe,Tier 2 Major Regional Market,50.0,10.0,König Pilsener Arena,Arena,nan,1,10139,12093,83.84,False,1204533.0,118.8,Standard ($75-$150),1,False,Billboard / Pollstar Boxscores
CNC-1413,Elton John,Farewell Yellow Brick Road,Classic Rock,Stadium Headliner,2019-05-18,2019,5,May,Saturday,True,Spring,Copenhagen,Denmark,Europe,Tier 2 Major Regional Market,55.6761,12.5683,Royal Arena,Arena,nan,1,26465,28974,91.34,False,4117900.0,155.6,Premium ($150-$250),2,True,Billboard / Pollstar Boxscores
CNC-1414,Elton John,Farewell Yellow Brick Road,Classic Rock,Stadium Headliner,2019-05-19,2019,5,May,Sunday,True,Spring,Gothenburg,Sweden,Europe,Tier 2 Major Regional Market,50.0,10.0,Scandinavium,Arena,nan,1,9701,11680,83.06,False,1157857.0,119.35,Standard ($75-$150),1,False,Billboard / Pollstar Boxscores
CNC-1415,Elton John,Farewell Yellow Brick Road,Classic Rock,Stadium Headliner,2019-05-22,2019,5,May,Wednesday,False,Spring,Hanover,Germany,Europe,Tier 2 Major Regional Market,50.0,10.0,TUI Arena,Arena,nan,1,9808,9920,98.87,True,1101335.0,112.29,Standard ($75-$150),1,False,Billboard / Pollstar Boxscores
CNC-1416,Elton John,Farewell Yellow Brick Road,Classic Rock,Stadium Headliner,2019-05-23,2019,5,May,Thursday,False,Spring,Antwerp,Belgium,Europe,Tier 2 Major Regional Market,50.0,10.0,Sportpaleis,Arena,nan,1,16348,21040,77.7,False,1588629.0,97.18,Standard ($75-$150),3,True,Billboard / Pollstar Boxscores
CNC-1417,Elton John,Farewell Yellow Brick Road,Classic Rock,Stadium Headliner,2019-05-26,2019,5,May,Sunday,True,Spring,Munich,Germany,Europe,Tier 2 Major Regional Market,48.1351,11.582,Olympiahalle,Arena,nan,1,11108,13071,84.98,False,1227321.0,110.49,Standard ($75-$150),3,True,Billboard / Pollstar Boxscores
CNC-1418,Elton John,Farewell Yellow Brick Road,Classic Rock,Stadium Headliner,2019-05-29,2019,5,May,Wednesday,False,Spring,Verona,Italy,Europe,Tier 2 Major Regional Market,50.0,10.0,Verona Arena,Arena,nan,1,11932,14557,81.97,False,1122434.0,94.07,Standard ($75-$150),1,False,Billboard / Pollstar Boxscores
CNC-1419,Elton John,Farewell Yellow Brick Road,Classic Rock,Stadium Headliner,2019-06-01,2019,6,June,Saturday,True,Summer,Wiesbaden,Germany,Europe,Tier 2 Major Regional Market,50.0,10.0,Bowling Green,Amphitheater / Park,nan,1,10280,11344,90.62,False,1159911.0,112.83,Standard ($75-$150),1,False,Billboard / Pollstar Boxscores
CNC-1420,Elton John,Farewell Yellow Brick Road,Classic Rock,Stadium Headliner,2019-06-04,2019,6,June,Tuesday,False,Summer,Bergen,Norway,Europe,Tier 2 Major Regional Market,50.0,10.0,Koengen,Arena,nan,1,22500,30860,72.91,False,2201784.0,97.86,Standard ($75-$150),1,False,Billboard / Pollstar Boxscores
CNC-1421,Elton John,Farewell Yellow Brick Road,Classic Rock,Stadium Headliner,2019-06-08,2019,6,June,Saturday,True,Summer,Amsterdam,Netherlands,Europe,Tier 1 Global Mega-City,52.3676,4.9041,Ziggo Dome,Stadium,nan,1,25315,27840,90.93,False,2047986.0,80.9,Standard ($75-$150),1,False,Billboard / Pollstar Boxscores
CNC-1422,Elton John,Farewell Yellow Brick Road,Classic Rock,Stadium Headliner,2019-06-09,2019,6,June,Sunday,True,Summer,Hove,England,Europe,Tier 2 Major Regional Market,50.0,10.0,First Central County Ground,Arena,nan,1,18210,20290,89.75,False,1935090.0,106.27,Standard ($75-$150),1,False,Billboard / Pollstar Boxscores
CNC-1423,Elton John,Farewell Yellow Brick Road,Classic Rock,Stadium Headliner,2019-06-12,2019,6,June,Wednesday,False,Summer,Dublin,Ireland,Europe,Tier 2 Major Regional Market,53.3498,-6.2603,3Arena,Arena,nan,1,16848,20950,80.42,False,3048861.0,180.96,Premium ($150-$250),4,True,Billboard / Pollstar Boxscores
CNC-1424,Elton John,Farewell Yellow Brick Road,Classic Rock,Stadium Headliner,2019-06-13,2019,6,June,Thursday,False,Summer,Dublin,Ireland,Europe,Tier 2 Major Regional Market,53.3498,-6.2603,3Arena,Arena,nan,1,16848,19833,84.95,False,3048861.0,180.96,Premium ($150-$250),4,True,Billboard / Pollstar Boxscores
CNC-1425,Elton John,Farewell Yellow Brick Road,Classic Rock,Stadium Headliner,2019-06-15,2019,6,June,Saturday,True,Summer,Cardiff,United Kingdom,Europe,Tier 2 Major Regional Market,51.4816,-3.1791,Cardiff City Stadium,Stadium,nan,1,30558,34055,89.73,False,2863159.0,93.7,Standard ($75-$150),1,False,Billboard / Pollstar Boxscores
CNC-1426,Elton John,Farewell Yellow Brick Road,Classic Rock,Stadium Headliner,2019-06-18,2019,6,June,Tuesday,False,Summer,Villeneuve-d'Ascq,France,Europe,Tier 2 Major Regional Market,50.0,10.0,Stade Pierre-Mauroy,Stadium,nan,1,26517,34808,76.18,False,2630997.0,99.22,Standard ($75-$150),1,False,Billboard / Pollstar Boxscores
CNC-1427,Elton John,Farewell Yellow Brick Road,Classic Rock,Stadium Headliner,2019-06-20,2019,6,June,Thursday,False,Summer,Paris,France,Europe,Tier 1 Global Mega-City,48.8566,2.3522,AccorHotels Arena,Arena,nan,1,12653,13081,96.73,False,2192829.0,173.31,Premium ($150-$250),1,False,Billboard / Pollstar Boxscores
CNC-1428,Elton John,Farewell Yellow Brick Road,Classic Rock,Stadium Headliner,2019-06-22,2019,6,June,Saturday,True,Summer,Bordeaux,France,Europe,Tier 2 Major Regional Market,50.0,10.0,Arkéa Arena,Arena,nan,1,8044,8657,92.92,False,1371623.0,170.52,Premium ($150-$250),1,False,Billboard / Pollstar Boxscores
CNC-1429,Elton John,Farewell Yellow Brick Road,Classic Rock,Stadium Headliner,2019-06-23,2019,6,June,Sunday,True,Summer,Nîmes,France,Europe,Tier 2 Major Regional Market,50.0,10.0,Arena of Nîmes,Arena,nan,1,14000,17034,82.19,False,1485776.0,106.13,Standard ($75-$150),1,False,Billboard / Pollstar Boxscores
CNC-1430,Elton John,Farewell Yellow Brick Road,Classic Rock,Stadium Headliner,2019-06-26,2019,6,June,Wednesday,False,Summer,Madrid,Spain,Europe,Tier 1 Global Mega-City,40.4168,-3.7038,WiZink Center,Arena,nan,1,11490,13641,84.23,False,1129930.0,98.34,Standard ($75-$150),1,False,Billboard / Pollstar Boxscores
CNC-1431,Elton John,Farewell Yellow Brick Road,Classic Rock,Stadium Headliner,2019-06-29,2019,6,June,Saturday,True,Summer,Montreux,Switzerland,Europe,Tier 2 Major Regional Market,50.0,10.0,Stadium Saussaz,Stadium,nan,1,14723,18670,78.86,False,3108660.0,211.14,Premium ($150-$250),1,False,Billboard / Pollstar Boxscores
CNC-1432,Elton John,Farewell Yellow Brick Road,Classic Rock,Stadium Headliner,2019-07-03,2019,7,July,Wednesday,False,Summer,Graz,Austria,Europe,Tier 2 Major Regional Market,50.0,10.0,Messe Congress Graz,Arena,nan,1,9675,11865,81.54,False,1318618.0,136.29,Standard ($75-$150),1,False,Billboard / Pollstar Boxscores
CNC-1433,Elton John,Farewell Yellow Brick Road,Classic Rock,Stadium Headliner,2019-07-05,2019,7,July,Friday,True,Summer,Munich,Germany,Europe,Tier 2 Major Regional Market,48.1351,11.582,Olympiahalle,Arena,nan,1,11532,13593,84.84,False,1277077.0,110.74,Standard ($75-$150),3,True,Billboard / Pollstar Boxscores
CNC-1434,Elton John,Farewell Yellow Brick Road,Classic Rock,Stadium Headliner,2019-07-07,2019,7,July,Sunday,True,Summer,Lucca,Italy,Europe,Tier 2 Major Regional Market,50.0,10.0,Mura Storiche,Arena,nan,1,19737,23817,82.87,False,2266040.0,114.81,Standard ($75-$150),1,False,Billboard / Pollstar Boxscores
CNC-1435,Elton John,Farewell Yellow Brick Road,Classic Rock,Stadium Headliner,2019-09-04,2019,9,September,Wednesday,False,Fall,Salt Lake City,United States,North America,Tier 2 Major Regional Market,38.0,-97.0,Vivint Smart Home Arena,Arena,nan,1,13521,15864,85.23,False,1802270.0,133.29,Standard ($75-$150),1,False,Billboard / Pollstar Boxscores
CNC-1436,Elton John,Farewell Yellow Brick Road,Classic Rock,Stadium Headliner,2019-09-06,2019,9,September,Friday,True,Fall,Paradise,United States,North America,Tier 2 Major Regional Market,38.0,-97.0,T-Mobile Arena,Arena,nan,1,31274,34757,89.98,False,4596868.0,146.99,Standard ($75-$150),2,True,Billboard / Pollstar Boxscores
CNC-1437,Elton John,Farewell Yellow Brick Road,Classic Rock,Stadium Headliner,2019-09-07,2019,9,September,Saturday,True,Fall,Paradise,United States,North America,Tier 2 Major Regional Market,38.0,-97.0,T-Mobile Arena,Arena,nan,1,31274,36096,86.64,False,4596868.0,146.99,Standard ($75-$150),2,True,Billboard / Pollstar Boxscores
CNC-1438,Elton John,Farewell Yellow Brick Road,Classic Rock,Stadium Headliner,2019-09-10,2019,9,September,Tuesday,False,Fall,Anaheim,United States,North America,Tier 2 Major Regional Market,38.0,-97.0,Honda Center,Arena,nan,1,27870,38378,72.62,False,3776139.0,135.49,Standard ($75-$150),2,True,Billboard / Pollstar Boxscores
CNC-1439,Elton John,Farewell Yellow Brick Road,Classic Rock,Stadium Headliner,2019-09-11,2019,9,September,Wednesday,False,Fall,Anaheim,United States,North America,Tier 2 Major Regional Market,38.0,-97.0,Honda Center,Arena,nan,1,27870,35594,78.3,False,3776139.0,135.49,Standard ($75-$150),2,True,Billboard / Pollstar Boxscores
CNC-1440,Elton John,Farewell Yellow Brick Road,Classic Rock,Stadium Headliner,2019-09-13,2019,9,September,Friday,True,Fall,San Francisco,United States,North America,Tier 2 Major Regional Market,37.7749,-122.4194,Chase Center,Arena,nan,1,28380,32261,87.97,False,4374647.0,154.15,Premium ($150-$250),2,True,Billboard / Pollstar Boxscores
CNC-1441,Elton John,Farewell Yellow Brick Road,Classic Rock,Stadium Headliner,2019-09-15,2019,9,September,Sunday,True,Fall,San Francisco,United States,North America,Tier 2 Major Regional Market,37.7749,-122.4194,Chase Center,Arena,nan,1,28380,33935,83.63,False,4374647.0,154.15,Premium ($150-$250),2,True,Billboard / Pollstar Boxscores
CNC-1442,Elton John,Farewell Yellow Brick Road,Classic Rock,Stadium Headliner,2019-09-17,2019,9,September,Tuesday,False,Fall,Tacoma,United States,North America,Tier 2 Major Regional Market,38.0,-97.0,Tacoma Dome,Stadium,nan,1,38728,53271,72.7,False,5833950.0,150.64,Premium ($150-$250),4,True,Billboard / Pollstar Boxscores
CNC-1443,Elton John,Farewell Yellow Brick Road,Classic Rock,Stadium Headliner,2019-09-18,2019,9,September,Wednesday,False,Fall,Tacoma,United States,North America,Tier 2 Major Regional Market,38.0,-97.0,Tacoma Dome,Stadium,nan,1,38728,49869,77.66,False,5833950.0,150.64,Premium ($150-$250),4,True,Billboard / Pollstar Boxscores
CNC-1444,Elton John,Farewell Yellow Brick Road,Classic Rock,Stadium Headliner,2019-09-21,2019,9,September,Saturday,True,Fall,Vancouver,Canada,North America,Tier 2 Major Regional Market,49.2827,-123.1207,Rogers Arena,Arena,nan,1,45425,51172,88.77,False,5329012.0,117.31,Standard ($75-$150),3,True,Billboard / Pollstar Boxscores
CNC-1445,Elton John,Farewell Yellow Brick Road,Classic Rock,Stadium Headliner,2019-09-22,2019,9,September,Sunday,True,Fall,Vancouver,Canada,North America,Tier 2 Major Regional Market,49.2827,-123.1207,Rogers Arena,Arena,nan,1,45425,52147,87.11,False,5329012.0,117.31,Standard ($75-$150),3,True,Billboard / Pollstar Boxscores
CNC-1446,Elton John,Farewell Yellow Brick Road,Classic Rock,Stadium Headliner,2019-09-24,2019,9,September,Tuesday,False,Fall,Vancouver,Canada,North America,Tier 2 Major Regional Market,49.2827,-123.1207,Rogers Arena,Arena,nan,1,45425,57639,78.81,False,5329012.0,117.31,Standard ($75-$150),3,True,Billboard / Pollstar Boxscores
CNC-1447,Elton John,Farewell Yellow Brick Road,Classic Rock,Stadium Headliner,2019-09-27,2019,9,September,Friday,True,Fall,Edmonton,Canada,North America,Tier 3 Emerging / Secondary Market,53.5461,-113.4938,Rogers Place,Arena,nan,1,30806,36982,83.3,False,3216169.0,104.4,Standard ($75-$150),2,True,Billboard / Pollstar Boxscores
CNC-1448,Elton John,Farewell Yellow Brick Road,Classic Rock,Stadium Headliner,2019-09-28,2019,9,September,Saturday,True,Fall,Edmonton,Canada,North America,Tier 3 Emerging / Secondary Market,53.5461,-113.4938,Rogers Place,Arena,nan,1,30806,38740,79.52,False,3216169.0,104.4,Standard ($75-$150),2,True,Billboard / Pollstar Boxscores
CNC-1449,Elton John,Farewell Yellow Brick Road,Classic Rock,Stadium Headliner,2019-10-01,2019,10,October,Tuesday,False,Fall,Saskatoon,Canada,North America,Tier 2 Major Regional Market,38.0,-97.0,SaskTel Centre,Arena,nan,1,26380,35462,74.39,False,2615473.0,99.15,Standard ($75-$150),2,True,Billboard / Pollstar Boxscores
CNC-1450,Elton John,Farewell Yellow Brick Road,Classic Rock,Stadium Headliner,2019-10-02,2019,10,October,Wednesday,False,Fall,Saskatoon,Canada,North America,Tier 2 Major Regional Market,38.0,-97.0,SaskTel Centre,Arena,nan,1,26380,34327,76.85,False,2615473.0,99.15,Standard ($75-$150),2,True,Billboard / Pollstar Boxscores
CNC-1451,Elton John,Farewell Yellow Brick Road,Classic Rock,Stadium Headliner,2019-10-04,2019,10,October,Friday,True,Fall,Winnipeg,Canada,North America,Tier 2 Major Regional Market,38.0,-97.0,Bell MTS Place,Arena,nan,1,25283,27802,90.94,False,2725778.0,107.81,Standard ($75-$150),2,True,Billboard / Pollstar Boxscores
CNC-1452,Elton John,Farewell Yellow Brick Road,Classic Rock,Stadium Headliner,2019-10-05,2019,10,October,Saturday,True,Fall,Winnipeg,Canada,North America,Tier 2 Major Regional Market,38.0,-97.0,Bell MTS Place,Arena,nan,1,25283,28679,88.16,False,2725778.0,107.81,Standard ($75-$150),2,True,Billboard / Pollstar Boxscores
CNC-1453,Elton John,Farewell Yellow Brick Road,Classic Rock,Stadium Headliner,2019-10-19,2019,10,October,Saturday,True,Fall,Milwaukee,United States,North America,Tier 2 Major Regional Market,38.0,-97.0,Fiserv Forum,Arena,nan,1,13012,14392,90.41,False,1718769.0,132.09,Standard ($75-$150),2,True,Billboard / Pollstar Boxscores
CNC-1454,Elton John,Farewell Yellow Brick Road,Classic Rock,Stadium Headliner,2019-10-23,2019,10,October,Wednesday,False,Fall,Toronto,Canada,North America,Tier 1 Global Mega-City,43.6532,-79.3832,Scotiabank Arena,Arena,nan,1,32202,41471,77.65,False,3767643.0,117.0,Standard ($75-$150),4,True,Billboard / Pollstar Boxscores
CNC-1455,Elton John,Farewell Yellow Brick Road,Classic Rock,Stadium Headliner,2019-10-24,2019,10,October,Thursday,False,Fall,Toronto,Canada,North America,Tier 1 Global Mega-City,43.6532,-79.3832,Scotiabank Arena,Arena,nan,1,32202,35717,90.16,False,3767643.0,117.0,Standard ($75-$150),4,True,Billboard / Pollstar Boxscores
CNC-1456,Elton John,Farewell Yellow Brick Road,Classic Rock,Stadium Headliner,2019-10-28,2019,10,October,Monday,False,Fall,Nashville,United States,North America,Tier 2 Major Regional Market,36.1627,-86.7816,Bridgestone Arena,Arena,nan,1,14624,17286,84.6,False,2320071.0,158.65,Premium ($150-$250),2,True,Billboard / Pollstar Boxscores
CNC-1457,Elton John,Farewell Yellow Brick Road,Classic Rock,Stadium Headliner,2019-10-30,2019,10,October,Wednesday,False,Fall,Memphis,United States,North America,Tier 2 Major Regional Market,38.0,-97.0,FedExForum,Arena,nan,1,14435,17043,84.7,False,1825808.0,126.48,Standard ($75-$150),1,False,Billboard / Pollstar Boxscores
CNC-1458,Elton John,Farewell Yellow Brick Road,Classic Rock,Stadium Headliner,2019-11-01,2019,11,November,Friday,True,Fall,Atlanta,United States,North America,Tier 2 Major Regional Market,33.749,-84.388,State Farm Arena,Arena,nan,1,23708,26200,90.49,False,3897797.0,164.41,Premium ($150-$250),4,True,Billboard / Pollstar Boxscores
CNC-1459,Elton John,Farewell Yellow Brick Road,Classic Rock,Stadium Headliner,2019-11-02,2019,11,November,Saturday,True,Fall,Atlanta,United States,North America,Tier 2 Major Regional Market,33.749,-84.388,State Farm Arena,Arena,nan,1,23708,26510,89.43,False,3897797.0,164.41,Premium ($150-$250),4,True,Billboard / Pollstar Boxscores
CNC-1460,Elton John,Farewell Yellow Brick Road,Classic Rock,Stadium Headliner,2019-11-04,2019,11,November,Monday,False,Fall,Tampa,United States,North America,Tier 2 Major Regional Market,27.9506,-82.4572,Amalie Arena,Arena,nan,1,14961,16746,89.34,False,2190160.0,146.39,Standard ($75-$150),2,True,Billboard / Pollstar Boxscores
CNC-1461,Elton John,Farewell Yellow Brick Road,Classic Rock,Stadium Headliner,2019-11-06,2019,11,November,Wednesday,False,Fall,Charlotte,United States,North America,Tier 2 Major Regional Market,38.0,-97.0,Spectrum Center,Arena,nan,1,15834,19181,82.55,False,2163283.0,136.62,Standard ($75-$150),1,False,Billboard / Pollstar Boxscores
CNC-1462,Elton John,Farewell Yellow Brick Road,Classic Rock,Stadium Headliner,2019-11-08,2019,11,November,Friday,True,Fall,Philadelphia,United States,North America,Tier 2 Major Regional Market,39.9526,-75.1652,Wells Fargo Center,Arena,nan,1,31230,35537,87.88,False,4608305.0,147.56,Standard ($75-$150),4,True,Billboard / Pollstar Boxscores
CNC-1463,Elton John,Farewell Yellow Brick Road,Classic Rock,Stadium Headliner,2019-11-09,2019,11,November,Saturday,True,Fall,Philadelphia,United States,North America,Tier 2 Major Regional Market,39.9526,-75.1652,Wells Fargo Center,Arena,nan,1,31230,33473,93.3,False,4608305.0,147.56,Standard ($75-$150),4,True,Billboard / Pollstar Boxscores
CNC-1464,Elton John,Farewell Yellow Brick Road,Classic Rock,Stadium Headliner,2019-11-11,2019,11,November,Monday,False,Fall,Cleveland,United States,North America,Tier 2 Major Regional Market,38.0,-97.0,Rocket Mortgage FieldHouse,Stadium,nan,1,16621,18821,88.31,False,2168485.0,130.47,Standard ($75-$150),1,False,Billboard / Pollstar Boxscores
CNC-1465,Elton John,Farewell Yellow Brick Road,Classic Rock,Stadium Headliner,2019-11-13,2019,11,November,Wednesday,False,Fall,Pittsburgh,United States,North America,Tier 3 Emerging / Secondary Market,40.4406,-79.9959,PPG Paints Arena,Arena,nan,1,15011,22049,68.08,False,2182135.0,145.37,Standard ($75-$150),2,True,Billboard / Pollstar Boxscores
CNC-1466,Elton John,Farewell Yellow Brick Road,Classic Rock,Stadium Headliner,2019-11-15,2019,11,November,Friday,True,Fall,Boston,United States,North America,Tier 2 Major Regional Market,42.3601,-71.0589,TD Garden,Arena,nan,1,14112,16736,84.32,False,2046734.0,145.04,Standard ($75-$150),3,True,Billboard / Pollstar Boxscores
CNC-1467,Elton John,Farewell Yellow Brick Road,Classic Rock,Stadium Headliner,2019-11-16,2019,11,November,Saturday,True,Fall,Uniondale,United States,North America,Tier 2 Major Regional Market,38.0,-97.0,Nassau Coliseum,Arena,nan,1,12125,13101,92.55,False,1722978.0,142.1,Standard ($75-$150),4,True,Billboard / Pollstar Boxscores
CNC-1468,Elton John,Farewell Yellow Brick Road,Classic Rock,Stadium Headliner,2019-11-30,2019,11,November,Saturday,True,Spring,Perth,Australia,Oceania,Tier 2 Major Regional Market,-31.9505,115.8605,Perth Oval,Arena,nan,1,44079,45415,97.06,False,5965750.0,135.34,Standard ($75-$150),2,True,Billboard / Pollstar Boxscores
CNC-1469,Elton John,Farewell Yellow Brick Road,Classic Rock,Stadium Headliner,2019-12-01,2019,12,December,Sunday,True,Summer,Perth,Australia,Oceania,Tier 2 Major Regional Market,-31.9505,115.8605,Perth Oval,Arena,nan,1,44079,45415,97.06,False,5965750.0,135.34,Standard ($75-$150),2,True,Billboard / Pollstar Boxscores
CNC-1470,Elton John,Farewell Yellow Brick Road,Classic Rock,Stadium Headliner,2019-12-04,2019,12,December,Wednesday,False,Summer,Adelaide,Australia,Oceania,Tier 3 Emerging / Secondary Market,-34.9285,138.6007,Adelaide Botanic Park,Stadium,nan,1,32523,32966,98.66,True,3603260.0,110.79,Standard ($75-$150),2,True,Billboard / Pollstar Boxscores
CNC-1471,Elton John,Farewell Yellow Brick Road,Classic Rock,Stadium Headliner,2019-12-05,2019,12,December,Thursday,False,Summer,Adelaide,Australia,Oceania,Tier 3 Emerging / Secondary Market,-34.9285,138.6007,Adelaide Botanic Park,Stadium,nan,1,32523,32966,98.66,True,3603260.0,110.79,Standard ($75-$150),2,True,Billboard / Pollstar Boxscores
CNC-1472,Elton John,Farewell Yellow Brick Road,Classic Rock,Stadium Headliner,2019-12-07,2019,12,December,Saturday,True,Summer,Geelong,Australia,Oceania,Tier 2 Major Regional Market,-25.0,135.0,Mt Duneed Estate,Arena,nan,1,20849,22704,91.83,False,2160861.0,103.64,Standard ($75-$150),1,False,Billboard / Pollstar Boxscores
CNC-1473,Elton John,Farewell Yellow Brick Road,Classic Rock,Stadium Headliner,2019-12-10,2019,12,December,Tuesday,False,Summer,Melbourne,Australia,Oceania,Tier 1 Global Mega-City,-37.8136,144.9631,Rod Laver Arena,Arena,nan,1,51556,52838,97.57,False,7994560.0,155.07,Premium ($150-$250),4,True,Billboard / Pollstar Boxscores
CNC-1474,Elton John,Farewell Yellow Brick Road,Classic Rock,Stadium Headliner,2019-12-11,2019,12,December,Wednesday,False,Summer,Melbourne,Australia,Oceania,Tier 1 Global Mega-City,-37.8136,144.9631,Rod Laver Arena,Arena,nan,1,51556,52838,97.57,False,7994560.0,155.07,Premium ($150-$250),4,True,Billboard / Pollstar Boxscores
CNC-1475,Elton John,Farewell Yellow Brick Road,Classic Rock,Stadium Headliner,2019-12-14,2019,12,December,Saturday,True,Summer,Melbourne,Australia,Oceania,Tier 1 Global Mega-City,-37.8136,144.9631,Rod Laver Arena,Arena,nan,1,51556,52838,97.57,False,7994560.0,155.07,Premium ($150-$250),4,True,Billboard / Pollstar Boxscores
CNC-1476,Elton John,Farewell Yellow Brick Road,Classic Rock,Stadium Headliner,2019-12-15,2019,12,December,Sunday,True,Summer,Melbourne,Australia,Oceania,Tier 1 Global Mega-City,-37.8136,144.9631,Rod Laver Arena,Arena,nan,1,51556,52838,97.57,False,7994560.0,155.07,Premium ($150-$250),4,True,Billboard / Pollstar Boxscores
CNC-1477,Elton John,Farewell Yellow Brick Road,Classic Rock,Stadium Headliner,2019-12-18,2019,12,December,Wednesday,False,Summer,Brisbane,Australia,Oceania,Tier 2 Major Regional Market,-27.4698,153.0251,Brisbane Entertainment Centre,Arena,nan,1,21425,23210,92.31,False,2979870.0,139.08,Standard ($75-$150),3,True,Billboard / Pollstar Boxscores
CNC-1478,Elton John,Farewell Yellow Brick Road,Classic Rock,Stadium Headliner,2019-12-19,2019,12,December,Thursday,False,Summer,Brisbane,Australia,Oceania,Tier 2 Major Regional Market,-27.4698,153.0251,Brisbane Entertainment Centre,Arena,nan,1,21425,23210,92.31,False,2979870.0,139.08,Standard ($75-$150),3,True,Billboard / Pollstar Boxscores
CNC-1479,Elton John,Farewell Yellow Brick Road,Classic Rock,Stadium Headliner,2019-12-21,2019,12,December,Saturday,True,Summer,Sydney,Australia,Oceania,Tier 1 Global Mega-City,-33.8688,151.2093,First State Super Theatre,Arena,nan,1,16337,16469,99.2,True,2752960.0,168.51,Premium ($150-$250),2,True,Billboard / Pollstar Boxscores
CNC-1480,Elton John,Farewell Yellow Brick Road,Classic Rock,Stadium Headliner,2019-12-23,2019,12,December,Monday,False,Summer,Sydney,Australia,Oceania,Tier 1 Global Mega-City,-33.8688,151.2093,First State Super Theatre,Arena,nan,1,16337,19629,83.23,False,2752960.0,168.51,Premium ($150-$250),2,True,Billboard / Pollstar Boxscores
CNC-1481,Elton John,Farewell Yellow Brick Road,Classic Rock,Stadium Headliner,2022-06-15,2022,6,June,Wednesday,False,Winter,Sydney,Australia,Oceania,Tier 1 Global Mega-City,-33.8688,151.2093,Qudos Bank Arena,Arena,nan,1,44438,54127,82.1,False,6235455.0,140.32,Standard ($75-$150),2,True,Billboard / Pollstar Boxscores
CNC-1482,Elton John,Farewell Yellow Brick Road,Classic Rock,Stadium Headliner,2022-06-15,2022,6,June,Wednesday,False,Winter,Hunter Valley,Australia,Oceania,Tier 2 Major Regional Market,-25.0,135.0,Hope Estate Winery,Arena,nan,1,38200,45639,83.7,False,5217200.0,136.58,Standard ($75-$150),2,True,Billboard / Pollstar Boxscores
CNC-1483,Elton John,Farewell Yellow Brick Road,Classic Rock,Stadium Headliner,2022-06-15,2022,6,June,Wednesday,False,Winter,Brisbane,Australia,Oceania,Tier 2 Major Regional Market,-27.4698,153.0251,Brisbane Entertainment Centre,Arena,nan,1,10830,10892,99.43,True,1568700.0,144.85,Standard ($75-$150),3,True,Billboard / Pollstar Boxscores
CNC-1484,Elton John,Farewell Yellow Brick Road,Classic Rock,Stadium Headliner,2022-06-15,2022,6,June,Wednesday,False,Winter,Mount Cotton,Australia,Oceania,Tier 2 Major Regional Market,-25.0,135.0,Sirromet Wines,Arena,nan,1,26185,34472,75.96,False,3229690.0,123.34,Standard ($75-$150),2,True,Billboard / Pollstar Boxscores
CNC-1485,Elton John,Farewell Yellow Brick Road,Classic Rock,Stadium Headliner,2022-06-15,2022,6,June,Wednesday,False,Winter,Bathurst,Australia,Oceania,Tier 2 Major Regional Market,-25.0,135.0,Carrington Park,Stadium,nan,1,19149,20063,95.44,False,2330340.0,121.7,Standard ($75-$150),1,False,Billboard / Pollstar Boxscores
CNC-1486,Elton John,Farewell Yellow Brick Road,Classic Rock,Stadium Headliner,2022-06-15,2022,6,June,Wednesday,False,Winter,Macedon,Australia,Oceania,Tier 2 Major Regional Market,-25.0,135.0,Hanging Rock,Arena,nan,1,40327,53181,75.83,False,4456150.0,110.5,Standard ($75-$150),2,True,Billboard / Pollstar Boxscores
CNC-1487,Elton John,Farewell Yellow Brick Road,Classic Rock,Stadium Headliner,2022-06-15,2022,6,June,Wednesday,False,Winter,Wahgunyah,Australia,Oceania,Tier 2 Major Regional Market,-25.0,135.0,All Saints Estate Winery,Arena,nan,1,11175,13186,84.75,False,1324180.0,118.49,Standard ($75-$150),1,False,Billboard / Pollstar Boxscores
CNC-1488,Elton John,Farewell Yellow Brick Road,Classic Rock,Stadium Headliner,2022-06-15,2022,6,June,Wednesday,False,Winter,Coldstream,Australia,Oceania,Tier 2 Major Regional Market,-25.0,135.0,Rochford Winery Yarra Valley,Arena,nan,1,24440,30999,78.84,False,2699520.0,110.45,Standard ($75-$150),2,True,Billboard / Pollstar Boxscores
CNC-1489,Elton John,Farewell Yellow Brick Road,Classic Rock,Stadium Headliner,2022-06-15,2022,6,June,Wednesday,False,Winter,Dunedin,New Zealand,Oceania,Tier 2 Major Regional Market,-25.0,135.0,Forsyth Barr Stadium,Stadium,nan,1,33731,34035,99.11,True,4117990.0,122.08,Standard ($75-$150),1,False,Billboard / Pollstar Boxscores
CNC-1490,Elton John,Farewell Yellow Brick Road,Classic Rock,Stadium Headliner,2022-06-15,2022,6,June,Wednesday,False,Winter,Napier,New Zealand,Oceania,Tier 2 Major Regional Market,-25.0,135.0,Mission Estate Winery,Arena,nan,1,52979,70134,75.54,False,5838600.0,110.21,Standard ($75-$150),2,True,Billboard / Pollstar Boxscores
CNC-1491,Elton John,Farewell Yellow Brick Road,Classic Rock,Stadium Headliner,2022-06-15,2022,6,June,Wednesday,False,Winter,Auckland,New Zealand,Oceania,Tier 2 Major Regional Market,-36.8485,174.7633,Mount Smart Stadium,Stadium,nan,1,35350,44332,79.74,False,4825850.0,136.52,Standard ($75-$150),1,False,Billboard / Pollstar Boxscores
CNC-1492,Elton John,Farewell Yellow Brick Road,Classic Rock,Stadium Headliner,2022-06-15,2022,6,June,Wednesday,False,Winter,Melbourne,Australia,Oceania,Tier 1 Global Mega-City,-37.8136,144.9631,AAMI Park,Stadium,nan,1,29967,30536,98.14,True,4430850.0,147.86,Standard ($75-$150),3,True,Billboard / Pollstar Boxscores
CNC-1493,Elton John,Farewell Yellow Brick Road,Classic Rock,Stadium Headliner,2022-06-15,2022,6,June,Wednesday,False,Winter,Coffs Harbour,Australia,Oceania,Tier 2 Major Regional Market,-25.0,135.0,Coffs Harbour International Stadium,Stadium,nan,1,33055,33241,99.44,True,3992190.0,120.77,Standard ($75-$150),2,True,Billboard / Pollstar Boxscores
CNC-1494,Elton John,Farewell Yellow Brick Road,Classic Rock,Stadium Headliner,2022-06-15,2022,6,June,Wednesday,False,Winter,Townsville,Australia,Oceania,Tier 2 Major Regional Market,-25.0,135.0,North Queensland Stadium,Stadium,nan,1,21535,21817,98.71,True,2323100.0,107.88,Standard ($75-$150),1,False,Billboard / Pollstar Boxscores
CNC-1495,Elton John,Farewell Yellow Brick Road,Classic Rock,Stadium Headliner,2022-06-15,2022,6,June,Wednesday,False,Winter,Sunshine Coast,Australia,Oceania,Tier 2 Major Regional Market,-25.0,135.0,Sunshine Coast Stadium,Stadium,nan,1,30023,37865,79.29,False,4363793.0,145.35,Standard ($75-$150),2,True,Billboard / Pollstar Boxscores
CNC-1496,Elton John,Farewell Yellow Brick Road,Classic Rock,Stadium Headliner,2022-06-15,2022,6,June,Wednesday,False,Winter,Parramatta,Australia,Oceania,Tier 2 Major Regional Market,-25.0,135.0,Western Sydney Stadium,Stadium,nan,1,26596,34752,76.53,False,4311638.0,162.12,Premium ($150-$250),1,False,Billboard / Pollstar Boxscores
CNC-1497,Elton John,Farewell Yellow Brick Road,Classic Rock,Stadium Headliner,2022-01-19,2022,1,January,Wednesday,False,Winter,New Orleans,United States,North America,Tier 2 Major Regional Market,29.9511,-90.0715,Smoothie King Center,Arena,nan,1,14454,19076,75.77,False,1972978.0,136.5,Standard ($75-$150),2,True,Billboard / Pollstar Boxscores
CNC-1498,Elton John,Farewell Yellow Brick Road,Classic Rock,Stadium Headliner,2022-01-21,2022,1,January,Friday,True,Winter,Houston,United States,North America,Tier 2 Major Regional Market,29.7604,-95.3698,Toyota Center,Arena,nan,1,25951,27646,93.87,False,4243554.0,163.52,Premium ($150-$250),4,True,Billboard / Pollstar Boxscores
CNC-1499,Elton John,Farewell Yellow Brick Road,Classic Rock,Stadium Headliner,2022-01-22,2022,1,January,Saturday,True,Winter,Houston,United States,North America,Tier 2 Major Regional Market,29.7604,-95.3698,Toyota Center,Arena,nan,1,25951,28331,91.6,False,4243554.0,163.52,Premium ($150-$250),4,True,Billboard / Pollstar Boxscores
CNC-1500,Elton John,Farewell Yellow Brick Road,Classic Rock,Stadium Headliner,2022-01-29,2022,1,January,Saturday,True,Winter,North Little Rock,United States,North America,Tier 2 Major Regional Market,38.0,-97.0,Simmons Bank Arena,Arena,nan,1,15482,17736,87.29,False,2476445.0,159.96,Premium ($150-$250),1,False,Billboard / Pollstar Boxscores
CNC-1501,Elton John,Farewell Yellow Brick Road,Classic Rock,Stadium Headliner,2022-01-30,2022,1,January,Sunday,True,Winter,Oklahoma City,United States,North America,Tier 2 Major Regional Market,38.0,-97.0,Paycom Center,Arena,nan,1,13393,17588,76.15,False,1865204.0,139.27,Standard ($75-$150),1,False,Billboard / Pollstar Boxscores
CNC-1502,Elton John,Farewell Yellow Brick Road,Classic Rock,Stadium Headliner,2022-02-01,2022,2,February,Tuesday,False,Winter,Kansas City,United States,North America,Tier 3 Emerging / Secondary Market,39.0997,-94.5786,T-Mobile Center,Arena,nan,1,13741,20561,66.83,False,2368483.0,172.37,Premium ($150-$250),1,False,Billboard / Pollstar Boxscores
CNC-1503,Elton John,Farewell Yellow Brick Road,Classic Rock,Stadium Headliner,2022-02-04,2022,2,February,Friday,True,Winter,Chicago,United States,North America,Tier 1 Global Mega-City,41.8781,-87.6298,United Center,Arena,nan,1,30467,32268,94.42,False,5436666.0,178.44,Premium ($150-$250),4,True,Billboard / Pollstar Boxscores
CNC-1504,Elton John,Farewell Yellow Brick Road,Classic Rock,Stadium Headliner,2022-02-05,2022,2,February,Saturday,True,Winter,Chicago,United States,North America,Tier 1 Global Mega-City,41.8781,-87.6298,United Center,Arena,nan,1,30467,34768,87.63,False,5436666.0,178.44,Premium ($150-$250),4,True,Billboard / Pollstar Boxscores
CNC-1505,Elton John,Farewell Yellow Brick Road,Classic Rock,Stadium Headliner,2022-02-08,2022,2,February,Tuesday,False,Winter,Detroit,United States,North America,Tier 2 Major Regional Market,42.3314,-83.0458,Little Caesars Arena,Arena,nan,1,28278,38121,74.18,False,5175499.0,183.02,Premium ($150-$250),4,True,Billboard / Pollstar Boxscores
CNC-1506,Elton John,Farewell Yellow Brick Road,Classic Rock,Stadium Headliner,2022-02-09,2022,2,February,Wednesday,False,Winter,Detroit,United States,North America,Tier 2 Major Regional Market,42.3314,-83.0458,Little Caesars Arena,Arena,nan,1,28278,36921,76.59,False,5175499.0,183.02,Premium ($150-$250),4,True,Billboard / Pollstar Boxscores
CNC-1507,Elton John,Farewell Yellow Brick Road,Classic Rock,Stadium Headliner,2022-02-22,2022,2,February,Tuesday,False,Winter,New York City,United States,North America,Tier 1 Global Mega-City,40.7128,-74.006,Madison Square Garden,Arena,nan,1,29893,37079,80.62,False,6860968.0,229.52,Premium ($150-$250),6,True,Billboard / Pollstar Boxscores
CNC-1508,Elton John,Farewell Yellow Brick Road,Classic Rock,Stadium Headliner,2022-02-23,2022,2,February,Wednesday,False,Winter,New York City,United States,North America,Tier 1 Global Mega-City,40.7128,-74.006,Madison Square Garden,Arena,nan,1,29893,36837,81.15,False,6860968.0,229.52,Premium ($150-$250),6,True,Billboard / Pollstar Boxscores
CNC-1509,Elton John,Farewell Yellow Brick Road,Classic Rock,Stadium Headliner,2022-02-25,2022,2,February,Friday,True,Winter,Newark,United States,North America,Tier 2 Major Regional Market,38.0,-97.0,Prudential Center,Arena,nan,1,13889,16319,85.11,False,2674238.0,192.54,Premium ($150-$250),2,True,Billboard / Pollstar Boxscores
CNC-1510,Elton John,Farewell Yellow Brick Road,Classic Rock,Stadium Headliner,2022-02-27,2022,2,February,Sunday,True,Winter,Hollywood,United States,North America,Tier 2 Major Regional Market,38.0,-97.0,Hard Rock Live,Arena,nan,1,6519,9069,71.88,False,2991322.0,458.86,VIP / Luxury (>$250),1,False,Billboard / Pollstar Boxscores
CNC-1511,Elton John,Farewell Yellow Brick Road,Classic Rock,Stadium Headliner,2022-03-01,2022,3,March,Tuesday,False,Spring,Brooklyn,United States,North America,Tier 2 Major Regional Market,38.0,-97.0,Barclays Center,Arena,nan,1,29365,36208,81.1,False,4907543.0,167.12,Premium ($150-$250),4,True,Billboard / Pollstar Boxscores
CNC-1512,Elton John,Farewell Yellow Brick Road,Classic Rock,Stadium Headliner,2022-03-02,2022,3,March,Wednesday,False,Spring,Brooklyn,United States,North America,Tier 2 Major Regional Market,38.0,-97.0,Barclays Center,Arena,nan,1,29365,35693,82.27,False,4907543.0,167.12,Premium ($150-$250),4,True,Billboard / Pollstar Boxscores
CNC-1513,Elton John,Farewell Yellow Brick Road,Classic Rock,Stadium Headliner,2022-03-05,2022,3,March,Saturday,True,Spring,Uniondale,United States,North America,Tier 2 Major Regional Market,38.0,-97.0,Nassau Coliseum,Arena,nan,1,24428,29217,83.61,False,4358411.0,178.42,Premium ($150-$250),4,True,Billboard / Pollstar Boxscores
CNC-1514,Elton John,Farewell Yellow Brick Road,Classic Rock,Stadium Headliner,2022-03-06,2022,3,March,Sunday,True,Spring,Uniondale,United States,North America,Tier 2 Major Regional Market,38.0,-97.0,Nassau Coliseum,Arena,nan,1,24428,29280,83.43,False,4358411.0,178.42,Premium ($150-$250),4,True,Billboard / Pollstar Boxscores
CNC-1515,Elton John,Farewell Yellow Brick Road,Classic Rock,Stadium Headliner,2022-03-10,2022,3,March,Thursday,False,Spring,Dallas,United States,North America,Tier 2 Major Regional Market,32.7767,-96.797,American Airlines Center,Arena,nan,1,28661,34995,81.9,False,5693417.0,198.65,Premium ($150-$250),4,True,Billboard / Pollstar Boxscores
CNC-1516,Elton John,Farewell Yellow Brick Road,Classic Rock,Stadium Headliner,2022-03-11,2022,3,March,Friday,True,Spring,Dallas,United States,North America,Tier 2 Major Regional Market,32.7767,-96.797,American Airlines Center,Arena,nan,1,28661,30875,92.83,False,5693417.0,198.65,Premium ($150-$250),4,True,Billboard / Pollstar Boxscores
CNC-1517,Elton John,Farewell Yellow Brick Road,Classic Rock,Stadium Headliner,2022-03-19,2022,3,March,Saturday,True,Spring,Fargo,United States,North America,Tier 2 Major Regional Market,38.0,-97.0,Fargodome,Stadium,nan,1,20896,22917,91.18,False,3135020.0,150.03,Premium ($150-$250),1,False,Billboard / Pollstar Boxscores
CNC-1518,Elton John,Farewell Yellow Brick Road,Classic Rock,Stadium Headliner,2022-03-22,2022,3,March,Tuesday,False,Spring,Saint Paul,United States,North America,Tier 2 Major Regional Market,38.0,-97.0,Xcel Energy Center,Arena,nan,1,30517,36799,82.93,False,5696798.0,186.68,Premium ($150-$250),2,True,Billboard / Pollstar Boxscores
CNC-1519,Elton John,Farewell Yellow Brick Road,Classic Rock,Stadium Headliner,2022-03-23,2022,3,March,Wednesday,False,Spring,Saint Paul,United States,North America,Tier 2 Major Regional Market,38.0,-97.0,Xcel Energy Center,Arena,nan,1,30517,40522,75.31,False,5696798.0,186.68,Premium ($150-$250),2,True,Billboard / Pollstar Boxscores
CNC-1520,Elton John,Farewell Yellow Brick Road,Classic Rock,Stadium Headliner,2022-03-26,2022,3,March,Saturday,True,Spring,Des Moines,United States,North America,Tier 2 Major Regional Market,38.0,-97.0,Wells Fargo Arena,Arena,nan,1,12866,14867,86.54,False,1942673.0,150.99,Premium ($150-$250),1,False,Billboard / Pollstar Boxscores
CNC-1521,Elton John,Farewell Yellow Brick Road,Classic Rock,Stadium Headliner,2022-03-27,2022,3,March,Sunday,True,Spring,Lincoln,United States,North America,Tier 2 Major Regional Market,38.0,-97.0,Pinnacle Bank Arena,Arena,nan,1,13143,14033,93.66,False,2147508.0,163.4,Premium ($150-$250),1,False,Billboard / Pollstar Boxscores
CNC-1522,Elton John,Farewell Yellow Brick Road,Classic Rock,Stadium Headliner,2022-03-30,2022,3,March,Wednesday,False,Spring,St. Louis,United States,North America,Tier 2 Major Regional Market,38.0,-97.0,Enterprise Center,Arena,nan,1,13801,16570,83.29,False,2312462.0,167.56,Premium ($150-$250),2,True,Billboard / Pollstar Boxscores
CNC-1523,Elton John,Farewell Yellow Brick Road,Classic Rock,Stadium Headliner,2022-04-01,2022,4,April,Friday,True,Spring,Indianapolis,United States,North America,Tier 3 Emerging / Secondary Market,39.7684,-86.1581,Gainbridge Fieldhouse,Stadium,nan,1,14789,17177,86.1,False,2312462.0,156.36,Premium ($150-$250),1,False,Billboard / Pollstar Boxscores
CNC-1524,Elton John,Farewell Yellow Brick Road,Classic Rock,Stadium Headliner,2022-04-02,2022,4,April,Saturday,True,Spring,Milwaukee,United States,North America,Tier 2 Major Regional Market,38.0,-97.0,Fiserv Forum,Arena,nan,1,12714,15276,83.23,False,1825203.0,143.56,Standard ($75-$150),2,True,Billboard / Pollstar Boxscores
CNC-1525,Elton John,Farewell Yellow Brick Road,Classic Rock,Stadium Headliner,2022-04-05,2022,4,April,Tuesday,False,Spring,Grand Rapids,United States,North America,Tier 2 Major Regional Market,38.0,-97.0,Van Andel Arena,Arena,nan,1,11939,15974,74.74,False,1889981.0,158.3,Premium ($150-$250),2,True,Billboard / Pollstar Boxscores
CNC-1526,Elton John,Farewell Yellow Brick Road,Classic Rock,Stadium Headliner,2022-04-08,2022,4,April,Friday,True,Spring,Knoxville,United States,North America,Tier 2 Major Regional Market,38.0,-97.0,Thompson–Boling Arena,Arena,nan,1,15842,17220,92.0,False,2619600.0,165.36,Premium ($150-$250),1,False,Billboard / Pollstar Boxscores
CNC-1527,Elton John,Farewell Yellow Brick Road,Classic Rock,Stadium Headliner,2022-04-09,2022,4,April,Saturday,True,Spring,Lexington,United States,North America,Tier 2 Major Regional Market,38.0,-97.0,Rupp Arena,Arena,nan,1,15974,18771,85.1,False,2338510.0,146.39,Standard ($75-$150),1,False,Billboard / Pollstar Boxscores
CNC-1528,Elton John,Farewell Yellow Brick Road,Classic Rock,Stadium Headliner,2022-04-12,2022,4,April,Tuesday,False,Spring,Columbus,United States,North America,Tier 2 Major Regional Market,38.0,-97.0,Schottenstein Center,Arena,nan,1,14382,18212,78.97,False,2289637.0,159.2,Premium ($150-$250),2,True,Billboard / Pollstar Boxscores
CNC-1529,Elton John,Farewell Yellow Brick Road,Classic Rock,Stadium Headliner,2022-04-13,2022,4,April,Wednesday,False,Spring,Hershey,United States,North America,Tier 2 Major Regional Market,38.0,-97.0,Giant Center,Arena,nan,1,14488,17305,83.72,False,2481655.0,171.29,Premium ($150-$250),1,False,Billboard / Pollstar Boxscores
CNC-1530,Elton John,Farewell Yellow Brick Road,Classic Rock,Stadium Headliner,2022-04-16,2022,4,April,Saturday,True,Spring,Louisville,United States,North America,Tier 2 Major Regional Market,38.0,-97.0,KFC Yum! Center,Arena,nan,1,17496,18595,94.09,False,2222386.0,127.02,Standard ($75-$150),2,True,Billboard / Pollstar Boxscores
CNC-1531,Elton John,Farewell Yellow Brick Road,Classic Rock,Stadium Headliner,2022-04-19,2022,4,April,Tuesday,False,Spring,Greensboro,United States,North America,Tier 2 Major Regional Market,38.0,-97.0,Greensboro Coliseum,Arena,nan,1,15635,19039,82.12,False,2592331.0,165.8,Premium ($150-$250),1,False,Billboard / Pollstar Boxscores
CNC-1532,Elton John,Farewell Yellow Brick Road,Classic Rock,Stadium Headliner,2022-04-20,2022,4,April,Wednesday,False,Spring,Columbia,United States,North America,Tier 2 Major Regional Market,38.0,-97.0,Colonial Life Arena,Arena,nan,1,13400,16656,80.45,False,1876370.0,140.03,Standard ($75-$150),2,True,Billboard / Pollstar Boxscores
CNC-1533,Elton John,Farewell Yellow Brick Road,Classic Rock,Stadium Headliner,2022-04-23,2022,4,April,Saturday,True,Spring,Jacksonville,United States,North America,Tier 2 Major Regional Market,38.0,-97.0,VyStar Veterans Memorial Arena,Arena,nan,1,12599,13966,90.21,False,2283615.0,181.25,Premium ($150-$250),2,True,Billboard / Pollstar Boxscores
CNC-1534,Elton John,Farewell Yellow Brick Road,Classic Rock,Stadium Headliner,2022-04-24,2022,4,April,Sunday,True,Spring,Tampa,United States,North America,Tier 2 Major Regional Market,27.9506,-82.4572,Amalie Arena,Arena,nan,1,14774,18105,81.6,False,2210391.0,149.61,Standard ($75-$150),2,True,Billboard / Pollstar Boxscores
CNC-1535,Elton John,Farewell Yellow Brick Road,Classic Rock,Stadium Headliner,2022-04-27,2022,4,April,Wednesday,False,Spring,Orlando,United States,North America,Tier 2 Major Regional Market,38.0,-97.0,Amway Center,Arena,nan,1,13555,17629,76.89,False,1957787.0,144.43,Standard ($75-$150),2,True,Billboard / Pollstar Boxscores
CNC-1536,Elton John,Farewell Yellow Brick Road,Classic Rock,Stadium Headliner,2022-04-28,2022,4,April,Thursday,False,Spring,Miami,United States,North America,Tier 2 Major Regional Market,25.7617,-80.1918,FTX Arena,Arena,nan,1,14230,18248,77.98,False,2991909.0,210.25,Premium ($150-$250),1,False,Billboard / Pollstar Boxscores
CNC-1537,Elton John,Farewell Yellow Brick Road,Classic Rock,Stadium Headliner,2022-05-21,2022,5,May,Saturday,True,Spring,Fornebu,Norway,Europe,Tier 2 Major Regional Market,50.0,10.0,Telenor Arena,Arena,nan,1,38989,42817,91.06,False,3638883.0,93.33,Standard ($75-$150),2,True,Billboard / Pollstar Boxscores
CNC-1538,Elton John,Farewell Yellow Brick Road,Classic Rock,Stadium Headliner,2022-05-22,2022,5,May,Sunday,True,Spring,Fornebu,Norway,Europe,Tier 2 Major Regional Market,50.0,10.0,Telenor Arena,Arena,nan,1,38989,42532,91.67,False,3638883.0,93.33,Standard ($75-$150),2,True,Billboard / Pollstar Boxscores
CNC-1539,Elton John,Farewell Yellow Brick Road,Classic Rock,Stadium Headliner,2022-05-27,2022,5,May,Friday,True,Spring,Frankfurt,Germany,Europe,Tier 2 Major Regional Market,50.1109,8.6821,Deutsche Bank Park,Stadium,nan,1,32693,35283,92.66,False,4041393.0,123.62,Standard ($75-$150),1,False,Billboard / Pollstar Boxscores
CNC-1540,Elton John,Farewell Yellow Brick Road,Classic Rock,Stadium Headliner,2022-05-29,2022,5,May,Sunday,True,Spring,Leipzig,Germany,Europe,Tier 2 Major Regional Market,50.0,10.0,Red Bull Arena,Arena,nan,1,30781,34038,90.43,False,3705765.0,120.39,Standard ($75-$150),1,False,Billboard / Pollstar Boxscores
CNC-1541,Elton John,Farewell Yellow Brick Road,Classic Rock,Stadium Headliner,2022-06-01,2022,6,June,Wednesday,False,Summer,Bern,Switzerland,Europe,Tier 2 Major Regional Market,50.0,10.0,Stadion Wankdorf,Stadium,nan,1,19936,27065,73.66,False,4023776.0,201.83,Premium ($150-$250),1,False,Billboard / Pollstar Boxscores
CNC-1542,Elton John,Farewell Yellow Brick Road,Classic Rock,Stadium Headliner,2022-06-04,2022,6,June,Saturday,True,Summer,Milan,Italy,Europe,Tier 2 Major Regional Market,45.4642,9.19,San Siro,Arena,nan,1,48885,52740,92.69,False,4532457.0,92.72,Standard ($75-$150),1,False,Billboard / Pollstar Boxscores
CNC-1543,Elton John,Farewell Yellow Brick Road,Classic Rock,Stadium Headliner,2022-06-07,2022,6,June,Tuesday,False,Summer,Horsens,Denmark,Europe,Tier 2 Major Regional Market,50.0,10.0,CASA Arena Horsens,Arena,nan,1,25000,32582,76.73,False,3686404.0,147.46,Standard ($75-$150),1,False,Billboard / Pollstar Boxscores
CNC-1544,Elton John,Farewell Yellow Brick Road,Classic Rock,Stadium Headliner,2022-06-09,2022,6,June,Thursday,False,Summer,Arnhem,Netherlands,Europe,Tier 2 Major Regional Market,50.0,10.0,GelreDome,Stadium,nan,1,32623,38603,84.51,False,3663843.0,112.31,Standard ($75-$150),1,False,Billboard / Pollstar Boxscores
CNC-1545,Elton John,Farewell Yellow Brick Road,Classic Rock,Stadium Headliner,2022-06-11,2022,6,June,Saturday,True,Summer,Nanterre,France,Europe,Tier 2 Major Regional Market,50.0,10.0,Paris La Défense Arena,Arena,nan,1,62220,72081,86.32,False,9846099.0,158.25,Premium ($150-$250),2,True,Billboard / Pollstar Boxscores
CNC-1546,Elton John,Farewell Yellow Brick Road,Classic Rock,Stadium Headliner,2022-06-12,2022,6,June,Sunday,True,Summer,Nanterre,France,Europe,Tier 2 Major Regional Market,50.0,10.0,Paris La Défense Arena,Arena,nan,1,62220,71509,87.01,False,9846099.0,158.25,Premium ($150-$250),2,True,Billboard / Pollstar Boxscores
CNC-1547,Elton John,Farewell Yellow Brick Road,Classic Rock,Stadium Headliner,2022-06-15,2022,6,June,Wednesday,False,Summer,Norwich,England,Europe,Tier 2 Major Regional Market,50.0,10.0,Carrow Road,Arena,nan,1,22989,31753,72.4,False,3672322.0,159.74,Premium ($150-$250),1,False,Billboard / Pollstar Boxscores
CNC-1548,Elton John,Farewell Yellow Brick Road,Classic Rock,Stadium Headliner,2022-06-17,2022,6,June,Friday,True,Summer,Liverpool,United Kingdom,Europe,Tier 2 Major Regional Market,53.4084,-2.9916,Anfield,Stadium,nan,1,34666,41476,83.58,False,4659375.0,134.41,Standard ($75-$150),1,False,Billboard / Pollstar Boxscores
CNC-1549,Elton John,Farewell Yellow Brick Road,Classic Rock,Stadium Headliner,2022-06-19,2022,6,June,Sunday,True,Summer,Sunderland,England,Europe,Tier 2 Major Regional Market,50.0,10.0,Stadium of Light,Stadium,nan,1,33771,39881,84.68,False,4609018.0,136.48,Standard ($75-$150),1,False,Billboard / Pollstar Boxscores
CNC-1550,Elton John,Farewell Yellow Brick Road,Classic Rock,Stadium Headliner,2022-06-22,2022,6,June,Wednesday,False,Summer,Bristol,England,Europe,Tier 2 Major Regional Market,50.0,10.0,Ashton Gate,Arena,nan,1,42090,55734,75.52,False,5906700.0,140.33,Standard ($75-$150),1,False,Billboard / Pollstar Boxscores
CNC-1551,Elton John,Farewell Yellow Brick Road,Classic Rock,Stadium Headliner,2022-06-29,2022,6,June,Wednesday,False,Summer,Swansea,Wales,Europe,Tier 2 Major Regional Market,50.0,10.0,Swansea.com Stadium,Stadium,nan,1,18439,24864,74.16,False,2468309.0,133.86,Standard ($75-$150),1,False,Billboard / Pollstar Boxscores
CNC-1552,Elton John,Farewell Yellow Brick Road,Classic Rock,Stadium Headliner,2022-07-01,2022,7,July,Friday,True,Summer,Cork,Ireland,Europe,Tier 3 Emerging / Secondary Market,51.8985,-8.4756,Páirc Uí Chaoimh,Arena,nan,1,31821,39353,80.86,False,4514326.0,141.87,Standard ($75-$150),1,False,Billboard / Pollstar Boxscores
CNC-1553,Elton John,Farewell Yellow Brick Road,Classic Rock,Stadium Headliner,2022-07-03,2022,7,July,Sunday,True,Summer,Watford,England,Europe,Tier 2 Major Regional Market,50.0,10.0,Vicarage Road,Arena,nan,1,38357,44119,86.94,False,6218612.0,162.12,Premium ($150-$250),2,True,Billboard / Pollstar Boxscores
CNC-1554,Elton John,Farewell Yellow Brick Road,Classic Rock,Stadium Headliner,2022-07-04,2022,7,July,Monday,False,Summer,Watford,England,Europe,Tier 2 Major Regional Market,50.0,10.0,Vicarage Road,Arena,nan,1,38357,46476,82.53,False,6218612.0,162.12,Premium ($150-$250),2,True,Billboard / Pollstar Boxscores
CNC-1555,Elton John,Farewell Yellow Brick Road,Classic Rock,Stadium Headliner,2022-07-15,2022,7,July,Friday,True,Summer,Philadelphia,United States,North America,Tier 2 Major Regional Market,39.9526,-75.1652,Citizens Bank Park,Stadium,nan,1,38870,46169,84.19,False,6263878.0,161.15,Premium ($150-$250),1,False,Billboard / Pollstar Boxscores
CNC-1556,Elton John,Farewell Yellow Brick Road,Classic Rock,Stadium Headliner,2022-07-18,2022,7,July,Monday,False,Summer,Detroit,United States,North America,Tier 2 Major Regional Market,42.3314,-83.0458,Comerica Park,Stadium,nan,1,33838,43730,77.38,False,4267268.0,126.11,Standard ($75-$150),1,False,Billboard / Pollstar Boxscores
CNC-1557,Elton John,Farewell Yellow Brick Road,Classic Rock,Stadium Headliner,2022-07-23,2022,7,July,Saturday,True,Summer,East Rutherford,United States,North America,Tier 1 Global Mega-City,40.8128,-74.0742,MetLife Stadium,Stadium,nan,1,49914,54989,90.77,False,7438208.5,149.02,Standard ($75-$150),2,True,Billboard / Pollstar Boxscores
CNC-1558,Elton John,Farewell Yellow Brick Road,Classic Rock,Stadium Headliner,2022-07-24,2022,7,July,Sunday,True,Summer,East Rutherford,United States,North America,Tier 1 Global Mega-City,40.8128,-74.0742,MetLife Stadium,Stadium,nan,1,49914,53509,93.28,False,7438208.5,149.02,Standard ($75-$150),2,True,Billboard / Pollstar Boxscores
CNC-1559,Elton John,Farewell Yellow Brick Road,Classic Rock,Stadium Headliner,2022-07-27,2022,7,July,Wednesday,False,Summer,Foxborough,United States,North America,Tier 2 Major Regional Market,42.0654,-71.2478,Gillette Stadium,Stadium,nan,1,48020,58840,81.61,False,8340753.0,173.7,Premium ($150-$250),2,True,Billboard / Pollstar Boxscores
CNC-1560,Elton John,Farewell Yellow Brick Road,Classic Rock,Stadium Headliner,2022-07-28,2022,7,July,Thursday,False,Summer,Foxborough,United States,North America,Tier 2 Major Regional Market,42.0654,-71.2478,Gillette Stadium,Stadium,nan,1,48020,51992,92.36,False,8340753.0,173.7,Premium ($150-$250),2,True,Billboard / Pollstar Boxscores
CNC-1561,Elton John,Farewell Yellow Brick Road,Classic Rock,Stadium Headliner,2022-07-30,2022,7,July,Saturday,True,Summer,Cleveland,United States,North America,Tier 2 Major Regional Market,38.0,-97.0,Progressive Field,Stadium,nan,1,38495,43103,89.31,False,5812888.0,151.0,Premium ($150-$250),1,False,Billboard / Pollstar Boxscores
CNC-1562,Elton John,Farewell Yellow Brick Road,Classic Rock,Stadium Headliner,2022-08-05,2022,8,August,Friday,True,Summer,Chicago,United States,North America,Tier 1 Global Mega-City,41.8781,-87.6298,Soldier Field,Stadium,nan,1,48413,54648,88.59,False,7118811.0,147.04,Standard ($75-$150),1,False,Billboard / Pollstar Boxscores
CNC-1563,Elton John,Farewell Yellow Brick Road,Classic Rock,Stadium Headliner,2022-09-07,2022,9,September,Wednesday,False,Fall,Toronto,Canada,North America,Tier 1 Global Mega-City,43.6532,-79.3832,Rogers Centre,Arena,nan,1,88493,106914,82.77,False,12758371.0,144.17,Standard ($75-$150),2,True,Billboard / Pollstar Boxscores
CNC-1564,Elton John,Farewell Yellow Brick Road,Classic Rock,Stadium Headliner,2022-09-08,2022,9,September,Thursday,False,Fall,Toronto,Canada,North America,Tier 1 Global Mega-City,43.6532,-79.3832,Rogers Centre,Arena,nan,1,88493,104244,84.89,False,12758371.0,144.17,Standard ($75-$150),2,True,Billboard / Pollstar Boxscores
CNC-1565,Elton John,Farewell Yellow Brick Road,Classic Rock,Stadium Headliner,2022-09-10,2022,9,September,Saturday,True,Fall,Syracuse,United States,North America,Tier 2 Major Regional Market,38.0,-97.0,JMA Wireless Dome,Stadium,nan,1,37231,42642,87.31,False,6606217.0,177.44,Premium ($150-$250),1,False,Billboard / Pollstar Boxscores
CNC-1566,Elton John,Farewell Yellow Brick Road,Classic Rock,Stadium Headliner,2022-09-13,2022,9,September,Tuesday,False,Fall,Charleston,United States,North America,Tier 2 Major Regional Market,38.0,-97.0,Credit One Stadium,Stadium,nan,1,12178,16596,73.38,False,2800325.0,229.95,Premium ($150-$250),1,False,Billboard / Pollstar Boxscores
CNC-1567,Elton John,Farewell Yellow Brick Road,Classic Rock,Stadium Headliner,2022-09-16,2022,9,September,Friday,True,Fall,Pittsburgh,United States,North America,Tier 3 Emerging / Secondary Market,40.4406,-79.9959,PNC Park,Stadium,nan,1,38058,49587,76.75,False,5677913.0,149.19,Standard ($75-$150),1,False,Billboard / Pollstar Boxscores
CNC-1568,Elton John,Farewell Yellow Brick Road,Classic Rock,Stadium Headliner,2022-09-18,2022,9,September,Sunday,True,Fall,Charlotte,United States,North America,Tier 2 Major Regional Market,38.0,-97.0,Bank of America Stadium,Stadium,nan,1,49349,55083,89.59,False,7442573.0,150.82,Premium ($150-$250),1,False,Billboard / Pollstar Boxscores
CNC-1569,Elton John,Farewell Yellow Brick Road,Classic Rock,Stadium Headliner,2022-09-22,2022,9,September,Thursday,False,Fall,Atlanta,United States,North America,Tier 2 Major Regional Market,33.749,-84.388,Mercedes-Benz Stadium,Stadium,nan,1,47156,58513,80.59,False,7843802.0,166.34,Premium ($150-$250),1,False,Billboard / Pollstar Boxscores
CNC-1570,Elton John,Farewell Yellow Brick Road,Classic Rock,Stadium Headliner,2022-09-24,2022,9,September,Saturday,True,Fall,"Washington, D.C.",United States,North America,Tier 1 Global Mega-City,38.9072,-77.0369,Nationals Park,Stadium,nan,1,39434,43230,91.22,False,7193710.0,182.42,Premium ($150-$250),1,False,Billboard / Pollstar Boxscores
CNC-1571,Elton John,Farewell Yellow Brick Road,Classic Rock,Stadium Headliner,2022-09-30,2022,9,September,Friday,True,Fall,Arlington,United States,North America,Tier 2 Major Regional Market,32.7357,-97.1081,Globe Life Field,Stadium,nan,1,38316,44972,85.2,False,6876473.0,179.47,Premium ($150-$250),1,False,Billboard / Pollstar Boxscores
CNC-1572,Elton John,Farewell Yellow Brick Road,Classic Rock,Stadium Headliner,2022-10-02,2022,10,October,Sunday,True,Fall,Nashville,United States,North America,Tier 2 Major Regional Market,36.1627,-86.7816,Nissan Stadium,Stadium,nan,1,48368,58254,83.03,False,7700419.0,159.2,Premium ($150-$250),1,False,Billboard / Pollstar Boxscores
CNC-1573,Elton John,Farewell Yellow Brick Road,Classic Rock,Stadium Headliner,2022-10-08,2022,10,October,Saturday,True,Fall,Santa Clara,United States,North America,Tier 2 Major Regional Market,37.3541,-121.9552,Levi's Stadium,Stadium,nan,1,77554,85695,90.5,False,13424470.0,173.1,Premium ($150-$250),2,True,Billboard / Pollstar Boxscores
CNC-1574,Elton John,Farewell Yellow Brick Road,Classic Rock,Stadium Headliner,2022-10-09,2022,10,October,Sunday,True,Fall,Santa Clara,United States,North America,Tier 2 Major Regional Market,37.3541,-121.9552,Levi's Stadium,Stadium,nan,1,77554,95995,80.79,False,13424470.0,173.1,Premium ($150-$250),2,True,Billboard / Pollstar Boxscores
CNC-1575,Elton John,Farewell Yellow Brick Road,Classic Rock,Stadium Headliner,2022-10-16,2022,10,October,Sunday,True,Fall,Tacoma,United States,North America,Tier 2 Major Regional Market,38.0,-97.0,Tacoma Dome,Stadium,nan,1,37806,48222,78.4,False,8301505.0,219.58,Premium ($150-$250),4,True,Billboard / Pollstar Boxscores
CNC-1576,Elton John,Farewell Yellow Brick Road,Classic Rock,Stadium Headliner,2022-10-17,2022,10,October,Monday,False,Fall,Tacoma,United States,North America,Tier 2 Major Regional Market,38.0,-97.0,Tacoma Dome,Stadium,nan,1,37806,45358,83.35,False,8301505.0,219.58,Premium ($150-$250),4,True,Billboard / Pollstar Boxscores
CNC-1577,Elton John,Farewell Yellow Brick Road,Classic Rock,Stadium Headliner,2022-10-21,2022,10,October,Friday,True,Fall,Vancouver,Canada,North America,Tier 2 Major Regional Market,49.2827,-123.1207,BC Place,Arena,nan,1,78700,89229,88.2,False,11875443.0,150.9,Premium ($150-$250),2,True,Billboard / Pollstar Boxscores
CNC-1578,Elton John,Farewell Yellow Brick Road,Classic Rock,Stadium Headliner,2022-10-22,2022,10,October,Saturday,True,Fall,Vancouver,Canada,North America,Tier 2 Major Regional Market,49.2827,-123.1207,BC Place,Arena,nan,1,78700,93257,84.39,False,11875443.0,150.9,Premium ($150-$250),2,True,Billboard / Pollstar Boxscores
CNC-1579,Elton John,Farewell Yellow Brick Road,Classic Rock,Stadium Headliner,2022-10-29,2022,10,October,Saturday,True,Fall,San Antonio,United States,North America,Tier 2 Major Regional Market,38.0,-97.0,Alamodome,Stadium,nan,1,49240,54802,89.85,False,8296026.0,168.48,Premium ($150-$250),1,False,Billboard / Pollstar Boxscores
CNC-1580,Elton John,Farewell Yellow Brick Road,Classic Rock,Stadium Headliner,2022-11-01,2022,11,November,Tuesday,False,Fall,Paradise,United States,North America,Tier 2 Major Regional Market,38.0,-97.0,Allegiant Stadium,Stadium,nan,1,45792,58045,78.89,False,7832026.0,171.03,Premium ($150-$250),1,False,Billboard / Pollstar Boxscores
CNC-1581,Elton John,Farewell Yellow Brick Road,Classic Rock,Stadium Headliner,2022-11-04,2022,11,November,Friday,True,Fall,Denver,United States,North America,Tier 2 Major Regional Market,39.7392,-104.9903,Ball Arena,Arena,nan,1,12949,16909,76.58,False,4336028.0,334.85,VIP / Luxury (>$250),1,False,Billboard / Pollstar Boxscores
CNC-1582,Elton John,Farewell Yellow Brick Road,Classic Rock,Stadium Headliner,2022-11-09,2022,11,November,Wednesday,False,Fall,San Diego,United States,North America,Tier 2 Major Regional Market,38.0,-97.0,Petco Park,Stadium,nan,1,38828,54199,71.64,False,8842163.0,227.73,Premium ($150-$250),1,False,Billboard / Pollstar Boxscores
CNC-1583,Elton John,Farewell Yellow Brick Road,Classic Rock,Stadium Headliner,2022-11-11,2022,11,November,Friday,True,Fall,Phoenix,United States,North America,Tier 2 Major Regional Market,33.4484,-112.074,Chase Field,Stadium,nan,1,49697,55453,89.62,False,7841431.5,157.78,Premium ($150-$250),2,True,Billboard / Pollstar Boxscores
CNC-1584,Elton John,Farewell Yellow Brick Road,Classic Rock,Stadium Headliner,2022-11-12,2022,11,November,Saturday,True,Fall,Phoenix,United States,North America,Tier 2 Major Regional Market,33.4484,-112.074,Chase Field,Stadium,nan,1,49697,57640,86.22,False,7841431.5,157.78,Premium ($150-$250),2,True,Billboard / Pollstar Boxscores
CNC-1585,Elton John,Farewell Yellow Brick Road,Classic Rock,Stadium Headliner,2022-11-17,2022,11,November,Thursday,False,Fall,Los Angeles,United States,North America,Tier 1 Global Mega-City,34.0522,-118.2437,Dodger Stadium,Stadium,nan,1,47657,57225,83.28,False,7820997.67,164.11,Premium ($150-$250),3,True,Billboard / Pollstar Boxscores
CNC-1586,Elton John,Farewell Yellow Brick Road,Classic Rock,Stadium Headliner,2022-11-19,2022,11,November,Saturday,True,Fall,Los Angeles,United States,North America,Tier 1 Global Mega-City,34.0522,-118.2437,Dodger Stadium,Stadium,nan,1,47657,52537,90.71,False,7820997.67,164.11,Premium ($150-$250),3,True,Billboard / Pollstar Boxscores
CNC-1587,Elton John,Farewell Yellow Brick Road,Classic Rock,Stadium Headliner,2022-11-20,2022,11,November,Sunday,True,Fall,Los Angeles,United States,North America,Tier 1 Global Mega-City,34.0522,-118.2437,Dodger Stadium,Stadium,nan,1,47657,49309,96.65,False,7820997.67,164.11,Premium ($150-$250),3,True,Billboard / Pollstar Boxscores
CNC-1588,Elton John,Farewell Yellow Brick Road,Classic Rock,Stadium Headliner,2023-01-08,2023,1,January,Sunday,True,Summer,Newcastle,Australia,Oceania,Tier 2 Major Regional Market,-25.0,135.0,McDonald Jones Stadium,Stadium,nan,1,47230,53610,88.1,False,8424664.0,178.38,Premium ($150-$250),2,True,Billboard / Pollstar Boxscores
CNC-1589,Elton John,Farewell Yellow Brick Road,Classic Rock,Stadium Headliner,2023-01-10,2023,1,January,Tuesday,False,Summer,Newcastle,Australia,Oceania,Tier 2 Major Regional Market,-25.0,135.0,McDonald Jones Stadium,Stadium,nan,1,47230,59431,79.47,False,8424664.0,178.38,Premium ($150-$250),2,True,Billboard / Pollstar Boxscores
CNC-1590,Elton John,Farewell Yellow Brick Road,Classic Rock,Stadium Headliner,2023-01-13,2023,1,January,Friday,True,Summer,Melbourne,Australia,Oceania,Tier 1 Global Mega-City,-37.8136,144.9631,AAMI Park,Stadium,nan,1,58129,60925,95.41,False,10282598.0,176.89,Premium ($150-$250),3,True,Billboard / Pollstar Boxscores
CNC-1591,Elton John,Farewell Yellow Brick Road,Classic Rock,Stadium Headliner,2023-01-14,2023,1,January,Saturday,True,Summer,Melbourne,Australia,Oceania,Tier 1 Global Mega-City,-37.8136,144.9631,AAMI Park,Stadium,nan,1,58129,58129,100.0,True,10282598.0,176.89,Premium ($150-$250),3,True,Billboard / Pollstar Boxscores
CNC-1592,Elton John,Farewell Yellow Brick Road,Classic Rock,Stadium Headliner,2023-01-17,2023,1,January,Tuesday,False,Summer,Sydney,Australia,Oceania,Tier 1 Global Mega-City,-33.8688,151.2093,Allianz Stadium,Stadium,nan,1,65327,85428,76.47,False,11274550.0,172.59,Premium ($150-$250),2,True,Billboard / Pollstar Boxscores
CNC-1593,Elton John,Farewell Yellow Brick Road,Classic Rock,Stadium Headliner,2023-01-18,2023,1,January,Wednesday,False,Summer,Sydney,Australia,Oceania,Tier 1 Global Mega-City,-33.8688,151.2093,Allianz Stadium,Stadium,nan,1,65327,76085,85.86,False,11274550.0,172.59,Premium ($150-$250),2,True,Billboard / Pollstar Boxscores
CNC-1594,Elton John,Farewell Yellow Brick Road,Classic Rock,Stadium Headliner,2023-01-21,2023,1,January,Saturday,True,Summer,Brisbane,Australia,Oceania,Tier 2 Major Regional Market,-27.4698,153.0251,Suncorp Stadium,Stadium,nan,1,43500,45799,94.98,False,6950826.0,159.79,Premium ($150-$250),1,False,Billboard / Pollstar Boxscores
CNC-1595,Elton John,Farewell Yellow Brick Road,Classic Rock,Stadium Headliner,2023-01-24,2023,1,January,Tuesday,False,Summer,Christchurch,New Zealand,Oceania,Tier 2 Major Regional Market,-25.0,135.0,Orangetheory Stadium,Stadium,nan,1,27867,37914,73.5,False,3964296.0,142.26,Standard ($75-$150),1,False,Billboard / Pollstar Boxscores
CNC-1596,Elton John,Farewell Yellow Brick Road,Classic Rock,Stadium Headliner,2023-03-23,2023,3,March,Thursday,False,Spring,Liverpool,United Kingdom,Europe,Tier 2 Major Regional Market,53.4084,-2.9916,M&S Bank Arena,Arena,nan,1,18730,22720,82.44,False,3138562.0,167.57,Premium ($150-$250),2,True,Billboard / Pollstar Boxscores
CNC-1597,Elton John,Farewell Yellow Brick Road,Classic Rock,Stadium Headliner,2023-03-24,2023,3,March,Friday,True,Spring,Liverpool,United Kingdom,Europe,Tier 2 Major Regional Market,53.4084,-2.9916,M&S Bank Arena,Arena,nan,1,18730,20423,91.71,False,3138562.0,167.57,Premium ($150-$250),2,True,Billboard / Pollstar Boxscores
CNC-1598,Elton John,Farewell Yellow Brick Road,Classic Rock,Stadium Headliner,2023-03-26,2023,3,March,Sunday,True,Spring,Birmingham,England,Europe,Tier 2 Major Regional Market,50.0,10.0,Resorts World Arena,Arena,nan,1,12159,14541,83.62,False,2077333.0,170.85,Premium ($150-$250),1,False,Billboard / Pollstar Boxscores
CNC-1599,Elton John,Farewell Yellow Brick Road,Classic Rock,Stadium Headliner,2023-03-28,2023,3,March,Tuesday,False,Spring,Dublin,Ireland,Europe,Tier 2 Major Regional Market,53.3498,-6.2603,3Arena,Arena,nan,1,17030,19523,87.23,False,3309770.0,194.35,Premium ($150-$250),4,True,Billboard / Pollstar Boxscores
CNC-1600,Elton John,Farewell Yellow Brick Road,Classic Rock,Stadium Headliner,2023-03-29,2023,3,March,Wednesday,False,Spring,Dublin,Ireland,Europe,Tier 2 Major Regional Market,53.3498,-6.2603,3Arena,Arena,nan,1,17030,20965,81.23,False,3309770.0,194.35,Premium ($150-$250),4,True,Billboard / Pollstar Boxscores
CNC-1601,Elton John,Farewell Yellow Brick Road,Classic Rock,Stadium Headliner,2023-03-31,2023,3,March,Friday,True,Spring,Belfast,United Kingdom,Europe,Tier 3 Emerging / Secondary Market,54.5973,-5.9301,SSE Arena,Arena,nan,1,8224,9976,82.44,False,1565824.0,190.4,Premium ($150-$250),1,False,Billboard / Pollstar Boxscores
CNC-1602,Elton John,Farewell Yellow Brick Road,Classic Rock,Stadium Headliner,2023-04-02,2023,4,April,Sunday,True,Spring,London,United Kingdom,Europe,Tier 1 Global Mega-City,51.5074,-0.1278,The O 2 Arena,Arena,nan,1,18329,21440,85.49,False,3118076.89,170.12,Premium ($150-$250),9,True,Billboard / Pollstar Boxscores
CNC-1603,Elton John,Farewell Yellow Brick Road,Classic Rock,Stadium Headliner,2023-04-04,2023,4,April,Tuesday,False,Spring,London,United Kingdom,Europe,Tier 1 Global Mega-City,51.5074,-0.1278,The O 2 Arena,Arena,nan,1,18329,21643,84.69,False,3118076.89,170.12,Premium ($150-$250),9,True,Billboard / Pollstar Boxscores
CNC-1604,Elton John,Farewell Yellow Brick Road,Classic Rock,Stadium Headliner,2023-04-05,2023,4,April,Wednesday,False,Spring,London,United Kingdom,Europe,Tier 1 Global Mega-City,51.5074,-0.1278,The O 2 Arena,Arena,nan,1,18329,21102,86.86,False,3118076.89,170.12,Premium ($150-$250),9,True,Billboard / Pollstar Boxscores
CNC-1605,Elton John,Farewell Yellow Brick Road,Classic Rock,Stadium Headliner,2023-04-08,2023,4,April,Saturday,True,Spring,London,United Kingdom,Europe,Tier 1 Global Mega-City,51.5074,-0.1278,The O 2 Arena,Arena,nan,1,18329,18755,97.73,False,3118076.89,170.12,Premium ($150-$250),9,True,Billboard / Pollstar Boxscores
CNC-1606,Elton John,Farewell Yellow Brick Road,Classic Rock,Stadium Headliner,2023-04-09,2023,4,April,Sunday,True,Spring,London,United Kingdom,Europe,Tier 1 Global Mega-City,51.5074,-0.1278,The O 2 Arena,Arena,nan,1,18329,20683,88.62,False,3118076.89,170.12,Premium ($150-$250),9,True,Billboard / Pollstar Boxscores
CNC-1607,Elton John,Farewell Yellow Brick Road,Classic Rock,Stadium Headliner,2023-04-12,2023,4,April,Wednesday,False,Spring,London,United Kingdom,Europe,Tier 1 Global Mega-City,51.5074,-0.1278,The O 2 Arena,Arena,nan,1,18329,22282,82.26,False,3118076.89,170.12,Premium ($150-$250),9,True,Billboard / Pollstar Boxscores
CNC-1608,Elton John,Farewell Yellow Brick Road,Classic Rock,Stadium Headliner,2023-04-13,2023,4,April,Thursday,False,Spring,London,United Kingdom,Europe,Tier 1 Global Mega-City,51.5074,-0.1278,The O 2 Arena,Arena,nan,1,18329,19601,93.51,False,3118076.89,170.12,Premium ($150-$250),9,True,Billboard / Pollstar Boxscores
CNC-1609,Elton John,Farewell Yellow Brick Road,Classic Rock,Stadium Headliner,2023-04-16,2023,4,April,Sunday,True,Spring,London,United Kingdom,Europe,Tier 1 Global Mega-City,51.5074,-0.1278,The O 2 Arena,Arena,nan,1,18329,21095,86.89,False,3118076.89,170.12,Premium ($150-$250),9,True,Billboard / Pollstar Boxscores
CNC-1610,Elton John,Farewell Yellow Brick Road,Classic Rock,Stadium Headliner,2023-04-17,2023,4,April,Monday,False,Spring,London,United Kingdom,Europe,Tier 1 Global Mega-City,51.5074,-0.1278,The O 2 Arena,Arena,nan,1,18329,22009,83.28,False,3118076.89,170.12,Premium ($150-$250),9,True,Billboard / Pollstar Boxscores
CNC-1611,Elton John,Farewell Yellow Brick Road,Classic Rock,Stadium Headliner,2023-04-27,2023,4,April,Thursday,False,Spring,Munich,Germany,Europe,Tier 2 Major Regional Market,48.1351,11.582,Olympiahalle,Arena,nan,1,11556,13451,85.91,False,1783016.0,154.29,Premium ($150-$250),3,True,Billboard / Pollstar Boxscores
CNC-1612,Elton John,Farewell Yellow Brick Road,Classic Rock,Stadium Headliner,2023-05-02,2023,5,May,Tuesday,False,Spring,Hamburg,Germany,Europe,Tier 2 Major Regional Market,53.5511,9.9937,Barclays Arena,Arena,nan,1,35468,46977,75.5,False,5769268.0,162.66,Premium ($150-$250),3,True,Billboard / Pollstar Boxscores
CNC-1613,Elton John,Farewell Yellow Brick Road,Classic Rock,Stadium Headliner,2023-05-04,2023,5,May,Thursday,False,Spring,Hamburg,Germany,Europe,Tier 2 Major Regional Market,53.5511,9.9937,Barclays Arena,Arena,nan,1,35468,40688,87.17,False,5769268.0,162.66,Premium ($150-$250),3,True,Billboard / Pollstar Boxscores
CNC-1614,Elton John,Farewell Yellow Brick Road,Classic Rock,Stadium Headliner,2023-05-05,2023,5,May,Friday,True,Spring,Hamburg,Germany,Europe,Tier 2 Major Regional Market,53.5511,9.9937,Barclays Arena,Arena,nan,1,35468,42640,83.18,False,5769268.0,162.66,Premium ($150-$250),3,True,Billboard / Pollstar Boxscores
CNC-1615,Elton John,Farewell Yellow Brick Road,Classic Rock,Stadium Headliner,2023-05-08,2023,5,May,Monday,False,Spring,Berlin,Germany,Europe,Tier 1 Global Mega-City,52.52,13.405,Mercedes-Benz Arena,Arena,nan,1,36293,38434,94.43,False,5896665.0,162.47,Premium ($150-$250),3,True,Billboard / Pollstar Boxscores
CNC-1616,Elton John,Farewell Yellow Brick Road,Classic Rock,Stadium Headliner,2023-05-10,2023,5,May,Wednesday,False,Spring,Berlin,Germany,Europe,Tier 1 Global Mega-City,52.52,13.405,Mercedes-Benz Arena,Arena,nan,1,36293,43992,82.5,False,5896665.0,162.47,Premium ($150-$250),3,True,Billboard / Pollstar Boxscores
CNC-1617,Elton John,Farewell Yellow Brick Road,Classic Rock,Stadium Headliner,2023-05-11,2023,5,May,Thursday,False,Spring,Berlin,Germany,Europe,Tier 1 Global Mega-City,52.52,13.405,Mercedes-Benz Arena,Arena,nan,1,36293,40165,90.36,False,5896665.0,162.47,Premium ($150-$250),3,True,Billboard / Pollstar Boxscores
CNC-1618,Elton John,Farewell Yellow Brick Road,Classic Rock,Stadium Headliner,2023-05-16,2023,5,May,Tuesday,False,Spring,Cologne,Germany,Europe,Tier 2 Major Regional Market,50.9375,6.9603,Lanxess Arena,Arena,nan,1,44701,52546,85.07,False,6392290.0,143.0,Standard ($75-$150),3,True,Billboard / Pollstar Boxscores
CNC-1619,Elton John,Farewell Yellow Brick Road,Classic Rock,Stadium Headliner,2023-05-18,2023,5,May,Thursday,False,Spring,Cologne,Germany,Europe,Tier 2 Major Regional Market,50.9375,6.9603,Lanxess Arena,Arena,nan,1,44701,54065,82.68,False,6392290.0,143.0,Standard ($75-$150),3,True,Billboard / Pollstar Boxscores
CNC-1620,Elton John,Farewell Yellow Brick Road,Classic Rock,Stadium Headliner,2023-05-19,2023,5,May,Friday,True,Spring,Cologne,Germany,Europe,Tier 2 Major Regional Market,50.9375,6.9603,Lanxess Arena,Arena,nan,1,44701,48055,93.02,False,6392290.0,143.0,Standard ($75-$150),3,True,Billboard / Pollstar Boxscores
CNC-1621,Elton John,Farewell Yellow Brick Road,Classic Rock,Stadium Headliner,2023-05-22,2023,5,May,Monday,False,Spring,Barcelona,Spain,Europe,Tier 2 Major Regional Market,41.3879,2.1699,Palau Sant Jordi,Arena,nan,1,28138,32761,85.89,False,3392473.0,120.57,Standard ($75-$150),2,True,Billboard / Pollstar Boxscores
CNC-1622,Elton John,Farewell Yellow Brick Road,Classic Rock,Stadium Headliner,2023-05-23,2023,5,May,Tuesday,False,Spring,Barcelona,Spain,Europe,Tier 2 Major Regional Market,41.3879,2.1699,Palau Sant Jordi,Arena,nan,1,28138,36024,78.11,False,3392473.0,120.57,Standard ($75-$150),2,True,Billboard / Pollstar Boxscores
CNC-1623,Elton John,Farewell Yellow Brick Road,Classic Rock,Stadium Headliner,2023-05-27,2023,5,May,Saturday,True,Spring,Antwerp,Belgium,Europe,Tier 2 Major Regional Market,50.0,10.0,Sportpaleis,Arena,nan,1,37487,44814,83.65,False,4829492.0,128.83,Standard ($75-$150),3,True,Billboard / Pollstar Boxscores
CNC-1624,Elton John,Farewell Yellow Brick Road,Classic Rock,Stadium Headliner,2023-05-28,2023,5,May,Sunday,True,Spring,Antwerp,Belgium,Europe,Tier 2 Major Regional Market,50.0,10.0,Sportpaleis,Arena,nan,1,37487,45138,83.05,False,4829492.0,128.83,Standard ($75-$150),3,True,Billboard / Pollstar Boxscores
CNC-1625,Elton John,Farewell Yellow Brick Road,Classic Rock,Stadium Headliner,2023-05-31,2023,5,May,Wednesday,False,Spring,Manchester,United Kingdom,Europe,Tier 2 Major Regional Market,53.4808,-2.2426,AO Arena,Arena,nan,1,44178,53118,83.17,False,7436134.0,168.32,Premium ($150-$250),3,True,Billboard / Pollstar Boxscores
CNC-1626,Elton John,Farewell Yellow Brick Road,Classic Rock,Stadium Headliner,2023-06-02,2023,6,June,Friday,True,Summer,Manchester,United Kingdom,Europe,Tier 2 Major Regional Market,53.4808,-2.2426,AO Arena,Arena,nan,1,44178,45577,96.93,False,7436134.0,168.32,Premium ($150-$250),3,True,Billboard / Pollstar Boxscores
CNC-1627,Elton John,Farewell Yellow Brick Road,Classic Rock,Stadium Headliner,2023-06-03,2023,6,June,Saturday,True,Summer,Manchester,United Kingdom,Europe,Tier 2 Major Regional Market,53.4808,-2.2426,AO Arena,Arena,nan,1,44178,46943,94.11,False,7436134.0,168.32,Premium ($150-$250),3,True,Billboard / Pollstar Boxscores
CNC-1628,Elton John,Farewell Yellow Brick Road,Classic Rock,Stadium Headliner,2023-06-06,2023,6,June,Tuesday,False,Summer,Leeds,England,Europe,Tier 2 Major Regional Market,50.0,10.0,First Direct Arena,Arena,nan,1,10741,14146,75.93,False,3199513.0,297.88,VIP / Luxury (>$250),1,False,Billboard / Pollstar Boxscores
CNC-1629,Elton John,Farewell Yellow Brick Road,Classic Rock,Stadium Headliner,2023-06-08,2023,6,June,Thursday,False,Summer,Birmingham,England,Europe,Tier 2 Major Regional Market,50.0,10.0,Utilita Arena Birmingham,Arena,nan,1,38747,45510,85.14,False,5869785.0,151.49,Premium ($150-$250),3,True,Billboard / Pollstar Boxscores
CNC-1630,Elton John,Farewell Yellow Brick Road,Classic Rock,Stadium Headliner,2023-06-10,2023,6,June,Saturday,True,Summer,Birmingham,England,Europe,Tier 2 Major Regional Market,50.0,10.0,Utilita Arena Birmingham,Arena,nan,1,38747,44041,87.98,False,5869785.0,151.49,Premium ($150-$250),3,True,Billboard / Pollstar Boxscores
CNC-1631,Elton John,Farewell Yellow Brick Road,Classic Rock,Stadium Headliner,2023-06-11,2023,6,June,Sunday,True,Summer,Birmingham,England,Europe,Tier 2 Major Regional Market,50.0,10.0,Utilita Arena Birmingham,Arena,nan,1,38747,47299,81.92,False,5869785.0,151.49,Premium ($150-$250),3,True,Billboard / Pollstar Boxscores
CNC-1632,Elton John,Farewell Yellow Brick Road,Classic Rock,Stadium Headliner,2023-06-13,2023,6,June,Tuesday,False,Summer,Aberdeen,Scotland,Europe,Tier 2 Major Regional Market,50.0,10.0,P&J Live,Arena,nan,1,20301,25501,79.61,False,3046642.0,150.07,Premium ($150-$250),2,True,Billboard / Pollstar Boxscores
CNC-1633,Elton John,Farewell Yellow Brick Road,Classic Rock,Stadium Headliner,2023-06-15,2023,6,June,Thursday,False,Summer,Aberdeen,Scotland,Europe,Tier 2 Major Regional Market,50.0,10.0,P&J Live,Arena,nan,1,20301,23802,85.29,False,3046642.0,150.07,Premium ($150-$250),2,True,Billboard / Pollstar Boxscores
CNC-1634,Elton John,Farewell Yellow Brick Road,Classic Rock,Stadium Headliner,2023-06-17,2023,6,June,Saturday,True,Summer,Glasgow,United Kingdom,Europe,Tier 2 Major Regional Market,55.8642,-4.2518,OVO Hydro,Arena,nan,1,23754,27344,86.87,False,4215054.0,177.45,Premium ($150-$250),2,True,Billboard / Pollstar Boxscores
CNC-1635,Elton John,Farewell Yellow Brick Road,Classic Rock,Stadium Headliner,2023-06-18,2023,6,June,Sunday,True,Summer,Glasgow,United Kingdom,Europe,Tier 2 Major Regional Market,55.8642,-4.2518,OVO Hydro,Arena,nan,1,23754,26294,90.34,False,4215054.0,177.45,Premium ($150-$250),2,True,Billboard / Pollstar Boxscores
CNC-1636,Elton John,Farewell Yellow Brick Road,Classic Rock,Stadium Headliner,2023-06-21,2023,6,June,Wednesday,False,Summer,Paris,France,Europe,Tier 1 Global Mega-City,48.8566,2.3522,Accor Arena,Arena,nan,1,39502,46056,85.77,False,6586575.0,166.74,Premium ($150-$250),1,False,Billboard / Pollstar Boxscores
CNC-1637,Elton John,Farewell Yellow Brick Road,Classic Rock,Stadium Headliner,2023-07-01,2023,7,July,Saturday,True,Summer,Zurich,Switzerland,Europe,Tier 2 Major Regional Market,47.3769,8.5417,Hallenstadion,Stadium,nan,1,21000,23451,89.55,False,4822555.0,229.65,Premium ($150-$250),2,True,Billboard / Pollstar Boxscores
CNC-1638,Elton John,Farewell Yellow Brick Road,Classic Rock,Stadium Headliner,2023-07-02,2023,7,July,Sunday,True,Summer,Zurich,Switzerland,Europe,Tier 2 Major Regional Market,47.3769,8.5417,Hallenstadion,Stadium,nan,1,21000,25974,80.85,False,4822555.0,229.65,Premium ($150-$250),2,True,Billboard / Pollstar Boxscores
CNC-1639,Elton John,Farewell Yellow Brick Road,Classic Rock,Stadium Headliner,2023-07-05,2023,7,July,Wednesday,False,Summer,Copenhagen,Denmark,Europe,Tier 2 Major Regional Market,55.6761,12.5683,Royal Arena,Arena,nan,1,13458,15548,86.56,False,2283490.0,169.68,Premium ($150-$250),2,True,Billboard / Pollstar Boxscores
CNC-1640,Elton John,Farewell Yellow Brick Road,Classic Rock,Stadium Headliner,2023-07-07,2023,7,July,Friday,True,Summer,Stockholm,Sweden,Europe,Tier 2 Major Regional Market,59.3293,18.0686,Tele2 Arena,Arena,nan,1,72300,79424,91.03,False,7635445.0,105.61,Standard ($75-$150),2,True,Billboard / Pollstar Boxscores
CNC-1641,Elton John,Farewell Yellow Brick Road,Classic Rock,Stadium Headliner,2023-07-08,2023,7,July,Saturday,True,Summer,Stockholm,Sweden,Europe,Tier 2 Major Regional Market,59.3293,18.0686,Tele2 Arena,Arena,nan,1,72300,79320,91.15,False,7635445.0,105.61,Standard ($75-$150),2,True,Billboard / Pollstar Boxscores
CNC-1642,Bad Bunny,World's Hottest Tour,Latin / Reggaeton,Stadium Headliner,2022-08-05,2022,8,August,Friday,True,Summer,Orlando,United States,North America,Tier 2 Major Regional Market,38.0,-97.0,Camping World Stadium,Stadium,Alesso,1,47670,52212,91.3,False,9518611.0,199.68,Premium ($150-$250),1,False,Billboard / Pollstar Boxscores
CNC-1643,Bad Bunny,World's Hottest Tour,Latin / Reggaeton,Stadium Headliner,2022-08-08,2022,8,August,Monday,False,Summer,Cumberland,United States,North America,Tier 2 Major Regional Market,38.0,-97.0,Truist Park,Stadium,Alesso,1,38207,46909,81.45,False,8678799.0,227.15,Premium ($150-$250),1,False,Billboard / Pollstar Boxscores
CNC-1644,Bad Bunny,World's Hottest Tour,Latin / Reggaeton,Stadium Headliner,2022-08-12,2022,8,August,Friday,True,Summer,Miami Gardens,United States,North America,Tier 2 Major Regional Market,25.7617,-80.1918,Hard Rock Stadium,Stadium,Alesso,1,48828,54525,89.55,False,10950439.0,224.27,Premium ($150-$250),2,True,Billboard / Pollstar Boxscores
CNC-1645,Bad Bunny,World's Hottest Tour,Latin / Reggaeton,Stadium Headliner,2022-08-13,2022,8,August,Saturday,True,Summer,Miami Gardens,United States,North America,Tier 2 Major Regional Market,25.7617,-80.1918,Hard Rock Stadium,Stadium,Alesso,1,48828,53941,90.52,False,10950439.0,224.27,Premium ($150-$250),2,True,Billboard / Pollstar Boxscores
CNC-1646,Bad Bunny,World's Hottest Tour,Latin / Reggaeton,Stadium Headliner,2022-08-18,2022,8,August,Thursday,False,Summer,Boston,United States,North America,Tier 2 Major Regional Market,42.3601,-71.0589,Fenway Park,Stadium,Alesso,1,34486,40472,85.21,False,7003692.0,203.09,Premium ($150-$250),1,False,Billboard / Pollstar Boxscores
CNC-1647,Bad Bunny,World's Hottest Tour,Latin / Reggaeton,Stadium Headliner,2022-08-20,2022,8,August,Saturday,True,Summer,Chicago,United States,North America,Tier 1 Global Mega-City,41.8781,-87.6298,Soldier Field,Stadium,— N/a,2,50854,50854,100.0,True,14109590.0,277.45,VIP / Luxury (>$250),1,False,Billboard / Pollstar Boxscores
CNC-1648,Bad Bunny,World's Hottest Tour,Latin / Reggaeton,Stadium Headliner,2022-08-23,2022,8,August,Tuesday,False,Summer,"Washington, D.C.",United States,North America,Tier 1 Global Mega-City,38.9072,-77.0369,Nationals Park,Stadium,Deorro,1,38481,43325,88.82,False,7936521.0,206.25,Premium ($150-$250),1,False,Billboard / Pollstar Boxscores
CNC-1649,Bad Bunny,World's Hottest Tour,Latin / Reggaeton,Stadium Headliner,2022-08-27,2022,8,August,Saturday,True,Summer,New York City,United States,North America,Tier 1 Global Mega-City,40.7128,-74.006,Yankee Stadium,Stadium,Diplo,1,84865,92577,91.67,False,22757636.0,268.16,VIP / Luxury (>$250),2,True,Billboard / Pollstar Boxscores
CNC-1650,Bad Bunny,World's Hottest Tour,Latin / Reggaeton,Stadium Headliner,2022-08-28,2022,8,August,Sunday,True,Summer,New York City,United States,North America,Tier 1 Global Mega-City,40.7128,-74.006,Yankee Stadium,Stadium,Diplo,1,84865,92830,91.42,False,22757636.0,268.16,VIP / Luxury (>$250),2,True,Billboard / Pollstar Boxscores
CNC-1651,Bad Bunny,World's Hottest Tour,Latin / Reggaeton,Stadium Headliner,2022-09-01,2022,9,September,Thursday,False,Fall,Houston,United States,North America,Tier 2 Major Regional Market,29.7604,-95.3698,Minute Maid Park,Stadium,Alesso,1,83518,102539,81.45,False,19557149.0,234.17,Premium ($150-$250),2,True,Billboard / Pollstar Boxscores
CNC-1652,Bad Bunny,World's Hottest Tour,Latin / Reggaeton,Stadium Headliner,2022-09-02,2022,9,September,Friday,True,Fall,Houston,United States,North America,Tier 2 Major Regional Market,29.7604,-95.3698,Minute Maid Park,Stadium,Alesso,1,83518,94724,88.17,False,19557149.0,234.17,Premium ($150-$250),2,True,Billboard / Pollstar Boxscores
CNC-1653,Bad Bunny,World's Hottest Tour,Latin / Reggaeton,Stadium Headliner,2022-09-07,2022,9,September,Wednesday,False,Fall,San Antonio,United States,North America,Tier 2 Major Regional Market,38.0,-97.0,Alamodome,Stadium,Alesso,1,50193,70436,71.26,False,12342663.0,245.9,Premium ($150-$250),1,False,Billboard / Pollstar Boxscores
CNC-1654,Bad Bunny,World's Hottest Tour,Latin / Reggaeton,Stadium Headliner,2022-09-09,2022,9,September,Friday,True,Fall,Arlington,United States,North America,Tier 2 Major Regional Market,32.7357,-97.1081,AT&T Stadium,Stadium,Alesso,1,54637,61314,89.11,False,12384432.0,226.67,Premium ($150-$250),1,False,Billboard / Pollstar Boxscores
CNC-1655,Bad Bunny,World's Hottest Tour,Latin / Reggaeton,Stadium Headliner,2022-09-14,2022,9,September,Wednesday,False,Fall,Oakland,United States,North America,Tier 2 Major Regional Market,38.0,-97.0,RingCentral Coliseum,Arena,Alesso,1,42702,50261,84.96,False,10784001.0,252.54,VIP / Luxury (>$250),1,False,Billboard / Pollstar Boxscores
CNC-1656,Bad Bunny,World's Hottest Tour,Latin / Reggaeton,Stadium Headliner,2022-09-17,2022,9,September,Saturday,True,Fall,San Diego,United States,North America,Tier 2 Major Regional Market,38.0,-97.0,Petco Park,Stadium,Alesso,1,79123,88832,89.07,False,20038705.0,253.26,VIP / Luxury (>$250),2,True,Billboard / Pollstar Boxscores
CNC-1657,Bad Bunny,World's Hottest Tour,Latin / Reggaeton,Stadium Headliner,2022-09-18,2022,9,September,Sunday,True,Fall,San Diego,United States,North America,Tier 2 Major Regional Market,38.0,-97.0,Petco Park,Stadium,Alesso,1,79123,91009,86.94,False,20038705.0,253.26,VIP / Luxury (>$250),2,True,Billboard / Pollstar Boxscores
CNC-1658,Bad Bunny,World's Hottest Tour,Latin / Reggaeton,Stadium Headliner,2022-09-23,2022,9,September,Friday,True,Fall,Las Vegas,United States,North America,Tier 1 Global Mega-City,36.1699,-115.1398,Allegiant Stadium,Stadium,Alesso,1,92440,92440,100.0,True,22098725.0,239.06,Premium ($150-$250),2,True,Billboard / Pollstar Boxscores
CNC-1659,Bad Bunny,World's Hottest Tour,Latin / Reggaeton,Stadium Headliner,2022-09-24,2022,9,September,Saturday,True,Fall,Las Vegas,United States,North America,Tier 1 Global Mega-City,36.1699,-115.1398,Allegiant Stadium,Stadium,Alesso,1,92440,95713,96.58,False,22098725.0,239.06,Premium ($150-$250),2,True,Billboard / Pollstar Boxscores
CNC-1660,Bad Bunny,World's Hottest Tour,Latin / Reggaeton,Stadium Headliner,2022-09-28,2022,9,September,Wednesday,False,Fall,Phoenix,United States,North America,Tier 2 Major Regional Market,33.4484,-112.074,Chase Field,Stadium,Alesso,1,49421,59970,82.41,False,11176255.0,226.14,Premium ($150-$250),1,False,Billboard / Pollstar Boxscores
CNC-1661,Bad Bunny,World's Hottest Tour,Latin / Reggaeton,Stadium Headliner,2022-09-30,2022,9,September,Friday,True,Fall,Inglewood,United States,North America,Tier 1 Global Mega-City,33.9575,-118.3429,SoFi Stadium,Stadium,Diplo,1,49908,49908,100.0,True,15548239.5,311.54,VIP / Luxury (>$250),2,True,Billboard / Pollstar Boxscores
CNC-1662,Bad Bunny,World's Hottest Tour,Latin / Reggaeton,Stadium Headliner,2022-10-01,2022,10,October,Saturday,True,Fall,Inglewood,United States,North America,Tier 1 Global Mega-City,33.9575,-118.3429,SoFi Stadium,Stadium,Diplo,1,49908,49908,100.0,True,15548239.5,311.54,VIP / Luxury (>$250),2,True,Billboard / Pollstar Boxscores
CNC-1663,Bad Bunny,World's Hottest Tour,Latin / Reggaeton,Stadium Headliner,2022-10-21,2022,10,October,Friday,True,Spring,Santo Domingo,Dominican Republic,Latin America,Tier 2 Major Regional Market,18.4861,-69.9312,Estadio Olímpico Félix Sánchez,Stadium,— N/a,2,79032,79032,100.0,True,7738992.0,97.92,Standard ($75-$150),2,True,Billboard / Pollstar Boxscores
CNC-1664,Bad Bunny,World's Hottest Tour,Latin / Reggaeton,Stadium Headliner,2022-10-22,2022,10,October,Saturday,True,Spring,Santo Domingo,Dominican Republic,Latin America,Tier 2 Major Regional Market,18.4861,-69.9312,Estadio Olímpico Félix Sánchez,Stadium,— N/a,2,79032,86734,91.12,False,7738992.0,97.92,Standard ($75-$150),2,True,Billboard / Pollstar Boxscores
CNC-1665,Bad Bunny,World's Hottest Tour,Latin / Reggaeton,Stadium Headliner,2022-10-28,2022,10,October,Friday,True,Spring,Santiago,Chile,Latin America,Tier 1 Global Mega-City,-33.4489,-70.6693,Estadio Nacional de Chile,Stadium,Young Cister & Pailita Pablito Pesadilla,2,55181,55181,100.0,True,3040254.0,55.1,Budget (<$75),2,True,Billboard / Pollstar Boxscores
CNC-1666,Bad Bunny,World's Hottest Tour,Latin / Reggaeton,Stadium Headliner,2022-10-29,2022,10,October,Saturday,True,Spring,Santiago,Chile,Latin America,Tier 1 Global Mega-City,-33.4489,-70.6693,Estadio Nacional de Chile,Stadium,Pailita Pablito Pesadilla,1,55181,55620,99.21,True,3040254.0,55.1,Budget (<$75),2,True,Billboard / Pollstar Boxscores
CNC-1667,Bad Bunny,World's Hottest Tour,Latin / Reggaeton,Stadium Headliner,2022-11-04,2022,11,November,Friday,True,Spring,Buenos Aires,Argentina,Latin America,Tier 1 Global Mega-City,-34.6037,-58.3816,Estadio José Amalfitani,Stadium,Dani Ribba Rei,1,85345,85345,100.0,True,5588125.0,65.48,Budget (<$75),2,True,Billboard / Pollstar Boxscores
CNC-1668,Bad Bunny,World's Hottest Tour,Latin / Reggaeton,Stadium Headliner,2022-11-05,2022,11,November,Saturday,True,Spring,Buenos Aires,Argentina,Latin America,Tier 1 Global Mega-City,-34.6037,-58.3816,Estadio José Amalfitani,Stadium,Dani Ribba Rei,1,85345,88367,96.58,False,5588125.0,65.48,Budget (<$75),2,True,Billboard / Pollstar Boxscores
CNC-1669,Bad Bunny,World's Hottest Tour,Latin / Reggaeton,Stadium Headliner,2022-11-11,2022,11,November,Friday,True,Fall,Asunción,Paraguay,North America,Tier 3 Emerging / Secondary Market,38.0,-97.0,Estadio General Pablo Rojas,Stadium,Milk Shake Kaese,1,58017,64852,89.46,False,2107935.0,36.33,Budget (<$75),1,False,Billboard / Pollstar Boxscores
CNC-1670,Bad Bunny,World's Hottest Tour,Latin / Reggaeton,Stadium Headliner,2022-11-13,2022,11,November,Sunday,True,Spring,Lima,Peru,Latin America,Tier 1 Global Mega-City,-12.0464,-77.0428,Estadio Nacional del Perú,Stadium,Tourista DJ Towa DJ Steve,1,83086,84070,98.83,True,8721775.0,104.97,Standard ($75-$150),2,True,Billboard / Pollstar Boxscores
CNC-1671,Bad Bunny,World's Hottest Tour,Latin / Reggaeton,Stadium Headliner,2022-11-14,2022,11,November,Monday,False,Spring,Lima,Peru,Latin America,Tier 1 Global Mega-City,-12.0464,-77.0428,Estadio Nacional del Perú,Stadium,Tourista DJ Towa DJ Steve,1,83086,87987,94.43,False,8721775.0,104.97,Standard ($75-$150),2,True,Billboard / Pollstar Boxscores
CNC-1672,Bad Bunny,World's Hottest Tour,Latin / Reggaeton,Stadium Headliner,2022-11-16,2022,11,November,Wednesday,False,Fall,Quito,Ecuador,North America,Tier 3 Emerging / Secondary Market,38.0,-97.0,Estadio Olímpico Atahualpa,Stadium,— N/a,2,28998,39060,74.24,False,2997726.0,103.38,Standard ($75-$150),1,False,Billboard / Pollstar Boxscores
CNC-1673,Bad Bunny,World's Hottest Tour,Latin / Reggaeton,Stadium Headliner,2022-11-18,2022,11,November,Friday,True,Spring,Medellín,Colombia,Latin America,Tier 2 Major Regional Market,-15.0,-60.0,Estadio Atanasio Girardot,Stadium,DJ Agudelo888,1,80393,82922,96.95,False,5021660.0,62.46,Budget (<$75),2,True,Billboard / Pollstar Boxscores
CNC-1674,Bad Bunny,World's Hottest Tour,Latin / Reggaeton,Stadium Headliner,2022-11-19,2022,11,November,Saturday,True,Spring,Medellín,Colombia,Latin America,Tier 2 Major Regional Market,-15.0,-60.0,Estadio Atanasio Girardot,Stadium,DJ Agudelo888,1,80393,90046,89.28,False,5021660.0,62.46,Budget (<$75),2,True,Billboard / Pollstar Boxscores
CNC-1675,Bad Bunny,World's Hottest Tour,Latin / Reggaeton,Stadium Headliner,2022-11-20,2022,11,November,Sunday,True,Spring,Bogotaá,Colombia,Latin America,Tier 1 Global Mega-City,4.711,-74.0721,Estadio El Campín,Stadium,DJ Agudelo888,1,35178,35178,100.0,True,3710757.0,105.49,Standard ($75-$150),1,False,Billboard / Pollstar Boxscores
CNC-1676,Bad Bunny,World's Hottest Tour,Latin / Reggaeton,Stadium Headliner,2022-11-22,2022,11,November,Tuesday,False,Fall,Panama City,Panama,North America,Tier 3 Emerging / Secondary Market,38.0,-97.0,Estadio Rommel Fernández,Stadium,DJ Riki Silvera,1,27085,33035,81.99,False,1955449.0,72.2,Budget (<$75),1,False,Billboard / Pollstar Boxscores
CNC-1677,Bad Bunny,World's Hottest Tour,Latin / Reggaeton,Stadium Headliner,2022-11-24,2022,11,November,Thursday,False,Spring,San Joseé,Costa Rica,Latin America,Tier 2 Major Regional Market,9.9281,-84.0907,Estadio Nacional de Costa Rica,Stadium,In Betwin Jurgen Dorsam DJ Tocuma,1,52851,57416,92.05,False,4450577.0,84.21,Standard ($75-$150),1,False,Billboard / Pollstar Boxscores
CNC-1678,Bad Bunny,World's Hottest Tour,Latin / Reggaeton,Stadium Headliner,2022-11-26,2022,11,November,Saturday,True,Fall,San Salvador,El Salvador,North America,Tier 3 Emerging / Secondary Market,38.0,-97.0,Estadio Cuscatlán,Stadium,— N/a,2,18927,21663,87.37,False,1513890.0,79.99,Standard ($75-$150),1,False,Billboard / Pollstar Boxscores
CNC-1679,Bad Bunny,World's Hottest Tour,Latin / Reggaeton,Stadium Headliner,2022-11-29,2022,11,November,Tuesday,False,Fall,San Pedro Sula,Honduras,North America,Tier 3 Emerging / Secondary Market,38.0,-97.0,Estadio Olímpico Metropolitano,Stadium,— N/a,2,35148,44672,78.68,False,2263224.0,64.39,Budget (<$75),1,False,Billboard / Pollstar Boxscores
CNC-1680,Bad Bunny,World's Hottest Tour,Latin / Reggaeton,Stadium Headliner,2022-12-01,2022,12,December,Thursday,False,Winter,Guatemala City,Guatemala,North America,Tier 3 Emerging / Secondary Market,38.0,-97.0,Explanada Cardales de Cayalá,Arena,Ale Q Ben Carrillo,1,20005,24576,81.4,False,2067136.0,103.33,Standard ($75-$150),1,False,Billboard / Pollstar Boxscores
CNC-1681,Bad Bunny,World's Hottest Tour,Latin / Reggaeton,Stadium Headliner,2022-12-03,2022,12,December,Saturday,True,Summer,Monterrey,Mexico,Latin America,Tier 2 Major Regional Market,25.6866,-100.3161,Estadio BBVA,Stadium,Mr. Pig,1,90084,90382,99.67,True,17456717.0,193.78,Premium ($150-$250),2,True,Billboard / Pollstar Boxscores
CNC-1682,Bad Bunny,World's Hottest Tour,Latin / Reggaeton,Stadium Headliner,2022-12-04,2022,12,December,Sunday,True,Summer,Monterrey,Mexico,Latin America,Tier 2 Major Regional Market,25.6866,-100.3161,Estadio BBVA,Stadium,Mr. Pig,1,90084,98560,91.4,False,17456717.0,193.78,Premium ($150-$250),2,True,Billboard / Pollstar Boxscores
CNC-1683,Bad Bunny,World's Hottest Tour,Latin / Reggaeton,Stadium Headliner,2022-12-09,2022,12,December,Friday,True,Summer,Mexico City,Mexico,Latin America,Tier 1 Global Mega-City,19.4326,-99.1332,Estadio Azteca,Stadium,Uzielito Mix,1,57939,57939,100.0,True,5154230.0,88.96,Standard ($75-$150),2,True,Billboard / Pollstar Boxscores
CNC-1684,Bad Bunny,World's Hottest Tour,Latin / Reggaeton,Stadium Headliner,2022-12-10,2022,12,December,Saturday,True,Summer,Mexico City,Mexico,Latin America,Tier 1 Global Mega-City,19.4326,-99.1332,Estadio Azteca,Stadium,Uzielito Mix,1,57939,57939,100.0,True,5154230.0,88.96,Standard ($75-$150),2,True,Billboard / Pollstar Boxscores
CNC-1685,Ed Sheeran,÷ Tour,Pop / Singer-Songwriter,Global Mega-Superstar,2018-02-19,2018,2,February,Monday,False,Winter,London,United Kingdom,Europe,Tier 1 Global Mega-City,51.5074,-0.1278,Indigo at The O 2,Arena,— N/a,2,2056,2717,75.67,False,224718.0,109.3,Standard ($75-$150),1,False,Billboard / Pollstar Boxscores
CNC-1686,Ed Sheeran,÷ Tour,Pop / Singer-Songwriter,Global Mega-Superstar,2018-03-02,2018,3,March,Friday,True,Autumn,Perth,Australia,Oceania,Tier 2 Major Regional Market,-31.9505,115.8605,Optus Stadium,Stadium,Missy Higgins Fergus James,1,57016,59941,95.12,False,4573476.5,80.21,Standard ($75-$150),2,True,Billboard / Pollstar Boxscores
CNC-1687,Ed Sheeran,÷ Tour,Pop / Singer-Songwriter,Global Mega-Superstar,2018-03-03,2018,3,March,Saturday,True,Autumn,Perth,Australia,Oceania,Tier 2 Major Regional Market,-31.9505,115.8605,Optus Stadium,Stadium,Missy Higgins Fergus James,1,57016,60539,94.18,False,4573476.5,80.21,Standard ($75-$150),2,True,Billboard / Pollstar Boxscores
CNC-1688,Ed Sheeran,÷ Tour,Pop / Singer-Songwriter,Global Mega-Superstar,2018-03-07,2018,3,March,Wednesday,False,Autumn,Adelaide,Australia,Oceania,Tier 3 Emerging / Secondary Market,-34.9285,138.6007,Adelaide Oval,Arena,Missy Higgins Fergus James,1,62915,72726,86.51,False,5103599.0,81.12,Standard ($75-$150),1,False,Billboard / Pollstar Boxscores
CNC-1689,Ed Sheeran,÷ Tour,Pop / Singer-Songwriter,Global Mega-Superstar,2018-03-09,2018,3,March,Friday,True,Autumn,Melbourne,Australia,Oceania,Tier 1 Global Mega-City,-37.8136,144.9631,Etihad Stadium,Stadium,Missy Higgins Bliss n Eso,1,64156,64156,100.0,True,5209663.0,81.2,Standard ($75-$150),4,True,Billboard / Pollstar Boxscores
CNC-1690,Ed Sheeran,÷ Tour,Pop / Singer-Songwriter,Global Mega-Superstar,2018-03-10,2018,3,March,Saturday,True,Autumn,Melbourne,Australia,Oceania,Tier 1 Global Mega-City,-37.8136,144.9631,Etihad Stadium,Stadium,Missy Higgins Bliss n Eso,1,64156,64156,100.0,True,5209663.0,81.2,Standard ($75-$150),4,True,Billboard / Pollstar Boxscores
CNC-1691,Ed Sheeran,÷ Tour,Pop / Singer-Songwriter,Global Mega-Superstar,2018-03-11,2018,3,March,Sunday,True,Autumn,Melbourne,Australia,Oceania,Tier 1 Global Mega-City,-37.8136,144.9631,Etihad Stadium,Stadium,Missy Higgins Bliss n Eso,1,64156,64446,99.55,True,5209663.0,81.2,Standard ($75-$150),4,True,Billboard / Pollstar Boxscores
CNC-1692,Ed Sheeran,÷ Tour,Pop / Singer-Songwriter,Global Mega-Superstar,2018-03-12,2018,3,March,Monday,False,Autumn,Melbourne,Australia,Oceania,Tier 1 Global Mega-City,-37.8136,144.9631,Etihad Stadium,Stadium,Missy Higgins Bliss n Eso,1,64156,64156,100.0,True,5209663.0,81.2,Standard ($75-$150),4,True,Billboard / Pollstar Boxscores
CNC-1693,Ed Sheeran,÷ Tour,Pop / Singer-Songwriter,Global Mega-Superstar,2018-03-15,2018,3,March,Thursday,False,Autumn,Sydney,Australia,Oceania,Tier 1 Global Mega-City,-33.8688,151.2093,ANZ Stadium,Stadium,Missy Higgins Ryan McMullan,1,77062,78819,97.77,False,6649355.33,86.29,Standard ($75-$150),3,True,Billboard / Pollstar Boxscores
CNC-1694,Ed Sheeran,÷ Tour,Pop / Singer-Songwriter,Global Mega-Superstar,2018-03-16,2018,3,March,Friday,True,Autumn,Sydney,Australia,Oceania,Tier 1 Global Mega-City,-33.8688,151.2093,ANZ Stadium,Stadium,Missy Higgins Ryan McMullan,1,77062,78699,97.92,False,6649355.33,86.29,Standard ($75-$150),3,True,Billboard / Pollstar Boxscores
CNC-1695,Ed Sheeran,÷ Tour,Pop / Singer-Songwriter,Global Mega-Superstar,2018-03-17,2018,3,March,Saturday,True,Autumn,Sydney,Australia,Oceania,Tier 1 Global Mega-City,-33.8688,151.2093,ANZ Stadium,Stadium,Missy Higgins Ryan McMullan,1,77062,77062,100.0,True,6649355.33,86.29,Standard ($75-$150),3,True,Billboard / Pollstar Boxscores
CNC-1696,Ed Sheeran,÷ Tour,Pop / Singer-Songwriter,Global Mega-Superstar,2018-03-20,2018,3,March,Tuesday,False,Autumn,Brisbane,Australia,Oceania,Tier 2 Major Regional Market,-27.4698,153.0251,Suncorp Stadium,Stadium,Missy Higgins Fergus James,1,51872,58480,88.7,False,4297792.5,82.85,Standard ($75-$150),2,True,Billboard / Pollstar Boxscores
CNC-1697,Ed Sheeran,÷ Tour,Pop / Singer-Songwriter,Global Mega-Superstar,2018-03-21,2018,3,March,Wednesday,False,Autumn,Brisbane,Australia,Oceania,Tier 2 Major Regional Market,-27.4698,153.0251,Suncorp Stadium,Stadium,Missy Higgins Fergus James,1,51872,58283,89.0,False,4297792.5,82.85,Standard ($75-$150),2,True,Billboard / Pollstar Boxscores
CNC-1698,Ed Sheeran,÷ Tour,Pop / Singer-Songwriter,Global Mega-Superstar,2018-03-24,2018,3,March,Saturday,True,Autumn,Auckland,New Zealand,Oceania,Tier 2 Major Regional Market,-36.8485,174.7633,Mount Smart Stadium,Stadium,Drax Project,1,44292,45512,97.32,False,3588852.67,81.03,Standard ($75-$150),3,True,Billboard / Pollstar Boxscores
CNC-1699,Ed Sheeran,÷ Tour,Pop / Singer-Songwriter,Global Mega-Superstar,2018-03-25,2018,3,March,Sunday,True,Autumn,Auckland,New Zealand,Oceania,Tier 2 Major Regional Market,-36.8485,174.7633,Mount Smart Stadium,Stadium,Drax Project,1,44292,46089,96.1,False,3588852.67,81.03,Standard ($75-$150),3,True,Billboard / Pollstar Boxscores
CNC-1700,Ed Sheeran,÷ Tour,Pop / Singer-Songwriter,Global Mega-Superstar,2018-03-26,2018,3,March,Monday,False,Autumn,Auckland,New Zealand,Oceania,Tier 2 Major Regional Market,-36.8485,174.7633,Mount Smart Stadium,Stadium,Drax Project,1,44292,47904,92.46,False,3588852.67,81.03,Standard ($75-$150),3,True,Billboard / Pollstar Boxscores
CNC-1701,Ed Sheeran,÷ Tour,Pop / Singer-Songwriter,Global Mega-Superstar,2018-03-29,2018,3,March,Thursday,False,Autumn,Dunedin,New Zealand,Oceania,Tier 2 Major Regional Market,-25.0,135.0,Forsyth Barr Stadium,Stadium,Six60 Mitch James,1,35005,36425,96.1,False,2825072.67,80.71,Standard ($75-$150),3,True,Billboard / Pollstar Boxscores
CNC-1702,Ed Sheeran,÷ Tour,Pop / Singer-Songwriter,Global Mega-Superstar,2018-03-31,2018,3,March,Saturday,True,Autumn,Dunedin,New Zealand,Oceania,Tier 2 Major Regional Market,-25.0,135.0,Forsyth Barr Stadium,Stadium,Six60 Mitch James,1,35005,35847,97.65,False,2825072.67,80.71,Standard ($75-$150),3,True,Billboard / Pollstar Boxscores
CNC-1703,Ed Sheeran,÷ Tour,Pop / Singer-Songwriter,Global Mega-Superstar,2018-04-01,2018,4,April,Sunday,True,Autumn,Dunedin,New Zealand,Oceania,Tier 2 Major Regional Market,-25.0,135.0,Forsyth Barr Stadium,Stadium,Six60 Mitch James,1,35005,37814,92.57,False,2825072.67,80.71,Standard ($75-$150),3,True,Billboard / Pollstar Boxscores
CNC-1704,Ed Sheeran,÷ Tour,Pop / Singer-Songwriter,Global Mega-Superstar,2018-04-08,2018,4,April,Sunday,True,Spring,Manila,Philippines,Asia,Tier 1 Global Mega-City,14.5995,120.9842,Mall of Asia Concert Grounds,Arena,— N/a,2,18752,20588,91.08,False,2412506.0,128.65,Standard ($75-$150),1,False,Billboard / Pollstar Boxscores
CNC-1705,Ed Sheeran,÷ Tour,Pop / Singer-Songwriter,Global Mega-Superstar,2018-04-11,2018,4,April,Wednesday,False,Spring,Osaka,Japan,Asia,Tier 2 Major Regional Market,34.6937,135.5023,Osaka-Jo Hall,Arena,— N/a,2,10161,10912,93.12,False,1284070.0,126.37,Standard ($75-$150),1,False,Billboard / Pollstar Boxscores
CNC-1706,Ed Sheeran,÷ Tour,Pop / Singer-Songwriter,Global Mega-Superstar,2018-04-13,2018,4,April,Friday,True,Spring,Tokyo,Japan,Asia,Tier 1 Global Mega-City,35.6762,139.6503,Budokan Hall,Arena,— N/a,2,19549,20056,97.47,False,2504547.0,128.12,Standard ($75-$150),2,True,Billboard / Pollstar Boxscores
CNC-1707,Ed Sheeran,÷ Tour,Pop / Singer-Songwriter,Global Mega-Superstar,2018-04-14,2018,4,April,Saturday,True,Spring,Tokyo,Japan,Asia,Tier 1 Global Mega-City,35.6762,139.6503,Budokan Hall,Arena,— N/a,2,19549,19549,100.0,True,2504547.0,128.12,Standard ($75-$150),2,True,Billboard / Pollstar Boxscores
CNC-1708,Ed Sheeran,÷ Tour,Pop / Singer-Songwriter,Global Mega-Superstar,2018-05-04,2018,5,May,Friday,True,Spring,Cork,Ireland,Europe,Tier 3 Emerging / Secondary Market,51.8985,-8.4756,Páirc Uí Chaoimh,Arena,Anne-Marie Jamie Lawson Beoga,1,42990,48141,89.3,False,4123862.33,95.93,Standard ($75-$150),3,True,Billboard / Pollstar Boxscores
CNC-1709,Ed Sheeran,÷ Tour,Pop / Singer-Songwriter,Global Mega-Superstar,2018-05-05,2018,5,May,Saturday,True,Spring,Cork,Ireland,Europe,Tier 3 Emerging / Secondary Market,51.8985,-8.4756,Páirc Uí Chaoimh,Arena,Anne-Marie Jamie Lawson Beoga,1,42990,47492,90.52,False,4123862.33,95.93,Standard ($75-$150),3,True,Billboard / Pollstar Boxscores
CNC-1710,Ed Sheeran,÷ Tour,Pop / Singer-Songwriter,Global Mega-Superstar,2018-05-06,2018,5,May,Sunday,True,Spring,Cork,Ireland,Europe,Tier 3 Emerging / Secondary Market,51.8985,-8.4756,Páirc Uí Chaoimh,Arena,Anne-Marie Jamie Lawson Beoga,1,42990,49895,86.16,False,4123862.33,95.93,Standard ($75-$150),3,True,Billboard / Pollstar Boxscores
CNC-1711,Ed Sheeran,÷ Tour,Pop / Singer-Songwriter,Global Mega-Superstar,2018-05-09,2018,5,May,Wednesday,False,Spring,Belfast,United Kingdom,Europe,Tier 3 Emerging / Secondary Market,54.5973,-5.9301,Boucher Playing Fields,Stadium,Anne-Marie Jamie Lawson Beoga,1,40613,47346,85.78,False,3911083.0,96.3,Standard ($75-$150),1,False,Billboard / Pollstar Boxscores
CNC-1712,Ed Sheeran,÷ Tour,Pop / Singer-Songwriter,Global Mega-Superstar,2018-05-12,2018,5,May,Saturday,True,Spring,Galway,Ireland,Europe,Tier 2 Major Regional Market,50.0,10.0,Pearse Stadium,Stadium,Anne-Marie Jamie Lawson Beoga,1,63991,63991,100.0,True,5952120.0,93.01,Standard ($75-$150),2,True,Billboard / Pollstar Boxscores
CNC-1713,Ed Sheeran,÷ Tour,Pop / Singer-Songwriter,Global Mega-Superstar,2018-05-13,2018,5,May,Sunday,True,Spring,Galway,Ireland,Europe,Tier 2 Major Regional Market,50.0,10.0,Pearse Stadium,Stadium,Anne-Marie Jamie Lawson Beoga,1,63991,67953,94.17,False,5952120.0,93.01,Standard ($75-$150),2,True,Billboard / Pollstar Boxscores
CNC-1714,Ed Sheeran,÷ Tour,Pop / Singer-Songwriter,Global Mega-Superstar,2018-05-16,2018,5,May,Wednesday,False,Spring,Dublin,Ireland,Europe,Tier 2 Major Regional Market,53.3498,-6.2603,Phoenix Park,Stadium,Anne-Marie Jamie Lawson Beoga,1,61396,69054,88.91,False,5696701.33,92.79,Standard ($75-$150),3,True,Billboard / Pollstar Boxscores
CNC-1715,Ed Sheeran,÷ Tour,Pop / Singer-Songwriter,Global Mega-Superstar,2018-05-18,2018,5,May,Friday,True,Spring,Dublin,Ireland,Europe,Tier 2 Major Regional Market,53.3498,-6.2603,Phoenix Park,Stadium,Anne-Marie Jamie Lawson Beoga,1,61396,61396,100.0,True,5696701.33,92.79,Standard ($75-$150),3,True,Billboard / Pollstar Boxscores
CNC-1716,Ed Sheeran,÷ Tour,Pop / Singer-Songwriter,Global Mega-Superstar,2018-05-19,2018,5,May,Saturday,True,Spring,Dublin,Ireland,Europe,Tier 2 Major Regional Market,53.3498,-6.2603,Phoenix Park,Stadium,Anne-Marie Jamie Lawson Beoga,1,61396,62198,98.71,True,5696701.33,92.79,Standard ($75-$150),3,True,Billboard / Pollstar Boxscores
CNC-1717,Ed Sheeran,÷ Tour,Pop / Singer-Songwriter,Global Mega-Superstar,2018-05-24,2018,5,May,Thursday,False,Spring,Manchester,United Kingdom,Europe,Tier 2 Major Regional Market,53.4808,-2.2426,Etihad Stadium,Stadium,Anne-Marie Jamie Lawson,1,53900,56469,95.45,False,4951700.0,91.87,Standard ($75-$150),4,True,Billboard / Pollstar Boxscores
CNC-1718,Ed Sheeran,÷ Tour,Pop / Singer-Songwriter,Global Mega-Superstar,2018-05-25,2018,5,May,Friday,True,Spring,Manchester,United Kingdom,Europe,Tier 2 Major Regional Market,53.4808,-2.2426,Etihad Stadium,Stadium,Anne-Marie Jamie Lawson,1,53900,54638,98.65,True,4951700.0,91.87,Standard ($75-$150),4,True,Billboard / Pollstar Boxscores
CNC-1719,Ed Sheeran,÷ Tour,Pop / Singer-Songwriter,Global Mega-Superstar,2018-05-26,2018,5,May,Saturday,True,Spring,Manchester,United Kingdom,Europe,Tier 2 Major Regional Market,53.4808,-2.2426,Etihad Stadium,Stadium,Anne-Marie Jamie Lawson,1,53900,53900,100.0,True,4951700.0,91.87,Standard ($75-$150),4,True,Billboard / Pollstar Boxscores
CNC-1720,Ed Sheeran,÷ Tour,Pop / Singer-Songwriter,Global Mega-Superstar,2018-05-27,2018,5,May,Sunday,True,Spring,Manchester,United Kingdom,Europe,Tier 2 Major Regional Market,53.4808,-2.2426,Etihad Stadium,Stadium,Anne-Marie Jamie Lawson,1,53900,59420,90.71,False,4951700.0,91.87,Standard ($75-$150),4,True,Billboard / Pollstar Boxscores
CNC-1721,Ed Sheeran,÷ Tour,Pop / Singer-Songwriter,Global Mega-Superstar,2018-06-01,2018,6,June,Friday,True,Summer,Glasgow,United Kingdom,Europe,Tier 2 Major Regional Market,55.8642,-4.2518,Hampden Park,Stadium,Anne-Marie Jamie Lawson,1,50675,52600,96.34,False,4582009.0,90.42,Standard ($75-$150),3,True,Billboard / Pollstar Boxscores
CNC-1722,Ed Sheeran,÷ Tour,Pop / Singer-Songwriter,Global Mega-Superstar,2018-06-02,2018,6,June,Saturday,True,Summer,Glasgow,United Kingdom,Europe,Tier 2 Major Regional Market,55.8642,-4.2518,Hampden Park,Stadium,Anne-Marie Jamie Lawson,1,50675,51504,98.39,True,4582009.0,90.42,Standard ($75-$150),3,True,Billboard / Pollstar Boxscores
CNC-1723,Ed Sheeran,÷ Tour,Pop / Singer-Songwriter,Global Mega-Superstar,2018-06-03,2018,6,June,Sunday,True,Summer,Glasgow,United Kingdom,Europe,Tier 2 Major Regional Market,55.8642,-4.2518,Hampden Park,Stadium,Anne-Marie Jamie Lawson,1,50675,57703,87.82,False,4582009.0,90.42,Standard ($75-$150),3,True,Billboard / Pollstar Boxscores
CNC-1724,Ed Sheeran,÷ Tour,Pop / Singer-Songwriter,Global Mega-Superstar,2018-06-08,2018,6,June,Friday,True,Summer,Newcastle,England,Europe,Tier 2 Major Regional Market,50.0,10.0,St. James Park,Stadium,Anne-Marie Jamie Lawson,1,49742,51159,97.23,False,4499621.67,90.46,Standard ($75-$150),3,True,Billboard / Pollstar Boxscores
CNC-1725,Ed Sheeran,÷ Tour,Pop / Singer-Songwriter,Global Mega-Superstar,2018-06-09,2018,6,June,Saturday,True,Summer,Newcastle,England,Europe,Tier 2 Major Regional Market,50.0,10.0,St. James Park,Stadium,Anne-Marie Jamie Lawson,1,49742,53711,92.61,False,4499621.67,90.46,Standard ($75-$150),3,True,Billboard / Pollstar Boxscores
CNC-1726,Ed Sheeran,÷ Tour,Pop / Singer-Songwriter,Global Mega-Superstar,2018-06-10,2018,6,June,Sunday,True,Summer,Newcastle,England,Europe,Tier 2 Major Regional Market,50.0,10.0,St. James Park,Stadium,Anne-Marie Jamie Lawson,1,49742,51196,97.16,False,4499621.67,90.46,Standard ($75-$150),3,True,Billboard / Pollstar Boxscores
CNC-1727,Ed Sheeran,÷ Tour,Pop / Singer-Songwriter,Global Mega-Superstar,2018-06-14,2018,6,June,Thursday,False,Summer,London,United Kingdom,Europe,Tier 1 Global Mega-City,51.5074,-0.1278,Wembley Stadium,Stadium,Anne-Marie Jamie Lawson,1,74753,75984,98.38,True,7181609.5,96.07,Standard ($75-$150),4,True,Billboard / Pollstar Boxscores
CNC-1728,Ed Sheeran,÷ Tour,Pop / Singer-Songwriter,Global Mega-Superstar,2018-06-15,2018,6,June,Friday,True,Summer,London,United Kingdom,Europe,Tier 1 Global Mega-City,51.5074,-0.1278,Wembley Stadium,Stadium,Anne-Marie Jamie Lawson,1,74753,74753,100.0,True,7181609.5,96.07,Standard ($75-$150),4,True,Billboard / Pollstar Boxscores
CNC-1729,Ed Sheeran,÷ Tour,Pop / Singer-Songwriter,Global Mega-Superstar,2018-06-16,2018,6,June,Saturday,True,Summer,London,United Kingdom,Europe,Tier 1 Global Mega-City,51.5074,-0.1278,Wembley Stadium,Stadium,Anne-Marie Jamie Lawson,1,74753,74753,100.0,True,7181609.5,96.07,Standard ($75-$150),4,True,Billboard / Pollstar Boxscores
CNC-1730,Ed Sheeran,÷ Tour,Pop / Singer-Songwriter,Global Mega-Superstar,2018-06-17,2018,6,June,Sunday,True,Summer,London,United Kingdom,Europe,Tier 1 Global Mega-City,51.5074,-0.1278,Wembley Stadium,Stadium,Anne-Marie Jamie Lawson,1,74753,74753,100.0,True,7181609.5,96.07,Standard ($75-$150),4,True,Billboard / Pollstar Boxscores
CNC-1731,Ed Sheeran,÷ Tour,Pop / Singer-Songwriter,Global Mega-Superstar,2018-06-21,2018,6,June,Thursday,False,Summer,Cardiff,United Kingdom,Europe,Tier 2 Major Regional Market,51.4816,-3.1791,Principality Stadium,Stadium,Anne-Marie Jamie Lawson,1,59521,63106,94.32,False,5312486.75,89.25,Standard ($75-$150),4,True,Billboard / Pollstar Boxscores
CNC-1732,Ed Sheeran,÷ Tour,Pop / Singer-Songwriter,Global Mega-Superstar,2018-06-22,2018,6,June,Friday,True,Summer,Cardiff,United Kingdom,Europe,Tier 2 Major Regional Market,51.4816,-3.1791,Principality Stadium,Stadium,Anne-Marie Jamie Lawson,1,59521,62066,95.9,False,5312486.75,89.25,Standard ($75-$150),4,True,Billboard / Pollstar Boxscores
CNC-1733,Ed Sheeran,÷ Tour,Pop / Singer-Songwriter,Global Mega-Superstar,2018-06-23,2018,6,June,Saturday,True,Summer,Cardiff,United Kingdom,Europe,Tier 2 Major Regional Market,51.4816,-3.1791,Principality Stadium,Stadium,Anne-Marie Jamie Lawson,1,59521,61349,97.02,False,5312486.75,89.25,Standard ($75-$150),4,True,Billboard / Pollstar Boxscores
CNC-1734,Ed Sheeran,÷ Tour,Pop / Singer-Songwriter,Global Mega-Superstar,2018-06-24,2018,6,June,Sunday,True,Summer,Cardiff,United Kingdom,Europe,Tier 2 Major Regional Market,51.4816,-3.1791,Principality Stadium,Stadium,Anne-Marie Jamie Lawson,1,59521,66127,90.01,False,5312486.75,89.25,Standard ($75-$150),4,True,Billboard / Pollstar Boxscores
CNC-1735,Ed Sheeran,÷ Tour,Pop / Singer-Songwriter,Global Mega-Superstar,2018-06-28,2018,6,June,Thursday,False,Summer,Amsterdam,Netherlands,Europe,Tier 1 Global Mega-City,52.3676,4.9041,Amsterdam Arena,Arena,Anne-Marie Jamie Lawson,1,51232,51232,100.0,True,3861000.5,75.36,Standard ($75-$150),2,True,Billboard / Pollstar Boxscores
CNC-1736,Ed Sheeran,÷ Tour,Pop / Singer-Songwriter,Global Mega-Superstar,2018-06-29,2018,6,June,Friday,True,Summer,Amsterdam,Netherlands,Europe,Tier 1 Global Mega-City,52.3676,4.9041,Amsterdam Arena,Arena,Anne-Marie Jamie Lawson,1,51232,52604,97.39,False,3861000.5,75.36,Standard ($75-$150),2,True,Billboard / Pollstar Boxscores
CNC-1737,Ed Sheeran,÷ Tour,Pop / Singer-Songwriter,Global Mega-Superstar,2018-07-01,2018,7,July,Sunday,True,Summer,Werchter,Belgium,Europe,Tier 2 Major Regional Market,50.0,10.0,Werchter Festival Ground,Amphitheater / Park,Anne-Marie Jamie Lawson,1,64987,67365,96.47,False,5470934.0,84.19,Standard ($75-$150),1,False,Billboard / Pollstar Boxscores
CNC-1738,Ed Sheeran,÷ Tour,Pop / Singer-Songwriter,Global Mega-Superstar,2018-07-06,2018,7,July,Friday,True,Summer,Saint-Denis,France,Europe,Tier 1 Global Mega-City,48.9362,2.3574,Stade de France,Stadium,Anne-Marie Jamie Lawson,1,76532,76532,100.0,True,4654484.5,60.82,Budget (<$75),2,True,Billboard / Pollstar Boxscores
CNC-1739,Ed Sheeran,÷ Tour,Pop / Singer-Songwriter,Global Mega-Superstar,2018-07-07,2018,7,July,Saturday,True,Summer,Saint-Denis,France,Europe,Tier 1 Global Mega-City,48.9362,2.3574,Stade de France,Stadium,Anne-Marie Jamie Lawson,1,76532,76532,100.0,True,4654484.5,60.82,Budget (<$75),2,True,Billboard / Pollstar Boxscores
CNC-1740,Ed Sheeran,÷ Tour,Pop / Singer-Songwriter,Global Mega-Superstar,2018-07-10,2018,7,July,Tuesday,False,Summer,Gothenburg,Sweden,Europe,Tier 2 Major Regional Market,50.0,10.0,Ullevi,Arena,Anne-Marie Jamie Lawson,1,61476,67675,90.84,False,5484539.0,89.21,Standard ($75-$150),2,True,Billboard / Pollstar Boxscores
CNC-1741,Ed Sheeran,÷ Tour,Pop / Singer-Songwriter,Global Mega-Superstar,2018-07-11,2018,7,July,Wednesday,False,Summer,Gothenburg,Sweden,Europe,Tier 2 Major Regional Market,50.0,10.0,Ullevi,Arena,Anne-Marie Jamie Lawson,1,61476,70082,87.72,False,5484539.0,89.21,Standard ($75-$150),2,True,Billboard / Pollstar Boxscores
CNC-1742,Ed Sheeran,÷ Tour,Pop / Singer-Songwriter,Global Mega-Superstar,2018-07-14,2018,7,July,Saturday,True,Summer,Stockholm,Sweden,Europe,Tier 2 Major Regional Market,59.3293,18.0686,Friends Arena,Arena,Anne-Marie Jamie Lawson,1,54234,54234,100.0,True,4818972.0,88.86,Standard ($75-$150),1,False,Billboard / Pollstar Boxscores
CNC-1743,Ed Sheeran,÷ Tour,Pop / Singer-Songwriter,Global Mega-Superstar,2018-07-19,2018,7,July,Thursday,False,Summer,Berlin,Germany,Europe,Tier 1 Global Mega-City,52.52,13.405,Olympiastadion,Stadium,Anne-Marie Jamie Lawson,1,69055,69780,98.96,True,6392576.0,92.57,Standard ($75-$150),1,False,Billboard / Pollstar Boxscores
CNC-1744,Ed Sheeran,÷ Tour,Pop / Singer-Songwriter,Global Mega-Superstar,2018-07-22,2018,7,July,Sunday,True,Summer,Gelsenkirchen,Germany,Europe,Tier 3 Emerging / Secondary Market,51.5177,7.0857,Veltins-Arena,Arena,Anne-Marie Jamie Lawson,1,51389,56203,91.43,False,4500713.5,87.58,Standard ($75-$150),2,True,Billboard / Pollstar Boxscores
CNC-1745,Ed Sheeran,÷ Tour,Pop / Singer-Songwriter,Global Mega-Superstar,2018-07-23,2018,7,July,Monday,False,Summer,Gelsenkirchen,Germany,Europe,Tier 3 Emerging / Secondary Market,51.5177,7.0857,Veltins-Arena,Arena,Anne-Marie Jamie Lawson,1,51389,56203,91.43,False,4500713.5,87.58,Standard ($75-$150),2,True,Billboard / Pollstar Boxscores
CNC-1746,Ed Sheeran,÷ Tour,Pop / Singer-Songwriter,Global Mega-Superstar,2018-07-25,2018,7,July,Wednesday,False,Summer,Hamburg,Germany,Europe,Tier 2 Major Regional Market,53.5511,9.9937,Trabrennbahn Bahrenfeld,Arena,Anne-Marie Jamie Lawson,1,80326,86335,93.04,False,7024739.0,87.45,Standard ($75-$150),1,False,Billboard / Pollstar Boxscores
CNC-1747,Ed Sheeran,÷ Tour,Pop / Singer-Songwriter,Global Mega-Superstar,2018-07-29,2018,7,July,Sunday,True,Summer,Munich,Germany,Europe,Tier 2 Major Regional Market,48.1351,11.582,Olympiastadion,Stadium,Anne-Marie Jamie Lawson,1,67518,67518,100.0,True,6432763.5,95.27,Standard ($75-$150),2,True,Billboard / Pollstar Boxscores
CNC-1748,Ed Sheeran,÷ Tour,Pop / Singer-Songwriter,Global Mega-Superstar,2018-07-30,2018,7,July,Monday,False,Summer,Munich,Germany,Europe,Tier 2 Major Regional Market,48.1351,11.582,Olympiastadion,Stadium,Anne-Marie Jamie Lawson,1,67518,77190,87.47,False,6432763.5,95.27,Standard ($75-$150),2,True,Billboard / Pollstar Boxscores
CNC-1749,Ed Sheeran,÷ Tour,Pop / Singer-Songwriter,Global Mega-Superstar,2018-08-03,2018,8,August,Friday,True,Summer,Zurich,Switzerland,Europe,Tier 2 Major Regional Market,47.3769,8.5417,Letzigrund,Arena,Anne-Marie Jamie Lawson,1,47571,49133,96.82,False,5548947.0,116.65,Standard ($75-$150),2,True,Billboard / Pollstar Boxscores
CNC-1750,Ed Sheeran,÷ Tour,Pop / Singer-Songwriter,Global Mega-Superstar,2018-08-04,2018,8,August,Saturday,True,Summer,Zurich,Switzerland,Europe,Tier 2 Major Regional Market,47.3769,8.5417,Letzigrund,Arena,Anne-Marie Jamie Lawson,1,47571,48013,99.08,True,5548947.0,116.65,Standard ($75-$150),2,True,Billboard / Pollstar Boxscores
CNC-1751,Ed Sheeran,÷ Tour,Pop / Singer-Songwriter,Global Mega-Superstar,2018-08-07,2018,8,August,Tuesday,False,Summer,Vienna,Austria,Europe,Tier 2 Major Regional Market,48.2082,16.3738,Ernst-Happel-Stadion,Stadium,Anne-Marie Jamie Lawson,1,55326,60532,91.4,False,4785073.0,86.49,Standard ($75-$150),2,True,Billboard / Pollstar Boxscores
CNC-1752,Ed Sheeran,÷ Tour,Pop / Singer-Songwriter,Global Mega-Superstar,2018-08-08,2018,8,August,Wednesday,False,Summer,Vienna,Austria,Europe,Tier 2 Major Regional Market,48.2082,16.3738,Ernst-Happel-Stadion,Stadium,Anne-Marie Jamie Lawson,1,55326,60658,91.21,False,4785073.0,86.49,Standard ($75-$150),2,True,Billboard / Pollstar Boxscores
CNC-1753,Ed Sheeran,÷ Tour,Pop / Singer-Songwriter,Global Mega-Superstar,2018-08-11,2018,8,August,Saturday,True,Summer,Warsaw,Poland,Europe,Tier 2 Major Regional Market,52.2297,21.0122,PGE Narodowy,Arena,Anne-Marie Jamie Lawson BeMy,1,52226,52257,99.94,True,3735441.0,71.52,Budget (<$75),2,True,Billboard / Pollstar Boxscores
CNC-1754,Ed Sheeran,÷ Tour,Pop / Singer-Songwriter,Global Mega-Superstar,2018-08-12,2018,8,August,Sunday,True,Summer,Warsaw,Poland,Europe,Tier 2 Major Regional Market,52.2297,21.0122,PGE Narodowy,Arena,Anne-Marie Jamie Lawson BeMy,1,52226,60092,86.91,False,3735441.0,71.52,Budget (<$75),2,True,Billboard / Pollstar Boxscores
CNC-1755,Ed Sheeran,÷ Tour,Pop / Singer-Songwriter,Global Mega-Superstar,2018-08-18,2018,8,August,Saturday,True,Summer,Pasadena,United States,North America,Tier 1 Global Mega-City,34.1478,-118.1445,Rose Bowl,Amphitheater / Park,Snow Patrol Anne-Marie,1,62321,62321,100.0,True,6315595.0,101.34,Standard ($75-$150),1,False,Billboard / Pollstar Boxscores
CNC-1756,Ed Sheeran,÷ Tour,Pop / Singer-Songwriter,Global Mega-Superstar,2018-08-21,2018,8,August,Tuesday,False,Summer,San Francisco,United States,North America,Tier 2 Major Regional Market,37.7749,-122.4194,AT&T Park,Stadium,Snow Patrol Anne-Marie,1,38647,43094,89.68,False,4199073.0,108.65,Standard ($75-$150),1,False,Billboard / Pollstar Boxscores
CNC-1757,Ed Sheeran,÷ Tour,Pop / Singer-Songwriter,Global Mega-Superstar,2018-08-25,2018,8,August,Saturday,True,Summer,Seattle,United States,North America,Tier 2 Major Regional Market,47.6062,-122.3321,CenturyLink Field,Stadium,Snow Patrol Anne-Marie,1,55891,57354,97.45,False,4932401.0,88.25,Standard ($75-$150),1,False,Billboard / Pollstar Boxscores
CNC-1758,Ed Sheeran,÷ Tour,Pop / Singer-Songwriter,Global Mega-Superstar,2018-08-30,2018,8,August,Thursday,False,Summer,Toronto,Canada,North America,Tier 1 Global Mega-City,43.6532,-79.3832,Rogers Centre,Arena,Snow Patrol Anne-Marie,1,49230,49230,100.0,True,4229909.0,85.92,Standard ($75-$150),2,True,Billboard / Pollstar Boxscores
CNC-1759,Ed Sheeran,÷ Tour,Pop / Singer-Songwriter,Global Mega-Superstar,2018-08-31,2018,8,August,Friday,True,Summer,Toronto,Canada,North America,Tier 1 Global Mega-City,43.6532,-79.3832,Rogers Centre,Arena,Snow Patrol Anne-Marie,1,49230,51469,95.65,False,4229909.0,85.92,Standard ($75-$150),2,True,Billboard / Pollstar Boxscores
CNC-1760,Ed Sheeran,÷ Tour,Pop / Singer-Songwriter,Global Mega-Superstar,2018-09-06,2018,9,September,Thursday,False,Fall,St. Louis,United States,North America,Tier 2 Major Regional Market,38.0,-97.0,Busch Stadium,Stadium,Snow Patrol Anne-Marie,1,41522,48203,86.14,False,3726270.0,89.74,Standard ($75-$150),1,False,Billboard / Pollstar Boxscores
CNC-1761,Ed Sheeran,÷ Tour,Pop / Singer-Songwriter,Global Mega-Superstar,2018-09-08,2018,9,September,Saturday,True,Fall,Detroit,United States,North America,Tier 2 Major Regional Market,42.3314,-83.0458,Ford Field,Stadium,Snow Patrol Anne-Marie,1,47804,47804,100.0,True,4481289.0,93.74,Standard ($75-$150),1,False,Billboard / Pollstar Boxscores
CNC-1762,Ed Sheeran,÷ Tour,Pop / Singer-Songwriter,Global Mega-Superstar,2018-09-14,2018,9,September,Friday,True,Fall,Foxborough,United States,North America,Tier 2 Major Regional Market,42.0654,-71.2478,Gillette Stadium,Stadium,Snow Patrol Anne-Marie,1,55119,55119,100.0,True,4916274.5,89.19,Standard ($75-$150),2,True,Billboard / Pollstar Boxscores
CNC-1763,Ed Sheeran,÷ Tour,Pop / Singer-Songwriter,Global Mega-Superstar,2018-09-15,2018,9,September,Saturday,True,Fall,Foxborough,United States,North America,Tier 2 Major Regional Market,42.0654,-71.2478,Gillette Stadium,Stadium,Snow Patrol Anne-Marie,1,55119,55119,100.0,True,4916274.5,89.19,Standard ($75-$150),2,True,Billboard / Pollstar Boxscores
CNC-1764,Ed Sheeran,÷ Tour,Pop / Singer-Songwriter,Global Mega-Superstar,2018-09-21,2018,9,September,Friday,True,Fall,East Rutherford,United States,North America,Tier 1 Global Mega-City,40.8128,-74.0742,MetLife Stadium,Stadium,Snow Patrol Anne-Marie,1,53750,53750,100.0,True,5610103.5,104.37,Standard ($75-$150),2,True,Billboard / Pollstar Boxscores
CNC-1765,Ed Sheeran,÷ Tour,Pop / Singer-Songwriter,Global Mega-Superstar,2018-09-22,2018,9,September,Saturday,True,Fall,East Rutherford,United States,North America,Tier 1 Global Mega-City,40.8128,-74.0742,MetLife Stadium,Stadium,Snow Patrol Anne-Marie,1,53750,54096,99.36,True,5610103.5,104.37,Standard ($75-$150),2,True,Billboard / Pollstar Boxscores
CNC-1766,Ed Sheeran,÷ Tour,Pop / Singer-Songwriter,Global Mega-Superstar,2018-09-27,2018,9,September,Thursday,False,Fall,Philadelphia,United States,North America,Tier 2 Major Regional Market,39.9526,-75.1652,Lincoln Financial Field,Stadium,Snow Patrol Anne-Marie,1,54292,57924,93.73,False,5161682.0,95.07,Standard ($75-$150),1,False,Billboard / Pollstar Boxscores
CNC-1767,Ed Sheeran,÷ Tour,Pop / Singer-Songwriter,Global Mega-Superstar,2018-09-29,2018,9,September,Saturday,True,Fall,Pittsburgh,United States,North America,Tier 3 Emerging / Secondary Market,40.4406,-79.9959,PNC Park,Stadium,Snow Patrol Anne-Marie,1,41014,42568,96.35,False,4169873.0,101.67,Standard ($75-$150),1,False,Billboard / Pollstar Boxscores
CNC-1768,Ed Sheeran,÷ Tour,Pop / Singer-Songwriter,Global Mega-Superstar,2018-10-04,2018,10,October,Thursday,False,Fall,Chicago,United States,North America,Tier 1 Global Mega-City,41.8781,-87.6298,Soldier Field,Stadium,Snow Patrol Lauv,1,47263,47707,99.07,True,4339349.0,91.81,Standard ($75-$150),1,False,Billboard / Pollstar Boxscores
CNC-1769,Ed Sheeran,÷ Tour,Pop / Singer-Songwriter,Global Mega-Superstar,2018-10-06,2018,10,October,Saturday,True,Fall,Nashville,United States,North America,Tier 2 Major Regional Market,36.1627,-86.7816,Nissan Stadium,Stadium,Snow Patrol Lauv,1,45888,47464,96.68,False,3954931.0,86.19,Standard ($75-$150),1,False,Billboard / Pollstar Boxscores
CNC-1770,Ed Sheeran,÷ Tour,Pop / Singer-Songwriter,Global Mega-Superstar,2018-10-13,2018,10,October,Saturday,True,Fall,Kansas City,United States,North America,Tier 3 Emerging / Secondary Market,39.0997,-94.5786,Arrowhead Stadium,Stadium,Snow Patrol Lauv,1,51324,57987,88.51,False,4008747.0,78.11,Standard ($75-$150),1,False,Billboard / Pollstar Boxscores
CNC-1771,Ed Sheeran,÷ Tour,Pop / Singer-Songwriter,Global Mega-Superstar,2018-10-17,2018,10,October,Wednesday,False,Fall,Fargo,United States,North America,Tier 2 Major Regional Market,38.0,-97.0,Fargodome,Stadium,Snow Patrol Lauv,1,17761,20657,85.98,False,1766790.0,99.48,Standard ($75-$150),1,False,Billboard / Pollstar Boxscores
CNC-1772,Ed Sheeran,÷ Tour,Pop / Singer-Songwriter,Global Mega-Superstar,2018-10-20,2018,10,October,Saturday,True,Fall,Minneapolis,United States,North America,Tier 2 Major Regional Market,44.9778,-93.265,U.S. Bank Stadium,Stadium,Snow Patrol Lauv,1,49359,49577,99.56,True,4512421.0,91.42,Standard ($75-$150),1,False,Billboard / Pollstar Boxscores
CNC-1773,Ed Sheeran,÷ Tour,Pop / Singer-Songwriter,Global Mega-Superstar,2018-10-24,2018,10,October,Wednesday,False,Fall,Milwaukee,United States,North America,Tier 2 Major Regional Market,38.0,-97.0,Miller Park,Stadium,Snow Patrol,1,37288,42605,87.52,False,3390498.0,90.93,Standard ($75-$150),1,False,Billboard / Pollstar Boxscores
CNC-1774,Ed Sheeran,÷ Tour,Pop / Singer-Songwriter,Global Mega-Superstar,2018-10-27,2018,10,October,Saturday,True,Fall,Arlington,United States,North America,Tier 2 Major Regional Market,32.7357,-97.1081,AT&T Stadium,Stadium,Snow Patrol Lauv,1,46249,47121,98.15,True,4528560.0,97.92,Standard ($75-$150),1,False,Billboard / Pollstar Boxscores
CNC-1775,Ed Sheeran,÷ Tour,Pop / Singer-Songwriter,Global Mega-Superstar,2018-10-31,2018,10,October,Wednesday,False,Fall,New Orleans,United States,North America,Tier 2 Major Regional Market,29.9511,-90.0715,Mercedes-Benz Superdome,Stadium,Snow Patrol Lauv,1,42295,48648,86.94,False,2827815.0,66.86,Budget (<$75),1,False,Billboard / Pollstar Boxscores
CNC-1776,Ed Sheeran,÷ Tour,Pop / Singer-Songwriter,Global Mega-Superstar,2018-11-03,2018,11,November,Saturday,True,Fall,Houston,United States,North America,Tier 2 Major Regional Market,29.7604,-95.3698,Minute Maid Park,Stadium,Snow Patrol Lauv,1,39354,40777,96.51,False,3985595.0,101.28,Standard ($75-$150),1,False,Billboard / Pollstar Boxscores
CNC-1777,Ed Sheeran,÷ Tour,Pop / Singer-Songwriter,Global Mega-Superstar,2018-11-07,2018,11,November,Wednesday,False,Fall,Tampa,United States,North America,Tier 2 Major Regional Market,27.9506,-82.4572,Raymond James Stadium,Stadium,Snow Patrol Lauv,1,51120,57717,88.57,False,4197412.0,82.11,Standard ($75-$150),1,False,Billboard / Pollstar Boxscores
CNC-1778,Ed Sheeran,÷ Tour,Pop / Singer-Songwriter,Global Mega-Superstar,2018-11-09,2018,11,November,Friday,True,Fall,Atlanta,United States,North America,Tier 2 Major Regional Market,33.749,-84.388,Mercedes-Benz Stadium,Stadium,Snow Patrol Lauv,1,50906,51177,99.47,True,5021395.0,98.64,Standard ($75-$150),1,False,Billboard / Pollstar Boxscores
CNC-1779,Ed Sheeran,÷ Tour,Pop / Singer-Songwriter,Global Mega-Superstar,2019-02-13,2019,2,February,Wednesday,False,Summer,Sao Paulo,Brazil,Latin America,Tier 1 Global Mega-City,-23.5505,-46.6333,Allianz Parque,Arena,Passenger,1,81156,89133,91.05,False,6435571.0,79.3,Standard ($75-$150),2,True,Billboard / Pollstar Boxscores
CNC-1780,Ed Sheeran,÷ Tour,Pop / Singer-Songwriter,Global Mega-Superstar,2019-02-14,2019,2,February,Thursday,False,Summer,Sao Paulo,Brazil,Latin America,Tier 1 Global Mega-City,-23.5505,-46.6333,Allianz Parque,Arena,Passenger,1,81156,82409,98.48,True,6435571.0,79.3,Standard ($75-$150),2,True,Billboard / Pollstar Boxscores
CNC-1781,Ed Sheeran,÷ Tour,Pop / Singer-Songwriter,Global Mega-Superstar,2019-02-17,2019,2,February,Sunday,True,Summer,Porto Alegre,Brazil,Latin America,Tier 2 Major Regional Market,-15.0,-60.0,Arena do Grêmio,Arena,Passenger,1,38635,39925,96.77,False,3103947.0,80.34,Standard ($75-$150),1,False,Billboard / Pollstar Boxscores
CNC-1782,Ed Sheeran,÷ Tour,Pop / Singer-Songwriter,Global Mega-Superstar,2019-02-20,2019,2,February,Wednesday,False,Summer,Montevideo,Uruguay,Latin America,Tier 2 Major Regional Market,-15.0,-60.0,Estadio Centenario,Stadium,Passenger,1,20779,23791,87.34,False,1887584.0,90.84,Standard ($75-$150),1,False,Billboard / Pollstar Boxscores
CNC-1783,Ed Sheeran,÷ Tour,Pop / Singer-Songwriter,Global Mega-Superstar,2019-02-23,2019,2,February,Saturday,True,Summer,Buenos Aires,Argentina,Latin America,Tier 1 Global Mega-City,-34.6037,-58.3816,Campo Argentino de Polo,Arena,Passenger,1,40130,40130,100.0,True,2516252.0,62.7,Budget (<$75),1,False,Billboard / Pollstar Boxscores
CNC-1784,Ed Sheeran,÷ Tour,Pop / Singer-Songwriter,Global Mega-Superstar,2019-03-23,2019,3,March,Saturday,True,Autumn,Johannesburg,South Africa,Africa,Tier 2 Major Regional Market,-26.2041,28.0473,FNB Stadium,Stadium,Passenger Shekhinah,1,64488,65089,99.08,True,3860877.5,59.87,Budget (<$75),2,True,Billboard / Pollstar Boxscores
CNC-1785,Ed Sheeran,÷ Tour,Pop / Singer-Songwriter,Global Mega-Superstar,2019-03-24,2019,3,March,Sunday,True,Autumn,Johannesburg,South Africa,Africa,Tier 2 Major Regional Market,-26.2041,28.0473,FNB Stadium,Stadium,Passenger Shekhinah,1,64488,65089,99.08,True,3860877.5,59.87,Budget (<$75),2,True,Billboard / Pollstar Boxscores
CNC-1786,Ed Sheeran,÷ Tour,Pop / Singer-Songwriter,Global Mega-Superstar,2019-03-27,2019,3,March,Wednesday,False,Autumn,Cape Town,South Africa,Africa,Tier 2 Major Regional Market,-33.9249,18.4241,Cape Town Stadium,Stadium,Passenger Shekhinah,1,48458,49132,98.63,True,2687564.5,55.46,Budget (<$75),2,True,Billboard / Pollstar Boxscores
CNC-1787,Ed Sheeran,÷ Tour,Pop / Singer-Songwriter,Global Mega-Superstar,2019-03-28,2019,3,March,Thursday,False,Autumn,Cape Town,South Africa,Africa,Tier 2 Major Regional Market,-33.9249,18.4241,Cape Town Stadium,Stadium,Passenger Shekhinah,1,48458,49132,98.63,True,2687564.5,55.46,Budget (<$75),2,True,Billboard / Pollstar Boxscores
CNC-1788,Ed Sheeran,÷ Tour,Pop / Singer-Songwriter,Global Mega-Superstar,2019-04-04,2019,4,April,Thursday,False,Spring,Taoyuan,Taiwan,Asia,Tier 2 Major Regional Market,25.0,100.0,Taoyuan City Stadium,Stadium,One Ok Rock,1,28136,30411,92.52,False,3209967.0,114.09,Standard ($75-$150),1,False,Billboard / Pollstar Boxscores
CNC-1789,Ed Sheeran,÷ Tour,Pop / Singer-Songwriter,Global Mega-Superstar,2019-04-09,2019,4,April,Tuesday,False,Spring,Tokyo,Japan,Asia,Tier 1 Global Mega-City,35.6762,139.6503,Tokyo Dome,Stadium,One Ok Rock,1,47454,52540,90.32,False,6125211.0,129.08,Standard ($75-$150),1,False,Billboard / Pollstar Boxscores
CNC-1790,Ed Sheeran,÷ Tour,Pop / Singer-Songwriter,Global Mega-Superstar,2019-04-13,2019,4,April,Saturday,True,Spring,Kuala Lumpur,Malaysia,Asia,Tier 2 Major Regional Market,3.139,101.6869,Bukit Jalil National Stadium,Stadium,One Ok Rock,1,40351,43743,92.25,False,2896413.0,71.78,Budget (<$75),1,False,Billboard / Pollstar Boxscores
CNC-1791,Ed Sheeran,÷ Tour,Pop / Singer-Songwriter,Global Mega-Superstar,2019-04-17,2019,4,April,Wednesday,False,Spring,Hong Kong,Hong Kong,North America,Tier 3 Emerging / Secondary Market,38.0,-97.0,Hong Kong Disneyland,Arena,One Ok Rock,1,20294,25453,79.73,False,2850290.0,140.45,Standard ($75-$150),1,False,Billboard / Pollstar Boxscores
CNC-1792,Ed Sheeran,÷ Tour,Pop / Singer-Songwriter,Global Mega-Superstar,2019-04-21,2019,4,April,Sunday,True,Spring,Incheon,South Korea,Asia,Tier 2 Major Regional Market,25.0,100.0,Songdo Moonlight Festival Park,Stadium,One Ok Rock,1,24910,26438,94.22,False,2657726.0,106.69,Standard ($75-$150),1,False,Billboard / Pollstar Boxscores
CNC-1793,Ed Sheeran,÷ Tour,Pop / Singer-Songwriter,Global Mega-Superstar,2019-04-23,2019,4,April,Tuesday,False,Spring,Osaka,Japan,Asia,Tier 2 Major Regional Market,34.6937,135.5023,Kyocera Dome,Stadium,One Ok Rock,1,37790,42437,89.05,False,4902433.0,129.73,Standard ($75-$150),1,False,Billboard / Pollstar Boxscores
CNC-1794,Ed Sheeran,÷ Tour,Pop / Singer-Songwriter,Global Mega-Superstar,2019-04-26,2019,4,April,Friday,True,Spring,Singapore,Singapore,Asia,Tier 1 Global Mega-City,1.3521,103.8198,Singapore National Stadium,Stadium,One Ok Rock,1,49810,49810,100.0,True,5595968.0,112.35,Standard ($75-$150),1,False,Billboard / Pollstar Boxscores
CNC-1795,Ed Sheeran,÷ Tour,Pop / Singer-Songwriter,Global Mega-Superstar,2019-04-28,2019,4,April,Sunday,True,Spring,Bangkok,Thailand,Asia,Tier 1 Global Mega-City,13.7563,100.5018,Rajamangala Stadium,Stadium,One Ok Rock,1,29119,32691,89.07,False,3586298.0,123.16,Standard ($75-$150),1,False,Billboard / Pollstar Boxscores
CNC-1796,Ed Sheeran,÷ Tour,Pop / Singer-Songwriter,Global Mega-Superstar,2019-05-03,2019,5,May,Friday,True,Spring,Jakarta,Indonesia,Asia,Tier 1 Global Mega-City,-6.2088,106.8456,Gelora Bung Karno Stadium,Stadium,One Ok Rock,1,48959,52060,94.04,False,4754628.0,97.11,Standard ($75-$150),1,False,Billboard / Pollstar Boxscores
CNC-1797,Ed Sheeran,÷ Tour,Pop / Singer-Songwriter,Global Mega-Superstar,2019-05-24,2019,5,May,Friday,True,Spring,Lyon,France,Europe,Tier 2 Major Regional Market,45.764,4.8357,Groupama Stadium,Stadium,James Bay Zara Larsson,1,52357,54187,96.62,False,3888566.33,74.27,Budget (<$75),3,True,Billboard / Pollstar Boxscores
CNC-1798,Ed Sheeran,÷ Tour,Pop / Singer-Songwriter,Global Mega-Superstar,2019-05-25,2019,5,May,Saturday,True,Spring,Lyon,France,Europe,Tier 2 Major Regional Market,45.764,4.8357,Groupama Stadium,Stadium,James Bay Zara Larsson,1,52357,54187,96.62,False,3888566.33,74.27,Budget (<$75),3,True,Billboard / Pollstar Boxscores
CNC-1799,Ed Sheeran,÷ Tour,Pop / Singer-Songwriter,Global Mega-Superstar,2019-05-26,2019,5,May,Sunday,True,Spring,Lyon,France,Europe,Tier 2 Major Regional Market,45.764,4.8357,Groupama Stadium,Stadium,James Bay Zara Larsson,1,52357,54187,96.62,False,3888566.33,74.27,Budget (<$75),3,True,Billboard / Pollstar Boxscores
CNC-1800,Ed Sheeran,÷ Tour,Pop / Singer-Songwriter,Global Mega-Superstar,2019-05-29,2019,5,May,Wednesday,False,Spring,Bordeaux,France,Europe,Tier 2 Major Regional Market,50.0,10.0,Matmut Atlantique,Arena,James Bay Zara Larsson,1,41449,41716,99.36,True,3117590.0,75.22,Standard ($75-$150),1,False,Billboard / Pollstar Boxscores
CNC-1801,Ed Sheeran,÷ Tour,Pop / Singer-Songwriter,Global Mega-Superstar,2019-06-01,2019,6,June,Saturday,True,Summer,Lisbon,Portugal,Europe,Tier 2 Major Regional Market,38.7223,-9.1393,Estádio da Luz,Arena,James Bay Zara Larsson Ben Kweller,1,59042,59042,100.0,True,4464984.5,75.62,Standard ($75-$150),2,True,Billboard / Pollstar Boxscores
CNC-1802,Ed Sheeran,÷ Tour,Pop / Singer-Songwriter,Global Mega-Superstar,2019-06-02,2019,6,June,Sunday,True,Summer,Lisbon,Portugal,Europe,Tier 2 Major Regional Market,38.7223,-9.1393,Estádio da Luz,Arena,James Bay Zara Larsson Ben Kweller,1,59042,68902,85.69,False,4464984.5,75.62,Standard ($75-$150),2,True,Billboard / Pollstar Boxscores
CNC-1803,Ed Sheeran,÷ Tour,Pop / Singer-Songwriter,Global Mega-Superstar,2019-06-07,2019,6,June,Friday,True,Summer,Barcelona,Spain,Europe,Tier 2 Major Regional Market,41.3879,2.1699,Estadi Olímpic Lluís Companys,Arena,James Bay Zara Larsson,1,54658,58314,93.73,False,4126519.0,75.5,Standard ($75-$150),1,False,Billboard / Pollstar Boxscores
CNC-1804,Ed Sheeran,÷ Tour,Pop / Singer-Songwriter,Global Mega-Superstar,2019-06-11,2019,6,June,Tuesday,False,Summer,Madrid,Spain,Europe,Tier 1 Global Mega-City,40.4168,-3.7038,Wanda Metropolitano,Arena,James Bay Zara Larsson,1,51944,57876,89.75,False,3793349.0,73.03,Budget (<$75),1,False,Billboard / Pollstar Boxscores
CNC-1805,Ed Sheeran,÷ Tour,Pop / Singer-Songwriter,Global Mega-Superstar,2019-06-16,2019,6,June,Sunday,True,Summer,Rome,Italy,Europe,Tier 1 Global Mega-City,41.9028,12.4964,Stadio Olimpico,Arena,James Bay Zara Larsson,1,58959,62147,94.87,False,4549349.0,77.16,Standard ($75-$150),1,False,Billboard / Pollstar Boxscores
CNC-1806,Ed Sheeran,÷ Tour,Pop / Singer-Songwriter,Global Mega-Superstar,2019-06-19,2019,6,June,Wednesday,False,Summer,Milan,Italy,Europe,Tier 2 Major Regional Market,45.4642,9.19,Stadio Giuseppe Meazza,Arena,James Bay Zara Larsson,1,54892,66495,82.55,False,4020920.0,73.25,Budget (<$75),1,False,Billboard / Pollstar Boxscores
CNC-1807,Ed Sheeran,÷ Tour,Pop / Singer-Songwriter,Global Mega-Superstar,2019-06-22,2019,6,June,Saturday,True,Summer,Hockenheim,Germany,Europe,Tier 2 Major Regional Market,50.0,10.0,Hockenheimring,Arena,James Bay Zara Larsson,1,95560,101444,94.2,False,8144819.5,85.23,Standard ($75-$150),2,True,Billboard / Pollstar Boxscores
CNC-1808,Ed Sheeran,÷ Tour,Pop / Singer-Songwriter,Global Mega-Superstar,2019-06-23,2019,6,June,Sunday,True,Summer,Hockenheim,Germany,Europe,Tier 2 Major Regional Market,50.0,10.0,Hockenheimring,Arena,James Bay Zara Larsson,1,95560,101444,94.2,False,8144819.5,85.23,Standard ($75-$150),2,True,Billboard / Pollstar Boxscores
CNC-1809,Ed Sheeran,÷ Tour,Pop / Singer-Songwriter,Global Mega-Superstar,2019-06-28,2019,6,June,Friday,True,Summer,Klagenfurt,Austria,Europe,Tier 2 Major Regional Market,50.0,10.0,Wörthersee Stadion,Stadium,James Bay Zara Larsson,1,67535,69217,97.57,False,6279570.0,92.98,Standard ($75-$150),2,True,Billboard / Pollstar Boxscores
CNC-1810,Ed Sheeran,÷ Tour,Pop / Singer-Songwriter,Global Mega-Superstar,2019-06-29,2019,6,June,Saturday,True,Summer,Klagenfurt,Austria,Europe,Tier 2 Major Regional Market,50.0,10.0,Wörthersee Stadion,Stadium,James Bay Zara Larsson,1,67535,70210,96.19,False,6279570.0,92.98,Standard ($75-$150),2,True,Billboard / Pollstar Boxscores
CNC-1811,Ed Sheeran,÷ Tour,Pop / Singer-Songwriter,Global Mega-Superstar,2019-07-03,2019,7,July,Wednesday,False,Summer,Bucharest,Romania,North America,Tier 3 Emerging / Secondary Market,38.0,-97.0,Arena Națională,Arena,James Bay Zara Larsson,1,47166,48106,98.05,True,2942900.0,62.39,Budget (<$75),1,False,Billboard / Pollstar Boxscores
CNC-1812,Ed Sheeran,÷ Tour,Pop / Singer-Songwriter,Global Mega-Superstar,2019-07-07,2019,7,July,Sunday,True,Summer,Prague,Czechia,Europe,Tier 2 Major Regional Market,50.0,10.0,Letňany,Arena,James Bay Zara Larsson,1,71018,78990,89.91,False,5709973.0,80.4,Standard ($75-$150),2,True,Billboard / Pollstar Boxscores
CNC-1813,Ed Sheeran,÷ Tour,Pop / Singer-Songwriter,Global Mega-Superstar,2019-07-08,2019,7,July,Monday,False,Summer,Prague,Czechia,Europe,Tier 2 Major Regional Market,50.0,10.0,Letňany,Arena,James Bay Zara Larsson,1,71018,78990,89.91,False,5709973.0,80.4,Standard ($75-$150),2,True,Billboard / Pollstar Boxscores
CNC-1814,Ed Sheeran,÷ Tour,Pop / Singer-Songwriter,Global Mega-Superstar,2019-07-12,2019,7,July,Friday,True,Summer,Riga,Latvia,North America,Tier 3 Emerging / Secondary Market,38.0,-97.0,Lucavsala Park,Stadium,James Bay Zara Larsson,1,50437,63550,79.37,False,3982564.0,78.96,Standard ($75-$150),1,False,Billboard / Pollstar Boxscores
CNC-1815,Ed Sheeran,÷ Tour,Pop / Singer-Songwriter,Global Mega-Superstar,2019-07-19,2019,7,July,Friday,True,Summer,Moscow,Russia,North America,Tier 3 Emerging / Secondary Market,38.0,-97.0,Otkritie Arena,Arena,James Bay Zara Larsson,1,39841,41857,95.18,False,3585231.0,89.99,Standard ($75-$150),1,False,Billboard / Pollstar Boxscores
CNC-1816,Ed Sheeran,÷ Tour,Pop / Singer-Songwriter,Global Mega-Superstar,2019-07-23,2019,7,July,Tuesday,False,Summer,Helsinki,Finland,Europe,Tier 2 Major Regional Market,60.1699,24.9384,Malmi Airport,Arena,James Bay Zara Larsson,1,54000,59108,91.36,False,4740853.5,87.79,Standard ($75-$150),2,True,Billboard / Pollstar Boxscores
CNC-1817,Ed Sheeran,÷ Tour,Pop / Singer-Songwriter,Global Mega-Superstar,2019-07-24,2019,7,July,Wednesday,False,Summer,Helsinki,Finland,Europe,Tier 2 Major Regional Market,60.1699,24.9384,Malmi Airport,Arena,James Bay Zara Larsson,1,54000,59108,91.36,False,4740853.5,87.79,Standard ($75-$150),2,True,Billboard / Pollstar Boxscores
CNC-1818,Ed Sheeran,÷ Tour,Pop / Singer-Songwriter,Global Mega-Superstar,2019-07-27,2019,7,July,Saturday,True,Summer,Odense,Denmark,Europe,Tier 2 Major Regional Market,50.0,10.0,Tusindårsskoven,Arena,James Bay Zara Larsson,1,87401,90058,97.05,False,8848720.0,101.24,Standard ($75-$150),2,True,Billboard / Pollstar Boxscores
CNC-1819,Ed Sheeran,÷ Tour,Pop / Singer-Songwriter,Global Mega-Superstar,2019-07-28,2019,7,July,Sunday,True,Summer,Odense,Denmark,Europe,Tier 2 Major Regional Market,50.0,10.0,Tusindårsskoven,Arena,James Bay Zara Larsson,1,87401,96640,90.44,False,8848720.0,101.24,Standard ($75-$150),2,True,Billboard / Pollstar Boxscores
CNC-1820,Ed Sheeran,÷ Tour,Pop / Singer-Songwriter,Global Mega-Superstar,2019-08-02,2019,8,August,Friday,True,Summer,Hanover,Germany,Europe,Tier 2 Major Regional Market,50.0,10.0,Messegelände,Arena,James Bay Zara Larsson,1,65769,74360,88.45,False,6280216.0,95.49,Standard ($75-$150),2,True,Billboard / Pollstar Boxscores
CNC-1821,Ed Sheeran,÷ Tour,Pop / Singer-Songwriter,Global Mega-Superstar,2019-08-03,2019,8,August,Saturday,True,Summer,Hanover,Germany,Europe,Tier 2 Major Regional Market,50.0,10.0,Messegelände,Arena,James Bay Zara Larsson,1,65769,74360,88.45,False,6280216.0,95.49,Standard ($75-$150),2,True,Billboard / Pollstar Boxscores
CNC-1822,Ed Sheeran,÷ Tour,Pop / Singer-Songwriter,Global Mega-Superstar,2019-08-10,2019,8,August,Saturday,True,Summer,Reykjavik,Iceland,North America,Tier 3 Emerging / Secondary Market,38.0,-97.0,Laugardalsvöllur,Arena,James Bay Zara Larsson,1,43830,56642,77.38,False,7180912.0,163.84,Premium ($150-$250),2,True,Billboard / Pollstar Boxscores
CNC-1823,Ed Sheeran,÷ Tour,Pop / Singer-Songwriter,Global Mega-Superstar,2019-08-11,2019,8,August,Sunday,True,Summer,Reykjavik,Iceland,North America,Tier 3 Emerging / Secondary Market,38.0,-97.0,Laugardalsvöllur,Arena,James Bay Zara Larsson,1,43830,56642,77.38,False,7180912.0,163.84,Premium ($150-$250),2,True,Billboard / Pollstar Boxscores
CNC-1824,Ed Sheeran,÷ Tour,Pop / Singer-Songwriter,Global Mega-Superstar,2019-08-16,2019,8,August,Friday,True,Summer,Leeds,England,Europe,Tier 2 Major Regional Market,50.0,10.0,Roundhay Park,Stadium,The Darkness Lewis Capaldi,1,68179,70000,97.4,False,6202624.5,90.98,Standard ($75-$150),2,True,Billboard / Pollstar Boxscores
CNC-1825,Ed Sheeran,÷ Tour,Pop / Singer-Songwriter,Global Mega-Superstar,2019-08-17,2019,8,August,Saturday,True,Summer,Leeds,England,Europe,Tier 2 Major Regional Market,50.0,10.0,Roundhay Park,Stadium,The Darkness Lewis Capaldi,1,68179,70000,97.4,False,6202624.5,90.98,Standard ($75-$150),2,True,Billboard / Pollstar Boxscores
CNC-1826,Ed Sheeran,÷ Tour,Pop / Singer-Songwriter,Global Mega-Superstar,2019-08-23,2019,8,August,Friday,True,Summer,Ipswich,England,Europe,Tier 2 Major Regional Market,50.0,10.0,Chantry Park,Stadium,The Darkness Passenger,1,34996,45387,77.11,False,3228303.0,92.25,Standard ($75-$150),4,True,Billboard / Pollstar Boxscores
CNC-1827,Ed Sheeran,÷ Tour,Pop / Singer-Songwriter,Global Mega-Superstar,2019-08-24,2019,8,August,Saturday,True,Summer,Ipswich,England,Europe,Tier 2 Major Regional Market,50.0,10.0,Chantry Park,Stadium,The Darkness Passenger,1,34996,45387,77.11,False,3228303.0,92.25,Standard ($75-$150),4,True,Billboard / Pollstar Boxscores
CNC-1828,Ed Sheeran,÷ Tour,Pop / Singer-Songwriter,Global Mega-Superstar,2019-08-25,2019,8,August,Sunday,True,Summer,Ipswich,England,Europe,Tier 2 Major Regional Market,50.0,10.0,Chantry Park,Stadium,The Darkness Lewis Capaldi,1,34996,45387,77.11,False,3228303.0,92.25,Standard ($75-$150),4,True,Billboard / Pollstar Boxscores
CNC-1829,Ed Sheeran,÷ Tour,Pop / Singer-Songwriter,Global Mega-Superstar,2019-08-26,2019,8,August,Monday,False,Summer,Ipswich,England,Europe,Tier 2 Major Regional Market,50.0,10.0,Chantry Park,Stadium,The Darkness Lewis Capaldi,1,34996,45387,77.11,False,3228303.0,92.25,Standard ($75-$150),4,True,Billboard / Pollstar Boxscores
CNC-1830,Clairo,Clairo — 2018 Tour,Indie Pop,Emerging Artist,2018-07-05,2018,7,July,Thursday,False,Summer,New York,United States,North America,Tier 1 Global Mega-City,40.7128,-74.006,New York Music Hall,Club / Theater,Opener 1,2,745,1085,68.68,False,12381.9,16.62,Budget (<$75),1,False,Synthetic (Industry Model)
CNC-1831,Clairo,Clairo — 2018 Tour,Indie Pop,Emerging Artist,2018-07-10,2018,7,July,Tuesday,False,Summer,Miami,United States,North America,Tier 2 Major Regional Market,25.7617,-80.1918,Miami Music Hall,Club / Theater,Opener 2,2,1367,2186,62.55,False,59901.94,43.82,Budget (<$75),1,False,Synthetic (Industry Model)
CNC-1832,Clairo,Clairo — 2018 Tour,Indie Pop,Emerging Artist,2018-07-09,2018,7,July,Monday,False,Summer,Seattle,United States,North America,Tier 2 Major Regional Market,47.6062,-122.3321,Seattle Music Hall,Club / Theater,nan,0,1012,1444,70.1,False,18438.64,18.22,Budget (<$75),1,False,Synthetic (Industry Model)
CNC-1833,Clairo,Clairo — 2018 Tour,Indie Pop,Emerging Artist,2018-07-20,2018,7,July,Friday,True,Summer,Dublin,Ireland,Europe,Tier 2 Major Regional Market,53.3498,-6.2603,Dublin Arena,Arena,Opener 1,2,1967,3155,62.36,False,86075.92,43.76,Budget (<$75),1,False,Synthetic (Industry Model)
CNC-1834,Clairo,Clairo — 2018 Tour,Indie Pop,Emerging Artist,2018-07-13,2018,7,July,Friday,True,Summer,Amsterdam,Netherlands,Europe,Tier 1 Global Mega-City,52.3676,4.9041,Amsterdam Music Hall,Club / Theater,nan,0,1768,2442,72.41,False,56770.48,32.11,Budget (<$75),1,False,Synthetic (Industry Model)
CNC-1835,Clairo,Clairo — 2018 Tour,Indie Pop,Emerging Artist,2018-07-25,2018,7,July,Wednesday,False,Summer,Warsaw,Poland,Europe,Tier 3 Emerging / Secondary Market,52.2297,21.0122,Warsaw Music Hall,Club / Theater,Opener 3,1,840,2401,35.0,False,37573.2,44.73,Budget (<$75),1,False,Synthetic (Industry Model)
CNC-1836,Clairo,Clairo — 2018 Tour,Indie Pop,Emerging Artist,2018-07-29,2018,7,July,Sunday,True,Summer,Chicago,United States,North America,Tier 1 Global Mega-City,41.8781,-87.6298,Chicago Arena,Arena,Opener 1,1,2085,3301,63.16,False,118448.85,56.81,Budget (<$75),1,False,Synthetic (Industry Model)
CNC-1837,Clairo,Clairo — 2018 Tour,Indie Pop,Emerging Artist,2018-07-26,2018,7,July,Thursday,False,Summer,Kansas City,United States,North America,Tier 3 Emerging / Secondary Market,39.0997,-94.5786,Kansas City Music Hall,Club / Theater,Opener 2,1,1163,2545,45.69,False,38518.56,33.12,Budget (<$75),1,False,Synthetic (Industry Model)
CNC-1838,Clairo,Clairo — 2018 Tour,Indie Pop,Emerging Artist,2018-07-21,2018,7,July,Saturday,True,Summer,New York,United States,North America,Tier 1 Global Mega-City,40.7128,-74.006,New York Music Hall,Club / Theater,Opener 3,1,832,1094,76.07,False,14443.52,17.36,Budget (<$75),2,True,Synthetic (Industry Model)
CNC-1839,Clairo,Clairo — 2018 Tour,Indie Pop,Emerging Artist,2018-07-23,2018,7,July,Monday,False,Summer,Seattle,United States,North America,Tier 2 Major Regional Market,47.6062,-122.3321,Seattle Arena,Arena,Opener 1,2,2572,3547,72.52,False,128419.96,49.93,Budget (<$75),2,True,Synthetic (Industry Model)
CNC-1840,Clairo,Clairo — 2018 Tour,Indie Pop,Emerging Artist,2018-08-04,2018,8,August,Saturday,True,Summer,Columbus,United States,North America,Tier 3 Emerging / Secondary Market,39.9612,-82.9988,Columbus Music Hall,Club / Theater,Opener 2,2,840,1328,63.22,False,18480.0,22.0,Budget (<$75),1,False,Synthetic (Industry Model)
CNC-1841,Clairo,Clairo — 2018 Tour,Indie Pop,Emerging Artist,2018-08-18,2018,8,August,Saturday,True,Summer,New York,United States,North America,Tier 1 Global Mega-City,40.7128,-74.006,New York Music Hall,Club / Theater,Opener 3,2,899,1017,88.41,False,20677.0,23.0,Budget (<$75),3,True,Synthetic (Industry Model)
CNC-1842,Clairo,Clairo — 2018 Tour,Indie Pop,Emerging Artist,2018-07-29,2018,7,July,Sunday,True,Summer,Seattle,United States,North America,Tier 2 Major Regional Market,47.6062,-122.3321,Seattle Music Hall,Club / Theater,Opener 1,2,2298,2970,77.39,False,95504.88,41.56,Budget (<$75),3,True,Synthetic (Industry Model)
CNC-1843,Clairo,Clairo — 2018 Tour,Indie Pop,Emerging Artist,2018-08-13,2018,8,August,Monday,False,Summer,Amsterdam,Netherlands,Europe,Tier 1 Global Mega-City,52.3676,4.9041,Amsterdam Music Hall,Club / Theater,Opener 2,1,1198,1964,61.0,False,44242.14,36.93,Budget (<$75),2,True,Synthetic (Industry Model)
CNC-1844,Clairo,Clairo — 2018 Tour,Indie Pop,Emerging Artist,2018-08-02,2018,8,August,Thursday,False,Summer,Richmond,United States,North America,Tier 3 Emerging / Secondary Market,37.5407,-77.436,Richmond Music Hall,Club / Theater,nan,0,1633,2549,64.08,False,71002.84,43.48,Budget (<$75),1,False,Synthetic (Industry Model)
CNC-1845,Clairo,Clairo — 2018 Tour,Indie Pop,Emerging Artist,2018-09-18,2018,9,September,Tuesday,False,Fall,Seattle,United States,North America,Tier 2 Major Regional Market,47.6062,-122.3321,Seattle Arena,Arena,Opener 1,2,1910,3753,50.89,False,93972.0,49.2,Budget (<$75),4,True,Synthetic (Industry Model)
CNC-1846,Clairo,Clairo — 2018 Tour,Indie Pop,Emerging Artist,2018-09-07,2018,9,September,Friday,True,Fall,Paris,France,Europe,Tier 1 Global Mega-City,48.8566,2.3522,Paris Music Hall,Club / Theater,nan,0,1165,2115,55.06,False,33843.25,29.05,Budget (<$75),1,False,Synthetic (Industry Model)
CNC-1847,Clairo,Clairo — 2018 Tour,Indie Pop,Emerging Artist,2018-09-28,2018,9,September,Friday,True,Fall,Copenhagen,Denmark,Europe,Tier 2 Major Regional Market,55.6761,12.5683,Copenhagen Music Hall,Club / Theater,Opener 3,1,836,1044,80.07,False,28047.8,33.55,Budget (<$75),1,False,Synthetic (Industry Model)
CNC-1848,Clairo,Clairo — 2018 Tour,Indie Pop,Emerging Artist,2018-09-15,2018,9,September,Saturday,True,Fall,New York,United States,North America,Tier 1 Global Mega-City,40.7128,-74.006,New York Music Hall,Club / Theater,nan,0,1531,2281,67.11,False,46772.05,30.55,Budget (<$75),4,True,Synthetic (Industry Model)
CNC-1849,Clairo,Clairo — 2018 Tour,Indie Pop,Emerging Artist,2018-08-31,2018,8,August,Friday,True,Summer,Stockholm,Sweden,Europe,Tier 2 Major Regional Market,59.3293,18.0686,Stockholm Music Hall,Club / Theater,nan,0,1310,1856,70.56,False,49897.9,38.09,Budget (<$75),1,False,Synthetic (Industry Model)
CNC-1850,Clairo,Clairo — 2018 Tour,Indie Pop,Emerging Artist,2018-09-23,2018,9,September,Sunday,True,Fall,Manchester,United Kingdom,Europe,Tier 2 Major Regional Market,53.4808,-2.2426,Manchester Arena,Arena,Opener 3,1,2031,3809,53.32,False,116538.78,57.38,Budget (<$75),1,False,Synthetic (Industry Model)
CNC-1851,Clairo,Clairo — 2018 Tour,Indie Pop,Emerging Artist,2018-09-27,2018,9,September,Thursday,False,Fall,Denver,United States,North America,Tier 2 Major Regional Market,39.7392,-104.9903,Denver Arena,Arena,Opener 1,2,1725,3257,52.96,False,84870.0,49.2,Budget (<$75),1,False,Synthetic (Industry Model)
CNC-1852,Clairo,Clairo — 2018 Tour,Indie Pop,Emerging Artist,2018-09-09,2018,9,September,Sunday,True,Fall,Atlanta,United States,North America,Tier 2 Major Regional Market,33.749,-84.388,Atlanta Arena,Arena,Opener 2,1,2438,3494,69.79,False,125630.14,51.53,Budget (<$75),1,False,Synthetic (Industry Model)
CNC-1853,Clairo,Clairo — 2018 Tour,Indie Pop,Emerging Artist,2018-10-05,2018,10,October,Friday,True,Fall,Barcelona,Spain,Europe,Tier 2 Major Regional Market,41.3851,2.1734,Barcelona Music Hall,Club / Theater,Opener 3,2,1086,1566,69.34,False,34415.34,31.69,Budget (<$75),1,False,Synthetic (Industry Model)
CNC-1854,Clairo,Clairo — 2018 Tour,Indie Pop,Emerging Artist,2018-08-22,2018,8,August,Wednesday,False,Summer,Denver,United States,North America,Tier 2 Major Regional Market,39.7392,-104.9903,Denver Arena,Arena,nan,0,1979,3465,57.11,False,98989.58,50.02,Budget (<$75),2,True,Synthetic (Industry Model)
CNC-1855,Clairo,Clairo — 2018 Tour,Indie Pop,Emerging Artist,2018-09-18,2018,9,September,Tuesday,False,Fall,Chicago,United States,North America,Tier 1 Global Mega-City,41.8781,-87.6298,Chicago Arena,Arena,Opener 2,2,1841,3350,54.95,False,98217.35,53.35,Budget (<$75),2,True,Synthetic (Industry Model)
CNC-1856,Clairo,Clairo — 2018 Tour,Indie Pop,Emerging Artist,2018-09-21,2018,9,September,Friday,True,Fall,Chicago,United States,North America,Tier 1 Global Mega-City,41.8781,-87.6298,Chicago Music Hall,Club / Theater,Opener 3,2,1624,2309,70.33,False,56840.0,35.0,Budget (<$75),3,True,Synthetic (Industry Model)
CNC-1857,Clairo,Clairo — 2018 Tour,Indie Pop,Emerging Artist,2018-09-24,2018,9,September,Monday,False,Fall,Oslo,Norway,Europe,Tier 2 Major Regional Market,59.9139,10.7522,Oslo Music Hall,Club / Theater,Opener 1,1,1092,2578,42.36,False,38460.24,35.22,Budget (<$75),1,False,Synthetic (Industry Model)
CNC-1858,Phoebe Bridgers,Phoebe Bridgers — 2023 Tour,Indie Folk,Emerging Artist,2023-06-06,2023,6,June,Tuesday,False,Summer,Nashville,United States,North America,Tier 2 Major Regional Market,36.1627,-86.7816,Nashville Music Hall,Club / Theater,nan,0,865,1341,64.48,False,35750.45,41.33,Budget (<$75),1,False,Synthetic (Industry Model)
CNC-1859,Phoebe Bridgers,Phoebe Bridgers — 2023 Tour,Indie Folk,Emerging Artist,2023-06-09,2023,6,June,Friday,True,Summer,Madrid,Spain,Europe,Tier 2 Major Regional Market,40.4168,-3.7038,Madrid Music Hall,Club / Theater,Opener 2,2,2150,2870,74.91,False,111821.5,52.01,Budget (<$75),1,False,Synthetic (Industry Model)
CNC-1860,Phoebe Bridgers,Phoebe Bridgers — 2023 Tour,Indie Folk,Emerging Artist,2023-06-16,2023,6,June,Friday,True,Summer,Berlin,Germany,Europe,Tier 1 Global Mega-City,52.52,13.405,Berlin Arena,Arena,Opener 3,1,3608,4450,81.08,False,205547.76,56.97,Budget (<$75),1,False,Synthetic (Industry Model)
CNC-1861,Phoebe Bridgers,Phoebe Bridgers — 2023 Tour,Indie Folk,Emerging Artist,2023-06-12,2023,6,June,Monday,False,Summer,London,United Kingdom,Europe,Tier 1 Global Mega-City,51.5074,-0.1278,London Arena,Arena,Opener 1,1,2558,3384,75.6,False,138029.68,53.96,Budget (<$75),1,False,Synthetic (Industry Model)
CNC-1862,Phoebe Bridgers,Phoebe Bridgers — 2023 Tour,Indie Folk,Emerging Artist,2023-06-14,2023,6,June,Wednesday,False,Summer,Manchester,United Kingdom,Europe,Tier 2 Major Regional Market,53.4808,-2.2426,Manchester Music Hall,Club / Theater,Opener 2,1,1204,1544,78.0,False,45390.8,37.7,Budget (<$75),1,False,Synthetic (Industry Model)
CNC-1863,Phoebe Bridgers,Phoebe Bridgers — 2023 Tour,Indie Folk,Emerging Artist,2023-06-16,2023,6,June,Friday,True,Summer,Oslo,Norway,Europe,Tier 2 Major Regional Market,59.9139,10.7522,Oslo Arena,Arena,nan,0,2170,3491,62.17,False,101143.7,46.61,Budget (<$75),1,False,Synthetic (Industry Model)
CNC-1864,Phoebe Bridgers,Phoebe Bridgers — 2023 Tour,Indie Folk,Emerging Artist,2023-06-24,2023,6,June,Saturday,True,Summer,Stockholm,Sweden,Europe,Tier 2 Major Regional Market,59.3293,18.0686,Stockholm Arena,Arena,nan,0,4115,4935,83.39,False,258586.6,62.84,Budget (<$75),1,False,Synthetic (Industry Model)
CNC-1865,Phoebe Bridgers,Phoebe Bridgers — 2023 Tour,Indie Folk,Emerging Artist,2023-06-27,2023,6,June,Tuesday,False,Summer,Boston,United States,North America,Tier 2 Major Regional Market,42.3601,-71.0589,Boston Arena,Arena,Opener 2,2,3785,4973,76.12,False,210710.95,55.67,Budget (<$75),1,False,Synthetic (Industry Model)
CNC-1866,Phoebe Bridgers,Phoebe Bridgers — 2023 Tour,Indie Folk,Emerging Artist,2023-07-16,2023,7,July,Sunday,True,Summer,New York,United States,North America,Tier 1 Global Mega-City,40.7128,-74.006,New York Arena,Arena,nan,0,3005,4323,69.51,False,187481.95,62.39,Budget (<$75),1,False,Synthetic (Industry Model)
CNC-1867,Phoebe Bridgers,Phoebe Bridgers — 2023 Tour,Indie Folk,Emerging Artist,2023-06-24,2023,6,June,Saturday,True,Summer,Philadelphia,United States,North America,Tier 2 Major Regional Market,39.9526,-75.1652,Philadelphia Arena,Arena,nan,0,3300,4687,70.4,False,222684.0,67.48,Budget (<$75),1,False,Synthetic (Industry Model)
CNC-1868,Phoebe Bridgers,Phoebe Bridgers — 2023 Tour,Indie Folk,Emerging Artist,2023-07-26,2023,7,July,Wednesday,False,Summer,Miami,United States,North America,Tier 2 Major Regional Market,25.7617,-80.1918,Miami Music Hall,Club / Theater,Opener 2,1,846,1679,50.38,False,28704.78,33.93,Budget (<$75),1,False,Synthetic (Industry Model)
CNC-1869,Phoebe Bridgers,Phoebe Bridgers — 2023 Tour,Indie Folk,Emerging Artist,2023-07-31,2023,7,July,Monday,False,Summer,Seattle,United States,North America,Tier 2 Major Regional Market,47.6062,-122.3321,Seattle Arena,Arena,Opener 3,1,3598,4986,72.16,False,224479.22,62.39,Budget (<$75),1,False,Synthetic (Industry Model)
CNC-1870,Phoebe Bridgers,Phoebe Bridgers — 2023 Tour,Indie Folk,Emerging Artist,2023-08-05,2023,8,August,Saturday,True,Summer,Barcelona,Spain,Europe,Tier 2 Major Regional Market,41.3851,2.1734,Barcelona Music Hall,Club / Theater,Opener 1,2,2345,2788,84.11,False,89508.65,38.17,Budget (<$75),1,False,Synthetic (Industry Model)
CNC-1871,Phoebe Bridgers,Phoebe Bridgers — 2023 Tour,Indie Folk,Emerging Artist,2023-07-28,2023,7,July,Friday,True,Summer,Warsaw,Poland,Europe,Tier 3 Emerging / Secondary Market,52.2297,21.0122,Warsaw Music Hall,Club / Theater,nan,0,1426,2470,57.72,False,53204.06,37.31,Budget (<$75),1,False,Synthetic (Industry Model)
CNC-1872,Phoebe Bridgers,Phoebe Bridgers — 2023 Tour,Indie Folk,Emerging Artist,2023-07-04,2023,7,July,Tuesday,False,Summer,Philadelphia,United States,North America,Tier 2 Major Regional Market,39.9526,-75.1652,Philadelphia Arena,Arena,Opener 3,2,2929,4132,70.89,False,177028.76,60.44,Budget (<$75),2,True,Synthetic (Industry Model)
CNC-1873,Phoebe Bridgers,Phoebe Bridgers — 2023 Tour,Indie Folk,Emerging Artist,2023-07-06,2023,7,July,Thursday,False,Summer,Amsterdam,Netherlands,Europe,Tier 1 Global Mega-City,52.3676,4.9041,Amsterdam Arena,Arena,nan,0,2603,3925,66.33,False,142201.89,54.63,Budget (<$75),1,False,Synthetic (Industry Model)
CNC-1874,Phoebe Bridgers,Phoebe Bridgers — 2023 Tour,Indie Folk,Emerging Artist,2023-08-09,2023,8,August,Wednesday,False,Summer,Vancouver,Canada,North America,Tier 2 Major Regional Market,49.2827,-123.1207,Vancouver Arena,Arena,nan,0,2851,4765,59.84,False,188964.28,66.28,Budget (<$75),1,False,Synthetic (Industry Model)
CNC-1875,Phoebe Bridgers,Phoebe Bridgers — 2023 Tour,Indie Folk,Emerging Artist,2023-08-13,2023,8,August,Sunday,True,Summer,Lisbon,Portugal,Europe,Tier 2 Major Regional Market,38.7223,-9.1393,Lisbon Arena,Arena,Opener 3,1,2639,3083,85.6,False,120206.45,45.55,Budget (<$75),1,False,Synthetic (Industry Model)
CNC-1876,Phoebe Bridgers,Phoebe Bridgers — 2023 Tour,Indie Folk,Emerging Artist,2023-07-12,2023,7,July,Wednesday,False,Summer,Salt Lake City,United States,North America,Tier 3 Emerging / Secondary Market,40.7608,-111.891,Salt Lake City Music Hall,Club / Theater,nan,0,1227,2107,58.22,False,44405.13,36.19,Budget (<$75),1,False,Synthetic (Industry Model)
CNC-1877,Phoebe Bridgers,Phoebe Bridgers — 2023 Tour,Indie Folk,Emerging Artist,2023-08-21,2023,8,August,Monday,False,Summer,Miami,United States,North America,Tier 2 Major Regional Market,25.7617,-80.1918,Miami Arena,Arena,Opener 2,1,2618,3507,74.66,False,101814.02,38.89,Budget (<$75),2,True,Synthetic (Industry Model)
CNC-1878,Phoebe Bridgers,Phoebe Bridgers — 2023 Tour,Indie Folk,Emerging Artist,2023-09-14,2023,9,September,Thursday,False,Fall,Boston,United States,North America,Tier 2 Major Regional Market,42.3601,-71.0589,Boston Music Hall,Club / Theater,nan,0,1370,2502,54.76,False,44799.0,32.7,Budget (<$75),2,True,Synthetic (Industry Model)
CNC-1879,Phoebe Bridgers,Phoebe Bridgers — 2023 Tour,Indie Folk,Emerging Artist,2023-08-08,2023,8,August,Tuesday,False,Summer,London,United Kingdom,Europe,Tier 1 Global Mega-City,51.5074,-0.1278,London Music Hall,Club / Theater,Opener 1,2,1903,2592,73.41,False,65291.93,34.31,Budget (<$75),2,True,Synthetic (Industry Model)
CNC-1880,Phoebe Bridgers,Phoebe Bridgers — 2023 Tour,Indie Folk,Emerging Artist,2023-09-24,2023,9,September,Sunday,True,Fall,Miami,United States,North America,Tier 2 Major Regional Market,25.7617,-80.1918,Miami Music Hall,Club / Theater,nan,0,1816,2938,61.8,False,100461.12,55.32,Budget (<$75),3,True,Synthetic (Industry Model)
CNC-1881,Phoebe Bridgers,Phoebe Bridgers — 2023 Tour,Indie Folk,Emerging Artist,2023-07-22,2023,7,July,Saturday,True,Summer,Paris,France,Europe,Tier 1 Global Mega-City,48.8566,2.3522,Paris Music Hall,Club / Theater,Opener 3,2,1832,2201,83.23,False,79966.8,43.65,Budget (<$75),1,False,Synthetic (Industry Model)
CNC-1882,Phoebe Bridgers,Phoebe Bridgers — 2023 Tour,Indie Folk,Emerging Artist,2023-09-10,2023,9,September,Sunday,True,Fall,Warsaw,Poland,Europe,Tier 3 Emerging / Secondary Market,52.2297,21.0122,Warsaw Arena,Arena,Opener 1,1,1921,4199,45.75,False,106730.76,55.56,Budget (<$75),2,True,Synthetic (Industry Model)
CNC-1883,Mitski,Mitski — 2019 Tour,Indie Rock,Emerging Artist,2019-07-07,2019,7,July,Sunday,True,Summer,Columbus,United States,North America,Tier 3 Emerging / Secondary Market,39.9612,-82.9988,Columbus Music Hall,Club / Theater,nan,0,515,1185,43.45,False,12905.9,25.06,Budget (<$75),1,False,Synthetic (Industry Model)
CNC-1884,Mitski,Mitski — 2019 Tour,Indie Rock,Emerging Artist,2019-07-10,2019,7,July,Wednesday,False,Summer,Toronto,Canada,North America,Tier 1 Global Mega-City,43.6532,-79.3832,Toronto Music Hall,Club / Theater,Opener 2,1,836,1359,61.49,False,14630.0,17.5,Budget (<$75),1,False,Synthetic (Industry Model)
CNC-1885,Mitski,Mitski — 2019 Tour,Indie Rock,Emerging Artist,2019-07-15,2019,7,July,Monday,False,Summer,Berlin,Germany,Europe,Tier 1 Global Mega-City,52.52,13.405,Berlin Arena,Arena,nan,0,3073,3498,87.84,False,160287.68,52.16,Budget (<$75),1,False,Synthetic (Industry Model)
CNC-1886,Mitski,Mitski — 2019 Tour,Indie Rock,Emerging Artist,2019-07-22,2019,7,July,Monday,False,Summer,Oslo,Norway,Europe,Tier 2 Major Regional Market,59.9139,10.7522,Oslo Music Hall,Club / Theater,nan,0,2349,2869,81.86,False,76506.93,32.57,Budget (<$75),1,False,Synthetic (Industry Model)
CNC-1887,Mitski,Mitski — 2019 Tour,Indie Rock,Emerging Artist,2019-07-23,2019,7,July,Tuesday,False,Summer,Columbus,United States,North America,Tier 3 Emerging / Secondary Market,39.9612,-82.9988,Columbus Music Hall,Club / Theater,Opener 2,2,437,970,45.01,False,9369.28,21.44,Budget (<$75),2,True,Synthetic (Industry Model)
CNC-1888,Mitski,Mitski — 2019 Tour,Indie Rock,Emerging Artist,2019-08-01,2019,8,August,Thursday,False,Summer,Seattle,United States,North America,Tier 2 Major Regional Market,47.6062,-122.3321,Seattle Arena,Arena,Opener 3,1,3175,3288,96.55,True,153638.25,48.39,Budget (<$75),1,False,Synthetic (Industry Model)
CNC-1889,Mitski,Mitski — 2019 Tour,Indie Rock,Emerging Artist,2019-08-06,2019,8,August,Tuesday,False,Summer,Nashville,United States,North America,Tier 2 Major Regional Market,36.1627,-86.7816,Nashville Music Hall,Club / Theater,Opener 1,1,1133,1404,80.71,False,31712.67,27.99,Budget (<$75),1,False,Synthetic (Industry Model)
CNC-1890,Mitski,Mitski — 2019 Tour,Indie Rock,Emerging Artist,2019-07-21,2019,7,July,Sunday,True,Summer,Houston,United States,North America,Tier 2 Major Regional Market,29.7604,-95.3698,Houston Arena,Arena,nan,0,1535,3164,48.53,False,74370.75,48.45,Budget (<$75),1,False,Synthetic (Industry Model)
CNC-1891,Mitski,Mitski — 2019 Tour,Indie Rock,Emerging Artist,2019-07-31,2019,7,July,Wednesday,False,Summer,Barcelona,Spain,Europe,Tier 2 Major Regional Market,41.3851,2.1734,Barcelona Arena,Arena,nan,0,1903,3733,50.99,False,120688.26,63.42,Budget (<$75),1,False,Synthetic (Industry Model)
CNC-1892,Mitski,Mitski — 2019 Tour,Indie Rock,Emerging Artist,2019-08-03,2019,8,August,Saturday,True,Summer,Lisbon,Portugal,Europe,Tier 2 Major Regional Market,38.7223,-9.1393,Lisbon Music Hall,Club / Theater,nan,0,913,1577,57.89,False,31443.72,34.44,Budget (<$75),1,False,Synthetic (Industry Model)
CNC-1893,Mitski,Mitski — 2019 Tour,Indie Rock,Emerging Artist,2019-07-27,2019,7,July,Saturday,True,Summer,Lisbon,Portugal,Europe,Tier 2 Major Regional Market,38.7223,-9.1393,Lisbon Arena,Arena,nan,0,3245,3340,97.16,True,127236.45,39.21,Budget (<$75),2,True,Synthetic (Industry Model)
CNC-1894,Mitski,Mitski — 2019 Tour,Indie Rock,Emerging Artist,2019-08-20,2019,8,August,Tuesday,False,Summer,Paris,France,Europe,Tier 1 Global Mega-City,48.8566,2.3522,Paris Arena,Arena,nan,0,1563,3757,41.61,False,70897.68,45.36,Budget (<$75),1,False,Synthetic (Industry Model)
CNC-1895,Mitski,Mitski — 2019 Tour,Indie Rock,Emerging Artist,2019-07-31,2019,7,July,Wednesday,False,Summer,Columbus,United States,North America,Tier 3 Emerging / Secondary Market,39.9612,-82.9988,Columbus Arena,Arena,Opener 1,1,2329,4463,52.19,False,113259.27,48.63,Budget (<$75),3,True,Synthetic (Industry Model)
CNC-1896,Mitski,Mitski — 2019 Tour,Indie Rock,Emerging Artist,2019-08-15,2019,8,August,Thursday,False,Summer,Toronto,Canada,North America,Tier 1 Global Mega-City,43.6532,-79.3832,Toronto Arena,Arena,Opener 2,1,2262,3105,72.86,False,101020.92,44.66,Budget (<$75),2,True,Synthetic (Industry Model)
CNC-1897,Mitski,Mitski — 2019 Tour,Indie Rock,Emerging Artist,2019-08-18,2019,8,August,Sunday,True,Summer,Nashville,United States,North America,Tier 2 Major Regional Market,36.1627,-86.7816,Nashville Music Hall,Club / Theater,Opener 3,2,1034,1445,71.59,False,22923.78,22.17,Budget (<$75),2,True,Synthetic (Industry Model)
CNC-1898,Mitski,Mitski — 2019 Tour,Indie Rock,Emerging Artist,2019-08-06,2019,8,August,Tuesday,False,Summer,Madrid,Spain,Europe,Tier 2 Major Regional Market,40.4168,-3.7038,Madrid Music Hall,Club / Theater,Opener 1,2,1594,2582,61.73,False,76607.64,48.06,Budget (<$75),1,False,Synthetic (Industry Model)
CNC-1899,Mitski,Mitski — 2019 Tour,Indie Rock,Emerging Artist,2019-08-08,2019,8,August,Thursday,False,Summer,Copenhagen,Denmark,Europe,Tier 2 Major Regional Market,55.6761,12.5683,Copenhagen Music Hall,Club / Theater,Opener 2,1,994,1893,52.51,False,57622.18,57.97,Budget (<$75),1,False,Synthetic (Industry Model)
CNC-1900,Mitski,Mitski — 2019 Tour,Indie Rock,Emerging Artist,2019-08-10,2019,8,August,Saturday,True,Summer,Boston,United States,North America,Tier 2 Major Regional Market,42.3601,-71.0589,Boston Music Hall,Club / Theater,Opener 3,2,1604,2488,64.48,False,52162.08,32.52,Budget (<$75),1,False,Synthetic (Industry Model)
CNC-1901,Mitski,Mitski — 2019 Tour,Indie Rock,Emerging Artist,2019-08-30,2019,8,August,Friday,True,Summer,Boston,United States,North America,Tier 2 Major Regional Market,42.3601,-71.0589,Boston Music Hall,Club / Theater,Opener 1,1,2322,2852,81.4,False,107090.64,46.12,Budget (<$75),2,True,Synthetic (Industry Model)
CNC-1902,Mitski,Mitski — 2019 Tour,Indie Rock,Emerging Artist,2019-08-14,2019,8,August,Wednesday,False,Summer,London,United Kingdom,Europe,Tier 1 Global Mega-City,51.5074,-0.1278,London Arena,Arena,nan,0,2997,4334,69.15,False,165014.82,55.06,Budget (<$75),1,False,Synthetic (Industry Model)
CNC-1903,Mitski,Mitski — 2019 Tour,Indie Rock,Emerging Artist,2019-08-16,2019,8,August,Friday,True,Summer,Chicago,United States,North America,Tier 1 Global Mega-City,41.8781,-87.6298,Chicago Arena,Arena,Opener 3,1,2719,3960,68.67,False,145792.78,53.62,Budget (<$75),1,False,Synthetic (Industry Model)
CNC-1904,Mitski,Mitski — 2019 Tour,Indie Rock,Emerging Artist,2019-09-29,2019,9,September,Sunday,True,Fall,Dublin,Ireland,Europe,Tier 2 Major Regional Market,53.3498,-6.2603,Dublin Music Hall,Club / Theater,Opener 1,2,1407,2209,63.68,False,54844.86,38.98,Budget (<$75),1,False,Synthetic (Industry Model)
CNC-1905,Mitski,Mitski — 2019 Tour,Indie Rock,Emerging Artist,2019-08-20,2019,8,August,Tuesday,False,Summer,Copenhagen,Denmark,Europe,Tier 2 Major Regional Market,55.6761,12.5683,Copenhagen Music Hall,Club / Theater,nan,0,1694,2854,59.37,False,60492.74,35.71,Budget (<$75),2,True,Synthetic (Industry Model)
CNC-1906,Mitski,Mitski — 2019 Tour,Indie Rock,Emerging Artist,2019-09-14,2019,9,September,Saturday,True,Fall,Madrid,Spain,Europe,Tier 2 Major Regional Market,40.4168,-3.7038,Madrid Music Hall,Club / Theater,nan,0,1535,2036,75.41,False,49350.25,32.15,Budget (<$75),2,True,Synthetic (Industry Model)
CNC-1907,Mitski,Mitski — 2019 Tour,Indie Rock,Emerging Artist,2019-10-11,2019,10,October,Friday,True,Fall,Richmond,United States,North America,Tier 3 Emerging / Secondary Market,37.5407,-77.436,Richmond Music Hall,Club / Theater,nan,0,666,1328,50.16,False,20919.06,31.41,Budget (<$75),1,False,Synthetic (Industry Model)
CNC-1908,Mitski,Mitski — 2019 Tour,Indie Rock,Emerging Artist,2019-11-09,2019,11,November,Saturday,True,Fall,Toronto,Canada,North America,Tier 1 Global Mega-City,43.6532,-79.3832,Toronto Arena,Arena,Opener 2,2,2693,3529,76.32,False,138958.8,51.6,Budget (<$75),3,True,Synthetic (Industry Model)
CNC-1909,Mitski,Mitski — 2019 Tour,Indie Rock,Emerging Artist,2019-09-23,2019,9,September,Monday,False,Fall,Amsterdam,Netherlands,Europe,Tier 1 Global Mega-City,52.3676,4.9041,Amsterdam Music Hall,Club / Theater,nan,0,794,2054,38.65,False,25590.62,32.23,Budget (<$75),1,False,Synthetic (Industry Model)
CNC-1910,Mitski,Mitski — 2019 Tour,Indie Rock,Emerging Artist,2019-09-26,2019,9,September,Thursday,False,Fall,Barcelona,Spain,Europe,Tier 2 Major Regional Market,41.3851,2.1734,Barcelona Arena,Arena,nan,0,2441,4411,55.34,False,125491.81,51.41,Budget (<$75),2,True,Synthetic (Industry Model)
CNC-1911,Mitski,Mitski — 2019 Tour,Indie Rock,Emerging Artist,2019-11-24,2019,11,November,Sunday,True,Fall,Houston,United States,North America,Tier 2 Major Regional Market,29.7604,-95.3698,Houston Music Hall,Club / Theater,Opener 2,1,649,1408,46.09,False,30483.53,46.97,Budget (<$75),2,True,Synthetic (Industry Model)
CNC-1912,Mitski,Mitski — 2019 Tour,Indie Rock,Emerging Artist,2019-10-02,2019,10,October,Wednesday,False,Fall,Richmond,United States,North America,Tier 3 Emerging / Secondary Market,37.5407,-77.436,Richmond Music Hall,Club / Theater,Opener 3,2,1014,2016,50.3,False,43155.84,42.56,Budget (<$75),2,True,Synthetic (Industry Model)
CNC-1913,Soccer Mommy,Soccer Mommy — 2023 Tour,Indie Rock,Emerging Artist,2023-07-02,2023,7,July,Sunday,True,Summer,Copenhagen,Denmark,Europe,Tier 2 Major Regional Market,55.6761,12.5683,Copenhagen Music Hall,Club / Theater,nan,0,1203,2427,49.56,False,61918.41,51.47,Budget (<$75),1,False,Synthetic (Industry Model)
CNC-1914,Soccer Mommy,Soccer Mommy — 2023 Tour,Indie Rock,Emerging Artist,2023-07-04,2023,7,July,Tuesday,False,Summer,Houston,United States,North America,Tier 2 Major Regional Market,29.7604,-95.3698,Houston Music Hall,Club / Theater,nan,0,848,1770,47.93,False,28738.72,33.89,Budget (<$75),1,False,Synthetic (Industry Model)
CNC-1915,Soccer Mommy,Soccer Mommy — 2023 Tour,Indie Rock,Emerging Artist,2023-07-06,2023,7,July,Thursday,False,Summer,Toronto,Canada,North America,Tier 1 Global Mega-City,43.6532,-79.3832,Toronto Music Hall,Club / Theater,nan,0,1561,2311,67.53,False,58084.81,37.21,Budget (<$75),1,False,Synthetic (Industry Model)
CNC-1916,Soccer Mommy,Soccer Mommy — 2023 Tour,Indie Rock,Emerging Artist,2023-07-11,2023,7,July,Tuesday,False,Summer,Kansas City,United States,North America,Tier 3 Emerging / Secondary Market,39.0997,-94.5786,Kansas City Music Hall,Club / Theater,nan,0,301,861,35.0,False,5788.23,19.23,Budget (<$75),1,False,Synthetic (Industry Model)
CNC-1917,Soccer Mommy,Soccer Mommy — 2023 Tour,Indie Rock,Emerging Artist,2023-07-14,2023,7,July,Friday,True,Summer,Kansas City,United States,North America,Tier 3 Emerging / Secondary Market,39.0997,-94.5786,Kansas City Music Hall,Club / Theater,Opener 2,1,384,1097,35.0,False,6082.56,15.84,Budget (<$75),2,True,Synthetic (Industry Model)
CNC-1918,Soccer Mommy,Soccer Mommy — 2023 Tour,Indie Rock,Emerging Artist,2023-07-27,2023,7,July,Thursday,False,Summer,Salt Lake City,United States,North America,Tier 3 Emerging / Secondary Market,40.7608,-111.891,Salt Lake City Music Hall,Club / Theater,Opener 3,2,408,803,50.86,False,14165.76,34.72,Budget (<$75),1,False,Synthetic (Industry Model)
CNC-1919,Soccer Mommy,Soccer Mommy — 2023 Tour,Indie Rock,Emerging Artist,2023-08-01,2023,8,August,Tuesday,False,Summer,Dublin,Ireland,Europe,Tier 2 Major Regional Market,53.3498,-6.2603,Dublin Music Hall,Club / Theater,Opener 1,2,1173,2192,53.53,False,46790.97,39.89,Budget (<$75),1,False,Synthetic (Industry Model)
CNC-1920,Soccer Mommy,Soccer Mommy — 2023 Tour,Indie Rock,Emerging Artist,2023-08-06,2023,8,August,Sunday,True,Summer,Amsterdam,Netherlands,Europe,Tier 1 Global Mega-City,52.3676,4.9041,Amsterdam Music Hall,Club / Theater,Opener 2,1,503,732,68.76,False,15884.74,31.58,Budget (<$75),1,False,Synthetic (Industry Model)
CNC-1921,Soccer Mommy,Soccer Mommy — 2023 Tour,Indie Rock,Emerging Artist,2023-07-26,2023,7,July,Wednesday,False,Summer,Madrid,Spain,Europe,Tier 2 Major Regional Market,40.4168,-3.7038,Madrid Music Hall,Club / Theater,Opener 3,2,275,544,50.51,False,4210.25,15.31,Budget (<$75),1,False,Synthetic (Industry Model)
CNC-1922,Soccer Mommy,Soccer Mommy — 2023 Tour,Indie Rock,Emerging Artist,2023-08-16,2023,8,August,Wednesday,False,Summer,Toronto,Canada,North America,Tier 1 Global Mega-City,43.6532,-79.3832,Toronto Music Hall,Club / Theater,Opener 1,1,472,1320,35.75,False,15340.0,32.5,Budget (<$75),2,True,Synthetic (Industry Model)
CNC-1923,Soccer Mommy,Soccer Mommy — 2023 Tour,Indie Rock,Emerging Artist,2023-07-22,2023,7,July,Saturday,True,Summer,Vancouver,Canada,North America,Tier 2 Major Regional Market,49.2827,-123.1207,Vancouver Music Hall,Club / Theater,Opener 2,2,691,1973,35.0,False,27190.85,39.35,Budget (<$75),1,False,Synthetic (Industry Model)
CNC-1924,Soccer Mommy,Soccer Mommy — 2023 Tour,Indie Rock,Emerging Artist,2023-08-04,2023,8,August,Friday,True,Summer,Denver,United States,North America,Tier 2 Major Regional Market,39.7392,-104.9903,Denver Music Hall,Club / Theater,Opener 3,2,343,510,67.24,False,4321.8,12.6,Budget (<$75),1,False,Synthetic (Industry Model)
CNC-1925,Soccer Mommy,Soccer Mommy — 2023 Tour,Indie Rock,Emerging Artist,2023-08-31,2023,8,August,Thursday,False,Summer,Oslo,Norway,Europe,Tier 2 Major Regional Market,59.9139,10.7522,Oslo Music Hall,Club / Theater,nan,0,240,563,42.67,False,7833.6,32.64,Budget (<$75),1,False,Synthetic (Industry Model)
CNC-1926,Soccer Mommy,Soccer Mommy — 2023 Tour,Indie Rock,Emerging Artist,2023-07-28,2023,7,July,Friday,True,Summer,Boston,United States,North America,Tier 2 Major Regional Market,42.3601,-71.0589,Boston Music Hall,Club / Theater,nan,0,1720,2284,75.32,False,67114.4,39.02,Budget (<$75),1,False,Synthetic (Industry Model)
CNC-1927,Soccer Mommy,Soccer Mommy — 2023 Tour,Indie Rock,Emerging Artist,2023-09-10,2023,9,September,Sunday,True,Fall,Houston,United States,North America,Tier 2 Major Regional Market,29.7604,-95.3698,Houston Music Hall,Club / Theater,Opener 3,1,728,1234,58.97,False,13868.4,19.05,Budget (<$75),2,True,Synthetic (Industry Model)
CNC-1928,Soccer Mommy,Soccer Mommy — 2023 Tour,Indie Rock,Emerging Artist,2023-08-31,2023,8,August,Thursday,False,Summer,Kansas City,United States,North America,Tier 3 Emerging / Secondary Market,39.0997,-94.5786,Kansas City Music Hall,Club / Theater,nan,0,371,1061,35.0,False,11397.12,30.72,Budget (<$75),3,True,Synthetic (Industry Model)
CNC-1929,Soccer Mommy,Soccer Mommy — 2023 Tour,Indie Rock,Emerging Artist,2023-09-20,2023,9,September,Wednesday,False,Fall,Kansas City,United States,North America,Tier 3 Emerging / Secondary Market,39.0997,-94.5786,Kansas City Music Hall,Club / Theater,Opener 2,2,405,1141,35.47,False,10777.05,26.61,Budget (<$75),4,True,Synthetic (Industry Model)
CNC-1930,Soccer Mommy,Soccer Mommy — 2023 Tour,Indie Rock,Emerging Artist,2023-09-08,2023,9,September,Friday,True,Fall,Miami,United States,North America,Tier 2 Major Regional Market,25.7617,-80.1918,Miami Music Hall,Club / Theater,nan,0,842,1367,61.63,False,27289.22,32.41,Budget (<$75),1,False,Synthetic (Industry Model)
CNC-1931,Soccer Mommy,Soccer Mommy — 2023 Tour,Indie Rock,Emerging Artist,2023-09-30,2023,9,September,Saturday,True,Fall,Boston,United States,North America,Tier 2 Major Regional Market,42.3601,-71.0589,Boston Music Hall,Club / Theater,nan,0,505,848,59.54,False,11827.1,23.42,Budget (<$75),2,True,Synthetic (Industry Model)
CNC-1932,Soccer Mommy,Soccer Mommy — 2023 Tour,Indie Rock,Emerging Artist,2023-10-05,2023,10,October,Thursday,False,Fall,Lisbon,Portugal,Europe,Tier 2 Major Regional Market,38.7223,-9.1393,Lisbon Music Hall,Club / Theater,Opener 2,2,311,535,58.17,False,3918.6,12.6,Budget (<$75),1,False,Synthetic (Industry Model)
CNC-1933,Soccer Mommy,Soccer Mommy — 2023 Tour,Indie Rock,Emerging Artist,2023-09-03,2023,9,September,Sunday,True,Fall,Oslo,Norway,Europe,Tier 2 Major Regional Market,59.9139,10.7522,Oslo Music Hall,Club / Theater,Opener 1,1,880,2033,43.29,False,27869.6,31.67,Budget (<$75),2,True,Synthetic (Industry Model)
CNC-1934,Snail Mail,Snail Mail — 2022 Tour,Indie Rock,Emerging Artist,2022-07-10,2022,7,July,Sunday,True,Summer,Seattle,United States,North America,Tier 2 Major Regional Market,47.6062,-122.3321,Seattle Music Hall,Club / Theater,Opener 1,2,624,1783,35.0,False,27418.56,43.94,Budget (<$75),1,False,Synthetic (Industry Model)
CNC-1935,Snail Mail,Snail Mail — 2022 Tour,Indie Rock,Emerging Artist,2022-07-12,2022,7,July,Tuesday,False,Summer,Los Angeles,United States,North America,Tier 1 Global Mega-City,34.0522,-118.2437,Los Angeles Music Hall,Club / Theater,Opener 2,2,348,535,65.08,False,6037.8,17.35,Budget (<$75),1,False,Synthetic (Industry Model)
CNC-1936,Snail Mail,Snail Mail — 2022 Tour,Indie Rock,Emerging Artist,2022-07-20,2022,7,July,Wednesday,False,Summer,Dublin,Ireland,Europe,Tier 2 Major Regional Market,53.3498,-6.2603,Dublin Music Hall,Club / Theater,nan,0,383,1094,35.0,False,11394.25,29.75,Budget (<$75),1,False,Synthetic (Industry Model)
CNC-1937,Snail Mail,Snail Mail — 2022 Tour,Indie Rock,Emerging Artist,2022-07-22,2022,7,July,Friday,True,Summer,Los Angeles,United States,North America,Tier 1 Global Mega-City,34.0522,-118.2437,Los Angeles Music Hall,Club / Theater,Opener 1,1,404,529,76.31,False,5813.56,14.39,Budget (<$75),2,True,Synthetic (Industry Model)
CNC-1938,Snail Mail,Snail Mail — 2022 Tour,Indie Rock,Emerging Artist,2022-07-26,2022,7,July,Tuesday,False,Summer,Philadelphia,United States,North America,Tier 2 Major Regional Market,39.9526,-75.1652,Philadelphia Music Hall,Club / Theater,Opener 2,1,214,611,35.0,False,4836.4,22.6,Budget (<$75),1,False,Synthetic (Industry Model)
CNC-1939,Snail Mail,Snail Mail — 2022 Tour,Indie Rock,Emerging Artist,2022-07-25,2022,7,July,Monday,False,Summer,Los Angeles,United States,North America,Tier 1 Global Mega-City,34.0522,-118.2437,Los Angeles Music Hall,Club / Theater,Opener 3,2,413,902,45.78,False,8924.93,21.61,Budget (<$75),3,True,Synthetic (Industry Model)
CNC-1940,Snail Mail,Snail Mail — 2022 Tour,Indie Rock,Emerging Artist,2022-08-03,2022,8,August,Wednesday,False,Summer,Salt Lake City,United States,North America,Tier 3 Emerging / Secondary Market,40.7608,-111.891,Salt Lake City Music Hall,Club / Theater,Opener 1,2,678,1937,35.0,False,25235.16,37.22,Budget (<$75),1,False,Synthetic (Industry Model)
CNC-1941,Snail Mail,Snail Mail — 2022 Tour,Indie Rock,Emerging Artist,2022-07-31,2022,7,July,Sunday,True,Summer,Lisbon,Portugal,Europe,Tier 2 Major Regional Market,38.7223,-9.1393,Lisbon Music Hall,Club / Theater,Opener 2,1,643,1355,47.46,False,20145.19,31.33,Budget (<$75),1,False,Synthetic (Industry Model)
CNC-1942,Snail Mail,Snail Mail — 2022 Tour,Indie Rock,Emerging Artist,2022-08-11,2022,8,August,Thursday,False,Summer,Richmond,United States,North America,Tier 3 Emerging / Secondary Market,37.5407,-77.436,Richmond Music Hall,Club / Theater,nan,0,813,1746,46.55,False,29885.88,36.76,Budget (<$75),1,False,Synthetic (Industry Model)
CNC-1943,Snail Mail,Snail Mail — 2022 Tour,Indie Rock,Emerging Artist,2022-08-24,2022,8,August,Wednesday,False,Summer,Los Angeles,United States,North America,Tier 1 Global Mega-City,34.0522,-118.2437,Los Angeles Music Hall,Club / Theater,Opener 1,1,727,1598,45.51,False,39156.22,53.86,Budget (<$75),4,True,Synthetic (Industry Model)
CNC-1944,Snail Mail,Snail Mail — 2022 Tour,Indie Rock,Emerging Artist,2022-08-09,2022,8,August,Tuesday,False,Summer,Columbus,United States,North America,Tier 3 Emerging / Secondary Market,39.9612,-82.9988,Columbus Music Hall,Club / Theater,Opener 2,1,233,665,35.0,False,2868.23,12.31,Budget (<$75),1,False,Synthetic (Industry Model)
CNC-1945,Snail Mail,Snail Mail — 2022 Tour,Indie Rock,Emerging Artist,2022-08-23,2022,8,August,Tuesday,False,Summer,Oslo,Norway,Europe,Tier 2 Major Regional Market,59.9139,10.7522,Oslo Music Hall,Club / Theater,Opener 3,2,676,1582,42.71,False,14709.76,21.76,Budget (<$75),1,False,Synthetic (Industry Model)
CNC-1946,Snail Mail,Snail Mail — 2022 Tour,Indie Rock,Emerging Artist,2022-09-08,2022,9,September,Thursday,False,Fall,Chicago,United States,North America,Tier 1 Global Mega-City,41.8781,-87.6298,Chicago Music Hall,Club / Theater,Opener 1,2,751,1415,53.08,False,25068.38,33.38,Budget (<$75),1,False,Synthetic (Industry Model)
CNC-1947,Snail Mail,Snail Mail — 2022 Tour,Indie Rock,Emerging Artist,2022-08-31,2022,8,August,Wednesday,False,Summer,Chicago,United States,North America,Tier 1 Global Mega-City,41.8781,-87.6298,Chicago Music Hall,Club / Theater,nan,0,936,1462,64.01,False,24111.36,25.76,Budget (<$75),2,True,Synthetic (Industry Model)
CNC-1948,Snail Mail,Snail Mail — 2022 Tour,Indie Rock,Emerging Artist,2022-08-07,2022,8,August,Sunday,True,Summer,Oslo,Norway,Europe,Tier 2 Major Regional Market,59.9139,10.7522,Oslo Music Hall,Club / Theater,Opener 3,2,511,801,63.85,False,5365.5,10.5,Budget (<$75),2,True,Synthetic (Industry Model)
CNC-1949,Snail Mail,Snail Mail — 2022 Tour,Indie Rock,Emerging Artist,2022-08-09,2022,8,August,Tuesday,False,Summer,Vancouver,Canada,North America,Tier 2 Major Regional Market,49.2827,-123.1207,Vancouver Music Hall,Club / Theater,Opener 1,1,411,935,43.92,False,6107.46,14.86,Budget (<$75),1,False,Synthetic (Industry Model)
CNC-1950,Snail Mail,Snail Mail — 2022 Tour,Indie Rock,Emerging Artist,2022-09-28,2022,9,September,Wednesday,False,Fall,Barcelona,Spain,Europe,Tier 2 Major Regional Market,41.3851,2.1734,Barcelona Music Hall,Club / Theater,Opener 2,2,929,1894,49.06,False,52051.87,56.03,Budget (<$75),1,False,Synthetic (Industry Model)
CNC-1951,Snail Mail,Snail Mail — 2022 Tour,Indie Rock,Emerging Artist,2022-08-13,2022,8,August,Saturday,True,Summer,London,United Kingdom,Europe,Tier 1 Global Mega-City,51.5074,-0.1278,London Music Hall,Club / Theater,Opener 3,1,491,864,56.79,False,7482.84,15.24,Budget (<$75),1,False,Synthetic (Industry Model)
CNC-1952,Girl in Red,Girl in Red — 2018 Tour,Indie Pop,Emerging Artist,2018-05-04,2018,5,May,Friday,True,Spring,Richmond,United States,North America,Tier 3 Emerging / Secondary Market,37.5407,-77.436,Richmond Music Hall,Club / Theater,Opener 1,1,551,929,59.27,False,8485.4,15.4,Budget (<$75),1,False,Synthetic (Industry Model)
CNC-1953,Girl in Red,Girl in Red — 2018 Tour,Indie Pop,Emerging Artist,2018-05-09,2018,5,May,Wednesday,False,Spring,Columbus,United States,North America,Tier 3 Emerging / Secondary Market,39.9612,-82.9988,Columbus Music Hall,Club / Theater,Opener 2,1,641,1395,45.95,False,30293.66,47.26,Budget (<$75),1,False,Synthetic (Industry Model)
CNC-1954,Girl in Red,Girl in Red — 2018 Tour,Indie Pop,Emerging Artist,2018-05-12,2018,5,May,Saturday,True,Spring,Atlanta,United States,North America,Tier 2 Major Regional Market,33.749,-84.388,Atlanta Music Hall,Club / Theater,nan,0,766,1379,55.55,False,16300.48,21.28,Budget (<$75),1,False,Synthetic (Industry Model)
CNC-1955,Girl in Red,Girl in Red — 2018 Tour,Indie Pop,Emerging Artist,2018-05-10,2018,5,May,Thursday,False,Spring,Denver,United States,North America,Tier 2 Major Regional Market,39.7392,-104.9903,Denver Arena,Arena,Opener 1,2,1651,3039,54.33,False,116345.97,70.47,Budget (<$75),1,False,Synthetic (Industry Model)
CNC-1956,Girl in Red,Girl in Red — 2018 Tour,Indie Pop,Emerging Artist,2018-05-12,2018,5,May,Saturday,True,Spring,Chicago,United States,North America,Tier 1 Global Mega-City,41.8781,-87.6298,Chicago Arena,Arena,nan,0,1806,3157,57.2,False,82191.06,45.51,Budget (<$75),1,False,Synthetic (Industry Model)
CNC-1957,Girl in Red,Girl in Red — 2018 Tour,Indie Pop,Emerging Artist,2018-05-29,2018,5,May,Tuesday,False,Spring,Boston,United States,North America,Tier 2 Major Regional Market,42.3601,-71.0589,Boston Music Hall,Club / Theater,nan,0,887,1638,54.13,False,41307.59,46.57,Budget (<$75),1,False,Synthetic (Industry Model)
CNC-1958,Girl in Red,Girl in Red — 2018 Tour,Indie Pop,Emerging Artist,2018-05-28,2018,5,May,Monday,False,Spring,Miami,United States,North America,Tier 2 Major Regional Market,25.7617,-80.1918,Miami Music Hall,Club / Theater,nan,0,1091,1524,71.58,False,32293.6,29.6,Budget (<$75),1,False,Synthetic (Industry Model)
CNC-1959,Girl in Red,Girl in Red — 2018 Tour,Indie Pop,Emerging Artist,2018-05-18,2018,5,May,Friday,True,Spring,Kansas City,United States,North America,Tier 3 Emerging / Secondary Market,39.0997,-94.5786,Kansas City Arena,Arena,Opener 2,2,2246,3255,69.01,False,118903.24,52.94,Budget (<$75),1,False,Synthetic (Industry Model)
CNC-1960,Girl in Red,Girl in Red — 2018 Tour,Indie Pop,Emerging Artist,2018-05-20,2018,5,May,Sunday,True,Spring,Richmond,United States,North America,Tier 3 Emerging / Secondary Market,37.5407,-77.436,Richmond Music Hall,Club / Theater,nan,0,591,1052,56.22,False,15135.51,25.61,Budget (<$75),2,True,Synthetic (Industry Model)
CNC-1961,Girl in Red,Girl in Red — 2018 Tour,Indie Pop,Emerging Artist,2018-06-09,2018,6,June,Saturday,True,Summer,Philadelphia,United States,North America,Tier 2 Major Regional Market,39.9526,-75.1652,Philadelphia Music Hall,Club / Theater,nan,0,1204,1921,62.66,False,40647.04,33.76,Budget (<$75),1,False,Synthetic (Industry Model)
CNC-1962,Girl in Red,Girl in Red — 2018 Tour,Indie Pop,Emerging Artist,2018-06-03,2018,6,June,Sunday,True,Summer,Madrid,Spain,Europe,Tier 2 Major Regional Market,40.4168,-3.7038,Madrid Music Hall,Club / Theater,nan,0,1657,2656,62.39,False,74780.41,45.13,Budget (<$75),1,False,Synthetic (Industry Model)
CNC-1963,Girl in Red,Girl in Red — 2018 Tour,Indie Pop,Emerging Artist,2018-06-17,2018,6,June,Sunday,True,Summer,Copenhagen,Denmark,Europe,Tier 2 Major Regional Market,55.6761,12.5683,Copenhagen Arena,Arena,nan,0,1984,3010,65.93,False,100588.8,50.7,Budget (<$75),1,False,Synthetic (Industry Model)
CNC-1964,Girl in Red,Girl in Red — 2018 Tour,Indie Pop,Emerging Artist,2018-06-09,2018,6,June,Saturday,True,Summer,Richmond,United States,North America,Tier 3 Emerging / Secondary Market,37.5407,-77.436,Richmond Music Hall,Club / Theater,Opener 1,2,1266,2096,60.41,False,49019.52,38.72,Budget (<$75),3,True,Synthetic (Industry Model)
CNC-1965,Girl in Red,Girl in Red — 2018 Tour,Indie Pop,Emerging Artist,2018-07-08,2018,7,July,Sunday,True,Summer,Amsterdam,Netherlands,Europe,Tier 1 Global Mega-City,52.3676,4.9041,Amsterdam Arena,Arena,nan,0,2204,3002,73.41,False,104183.08,47.27,Budget (<$75),1,False,Synthetic (Industry Model)
CNC-1966,Girl in Red,Girl in Red — 2018 Tour,Indie Pop,Emerging Artist,2018-07-13,2018,7,July,Friday,True,Summer,London,United Kingdom,Europe,Tier 1 Global Mega-City,51.5074,-0.1278,London Music Hall,Club / Theater,Opener 3,2,2078,2735,75.97,False,79608.18,38.31,Budget (<$75),1,False,Synthetic (Industry Model)
CNC-1967,Girl in Red,Girl in Red — 2018 Tour,Indie Pop,Emerging Artist,2018-06-03,2018,6,June,Sunday,True,Summer,Lisbon,Portugal,Europe,Tier 2 Major Regional Market,38.7223,-9.1393,Lisbon Music Hall,Club / Theater,nan,0,1708,2156,79.24,False,63742.56,37.32,Budget (<$75),1,False,Synthetic (Industry Model)
CNC-1968,Girl in Red,Girl in Red — 2018 Tour,Indie Pop,Emerging Artist,2018-06-05,2018,6,June,Tuesday,False,Summer,Toronto,Canada,North America,Tier 1 Global Mega-City,43.6532,-79.3832,Toronto Music Hall,Club / Theater,nan,0,471,1261,37.36,False,19508.82,41.42,Budget (<$75),1,False,Synthetic (Industry Model)
CNC-1969,Girl in Red,Girl in Red — 2018 Tour,Indie Pop,Emerging Artist,2018-06-07,2018,6,June,Thursday,False,Summer,Warsaw,Poland,Europe,Tier 3 Emerging / Secondary Market,52.2297,21.0122,Warsaw Arena,Arena,Opener 3,1,2194,3352,65.44,False,97325.84,44.36,Budget (<$75),1,False,Synthetic (Industry Model)
CNC-1970,Girl in Red,Girl in Red — 2018 Tour,Indie Pop,Emerging Artist,2018-06-27,2018,6,June,Wednesday,False,Summer,Miami,United States,North America,Tier 2 Major Regional Market,25.7617,-80.1918,Miami Music Hall,Club / Theater,Opener 1,1,330,620,53.29,False,8019.0,24.3,Budget (<$75),2,True,Synthetic (Industry Model)
CNC-1971,Girl in Red,Girl in Red — 2018 Tour,Indie Pop,Emerging Artist,2018-06-11,2018,6,June,Monday,False,Summer,Warsaw,Poland,Europe,Tier 3 Emerging / Secondary Market,52.2297,21.0122,Warsaw Arena,Arena,nan,0,1264,3192,39.6,False,73741.76,58.34,Budget (<$75),2,True,Synthetic (Industry Model)
CNC-1972,Girl in Red,Girl in Red — 2018 Tour,Indie Pop,Emerging Artist,2018-07-23,2018,7,July,Monday,False,Summer,Brussels,Belgium,Europe,Tier 2 Major Regional Market,50.8503,4.3517,Brussels Music Hall,Club / Theater,nan,0,472,909,51.92,False,13706.88,29.04,Budget (<$75),1,False,Synthetic (Industry Model)
CNC-1973,Girl in Red,Girl in Red — 2018 Tour,Indie Pop,Emerging Artist,2018-07-06,2018,7,July,Friday,True,Summer,Atlanta,United States,North America,Tier 2 Major Regional Market,33.749,-84.388,Atlanta Music Hall,Club / Theater,nan,0,1386,2599,53.34,False,69438.6,50.1,Budget (<$75),2,True,Synthetic (Industry Model)
CNC-1974,Girl in Red,Girl in Red — 2018 Tour,Indie Pop,Emerging Artist,2018-08-22,2018,8,August,Wednesday,False,Summer,Miami,United States,North America,Tier 2 Major Regional Market,25.7617,-80.1918,Miami Music Hall,Club / Theater,Opener 2,2,1851,2922,63.35,False,68746.14,37.14,Budget (<$75),3,True,Synthetic (Industry Model)
CNC-1975,Girl in Red,Girl in Red — 2018 Tour,Indie Pop,Emerging Artist,2018-07-12,2018,7,July,Thursday,False,Summer,Seattle,United States,North America,Tier 2 Major Regional Market,47.6062,-122.3321,Seattle Music Hall,Club / Theater,Opener 3,2,966,1530,63.12,False,32583.18,33.73,Budget (<$75),1,False,Synthetic (Industry Model)
CNC-1976,Rex Orange County,Rex Orange County — 2018 Tour,Indie Pop,Emerging Artist,2018-09-12,2018,9,September,Wednesday,False,Fall,Philadelphia,United States,North America,Tier 2 Major Regional Market,39.9526,-75.1652,Philadelphia Arena,Arena,Opener 1,1,1579,3511,44.96,False,77197.31,48.89,Budget (<$75),1,False,Synthetic (Industry Model)
CNC-1977,Rex Orange County,Rex Orange County — 2018 Tour,Indie Pop,Emerging Artist,2018-09-17,2018,9,September,Monday,False,Fall,Warsaw,Poland,Europe,Tier 3 Emerging / Secondary Market,52.2297,21.0122,Warsaw Arena,Arena,nan,0,2364,3956,59.75,False,126072.12,53.33,Budget (<$75),1,False,Synthetic (Industry Model)
CNC-1978,Rex Orange County,Rex Orange County — 2018 Tour,Indie Pop,Emerging Artist,2018-09-16,2018,9,September,Sunday,True,Fall,Stockholm,Sweden,Europe,Tier 2 Major Regional Market,59.3293,18.0686,Stockholm Music Hall,Club / Theater,Opener 3,1,1603,2292,69.94,False,82907.16,51.72,Budget (<$75),1,False,Synthetic (Industry Model)
CNC-1979,Rex Orange County,Rex Orange County — 2018 Tour,Indie Pop,Emerging Artist,2018-09-27,2018,9,September,Thursday,False,Fall,Oslo,Norway,Europe,Tier 2 Major Regional Market,59.9139,10.7522,Oslo Arena,Arena,Opener 1,1,2946,4335,67.97,False,167774.7,56.95,Budget (<$75),1,False,Synthetic (Industry Model)
CNC-1980,Rex Orange County,Rex Orange County — 2018 Tour,Indie Pop,Emerging Artist,2018-09-24,2018,9,September,Monday,False,Fall,Warsaw,Poland,Europe,Tier 3 Emerging / Secondary Market,52.2297,21.0122,Warsaw Arena,Arena,Opener 2,1,1457,3745,38.91,False,81242.32,55.76,Budget (<$75),2,True,Synthetic (Industry Model)
CNC-1981,Rex Orange County,Rex Orange County — 2018 Tour,Indie Pop,Emerging Artist,2018-09-27,2018,9,September,Thursday,False,Fall,Seattle,United States,North America,Tier 2 Major Regional Market,47.6062,-122.3321,Seattle Music Hall,Club / Theater,nan,0,874,1244,70.27,False,17130.4,19.6,Budget (<$75),1,False,Synthetic (Industry Model)
CNC-1982,Rex Orange County,Rex Orange County — 2018 Tour,Indie Pop,Emerging Artist,2018-10-12,2018,10,October,Friday,True,Fall,Boston,United States,North America,Tier 2 Major Regional Market,42.3601,-71.0589,Boston Music Hall,Club / Theater,Opener 1,1,993,1660,59.81,False,47584.56,47.92,Budget (<$75),1,False,Synthetic (Industry Model)
CNC-1983,Rex Orange County,Rex Orange County — 2018 Tour,Indie Pop,Emerging Artist,2018-10-10,2018,10,October,Wednesday,False,Fall,Toronto,Canada,North America,Tier 1 Global Mega-City,43.6532,-79.3832,Toronto Music Hall,Club / Theater,Opener 2,1,1394,2353,59.25,False,66117.42,47.43,Budget (<$75),1,False,Synthetic (Industry Model)
CNC-1984,Rex Orange County,Rex Orange County — 2018 Tour,Indie Pop,Emerging Artist,2018-10-14,2018,10,October,Sunday,True,Fall,Stockholm,Sweden,Europe,Tier 2 Major Regional Market,59.3293,18.0686,Stockholm Arena,Arena,nan,0,1856,3948,47.0,False,101671.68,54.78,Budget (<$75),2,True,Synthetic (Industry Model)
CNC-1985,Rex Orange County,Rex Orange County — 2018 Tour,Indie Pop,Emerging Artist,2018-10-09,2018,10,October,Tuesday,False,Fall,Warsaw,Poland,Europe,Tier 3 Emerging / Secondary Market,52.2297,21.0122,Warsaw Music Hall,Club / Theater,Opener 1,2,778,1731,44.93,False,24966.02,32.09,Budget (<$75),3,True,Synthetic (Industry Model)
CNC-1986,Rex Orange County,Rex Orange County — 2018 Tour,Indie Pop,Emerging Artist,2018-10-12,2018,10,October,Friday,True,Fall,Vancouver,Canada,North America,Tier 2 Major Regional Market,49.2827,-123.1207,Vancouver Arena,Arena,Opener 2,2,3074,4171,73.69,False,190557.26,61.99,Budget (<$75),1,False,Synthetic (Industry Model)
CNC-1987,Rex Orange County,Rex Orange County — 2018 Tour,Indie Pop,Emerging Artist,2018-10-04,2018,10,October,Thursday,False,Fall,Berlin,Germany,Europe,Tier 1 Global Mega-City,52.52,13.405,Berlin Arena,Arena,Opener 3,1,3461,4417,78.35,False,238912.83,69.03,Budget (<$75),1,False,Synthetic (Industry Model)
CNC-1988,Rex Orange County,Rex Orange County — 2018 Tour,Indie Pop,Emerging Artist,2018-10-18,2018,10,October,Thursday,False,Fall,Atlanta,United States,North America,Tier 2 Major Regional Market,33.749,-84.388,Atlanta Music Hall,Club / Theater,Opener 1,1,1678,2842,59.03,False,98985.22,58.99,Budget (<$75),1,False,Synthetic (Industry Model)
CNC-1989,Rex Orange County,Rex Orange County — 2018 Tour,Indie Pop,Emerging Artist,2018-11-16,2018,11,November,Friday,True,Fall,Lisbon,Portugal,Europe,Tier 2 Major Regional Market,38.7223,-9.1393,Lisbon Music Hall,Club / Theater,Opener 2,1,2015,2957,68.13,False,106250.95,52.73,Budget (<$75),1,False,Synthetic (Industry Model)
CNC-1990,Rex Orange County,Rex Orange County — 2018 Tour,Indie Pop,Emerging Artist,2018-11-07,2018,11,November,Wednesday,False,Fall,Oslo,Norway,Europe,Tier 2 Major Regional Market,59.9139,10.7522,Oslo Arena,Arena,Opener 3,1,2206,3212,68.68,False,108071.94,48.99,Budget (<$75),2,True,Synthetic (Industry Model)
CNC-1991,Rex Orange County,Rex Orange County — 2018 Tour,Indie Pop,Emerging Artist,2018-11-11,2018,11,November,Sunday,True,Fall,Madrid,Spain,Europe,Tier 2 Major Regional Market,40.4168,-3.7038,Madrid Music Hall,Club / Theater,nan,0,558,1289,43.29,False,21533.22,38.59,Budget (<$75),1,False,Synthetic (Industry Model)
CNC-1992,Rex Orange County,Rex Orange County — 2018 Tour,Indie Pop,Emerging Artist,2018-10-14,2018,10,October,Sunday,True,Fall,Copenhagen,Denmark,Europe,Tier 2 Major Regional Market,55.6761,12.5683,Copenhagen Music Hall,Club / Theater,nan,0,836,1140,73.37,False,29719.8,35.55,Budget (<$75),1,False,Synthetic (Industry Model)
CNC-1993,Rex Orange County,Rex Orange County — 2018 Tour,Indie Pop,Emerging Artist,2018-11-19,2018,11,November,Monday,False,Fall,Warsaw,Poland,Europe,Tier 3 Emerging / Secondary Market,52.2297,21.0122,Warsaw Arena,Arena,Opener 3,2,1068,3013,35.44,False,50388.24,47.18,Budget (<$75),4,True,Synthetic (Industry Model)
CNC-1994,Rex Orange County,Rex Orange County — 2018 Tour,Indie Pop,Emerging Artist,2018-11-23,2018,11,November,Friday,True,Fall,New York,United States,North America,Tier 1 Global Mega-City,40.7128,-74.006,New York Arena,Arena,Opener 1,1,3195,4810,66.42,False,221253.75,69.25,Budget (<$75),1,False,Synthetic (Industry Model)
CNC-1995,Rex Orange County,Rex Orange County — 2018 Tour,Indie Pop,Emerging Artist,2018-12-16,2018,12,December,Sunday,True,Winter,Dublin,Ireland,Europe,Tier 2 Major Regional Market,53.3498,-6.2603,Dublin Arena,Arena,Opener 2,2,2416,3488,69.26,False,137373.76,56.86,Budget (<$75),1,False,Synthetic (Industry Model)
CNC-1996,Rex Orange County,Rex Orange County — 2018 Tour,Indie Pop,Emerging Artist,2018-12-01,2018,12,December,Saturday,True,Winter,Denver,United States,North America,Tier 2 Major Regional Market,39.7392,-104.9903,Denver Arena,Arena,Opener 3,2,2203,3093,71.21,False,103144.46,46.82,Budget (<$75),1,False,Synthetic (Industry Model)
CNC-1997,Rex Orange County,Rex Orange County — 2018 Tour,Indie Pop,Emerging Artist,2018-10-24,2018,10,October,Wednesday,False,Fall,Lisbon,Portugal,Europe,Tier 2 Major Regional Market,38.7223,-9.1393,Lisbon Arena,Arena,Opener 1,2,2398,4840,49.55,False,142369.26,59.37,Budget (<$75),2,True,Synthetic (Industry Model)
CNC-1998,Rex Orange County,Rex Orange County — 2018 Tour,Indie Pop,Emerging Artist,2018-10-26,2018,10,October,Friday,True,Fall,Stockholm,Sweden,Europe,Tier 2 Major Regional Market,59.3293,18.0686,Stockholm Music Hall,Club / Theater,Opener 2,1,1424,2627,54.22,False,68565.6,48.15,Budget (<$75),3,True,Synthetic (Industry Model)
CNC-1999,Rex Orange County,Rex Orange County — 2018 Tour,Indie Pop,Emerging Artist,2018-12-13,2018,12,December,Thursday,False,Winter,Oslo,Norway,Europe,Tier 2 Major Regional Market,59.9139,10.7522,Oslo Arena,Arena,Opener 3,2,3671,4987,73.62,False,208402.67,56.77,Budget (<$75),3,True,Synthetic (Industry Model)
CNC-2000,Rex Orange County,Rex Orange County — 2018 Tour,Indie Pop,Emerging Artist,2018-11-23,2018,11,November,Friday,True,Fall,Copenhagen,Denmark,Europe,Tier 2 Major Regional Market,55.6761,12.5683,Copenhagen Music Hall,Club / Theater,nan,0,916,1360,67.37,False,19785.6,21.6,Budget (<$75),2,True,Synthetic (Industry Model)
CNC-2001,Rex Orange County,Rex Orange County — 2018 Tour,Indie Pop,Emerging Artist,2018-12-21,2018,12,December,Friday,True,Winter,Miami,United States,North America,Tier 2 Major Regional Market,25.7617,-80.1918,Miami Music Hall,Club / Theater,nan,0,787,1200,65.55,False,25459.45,32.35,Budget (<$75),1,False,Synthetic (Industry Model)
CNC-2002,Lewis Capaldi,Lewis Capaldi — 2019 Tour,Pop / Singer-Songwriter,Mid-Tier Touring Artist,2019-07-14,2019,7,July,Sunday,True,Summer,Toronto,Canada,North America,Tier 1 Global Mega-City,43.6532,-79.3832,Toronto Arena,Arena,Opener 1,1,6117,6681,91.56,False,409716.66,66.98,Budget (<$75),1,False,Synthetic (Industry Model)
CNC-2003,Lewis Capaldi,Lewis Capaldi — 2019 Tour,Pop / Singer-Songwriter,Mid-Tier Touring Artist,2019-07-18,2019,7,July,Thursday,False,Summer,Columbus,United States,North America,Tier 3 Emerging / Secondary Market,39.9612,-82.9988,Columbus Arena,Arena,Opener 2,1,9120,11187,81.52,False,762523.2,83.61,Standard ($75-$150),1,False,Synthetic (Industry Model)
CNC-2004,Lewis Capaldi,Lewis Capaldi — 2019 Tour,Pop / Singer-Songwriter,Mid-Tier Touring Artist,2019-07-22,2019,7,July,Monday,False,Summer,Copenhagen,Denmark,Europe,Tier 2 Major Regional Market,55.6761,12.5683,Copenhagen Arena,Large Arena,Opener 3,2,11881,14461,82.16,False,1168377.54,98.34,Standard ($75-$150),1,False,Synthetic (Industry Model)
CNC-2005,Lewis Capaldi,Lewis Capaldi — 2019 Tour,Pop / Singer-Songwriter,Mid-Tier Touring Artist,2019-07-23,2019,7,July,Tuesday,False,Summer,Denver,United States,North America,Tier 2 Major Regional Market,39.7392,-104.9903,Denver Arena,Arena,Opener 1,1,7201,11730,61.39,False,482250.97,66.97,Budget (<$75),1,False,Synthetic (Industry Model)
CNC-2006,Lewis Capaldi,Lewis Capaldi — 2019 Tour,Pop / Singer-Songwriter,Mid-Tier Touring Artist,2019-08-03,2019,8,August,Saturday,True,Summer,Manchester,United Kingdom,Europe,Tier 2 Major Regional Market,53.4808,-2.2426,Manchester Arena,Arena,Opener 2,2,5466,6808,80.29,False,368299.08,67.38,Budget (<$75),1,False,Synthetic (Industry Model)
CNC-2007,Lewis Capaldi,Lewis Capaldi — 2019 Tour,Pop / Singer-Songwriter,Mid-Tier Touring Artist,2019-08-03,2019,8,August,Saturday,True,Summer,London,United Kingdom,Europe,Tier 1 Global Mega-City,51.5074,-0.1278,London Arena,Large Arena,nan,0,13678,15218,89.88,False,1505127.12,110.04,Standard ($75-$150),1,False,Synthetic (Industry Model)
CNC-2008,Lewis Capaldi,Lewis Capaldi — 2019 Tour,Pop / Singer-Songwriter,Mid-Tier Touring Artist,2019-08-13,2019,8,August,Tuesday,False,Summer,Kansas City,United States,North America,Tier 3 Emerging / Secondary Market,39.0997,-94.5786,Kansas City Arena,Arena,Opener 1,1,6902,11347,60.83,False,611724.26,88.63,Standard ($75-$150),1,False,Synthetic (Industry Model)
CNC-2009,Lewis Capaldi,Lewis Capaldi — 2019 Tour,Pop / Singer-Songwriter,Mid-Tier Touring Artist,2019-08-18,2019,8,August,Sunday,True,Summer,Amsterdam,Netherlands,Europe,Tier 1 Global Mega-City,52.3676,4.9041,Amsterdam Arena,Large Arena,Opener 2,2,14706,16982,86.6,False,1650013.2,112.2,Standard ($75-$150),1,False,Synthetic (Industry Model)
CNC-2010,Lewis Capaldi,Lewis Capaldi — 2019 Tour,Pop / Singer-Songwriter,Mid-Tier Touring Artist,2019-08-23,2019,8,August,Friday,True,Summer,Miami,United States,North America,Tier 2 Major Regional Market,25.7617,-80.1918,Miami Arena,Large Arena,Opener 3,1,10191,14497,70.3,False,988934.64,97.04,Standard ($75-$150),1,False,Synthetic (Industry Model)
CNC-2011,Lewis Capaldi,Lewis Capaldi — 2019 Tour,Pop / Singer-Songwriter,Mid-Tier Touring Artist,2019-08-10,2019,8,August,Saturday,True,Summer,Stockholm,Sweden,Europe,Tier 2 Major Regional Market,59.3293,18.0686,Stockholm Arena,Large Arena,Opener 1,2,14822,15623,94.87,False,1513474.42,102.11,Standard ($75-$150),1,False,Synthetic (Industry Model)
CNC-2012,Lewis Capaldi,Lewis Capaldi — 2019 Tour,Pop / Singer-Songwriter,Mid-Tier Touring Artist,2019-09-02,2019,9,September,Monday,False,Fall,New York,United States,North America,Tier 1 Global Mega-City,40.7128,-74.006,New York Arena,Large Arena,Opener 2,1,11579,15338,75.49,False,1129647.24,97.56,Standard ($75-$150),1,False,Synthetic (Industry Model)
CNC-2013,Lewis Capaldi,Lewis Capaldi — 2019 Tour,Pop / Singer-Songwriter,Mid-Tier Touring Artist,2019-08-16,2019,8,August,Friday,True,Winter,Melbourne,Australia,Oceania,Tier 2 Major Regional Market,-37.8136,144.9631,Melbourne Arena,Arena,nan,0,8587,9069,94.69,False,646429.36,75.28,Standard ($75-$150),1,False,Synthetic (Industry Model)
CNC-2014,Lewis Capaldi,Lewis Capaldi — 2019 Tour,Pop / Singer-Songwriter,Mid-Tier Touring Artist,2019-08-07,2019,8,August,Wednesday,False,Summer,Paris,France,Europe,Tier 1 Global Mega-City,48.8566,2.3522,Paris Arena,Arena,Opener 1,2,5159,6121,84.29,False,264501.93,51.27,Budget (<$75),1,False,Synthetic (Industry Model)
CNC-2015,Lewis Capaldi,Lewis Capaldi — 2019 Tour,Pop / Singer-Songwriter,Mid-Tier Touring Artist,2019-09-04,2019,9,September,Wednesday,False,Fall,Copenhagen,Denmark,Europe,Tier 2 Major Regional Market,55.6761,12.5683,Copenhagen Arena,Large Arena,Opener 2,1,8484,14588,58.16,False,911351.28,107.42,Standard ($75-$150),2,True,Synthetic (Industry Model)
CNC-2016,Lewis Capaldi,Lewis Capaldi — 2019 Tour,Pop / Singer-Songwriter,Mid-Tier Touring Artist,2019-09-08,2019,9,September,Sunday,True,Fall,Copenhagen,Denmark,Europe,Tier 2 Major Regional Market,55.6761,12.5683,Copenhagen Arena,Arena,Opener 3,1,6010,7288,82.47,False,349181.0,58.1,Budget (<$75),3,True,Synthetic (Industry Model)
CNC-2017,Lewis Capaldi,Lewis Capaldi — 2019 Tour,Pop / Singer-Songwriter,Mid-Tier Touring Artist,2019-08-13,2019,8,August,Tuesday,False,Summer,Brussels,Belgium,Europe,Tier 2 Major Regional Market,50.8503,4.3517,Brussels Arena,Arena,Opener 1,2,6737,9690,69.53,False,549739.2,81.6,Standard ($75-$150),1,False,Synthetic (Industry Model)
CNC-2018,Lewis Capaldi,Lewis Capaldi — 2019 Tour,Pop / Singer-Songwriter,Mid-Tier Touring Artist,2019-08-31,2019,8,August,Saturday,True,Summer,Vancouver,Canada,North America,Tier 2 Major Regional Market,49.2827,-123.1207,Vancouver Arena,Arena,Opener 2,1,5504,6819,80.72,False,403608.32,73.33,Budget (<$75),1,False,Synthetic (Industry Model)
CNC-2019,Lewis Capaldi,Lewis Capaldi — 2019 Tour,Pop / Singer-Songwriter,Mid-Tier Touring Artist,2019-09-20,2019,9,September,Friday,True,Fall,Chicago,United States,North America,Tier 1 Global Mega-City,41.8781,-87.6298,Chicago Arena,Arena,Opener 3,2,4457,5063,88.04,False,276334.0,62.0,Budget (<$75),1,False,Synthetic (Industry Model)
CNC-2020,Lewis Capaldi,Lewis Capaldi — 2019 Tour,Pop / Singer-Songwriter,Mid-Tier Touring Artist,2019-09-06,2019,9,September,Friday,True,Fall,Brussels,Belgium,Europe,Tier 2 Major Regional Market,50.8503,4.3517,Brussels Arena,Arena,nan,0,8185,10509,77.89,False,793372.05,96.93,Standard ($75-$150),2,True,Synthetic (Industry Model)
CNC-2021,Lewis Capaldi,Lewis Capaldi — 2019 Tour,Pop / Singer-Songwriter,Mid-Tier Touring Artist,2019-09-09,2019,9,September,Monday,False,Fall,Nashville,United States,North America,Tier 2 Major Regional Market,36.1627,-86.7816,Nashville Arena,Large Arena,Opener 2,1,12586,16414,76.68,False,1098254.36,87.26,Standard ($75-$150),1,False,Synthetic (Industry Model)
CNC-2022,Lewis Capaldi,Lewis Capaldi — 2019 Tour,Pop / Singer-Songwriter,Mid-Tier Touring Artist,2019-09-12,2019,9,September,Thursday,False,Fall,Denver,United States,North America,Tier 2 Major Regional Market,39.7392,-104.9903,Denver Arena,Arena,Opener 3,1,8827,11216,78.7,False,685328.28,77.64,Standard ($75-$150),2,True,Synthetic (Industry Model)
CNC-2023,Lewis Capaldi,Lewis Capaldi — 2019 Tour,Pop / Singer-Songwriter,Mid-Tier Touring Artist,2019-08-25,2019,8,August,Sunday,True,Summer,Barcelona,Spain,Europe,Tier 2 Major Regional Market,41.3851,2.1734,Barcelona Arena,Large Arena,nan,0,10407,12079,86.16,False,993140.01,95.43,Standard ($75-$150),1,False,Synthetic (Industry Model)
CNC-2024,Lewis Capaldi,Lewis Capaldi — 2019 Tour,Pop / Singer-Songwriter,Mid-Tier Touring Artist,2019-08-27,2019,8,August,Tuesday,False,Summer,Copenhagen,Denmark,Europe,Tier 2 Major Regional Market,55.6761,12.5683,Copenhagen Arena,Large Arena,Opener 2,2,11306,14394,78.55,False,957957.38,84.73,Standard ($75-$150),4,True,Synthetic (Industry Model)
CNC-2025,Lewis Capaldi,Lewis Capaldi — 2019 Tour,Pop / Singer-Songwriter,Mid-Tier Touring Artist,2019-09-21,2019,9,September,Saturday,True,Fall,Denver,United States,North America,Tier 2 Major Regional Market,39.7392,-104.9903,Denver Arena,Large Arena,Opener 3,1,14400,17589,81.87,False,1467504.0,101.91,Standard ($75-$150),3,True,Synthetic (Industry Model)
CNC-2026,Lewis Capaldi,Lewis Capaldi — 2019 Tour,Pop / Singer-Songwriter,Mid-Tier Touring Artist,2019-11-11,2019,11,November,Monday,False,Fall,Denver,United States,North America,Tier 2 Major Regional Market,39.7392,-104.9903,Denver Arena,Arena,nan,0,4250,5157,82.41,False,254405.0,59.86,Budget (<$75),4,True,Synthetic (Industry Model)
CNC-2027,Lewis Capaldi,Lewis Capaldi — 2019 Tour,Pop / Singer-Songwriter,Mid-Tier Touring Artist,2019-09-02,2019,9,September,Monday,False,Fall,Salt Lake City,United States,North America,Tier 3 Emerging / Secondary Market,40.7608,-111.891,Salt Lake City Arena,Large Arena,Opener 2,2,11362,14597,77.84,False,957816.6,84.3,Standard ($75-$150),1,False,Synthetic (Industry Model)
CNC-2028,Lewis Capaldi,Lewis Capaldi — 2019 Tour,Pop / Singer-Songwriter,Mid-Tier Touring Artist,2019-11-21,2019,11,November,Thursday,False,Fall,Salt Lake City,United States,North America,Tier 3 Emerging / Secondary Market,40.7608,-111.891,Salt Lake City Arena,Arena,Opener 3,2,7660,10082,75.98,False,589360.4,76.94,Standard ($75-$150),2,True,Synthetic (Industry Model)
CNC-2029,Lewis Capaldi,Lewis Capaldi — 2019 Tour,Pop / Singer-Songwriter,Mid-Tier Touring Artist,2019-11-26,2019,11,November,Tuesday,False,Fall,Denver,United States,North America,Tier 2 Major Regional Market,39.7392,-104.9903,Denver Arena,Large Arena,nan,0,10754,13899,77.37,False,1035825.28,96.32,Standard ($75-$150),5,True,Synthetic (Industry Model)
CNC-2030,Lewis Capaldi,Lewis Capaldi — 2019 Tour,Pop / Singer-Songwriter,Mid-Tier Touring Artist,2019-10-06,2019,10,October,Sunday,True,Fall,Atlanta,United States,North America,Tier 2 Major Regional Market,33.749,-84.388,Atlanta Arena,Arena,nan,0,3768,5561,67.76,False,220352.64,58.48,Budget (<$75),1,False,Synthetic (Industry Model)
CNC-2031,Lewis Capaldi,Lewis Capaldi — 2019 Tour,Pop / Singer-Songwriter,Mid-Tier Touring Artist,2019-12-06,2019,12,December,Friday,True,Winter,Salt Lake City,United States,North America,Tier 3 Emerging / Secondary Market,40.7608,-111.891,Salt Lake City Arena,Large Arena,nan,0,9932,13103,75.8,False,905003.84,91.12,Standard ($75-$150),3,True,Synthetic (Industry Model)
CNC-2032,Lewis Capaldi,Lewis Capaldi — 2019 Tour,Pop / Singer-Songwriter,Mid-Tier Touring Artist,2019-12-11,2019,12,December,Wednesday,False,Summer,Melbourne,Australia,Oceania,Tier 2 Major Regional Market,-37.8136,144.9631,Melbourne Arena,Large Arena,nan,0,11088,16225,68.34,False,1073872.8,96.85,Standard ($75-$150),2,True,Synthetic (Industry Model)
CNC-2033,Lewis Capaldi,Lewis Capaldi — 2019 Tour,Pop / Singer-Songwriter,Mid-Tier Touring Artist,2019-12-16,2019,12,December,Monday,False,Winter,Brussels,Belgium,Europe,Tier 2 Major Regional Market,50.8503,4.3517,Brussels Arena,Arena,nan,0,6937,10893,63.68,False,565434.87,81.51,Standard ($75-$150),3,True,Synthetic (Industry Model)
CNC-2034,Lewis Capaldi,Lewis Capaldi — 2019 Tour,Pop / Singer-Songwriter,Mid-Tier Touring Artist,2019-10-18,2019,10,October,Friday,True,Spring,Sydney,Australia,Oceania,Tier 2 Major Regional Market,-33.8688,151.2093,Sydney Arena,Large Arena,nan,0,11219,15509,72.34,False,1080501.89,96.31,Standard ($75-$150),1,False,Synthetic (Industry Model)
CNC-2035,Lewis Capaldi,Lewis Capaldi — 2019 Tour,Pop / Singer-Songwriter,Mid-Tier Touring Artist,2019-10-21,2019,10,October,Monday,False,Fall,Manchester,United Kingdom,Europe,Tier 2 Major Regional Market,53.4808,-2.2426,Manchester Arena,Arena,Opener 1,1,7062,8756,80.65,False,485583.12,68.76,Budget (<$75),2,True,Synthetic (Industry Model)
CNC-2036,Lewis Capaldi,Lewis Capaldi — 2019 Tour,Pop / Singer-Songwriter,Mid-Tier Touring Artist,2019-09-20,2019,9,September,Friday,True,Fall,Denver,United States,North America,Tier 2 Major Regional Market,39.7392,-104.9903,Denver Arena,Arena,nan,0,3539,5071,69.78,False,219205.66,61.94,Budget (<$75),6,True,Synthetic (Industry Model)
CNC-2037,The 1975,The 1975 — 2019 Tour,Indie / Alternative,Mid-Tier Touring Artist,2019-05-09,2019,5,May,Thursday,False,Spring,Warsaw,Poland,Europe,Tier 3 Emerging / Secondary Market,52.2297,21.0122,Warsaw Arena,Large Arena,Opener 1,1,10733,17480,61.4,False,1060742.39,98.83,Standard ($75-$150),1,False,Synthetic (Industry Model)
CNC-2038,The 1975,The 1975 — 2019 Tour,Indie / Alternative,Mid-Tier Touring Artist,2019-05-14,2019,5,May,Tuesday,False,Spring,Boston,United States,North America,Tier 2 Major Regional Market,42.3601,-71.0589,Boston Arena,Large Arena,nan,0,11506,19485,59.05,False,1140474.72,99.12,Standard ($75-$150),1,False,Synthetic (Industry Model)
CNC-2039,The 1975,The 1975 — 2019 Tour,Indie / Alternative,Mid-Tier Touring Artist,2019-05-13,2019,5,May,Monday,False,Spring,Lisbon,Portugal,Europe,Tier 2 Major Regional Market,38.7223,-9.1393,Lisbon Arena,Arena,nan,0,6305,9428,66.88,False,508750.45,80.69,Standard ($75-$150),1,False,Synthetic (Industry Model)
CNC-2040,The 1975,The 1975 — 2019 Tour,Indie / Alternative,Mid-Tier Touring Artist,2019-05-18,2019,5,May,Saturday,True,Spring,Stockholm,Sweden,Europe,Tier 2 Major Regional Market,59.3293,18.0686,Stockholm Arena,Large Arena,Opener 1,2,16010,19555,81.87,False,1916076.8,119.68,Standard ($75-$150),1,False,Synthetic (Industry Model)
CNC-2041,The 1975,The 1975 — 2019 Tour,Indie / Alternative,Mid-Tier Touring Artist,2019-05-29,2019,5,May,Wednesday,False,Spring,Richmond,United States,North America,Tier 3 Emerging / Secondary Market,37.5407,-77.436,Richmond Arena,Large Arena,Opener 2,2,9894,17846,55.44,False,1201032.66,121.39,Standard ($75-$150),1,False,Synthetic (Industry Model)
CNC-2042,The 1975,The 1975 — 2019 Tour,Indie / Alternative,Mid-Tier Touring Artist,2019-06-03,2019,6,June,Monday,False,Summer,Berlin,Germany,Europe,Tier 1 Global Mega-City,52.52,13.405,Berlin Arena,Large Arena,nan,0,10637,12252,86.82,False,857767.68,80.64,Standard ($75-$150),1,False,Synthetic (Industry Model)
CNC-2043,The 1975,The 1975 — 2019 Tour,Indie / Alternative,Mid-Tier Touring Artist,2019-05-21,2019,5,May,Tuesday,False,Autumn,Melbourne,Australia,Oceania,Tier 2 Major Regional Market,-37.8136,144.9631,Melbourne Arena,Arena,nan,0,5672,7592,74.71,False,374578.88,66.04,Budget (<$75),1,False,Synthetic (Industry Model)
CNC-2044,The 1975,The 1975 — 2019 Tour,Indie / Alternative,Mid-Tier Touring Artist,2019-06-13,2019,6,June,Thursday,False,Summer,Atlanta,United States,North America,Tier 2 Major Regional Market,33.749,-84.388,Atlanta Arena,Large Arena,Opener 2,2,11249,13558,82.97,False,1047619.37,93.13,Standard ($75-$150),1,False,Synthetic (Industry Model)
CNC-2045,The 1975,The 1975 — 2019 Tour,Indie / Alternative,Mid-Tier Touring Artist,2019-06-18,2019,6,June,Tuesday,False,Summer,Atlanta,United States,North America,Tier 2 Major Regional Market,33.749,-84.388,Atlanta Arena,Arena,Opener 3,2,5121,7204,71.09,False,309308.4,60.4,Budget (<$75),2,True,Synthetic (Industry Model)
CNC-2046,The 1975,The 1975 — 2019 Tour,Indie / Alternative,Mid-Tier Touring Artist,2019-05-27,2019,5,May,Monday,False,Spring,Richmond,United States,North America,Tier 3 Emerging / Secondary Market,37.5407,-77.436,Richmond Arena,Large Arena,Opener 1,2,12152,17387,69.89,False,1235858.4,101.7,Standard ($75-$150),2,True,Synthetic (Industry Model)
CNC-2047,The 1975,The 1975 — 2019 Tour,Indie / Alternative,Mid-Tier Touring Artist,2019-06-18,2019,6,June,Tuesday,False,Summer,Paris,France,Europe,Tier 1 Global Mega-City,48.8566,2.3522,Paris Arena,Arena,nan,0,5020,6220,80.7,False,338197.4,67.37,Budget (<$75),1,False,Synthetic (Industry Model)
CNC-2048,The 1975,The 1975 — 2019 Tour,Indie / Alternative,Mid-Tier Touring Artist,2019-06-22,2019,6,June,Saturday,True,Summer,Berlin,Germany,Europe,Tier 1 Global Mega-City,52.52,13.405,Berlin Arena,Large Arena,Opener 3,2,12628,13316,94.83,False,1014028.4,80.3,Standard ($75-$150),2,True,Synthetic (Industry Model)
CNC-2049,The 1975,The 1975 — 2019 Tour,Indie / Alternative,Mid-Tier Touring Artist,2019-07-08,2019,7,July,Monday,False,Summer,Nashville,United States,North America,Tier 2 Major Regional Market,36.1627,-86.7816,Nashville Arena,Large Arena,nan,0,9799,13130,74.63,False,805771.77,82.23,Standard ($75-$150),1,False,Synthetic (Industry Model)
CNC-2050,The 1975,The 1975 — 2019 Tour,Indie / Alternative,Mid-Tier Touring Artist,2019-07-13,2019,7,July,Saturday,True,Summer,Oslo,Norway,Europe,Tier 2 Major Regional Market,59.9139,10.7522,Oslo Arena,Arena,nan,0,5613,6061,92.61,False,332345.73,59.21,Budget (<$75),1,False,Synthetic (Industry Model)
CNC-2051,The 1975,The 1975 — 2019 Tour,Indie / Alternative,Mid-Tier Touring Artist,2019-06-20,2019,6,June,Thursday,False,Summer,Columbus,United States,North America,Tier 3 Emerging / Secondary Market,39.9612,-82.9988,Columbus Arena,Large Arena,Opener 3,2,8565,12425,68.93,False,813332.4,94.96,Standard ($75-$150),1,False,Synthetic (Industry Model)
CNC-2052,The 1975,The 1975 — 2019 Tour,Indie / Alternative,Mid-Tier Touring Artist,2019-07-23,2019,7,July,Tuesday,False,Summer,Lisbon,Portugal,Europe,Tier 2 Major Regional Market,38.7223,-9.1393,Lisbon Arena,Arena,nan,0,7600,11196,67.88,False,592800.0,78.0,Standard ($75-$150),2,True,Synthetic (Industry Model)
CNC-2053,The 1975,The 1975 — 2019 Tour,Indie / Alternative,Mid-Tier Touring Artist,2019-06-26,2019,6,June,Wednesday,False,Winter,Sydney,Australia,Oceania,Tier 2 Major Regional Market,-33.8688,151.2093,Sydney Arena,Arena,Opener 2,2,9928,11269,88.1,False,767930.8,77.35,Standard ($75-$150),1,False,Synthetic (Industry Model)
CNC-2054,The 1975,The 1975 — 2019 Tour,Indie / Alternative,Mid-Tier Touring Artist,2019-07-16,2019,7,July,Tuesday,False,Summer,Salt Lake City,United States,North America,Tier 3 Emerging / Secondary Market,40.7608,-111.891,Salt Lake City Arena,Large Arena,Opener 3,2,6277,13602,46.15,False,571646.39,91.07,Standard ($75-$150),1,False,Synthetic (Industry Model)
CNC-2055,The 1975,The 1975 — 2019 Tour,Indie / Alternative,Mid-Tier Touring Artist,2019-08-07,2019,8,August,Wednesday,False,Winter,Sydney,Australia,Oceania,Tier 2 Major Regional Market,-33.8688,151.2093,Sydney Arena,Large Arena,Opener 1,1,12904,18218,70.83,False,1487315.04,115.26,Standard ($75-$150),2,True,Synthetic (Industry Model)
CNC-2056,The 1975,The 1975 — 2019 Tour,Indie / Alternative,Mid-Tier Touring Artist,2019-08-12,2019,8,August,Monday,False,Summer,Columbus,United States,North America,Tier 3 Emerging / Secondary Market,39.9612,-82.9988,Columbus Arena,Arena,Opener 2,2,6689,9476,70.59,False,482611.35,72.15,Budget (<$75),2,True,Synthetic (Industry Model)
CNC-2057,The 1975,The 1975 — 2019 Tour,Indie / Alternative,Mid-Tier Touring Artist,2019-06-18,2019,6,June,Tuesday,False,Summer,Houston,United States,North America,Tier 2 Major Regional Market,29.7604,-95.3698,Houston Arena,Arena,Opener 3,1,8471,11857,71.44,False,793224.44,93.64,Standard ($75-$150),1,False,Synthetic (Industry Model)
CNC-2058,The 1975,The 1975 — 2019 Tour,Indie / Alternative,Mid-Tier Touring Artist,2019-08-22,2019,8,August,Thursday,False,Summer,Madrid,Spain,Europe,Tier 2 Major Regional Market,40.4168,-3.7038,Madrid Arena,Arena,Opener 1,1,6386,9605,66.49,False,538786.82,84.37,Standard ($75-$150),1,False,Synthetic (Industry Model)
CNC-2059,The 1975,The 1975 — 2019 Tour,Indie / Alternative,Mid-Tier Touring Artist,2019-08-05,2019,8,August,Monday,False,Summer,Columbus,United States,North America,Tier 3 Emerging / Secondary Market,39.9612,-82.9988,Columbus Arena,Arena,nan,0,6012,8211,73.22,False,411401.16,68.43,Budget (<$75),3,True,Synthetic (Industry Model)
CNC-2060,The 1975,The 1975 — 2019 Tour,Indie / Alternative,Mid-Tier Touring Artist,2019-09-01,2019,9,September,Sunday,True,Fall,Oslo,Norway,Europe,Tier 2 Major Regional Market,59.9139,10.7522,Oslo Arena,Large Arena,Opener 3,1,11945,15672,76.22,False,1398281.7,117.06,Standard ($75-$150),2,True,Synthetic (Industry Model)
CNC-2061,The 1975,The 1975 — 2019 Tour,Indie / Alternative,Mid-Tier Touring Artist,2019-07-20,2019,7,July,Saturday,True,Summer,Barcelona,Spain,Europe,Tier 2 Major Regional Market,41.3851,2.1734,Barcelona Arena,Arena,nan,0,6388,7810,81.79,False,436364.28,68.31,Budget (<$75),1,False,Synthetic (Industry Model)
CNC-2062,The 1975,The 1975 — 2019 Tour,Indie / Alternative,Mid-Tier Touring Artist,2019-09-11,2019,9,September,Wednesday,False,Fall,Philadelphia,United States,North America,Tier 2 Major Regional Market,39.9526,-75.1652,Philadelphia Arena,Large Arena,nan,0,13192,19270,68.46,False,1655332.16,125.48,Standard ($75-$150),1,False,Synthetic (Industry Model)
CNC-2063,The 1975,The 1975 — 2019 Tour,Indie / Alternative,Mid-Tier Touring Artist,2019-07-26,2019,7,July,Friday,True,Summer,Warsaw,Poland,Europe,Tier 3 Emerging / Secondary Market,52.2297,21.0122,Warsaw Arena,Large Arena,Opener 3,1,11052,14606,75.67,False,1100226.6,99.55,Standard ($75-$150),2,True,Synthetic (Industry Model)
CNC-2064,The 1975,The 1975 — 2019 Tour,Indie / Alternative,Mid-Tier Touring Artist,2019-07-02,2019,7,July,Tuesday,False,Summer,Richmond,United States,North America,Tier 3 Emerging / Secondary Market,37.5407,-77.436,Richmond Arena,Arena,Opener 1,1,7102,11611,61.17,False,614749.12,86.56,Standard ($75-$150),3,True,Synthetic (Industry Model)
CNC-2065,The 1975,The 1975 — 2019 Tour,Indie / Alternative,Mid-Tier Touring Artist,2019-09-26,2019,9,September,Thursday,False,Fall,Miami,United States,North America,Tier 2 Major Regional Market,25.7617,-80.1918,Miami Arena,Arena,Opener 2,1,6673,8148,81.9,False,376957.77,56.49,Budget (<$75),1,False,Synthetic (Industry Model)
CNC-2066,The 1975,The 1975 — 2019 Tour,Indie / Alternative,Mid-Tier Touring Artist,2019-07-06,2019,7,July,Saturday,True,Summer,Columbus,United States,North America,Tier 3 Emerging / Secondary Market,39.9612,-82.9988,Columbus Arena,Large Arena,Opener 3,1,14429,19288,74.81,False,1558476.29,108.01,Standard ($75-$150),4,True,Synthetic (Industry Model)
CNC-2067,The 1975,The 1975 — 2019 Tour,Indie / Alternative,Mid-Tier Touring Artist,2019-07-08,2019,7,July,Monday,False,Summer,Stockholm,Sweden,Europe,Tier 2 Major Regional Market,59.3293,18.0686,Stockholm Arena,Large Arena,nan,0,10745,18887,56.89,False,1212895.6,112.88,Standard ($75-$150),2,True,Synthetic (Industry Model)
CNC-2068,The 1975,The 1975 — 2019 Tour,Indie / Alternative,Mid-Tier Touring Artist,2019-10-11,2019,10,October,Friday,True,Fall,Miami,United States,North America,Tier 2 Major Regional Market,25.7617,-80.1918,Miami Arena,Large Arena,Opener 2,1,10740,12682,84.69,False,1047042.6,97.49,Standard ($75-$150),2,True,Synthetic (Industry Model)
CNC-2069,The 1975,The 1975 — 2019 Tour,Indie / Alternative,Mid-Tier Touring Artist,2019-08-13,2019,8,August,Tuesday,False,Summer,Nashville,United States,North America,Tier 2 Major Regional Market,36.1627,-86.7816,Nashville Arena,Arena,Opener 3,1,5884,7333,80.24,False,402995.16,68.49,Budget (<$75),2,True,Synthetic (Industry Model)
CNC-2070,The 1975,The 1975 — 2019 Tour,Indie / Alternative,Mid-Tier Touring Artist,2019-10-21,2019,10,October,Monday,False,Spring,Sydney,Australia,Oceania,Tier 2 Major Regional Market,-33.8688,151.2093,Sydney Arena,Large Arena,Opener 1,2,12246,14256,85.9,False,1140225.06,93.11,Standard ($75-$150),3,True,Synthetic (Industry Model)
CNC-2071,The 1975,The 1975 — 2019 Tour,Indie / Alternative,Mid-Tier Touring Artist,2019-08-19,2019,8,August,Monday,False,Summer,Chicago,United States,North America,Tier 1 Global Mega-City,41.8781,-87.6298,Chicago Arena,Large Arena,Opener 2,1,11936,14220,83.94,False,1195748.48,100.18,Standard ($75-$150),1,False,Synthetic (Industry Model)
CNC-2072,The 1975,The 1975 — 2019 Tour,Indie / Alternative,Mid-Tier Touring Artist,2019-07-18,2019,7,July,Thursday,False,Summer,Houston,United States,North America,Tier 2 Major Regional Market,29.7604,-95.3698,Houston Arena,Arena,Opener 3,2,7779,9448,82.34,False,647912.91,83.29,Standard ($75-$150),2,True,Synthetic (Industry Model)
CNC-2073,The 1975,The 1975 — 2019 Tour,Indie / Alternative,Mid-Tier Touring Artist,2019-09-30,2019,9,September,Monday,False,Fall,Kansas City,United States,North America,Tier 3 Emerging / Secondary Market,39.0997,-94.5786,Kansas City Arena,Arena,Opener 1,1,5599,8757,63.94,False,402400.13,71.87,Budget (<$75),1,False,Synthetic (Industry Model)
CNC-2074,The 1975,The 1975 — 2019 Tour,Indie / Alternative,Mid-Tier Touring Artist,2019-11-10,2019,11,November,Sunday,True,Fall,Houston,United States,North America,Tier 2 Major Regional Market,29.7604,-95.3698,Houston Arena,Large Arena,Opener 2,1,9163,13369,68.54,False,855549.31,93.37,Standard ($75-$150),3,True,Synthetic (Industry Model)
CNC-2075,The 1975,The 1975 — 2019 Tour,Indie / Alternative,Mid-Tier Touring Artist,2019-10-08,2019,10,October,Tuesday,False,Fall,Boston,United States,North America,Tier 2 Major Regional Market,42.3601,-71.0589,Boston Arena,Large Arena,Opener 3,2,12077,17317,69.74,False,1319170.71,109.23,Standard ($75-$150),2,True,Synthetic (Industry Model)
CNC-2076,The 1975,The 1975 — 2019 Tour,Indie / Alternative,Mid-Tier Touring Artist,2019-09-03,2019,9,September,Tuesday,False,Fall,Salt Lake City,United States,North America,Tier 3 Emerging / Secondary Market,40.7608,-111.891,Salt Lake City Arena,Arena,Opener 1,2,6125,7795,78.57,False,411845.0,67.24,Budget (<$75),2,True,Synthetic (Industry Model)
CNC-2077,Hozier,Hozier — 2024 Tour,Folk / Blues Rock,Mid-Tier Touring Artist,2024-03-15,2024,3,March,Friday,True,Spring,Nashville,United States,North America,Tier 2 Major Regional Market,36.1627,-86.7816,Nashville Arena,Large Arena,Opener 1,1,10833,12801,84.63,False,925463.19,85.43,Standard ($75-$150),1,False,Synthetic (Industry Model)
CNC-2078,Hozier,Hozier — 2024 Tour,Folk / Blues Rock,Mid-Tier Touring Artist,2024-03-20,2024,3,March,Wednesday,False,Spring,Oslo,Norway,Europe,Tier 2 Major Regional Market,59.9139,10.7522,Oslo Arena,Arena,nan,0,4435,6951,63.81,False,268228.8,60.48,Budget (<$75),1,False,Synthetic (Industry Model)
CNC-2079,Hozier,Hozier — 2024 Tour,Folk / Blues Rock,Mid-Tier Touring Artist,2024-03-25,2024,3,March,Monday,False,Spring,Kansas City,United States,North America,Tier 3 Emerging / Secondary Market,39.0997,-94.5786,Kansas City Arena,Arena,Opener 3,1,5405,8607,62.8,False,427535.5,79.1,Standard ($75-$150),1,False,Synthetic (Industry Model)
CNC-2080,Hozier,Hozier — 2024 Tour,Folk / Blues Rock,Mid-Tier Touring Artist,2024-03-24,2024,3,March,Sunday,True,Spring,Oslo,Norway,Europe,Tier 2 Major Regional Market,59.9139,10.7522,Oslo Arena,Arena,nan,0,3574,4671,76.52,False,237599.52,66.48,Budget (<$75),2,True,Synthetic (Industry Model)
CNC-2081,Hozier,Hozier — 2024 Tour,Folk / Blues Rock,Mid-Tier Touring Artist,2024-03-23,2024,3,March,Saturday,True,Spring,Barcelona,Spain,Europe,Tier 2 Major Regional Market,41.3851,2.1734,Barcelona Arena,Large Arena,nan,0,10979,13863,79.2,False,1029939.99,93.81,Standard ($75-$150),1,False,Synthetic (Industry Model)
CNC-2082,Hozier,Hozier — 2024 Tour,Folk / Blues Rock,Mid-Tier Touring Artist,2024-03-30,2024,3,March,Saturday,True,Spring,Miami,United States,North America,Tier 2 Major Regional Market,25.7617,-80.1918,Miami Arena,Arena,Opener 3,1,9537,10784,88.44,False,770589.6,80.8,Standard ($75-$150),1,False,Synthetic (Industry Model)
CNC-2083,Hozier,Hozier — 2024 Tour,Folk / Blues Rock,Mid-Tier Touring Artist,2024-03-27,2024,3,March,Wednesday,False,Spring,Chicago,United States,North America,Tier 1 Global Mega-City,41.8781,-87.6298,Chicago Arena,Large Arena,nan,0,9644,12770,75.52,False,741527.16,76.89,Standard ($75-$150),1,False,Synthetic (Industry Model)
CNC-2084,Hozier,Hozier — 2024 Tour,Folk / Blues Rock,Mid-Tier Touring Artist,2024-04-12,2024,4,April,Friday,True,Spring,New York,United States,North America,Tier 1 Global Mega-City,40.7128,-74.006,New York Arena,Large Arena,nan,0,11753,14834,79.23,False,989837.66,84.22,Standard ($75-$150),1,False,Synthetic (Industry Model)
CNC-2085,Hozier,Hozier — 2024 Tour,Folk / Blues Rock,Mid-Tier Touring Artist,2024-03-31,2024,3,March,Sunday,True,Spring,Paris,France,Europe,Tier 1 Global Mega-City,48.8566,2.3522,Paris Arena,Large Arena,Opener 3,2,12372,12474,99.18,True,1252293.84,101.22,Standard ($75-$150),1,False,Synthetic (Industry Model)
CNC-2086,Hozier,Hozier — 2024 Tour,Folk / Blues Rock,Mid-Tier Touring Artist,2024-04-02,2024,4,April,Tuesday,False,Autumn,Auckland,New Zealand,Oceania,Tier 2 Major Regional Market,-36.8485,174.7633,Auckland Arena,Large Arena,nan,0,7780,12510,62.19,False,658966.0,84.7,Standard ($75-$150),1,False,Synthetic (Industry Model)
CNC-2087,Hozier,Hozier — 2024 Tour,Folk / Blues Rock,Mid-Tier Touring Artist,2024-04-24,2024,4,April,Wednesday,False,Spring,Vancouver,Canada,North America,Tier 2 Major Regional Market,49.2827,-123.1207,Vancouver Arena,Large Arena,nan,0,10530,12022,87.59,False,681396.3,64.71,Budget (<$75),1,False,Synthetic (Industry Model)
CNC-2088,Hozier,Hozier — 2024 Tour,Folk / Blues Rock,Mid-Tier Touring Artist,2024-05-09,2024,5,May,Thursday,False,Spring,Dublin,Ireland,Europe,Tier 2 Major Regional Market,53.3498,-6.2603,Dublin Arena,Arena,Opener 3,2,7300,10021,72.85,False,725985.0,99.45,Standard ($75-$150),1,False,Synthetic (Industry Model)
CNC-2089,Hozier,Hozier — 2024 Tour,Folk / Blues Rock,Mid-Tier Touring Artist,2024-05-02,2024,5,May,Thursday,False,Spring,Warsaw,Poland,Europe,Tier 3 Emerging / Secondary Market,52.2297,21.0122,Warsaw Arena,Arena,Opener 1,2,6718,9395,71.51,False,490414.0,73.0,Budget (<$75),1,False,Synthetic (Industry Model)
CNC-2090,Hozier,Hozier — 2024 Tour,Folk / Blues Rock,Mid-Tier Touring Artist,2024-04-10,2024,4,April,Wednesday,False,Spring,Dublin,Ireland,Europe,Tier 2 Major Regional Market,53.3498,-6.2603,Dublin Arena,Large Arena,Opener 2,2,10334,13247,78.01,False,837467.36,81.04,Standard ($75-$150),2,True,Synthetic (Industry Model)
CNC-2091,Hozier,Hozier — 2024 Tour,Folk / Blues Rock,Mid-Tier Touring Artist,2024-05-10,2024,5,May,Friday,True,Spring,Oslo,Norway,Europe,Tier 2 Major Regional Market,59.9139,10.7522,Oslo Arena,Large Arena,Opener 3,1,9281,13037,71.19,False,867309.45,93.45,Standard ($75-$150),3,True,Synthetic (Industry Model)
CNC-2092,Hozier,Hozier — 2024 Tour,Folk / Blues Rock,Mid-Tier Touring Artist,2024-04-14,2024,4,April,Sunday,True,Autumn,Brisbane,Australia,Oceania,Tier 2 Major Regional Market,-27.4698,153.0251,Brisbane Arena,Arena,nan,0,5212,8003,65.12,False,406588.12,78.01,Standard ($75-$150),1,False,Synthetic (Industry Model)
CNC-2093,Hozier,Hozier — 2024 Tour,Folk / Blues Rock,Mid-Tier Touring Artist,2024-06-03,2024,6,June,Monday,False,Summer,Seattle,United States,North America,Tier 2 Major Regional Market,47.6062,-122.3321,Seattle Arena,Large Arena,Opener 2,1,11160,13079,85.33,False,1095688.8,98.18,Standard ($75-$150),1,False,Synthetic (Industry Model)
CNC-2094,Hozier,Hozier — 2024 Tour,Folk / Blues Rock,Mid-Tier Touring Artist,2024-06-08,2024,6,June,Saturday,True,Summer,New York,United States,North America,Tier 1 Global Mega-City,40.7128,-74.006,New York Arena,Large Arena,nan,0,12538,12538,100.0,True,1225714.88,97.76,Standard ($75-$150),2,True,Synthetic (Industry Model)
CNC-2095,Hozier,Hozier — 2024 Tour,Folk / Blues Rock,Mid-Tier Touring Artist,2024-04-20,2024,4,April,Saturday,True,Spring,Houston,United States,North America,Tier 2 Major Regional Market,29.7604,-95.3698,Houston Arena,Large Arena,Opener 1,2,11943,15045,79.38,False,1113804.18,93.26,Standard ($75-$150),1,False,Synthetic (Industry Model)
CNC-2096,Hozier,Hozier — 2024 Tour,Folk / Blues Rock,Mid-Tier Touring Artist,2024-06-18,2024,6,June,Tuesday,False,Summer,Atlanta,United States,North America,Tier 2 Major Regional Market,33.749,-84.388,Atlanta Arena,Arena,Opener 2,2,5410,6405,84.46,False,409591.1,75.71,Standard ($75-$150),1,False,Synthetic (Industry Model)
CNC-2097,Hozier,Hozier — 2024 Tour,Folk / Blues Rock,Mid-Tier Touring Artist,2024-06-03,2024,6,June,Monday,False,Summer,Brussels,Belgium,Europe,Tier 2 Major Regional Market,50.8503,4.3517,Brussels Arena,Arena,nan,0,8714,11812,73.77,False,860768.92,98.78,Standard ($75-$150),1,False,Synthetic (Industry Model)
CNC-2098,Hozier,Hozier — 2024 Tour,Folk / Blues Rock,Mid-Tier Touring Artist,2024-06-28,2024,6,June,Friday,True,Summer,Berlin,Germany,Europe,Tier 1 Global Mega-City,52.52,13.405,Berlin Arena,Large Arena,Opener 1,1,10833,14116,76.74,False,1178522.07,108.79,Standard ($75-$150),1,False,Synthetic (Industry Model)
CNC-2099,Hozier,Hozier — 2024 Tour,Folk / Blues Rock,Mid-Tier Touring Artist,2024-05-20,2024,5,May,Monday,False,Spring,Boston,United States,North America,Tier 2 Major Regional Market,42.3601,-71.0589,Boston Arena,Large Arena,Opener 2,2,8719,14026,62.16,False,861785.96,98.84,Standard ($75-$150),1,False,Synthetic (Industry Model)
CNC-2100,Hozier,Hozier — 2024 Tour,Folk / Blues Rock,Mid-Tier Touring Artist,2024-07-08,2024,7,July,Monday,False,Summer,Stockholm,Sweden,Europe,Tier 2 Major Regional Market,59.3293,18.0686,Stockholm Arena,Arena,Opener 3,1,7551,9757,77.39,False,574555.59,76.09,Standard ($75-$150),1,False,Synthetic (Industry Model)
CNC-2101,Hozier,Hozier — 2024 Tour,Folk / Blues Rock,Mid-Tier Touring Artist,2024-05-26,2024,5,May,Sunday,True,Spring,Oslo,Norway,Europe,Tier 2 Major Regional Market,59.9139,10.7522,Oslo Arena,Arena,nan,0,4418,7676,57.56,False,294813.14,66.73,Budget (<$75),4,True,Synthetic (Industry Model)
CNC-2102,Hozier,Hozier — 2024 Tour,Folk / Blues Rock,Mid-Tier Touring Artist,2024-06-23,2024,6,June,Sunday,True,Summer,Houston,United States,North America,Tier 2 Major Regional Market,29.7604,-95.3698,Houston Arena,Large Arena,nan,0,12883,15289,84.26,False,1153157.33,89.51,Standard ($75-$150),2,True,Synthetic (Industry Model)
CNC-2103,Hozier,Hozier — 2024 Tour,Folk / Blues Rock,Mid-Tier Touring Artist,2024-07-23,2024,7,July,Tuesday,False,Summer,Manchester,United Kingdom,Europe,Tier 2 Major Regional Market,53.4808,-2.2426,Manchester Arena,Arena,nan,0,4484,6310,71.06,False,270430.04,60.31,Budget (<$75),1,False,Synthetic (Industry Model)
CNC-2104,Hozier,Hozier — 2024 Tour,Folk / Blues Rock,Mid-Tier Touring Artist,2024-07-28,2024,7,July,Sunday,True,Summer,Oslo,Norway,Europe,Tier 2 Major Regional Market,59.9139,10.7522,Oslo Arena,Large Arena,Opener 1,1,10443,15948,65.48,False,894234.09,85.63,Standard ($75-$150),5,True,Synthetic (Industry Model)
CNC-2105,Hozier,Hozier — 2024 Tour,Folk / Blues Rock,Mid-Tier Touring Artist,2024-08-02,2024,8,August,Friday,True,Summer,Atlanta,United States,North America,Tier 2 Major Regional Market,33.749,-84.388,Atlanta Arena,Arena,nan,0,3800,4166,91.22,False,160360.0,42.2,Budget (<$75),2,True,Synthetic (Industry Model)
CNC-2106,Hozier,Hozier — 2024 Tour,Folk / Blues Rock,Mid-Tier Touring Artist,2024-07-09,2024,7,July,Tuesday,False,Summer,Lisbon,Portugal,Europe,Tier 2 Major Regional Market,38.7223,-9.1393,Lisbon Arena,Large Arena,Opener 3,2,11654,14087,82.73,False,1153862.54,99.01,Standard ($75-$150),1,False,Synthetic (Industry Model)
CNC-2107,Hozier,Hozier — 2024 Tour,Folk / Blues Rock,Mid-Tier Touring Artist,2024-07-13,2024,7,July,Saturday,True,Winter,Brisbane,Australia,Oceania,Tier 2 Major Regional Market,-27.4698,153.0251,Brisbane Arena,Arena,Opener 1,1,10101,10674,94.63,False,815958.78,80.78,Standard ($75-$150),2,True,Synthetic (Industry Model)
CNC-2108,Hozier,Hozier — 2024 Tour,Folk / Blues Rock,Mid-Tier Touring Artist,2024-06-16,2024,6,June,Sunday,True,Summer,Toronto,Canada,North America,Tier 1 Global Mega-City,43.6532,-79.3832,Toronto Arena,Large Arena,Opener 2,2,12694,13534,93.79,False,1223066.9,96.35,Standard ($75-$150),1,False,Synthetic (Industry Model)
CNC-2109,Lizzo,Lizzo — 2019 Tour,Pop / R&B,Mid-Tier Touring Artist,2019-08-04,2019,8,August,Sunday,True,Summer,Philadelphia,United States,North America,Tier 2 Major Regional Market,39.9526,-75.1652,Philadelphia Arena,Large Arena,Opener 1,1,13199,18150,72.72,False,1554578.22,117.78,Standard ($75-$150),1,False,Synthetic (Industry Model)
CNC-2110,Lizzo,Lizzo — 2019 Tour,Pop / R&B,Mid-Tier Touring Artist,2019-08-06,2019,8,August,Tuesday,False,Summer,Columbus,United States,North America,Tier 3 Emerging / Secondary Market,39.9612,-82.9988,Columbus Arena,Large Arena,Opener 2,1,9318,20337,45.82,False,1168104.48,125.36,Standard ($75-$150),1,False,Synthetic (Industry Model)
CNC-2111,Lizzo,Lizzo — 2019 Tour,Pop / R&B,Mid-Tier Touring Artist,2019-08-10,2019,8,August,Saturday,True,Summer,Oslo,Norway,Europe,Tier 2 Major Regional Market,59.9139,10.7522,Oslo Arena,Large Arena,Opener 3,1,11594,12635,91.76,False,1030590.66,88.89,Standard ($75-$150),1,False,Synthetic (Industry Model)
CNC-2112,Lizzo,Lizzo — 2019 Tour,Pop / R&B,Mid-Tier Touring Artist,2019-08-13,2019,8,August,Tuesday,False,Summer,Berlin,Germany,Europe,Tier 1 Global Mega-City,52.52,13.405,Berlin Arena,Large Arena,Opener 1,2,15940,17648,90.32,False,1739054.0,109.1,Standard ($75-$150),1,False,Synthetic (Industry Model)
CNC-2113,Lizzo,Lizzo — 2019 Tour,Pop / R&B,Mid-Tier Touring Artist,2019-08-16,2019,8,August,Friday,True,Summer,Brussels,Belgium,Europe,Tier 2 Major Regional Market,50.8503,4.3517,Brussels Arena,Large Arena,Opener 2,2,13441,14032,95.79,True,1169098.18,86.98,Standard ($75-$150),1,False,Synthetic (Industry Model)
CNC-2114,Lizzo,Lizzo — 2019 Tour,Pop / R&B,Mid-Tier Touring Artist,2019-08-29,2019,8,August,Thursday,False,Summer,Nashville,United States,North America,Tier 2 Major Regional Market,36.1627,-86.7816,Nashville Arena,Arena,Opener 3,2,8458,9682,87.36,False,531585.3,62.85,Budget (<$75),1,False,Synthetic (Industry Model)
CNC-2115,Lizzo,Lizzo — 2019 Tour,Pop / R&B,Mid-Tier Touring Artist,2019-08-28,2019,8,August,Wednesday,False,Summer,London,United Kingdom,Europe,Tier 1 Global Mega-City,51.5074,-0.1278,London Arena,Large Arena,Opener 1,1,13171,16161,81.5,False,1301031.38,98.78,Standard ($75-$150),1,False,Synthetic (Industry Model)
CNC-2116,Lizzo,Lizzo — 2019 Tour,Pop / R&B,Mid-Tier Touring Artist,2019-09-01,2019,9,September,Sunday,True,Fall,Nashville,United States,North America,Tier 2 Major Regional Market,36.1627,-86.7816,Nashville Arena,Large Arena,nan,0,12023,15238,78.9,False,1178734.92,98.04,Standard ($75-$150),2,True,Synthetic (Industry Model)
CNC-2117,Lizzo,Lizzo — 2019 Tour,Pop / R&B,Mid-Tier Touring Artist,2019-08-20,2019,8,August,Tuesday,False,Summer,London,United Kingdom,Europe,Tier 1 Global Mega-City,51.5074,-0.1278,London Arena,Large Arena,Opener 3,2,19239,21975,87.55,False,2506649.31,130.29,Standard ($75-$150),2,True,Synthetic (Industry Model)
CNC-2118,Lizzo,Lizzo — 2019 Tour,Pop / R&B,Mid-Tier Touring Artist,2019-08-31,2019,8,August,Saturday,True,Summer,Vancouver,Canada,North America,Tier 2 Major Regional Market,49.2827,-123.1207,Vancouver Arena,Large Arena,nan,0,12092,13481,89.7,False,1180783.8,97.65,Standard ($75-$150),1,False,Synthetic (Industry Model)
CNC-2119,Lizzo,Lizzo — 2019 Tour,Pop / R&B,Mid-Tier Touring Artist,2019-09-13,2019,9,September,Friday,True,Fall,Philadelphia,United States,North America,Tier 2 Major Regional Market,39.9526,-75.1652,Philadelphia Arena,Large Arena,nan,0,10722,12430,86.26,False,903757.38,84.29,Standard ($75-$150),2,True,Synthetic (Industry Model)
CNC-2120,Lizzo,Lizzo — 2019 Tour,Pop / R&B,Mid-Tier Touring Artist,2019-09-06,2019,9,September,Friday,True,Fall,Philadelphia,United States,North America,Tier 2 Major Regional Market,39.9526,-75.1652,Philadelphia Arena,Large Arena,Opener 3,2,11469,16512,69.46,False,1249088.79,108.91,Standard ($75-$150),3,True,Synthetic (Industry Model)
CNC-2121,Lizzo,Lizzo — 2019 Tour,Pop / R&B,Mid-Tier Touring Artist,2019-09-21,2019,9,September,Saturday,True,Fall,Amsterdam,Netherlands,Europe,Tier 1 Global Mega-City,52.3676,4.9041,Amsterdam Arena,Large Arena,nan,0,12694,13884,91.43,False,1024786.62,80.73,Standard ($75-$150),1,False,Synthetic (Industry Model)
CNC-2122,Lizzo,Lizzo — 2019 Tour,Pop / R&B,Mid-Tier Touring Artist,2019-09-12,2019,9,September,Thursday,False,Fall,Madrid,Spain,Europe,Tier 2 Major Regional Market,40.4168,-3.7038,Madrid Arena,Large Arena,nan,0,12186,15931,76.49,False,1266369.12,103.92,Standard ($75-$150),1,False,Synthetic (Industry Model)
CNC-2123,Lizzo,Lizzo — 2019 Tour,Pop / R&B,Mid-Tier Touring Artist,2019-09-29,2019,9,September,Sunday,True,Fall,Berlin,Germany,Europe,Tier 1 Global Mega-City,52.52,13.405,Berlin Arena,Arena,Opener 3,2,9414,10384,90.66,False,730432.26,77.59,Standard ($75-$150),2,True,Synthetic (Industry Model)
CNC-2124,Lizzo,Lizzo — 2019 Tour,Pop / R&B,Mid-Tier Touring Artist,2019-09-03,2019,9,September,Tuesday,False,Fall,Paris,France,Europe,Tier 1 Global Mega-City,48.8566,2.3522,Paris Arena,Large Arena,Opener 1,2,13988,17989,77.76,False,1707515.16,122.07,Standard ($75-$150),1,False,Synthetic (Industry Model)
CNC-2125,Lizzo,Lizzo — 2019 Tour,Pop / R&B,Mid-Tier Touring Artist,2019-09-21,2019,9,September,Saturday,True,Fall,Seattle,United States,North America,Tier 2 Major Regional Market,47.6062,-122.3321,Seattle Arena,Large Arena,Opener 2,1,17807,20307,87.69,False,2138976.84,120.12,Standard ($75-$150),1,False,Synthetic (Industry Model)
CNC-2126,Lizzo,Lizzo — 2019 Tour,Pop / R&B,Mid-Tier Touring Artist,2019-10-11,2019,10,October,Friday,True,Fall,Miami,United States,North America,Tier 2 Major Regional Market,25.7617,-80.1918,Miami Arena,Large Arena,Opener 3,2,15530,17113,90.75,False,1367105.9,88.03,Standard ($75-$150),1,False,Synthetic (Industry Model)
CNC-2127,Lizzo,Lizzo — 2019 Tour,Pop / R&B,Mid-Tier Touring Artist,2019-09-09,2019,9,September,Monday,False,Fall,Salt Lake City,United States,North America,Tier 3 Emerging / Secondary Market,40.7608,-111.891,Salt Lake City Arena,Arena,Opener 1,2,9012,11986,75.19,False,731413.92,81.16,Standard ($75-$150),1,False,Synthetic (Industry Model)
CNC-2128,Lizzo,Lizzo — 2019 Tour,Pop / R&B,Mid-Tier Touring Artist,2019-09-11,2019,9,September,Wednesday,False,Fall,Berlin,Germany,Europe,Tier 1 Global Mega-City,52.52,13.405,Berlin Arena,Large Arena,Opener 2,2,10881,14450,75.3,False,1095281.46,100.66,Standard ($75-$150),3,True,Synthetic (Industry Model)
CNC-2129,Lizzo,Lizzo — 2019 Tour,Pop / R&B,Mid-Tier Touring Artist,2019-10-23,2019,10,October,Wednesday,False,Fall,Miami,United States,North America,Tier 2 Major Regional Market,25.7617,-80.1918,Miami Arena,Large Arena,Opener 3,2,10436,15100,69.11,False,924107.8,88.55,Standard ($75-$150),2,True,Synthetic (Industry Model)
CNC-2130,Lizzo,Lizzo — 2019 Tour,Pop / R&B,Mid-Tier Touring Artist,2019-10-06,2019,10,October,Sunday,True,Fall,Richmond,United States,North America,Tier 3 Emerging / Secondary Market,37.5407,-77.436,Richmond Arena,Large Arena,Opener 1,1,13025,17096,76.19,False,1421288.0,109.12,Standard ($75-$150),1,False,Synthetic (Industry Model)
CNC-2131,Lizzo,Lizzo — 2019 Tour,Pop / R&B,Mid-Tier Touring Artist,2019-11-22,2019,11,November,Friday,True,Fall,Stockholm,Sweden,Europe,Tier 2 Major Regional Market,59.3293,18.0686,Stockholm Arena,Large Arena,Opener 2,2,12499,13836,90.34,False,1028917.68,82.32,Standard ($75-$150),1,False,Synthetic (Industry Model)
CNC-2132,Lizzo,Lizzo — 2019 Tour,Pop / R&B,Mid-Tier Touring Artist,2019-09-19,2019,9,September,Thursday,False,Fall,Columbus,United States,North America,Tier 3 Emerging / Secondary Market,39.9612,-82.9988,Columbus Arena,Arena,nan,0,8260,10156,81.33,False,739930.8,89.58,Standard ($75-$150),2,True,Synthetic (Industry Model)
CNC-2133,Lizzo,Lizzo — 2019 Tour,Pop / R&B,Mid-Tier Touring Artist,2019-09-21,2019,9,September,Saturday,True,Fall,New York,United States,North America,Tier 1 Global Mega-City,40.7128,-74.006,New York Arena,Large Arena,Opener 1,2,18848,21585,87.32,False,2349968.64,124.68,Standard ($75-$150),1,False,Synthetic (Industry Model)
CNC-2134,Lizzo,Lizzo — 2019 Tour,Pop / R&B,Mid-Tier Touring Artist,2019-11-12,2019,11,November,Tuesday,False,Fall,Denver,United States,North America,Tier 2 Major Regional Market,39.7392,-104.9903,Denver Arena,Arena,nan,0,5787,8065,71.76,False,318574.35,55.05,Budget (<$75),1,False,Synthetic (Industry Model)
CNC-2135,Lizzo,Lizzo — 2019 Tour,Pop / R&B,Mid-Tier Touring Artist,2019-12-12,2019,12,December,Thursday,False,Winter,Salt Lake City,United States,North America,Tier 3 Emerging / Secondary Market,40.7608,-111.891,Salt Lake City Arena,Large Arena,Opener 3,2,11152,15115,73.78,False,1046838.24,93.87,Standard ($75-$150),2,True,Synthetic (Industry Model)
CNC-2136,Lizzo,Lizzo — 2019 Tour,Pop / R&B,Mid-Tier Touring Artist,2019-12-17,2019,12,December,Tuesday,False,Winter,Miami,United States,North America,Tier 2 Major Regional Market,25.7617,-80.1918,Miami Arena,Large Arena,Opener 1,2,16208,20250,80.04,False,2006712.48,123.81,Standard ($75-$150),3,True,Synthetic (Industry Model)
CNC-2137,Lizzo,Lizzo — 2019 Tour,Pop / R&B,Mid-Tier Touring Artist,2019-12-22,2019,12,December,Sunday,True,Winter,Brussels,Belgium,Europe,Tier 2 Major Regional Market,50.8503,4.3517,Brussels Arena,Large Arena,Opener 2,2,10305,12553,82.09,False,930129.3,90.26,Standard ($75-$150),2,True,Synthetic (Industry Model)
CNC-2138,Lizzo,Lizzo — 2019 Tour,Pop / R&B,Mid-Tier Touring Artist,2019-11-28,2019,11,November,Thursday,False,Fall,Vancouver,Canada,North America,Tier 2 Major Regional Market,49.2827,-123.1207,Vancouver Arena,Arena,Opener 3,2,6180,9036,68.39,False,494461.8,80.01,Standard ($75-$150),2,True,Synthetic (Industry Model)
CNC-2139,Lizzo,Lizzo — 2019 Tour,Pop / R&B,Mid-Tier Touring Artist,2019-11-02,2019,11,November,Saturday,True,Fall,Berlin,Germany,Europe,Tier 1 Global Mega-City,52.52,13.405,Berlin Arena,Arena,Opener 1,1,10940,11107,98.5,True,813170.2,74.33,Budget (<$75),4,True,Synthetic (Industry Model)
CNC-2140,Lizzo,Lizzo — 2019 Tour,Pop / R&B,Mid-Tier Touring Artist,2019-10-05,2019,10,October,Saturday,True,Fall,Vancouver,Canada,North America,Tier 2 Major Regional Market,49.2827,-123.1207,Vancouver Arena,Arena,Opener 2,2,10431,11725,88.96,False,922100.4,88.4,Standard ($75-$150),3,True,Synthetic (Industry Model)
CNC-2141,Lizzo,Lizzo — 2019 Tour,Pop / R&B,Mid-Tier Touring Artist,2019-12-10,2019,12,December,Tuesday,False,Summer,Auckland,New Zealand,Oceania,Tier 2 Major Regional Market,-36.8485,174.7633,Auckland Arena,Arena,nan,0,8278,11337,73.02,False,554708.78,67.01,Budget (<$75),1,False,Synthetic (Industry Model)
CNC-2142,Lizzo,Lizzo — 2019 Tour,Pop / R&B,Mid-Tier Touring Artist,2019-12-28,2019,12,December,Saturday,True,Winter,Berlin,Germany,Europe,Tier 1 Global Mega-City,52.52,13.405,Berlin Arena,Large Arena,nan,0,17499,21345,81.98,False,2076781.32,118.68,Standard ($75-$150),5,True,Synthetic (Industry Model)
CNC-2143,Lizzo,Lizzo — 2019 Tour,Pop / R&B,Mid-Tier Touring Artist,2019-10-11,2019,10,October,Friday,True,Fall,Vancouver,Canada,North America,Tier 2 Major Regional Market,49.2827,-123.1207,Vancouver Arena,Large Arena,Opener 2,2,17139,21042,81.45,False,1956588.24,114.16,Standard ($75-$150),4,True,Synthetic (Industry Model)
CNC-2144,Lizzo,Lizzo — 2019 Tour,Pop / R&B,Mid-Tier Touring Artist,2019-10-13,2019,10,October,Sunday,True,Fall,Columbus,United States,North America,Tier 3 Emerging / Secondary Market,39.9612,-82.9988,Columbus Arena,Large Arena,Opener 3,2,13137,17199,76.38,False,1330252.62,101.26,Standard ($75-$150),3,True,Synthetic (Industry Model)
CNC-2145,Lizzo,Lizzo — 2019 Tour,Pop / R&B,Mid-Tier Touring Artist,2019-12-28,2019,12,December,Saturday,True,Winter,Denver,United States,North America,Tier 2 Major Regional Market,39.7392,-104.9903,Denver Arena,Large Arena,Opener 1,2,15949,18358,86.88,False,1894741.2,118.8,Standard ($75-$150),2,True,Synthetic (Industry Model)
CNC-2146,Lizzo,Lizzo — 2019 Tour,Pop / R&B,Mid-Tier Touring Artist,2019-12-28,2019,12,December,Saturday,True,Winter,Miami,United States,North America,Tier 2 Major Regional Market,25.7617,-80.1918,Miami Arena,Large Arena,nan,0,11535,13345,86.44,False,979321.5,84.9,Standard ($75-$150),4,True,Synthetic (Industry Model)
CNC-2147,Lorde,Lorde — 2019 Tour,Indie Pop,Mid-Tier Touring Artist,2019-06-05,2019,6,June,Wednesday,False,Summer,Amsterdam,Netherlands,Europe,Tier 1 Global Mega-City,52.3676,4.9041,Amsterdam Arena,Arena,Opener 1,1,6127,7426,82.51,False,380364.16,62.08,Budget (<$75),1,False,Synthetic (Industry Model)
CNC-2148,Lorde,Lorde — 2019 Tour,Indie Pop,Mid-Tier Touring Artist,2019-06-08,2019,6,June,Saturday,True,Summer,Stockholm,Sweden,Europe,Tier 2 Major Regional Market,59.3293,18.0686,Stockholm Arena,Large Arena,nan,0,11108,12212,90.96,False,961508.48,86.56,Standard ($75-$150),1,False,Synthetic (Industry Model)
CNC-2149,Lorde,Lorde — 2019 Tour,Indie Pop,Mid-Tier Touring Artist,2019-06-13,2019,6,June,Thursday,False,Summer,Houston,United States,North America,Tier 2 Major Regional Market,29.7604,-95.3698,Houston Arena,Arena,Opener 3,2,8045,9681,83.1,False,629360.35,78.23,Standard ($75-$150),1,False,Synthetic (Industry Model)
CNC-2150,Lorde,Lorde — 2019 Tour,Indie Pop,Mid-Tier Touring Artist,2019-06-17,2019,6,June,Monday,False,Summer,Lisbon,Portugal,Europe,Tier 2 Major Regional Market,38.7223,-9.1393,Lisbon Arena,Large Arena,Opener 1,1,13714,16635,82.44,False,1350691.86,98.49,Standard ($75-$150),1,False,Synthetic (Industry Model)
CNC-2151,Lorde,Lorde — 2019 Tour,Indie Pop,Mid-Tier Touring Artist,2019-06-25,2019,6,June,Tuesday,False,Winter,Brisbane,Australia,Oceania,Tier 2 Major Regional Market,-27.4698,153.0251,Brisbane Arena,Large Arena,Opener 2,2,10096,14549,69.39,False,860784.96,85.26,Standard ($75-$150),1,False,Synthetic (Industry Model)
CNC-2152,Lorde,Lorde — 2019 Tour,Indie Pop,Mid-Tier Touring Artist,2019-06-15,2019,6,June,Saturday,True,Summer,Chicago,United States,North America,Tier 1 Global Mega-City,41.8781,-87.6298,Chicago Arena,Arena,Opener 3,2,11424,11810,96.73,True,1093391.04,95.71,Standard ($75-$150),1,False,Synthetic (Industry Model)
CNC-2153,Lorde,Lorde — 2019 Tour,Indie Pop,Mid-Tier Touring Artist,2019-06-23,2019,6,June,Sunday,True,Summer,Miami,United States,North America,Tier 2 Major Regional Market,25.7617,-80.1918,Miami Arena,Large Arena,Opener 1,2,13356,16915,78.96,False,1330791.84,99.64,Standard ($75-$150),1,False,Synthetic (Industry Model)
CNC-2154,Lorde,Lorde — 2019 Tour,Indie Pop,Mid-Tier Touring Artist,2019-07-03,2019,7,July,Wednesday,False,Summer,Berlin,Germany,Europe,Tier 1 Global Mega-City,52.52,13.405,Berlin Arena,Large Arena,Opener 2,1,12848,15935,80.63,False,1240474.4,96.55,Standard ($75-$150),1,False,Synthetic (Industry Model)
CNC-2155,Lorde,Lorde — 2019 Tour,Indie Pop,Mid-Tier Touring Artist,2019-06-29,2019,6,June,Saturday,True,Summer,Salt Lake City,United States,North America,Tier 3 Emerging / Secondary Market,40.7608,-111.891,Salt Lake City Arena,Arena,nan,0,6013,7603,79.09,False,389522.14,64.78,Budget (<$75),1,False,Synthetic (Industry Model)
CNC-2156,Lorde,Lorde — 2019 Tour,Indie Pop,Mid-Tier Touring Artist,2019-07-20,2019,7,July,Saturday,True,Summer,Amsterdam,Netherlands,Europe,Tier 1 Global Mega-City,52.3676,4.9041,Amsterdam Arena,Large Arena,nan,0,15368,18129,84.77,False,1725672.72,112.29,Standard ($75-$150),2,True,Synthetic (Industry Model)
CNC-2157,Lorde,Lorde — 2019 Tour,Indie Pop,Mid-Tier Touring Artist,2019-06-25,2019,6,June,Tuesday,False,Summer,Manchester,United Kingdom,Europe,Tier 2 Major Regional Market,53.4808,-2.2426,Manchester Arena,Large Arena,Opener 2,1,13188,15450,85.36,False,1123221.96,85.17,Standard ($75-$150),1,False,Synthetic (Industry Model)
CNC-2158,Lorde,Lorde — 2019 Tour,Indie Pop,Mid-Tier Touring Artist,2019-07-08,2019,7,July,Monday,False,Summer,Warsaw,Poland,Europe,Tier 3 Emerging / Secondary Market,52.2297,21.0122,Warsaw Arena,Arena,Opener 3,2,8025,11948,67.17,False,800814.75,99.79,Standard ($75-$150),1,False,Synthetic (Industry Model)
CNC-2159,Lorde,Lorde — 2019 Tour,Indie Pop,Mid-Tier Touring Artist,2019-07-11,2019,7,July,Thursday,False,Summer,Kansas City,United States,North America,Tier 3 Emerging / Secondary Market,39.0997,-94.5786,Kansas City Arena,Large Arena,nan,0,9499,14936,63.6,False,877802.59,92.41,Standard ($75-$150),1,False,Synthetic (Industry Model)
CNC-2160,Lorde,Lorde — 2019 Tour,Indie Pop,Mid-Tier Touring Artist,2019-07-27,2019,7,July,Saturday,True,Winter,Sydney,Australia,Oceania,Tier 2 Major Regional Market,-33.8688,151.2093,Sydney Arena,Large Arena,nan,0,10348,13478,76.78,False,975816.4,94.3,Standard ($75-$150),1,False,Synthetic (Industry Model)
CNC-2161,Lorde,Lorde — 2019 Tour,Indie Pop,Mid-Tier Touring Artist,2019-07-17,2019,7,July,Wednesday,False,Summer,Denver,United States,North America,Tier 2 Major Regional Market,39.7392,-104.9903,Denver Arena,Arena,Opener 3,2,6624,8613,76.91,False,398102.4,60.1,Budget (<$75),1,False,Synthetic (Industry Model)
CNC-2162,Lorde,Lorde — 2019 Tour,Indie Pop,Mid-Tier Touring Artist,2019-07-05,2019,7,July,Friday,True,Summer,Amsterdam,Netherlands,Europe,Tier 1 Global Mega-City,52.3676,4.9041,Amsterdam Arena,Large Arena,Opener 1,1,13237,16286,81.28,False,1346467.64,101.72,Standard ($75-$150),3,True,Synthetic (Industry Model)
CNC-2163,Lorde,Lorde — 2019 Tour,Indie Pop,Mid-Tier Touring Artist,2019-07-07,2019,7,July,Sunday,True,Summer,Columbus,United States,North America,Tier 3 Emerging / Secondary Market,39.9612,-82.9988,Columbus Arena,Large Arena,Opener 2,2,10178,12941,78.65,False,1038664.9,102.05,Standard ($75-$150),1,False,Synthetic (Industry Model)
CNC-2164,Lorde,Lorde — 2019 Tour,Indie Pop,Mid-Tier Touring Artist,2019-07-26,2019,7,July,Friday,True,Summer,Berlin,Germany,Europe,Tier 1 Global Mega-City,52.52,13.405,Berlin Arena,Arena,nan,0,10183,10817,94.14,False,939585.41,92.27,Standard ($75-$150),2,True,Synthetic (Industry Model)
CNC-2165,Lorde,Lorde — 2019 Tour,Indie Pop,Mid-Tier Touring Artist,2019-08-16,2019,8,August,Friday,True,Summer,Chicago,United States,North America,Tier 1 Global Mega-City,41.8781,-87.6298,Chicago Arena,Arena,nan,0,7059,7153,98.68,True,488694.57,69.23,Budget (<$75),2,True,Synthetic (Industry Model)
CNC-2166,Lorde,Lorde — 2019 Tour,Indie Pop,Mid-Tier Touring Artist,2019-08-20,2019,8,August,Tuesday,False,Winter,Brisbane,Australia,Oceania,Tier 2 Major Regional Market,-27.4698,153.0251,Brisbane Arena,Large Arena,nan,0,9170,13767,66.61,False,766245.2,83.56,Standard ($75-$150),2,True,Synthetic (Industry Model)
CNC-2167,Lorde,Lorde — 2019 Tour,Indie Pop,Mid-Tier Touring Artist,2019-09-13,2019,9,September,Friday,True,Fall,Toronto,Canada,North America,Tier 1 Global Mega-City,43.6532,-79.3832,Toronto Arena,Large Arena,Opener 3,1,16090,19484,82.58,False,1973760.3,122.67,Standard ($75-$150),1,False,Synthetic (Industry Model)
CNC-2168,Lorde,Lorde — 2019 Tour,Indie Pop,Mid-Tier Touring Artist,2019-07-17,2019,7,July,Wednesday,False,Summer,Oslo,Norway,Europe,Tier 2 Major Regional Market,59.9139,10.7522,Oslo Arena,Large Arena,Opener 1,1,10029,12296,81.56,False,714064.8,71.2,Budget (<$75),1,False,Synthetic (Industry Model)
CNC-2169,Lorde,Lorde — 2019 Tour,Indie Pop,Mid-Tier Touring Artist,2019-09-23,2019,9,September,Monday,False,Fall,Manchester,United Kingdom,Europe,Tier 2 Major Regional Market,53.4808,-2.2426,Manchester Arena,Large Arena,Opener 2,2,15748,19473,80.87,False,1664721.08,105.71,Standard ($75-$150),2,True,Synthetic (Industry Model)
CNC-2170,Lorde,Lorde — 2019 Tour,Indie Pop,Mid-Tier Touring Artist,2019-09-05,2019,9,September,Thursday,False,Fall,Philadelphia,United States,North America,Tier 2 Major Regional Market,39.9526,-75.1652,Philadelphia Arena,Large Arena,nan,0,17625,19728,89.34,False,1996560.0,113.28,Standard ($75-$150),1,False,Synthetic (Industry Model)
CNC-2171,Lorde,Lorde — 2019 Tour,Indie Pop,Mid-Tier Touring Artist,2019-10-03,2019,10,October,Thursday,False,Fall,Chicago,United States,North America,Tier 1 Global Mega-City,41.8781,-87.6298,Chicago Arena,Arena,nan,0,9232,11408,80.93,False,630730.24,68.32,Budget (<$75),3,True,Synthetic (Industry Model)
CNC-2172,Lorde,Lorde — 2019 Tour,Indie Pop,Mid-Tier Touring Artist,2019-09-13,2019,9,September,Friday,True,Fall,Miami,United States,North America,Tier 2 Major Regional Market,25.7617,-80.1918,Miami Arena,Large Arena,Opener 2,2,15691,18473,84.94,False,1644730.62,104.82,Standard ($75-$150),2,True,Synthetic (Industry Model)
CNC-2173,Lorde,Lorde — 2019 Tour,Indie Pop,Mid-Tier Touring Artist,2019-10-13,2019,10,October,Sunday,True,Fall,Berlin,Germany,Europe,Tier 1 Global Mega-City,52.52,13.405,Berlin Arena,Large Arena,Opener 3,2,17620,19776,89.1,False,2121448.0,120.4,Standard ($75-$150),3,True,Synthetic (Industry Model)
CNC-2174,Lorde,Lorde — 2019 Tour,Indie Pop,Mid-Tier Touring Artist,2019-10-18,2019,10,October,Friday,True,Fall,Houston,United States,North America,Tier 2 Major Regional Market,29.7604,-95.3698,Houston Arena,Large Arena,Opener 1,1,13508,14679,92.02,False,1193972.12,88.39,Standard ($75-$150),2,True,Synthetic (Industry Model)
CNC-2175,Lorde,Lorde — 2019 Tour,Indie Pop,Mid-Tier Touring Artist,2019-07-31,2019,7,July,Wednesday,False,Summer,Salt Lake City,United States,North America,Tier 3 Emerging / Secondary Market,40.7608,-111.891,Salt Lake City Arena,Large Arena,nan,0,11909,17965,66.29,False,1353934.21,113.69,Standard ($75-$150),2,True,Synthetic (Industry Model)
CNC-2176,Lorde,Lorde — 2019 Tour,Indie Pop,Mid-Tier Touring Artist,2019-08-02,2019,8,August,Friday,True,Summer,Stockholm,Sweden,Europe,Tier 2 Major Regional Market,59.3293,18.0686,Stockholm Arena,Arena,nan,0,6366,8483,75.05,False,565428.12,88.82,Standard ($75-$150),2,True,Synthetic (Industry Model)
CNC-2177,Khalid,Khalid — 2024 Tour,R&B / Pop,Mid-Tier Touring Artist,2024-03-13,2024,3,March,Wednesday,False,Spring,Copenhagen,Denmark,Europe,Tier 2 Major Regional Market,55.6761,12.5683,Copenhagen Arena,Arena,Opener 1,1,3617,5727,63.16,False,203022.21,56.13,Budget (<$75),1,False,Synthetic (Industry Model)
CNC-2178,Khalid,Khalid — 2024 Tour,R&B / Pop,Mid-Tier Touring Artist,2024-03-15,2024,3,March,Friday,True,Spring,Manchester,United Kingdom,Europe,Tier 2 Major Regional Market,53.4808,-2.2426,Manchester Arena,Large Arena,Opener 2,2,8986,12020,74.76,False,770819.08,85.78,Standard ($75-$150),1,False,Synthetic (Industry Model)
CNC-2179,Khalid,Khalid — 2024 Tour,R&B / Pop,Mid-Tier Touring Artist,2024-03-23,2024,3,March,Saturday,True,Spring,New York,United States,North America,Tier 1 Global Mega-City,40.7128,-74.006,New York Arena,Large Arena,Opener 3,1,14303,15332,93.29,False,1474067.18,103.06,Standard ($75-$150),1,False,Synthetic (Industry Model)
CNC-2180,Khalid,Khalid — 2024 Tour,R&B / Pop,Mid-Tier Touring Artist,2024-03-28,2024,3,March,Thursday,False,Spring,Miami,United States,North America,Tier 2 Major Regional Market,25.7617,-80.1918,Miami Arena,Large Arena,Opener 1,2,9552,12068,79.15,False,725665.44,75.97,Standard ($75-$150),1,False,Synthetic (Industry Model)
CNC-2181,Khalid,Khalid — 2024 Tour,R&B / Pop,Mid-Tier Touring Artist,2024-03-21,2024,3,March,Thursday,False,Spring,Brussels,Belgium,Europe,Tier 2 Major Regional Market,50.8503,4.3517,Brussels Arena,Arena,nan,0,8344,10643,78.4,False,666184.96,79.84,Standard ($75-$150),1,False,Synthetic (Industry Model)
CNC-2182,Khalid,Khalid — 2024 Tour,R&B / Pop,Mid-Tier Touring Artist,2024-03-28,2024,3,March,Thursday,False,Spring,Madrid,Spain,Europe,Tier 2 Major Regional Market,40.4168,-3.7038,Madrid Arena,Arena,nan,0,6745,8833,76.36,False,420213.5,62.3,Budget (<$75),1,False,Synthetic (Industry Model)
CNC-2183,Khalid,Khalid — 2024 Tour,R&B / Pop,Mid-Tier Touring Artist,2024-04-06,2024,4,April,Saturday,True,Spring,Amsterdam,Netherlands,Europe,Tier 1 Global Mega-City,52.3676,4.9041,Amsterdam Arena,Arena,Opener 1,2,8825,8827,99.98,True,604159.5,68.46,Budget (<$75),1,False,Synthetic (Industry Model)
CNC-2184,Khalid,Khalid — 2024 Tour,R&B / Pop,Mid-Tier Touring Artist,2024-04-17,2024,4,April,Wednesday,False,Spring,New York,United States,North America,Tier 1 Global Mega-City,40.7128,-74.006,New York Arena,Large Arena,Opener 2,1,11663,16216,71.92,False,1217034.05,104.35,Standard ($75-$150),2,True,Synthetic (Industry Model)
CNC-2185,Khalid,Khalid — 2024 Tour,R&B / Pop,Mid-Tier Touring Artist,2024-04-22,2024,4,April,Monday,False,Spring,Oslo,Norway,Europe,Tier 2 Major Regional Market,59.9139,10.7522,Oslo Arena,Large Arena,Opener 3,2,14236,16257,87.57,False,1285368.44,90.29,Standard ($75-$150),1,False,Synthetic (Industry Model)
CNC-2186,Khalid,Khalid — 2024 Tour,R&B / Pop,Mid-Tier Touring Artist,2024-03-31,2024,3,March,Sunday,True,Spring,Lisbon,Portugal,Europe,Tier 2 Major Regional Market,38.7223,-9.1393,Lisbon Arena,Arena,nan,0,7656,8524,89.82,False,353094.72,46.12,Budget (<$75),1,False,Synthetic (Industry Model)
CNC-2187,Khalid,Khalid — 2024 Tour,R&B / Pop,Mid-Tier Touring Artist,2024-04-12,2024,4,April,Friday,True,Spring,Amsterdam,Netherlands,Europe,Tier 1 Global Mega-City,52.3676,4.9041,Amsterdam Arena,Arena,nan,0,9324,11866,78.58,False,664707.96,71.29,Budget (<$75),2,True,Synthetic (Industry Model)
CNC-2188,Khalid,Khalid — 2024 Tour,R&B / Pop,Mid-Tier Touring Artist,2024-04-26,2024,4,April,Friday,True,Spring,Oslo,Norway,Europe,Tier 2 Major Regional Market,59.9139,10.7522,Oslo Arena,Arena,Opener 3,1,5424,8166,66.42,False,391070.4,72.1,Budget (<$75),2,True,Synthetic (Industry Model)
CNC-2189,Khalid,Khalid — 2024 Tour,R&B / Pop,Mid-Tier Touring Artist,2024-04-18,2024,4,April,Thursday,False,Spring,Seattle,United States,North America,Tier 2 Major Regional Market,47.6062,-122.3321,Seattle Arena,Arena,nan,0,3113,5570,55.89,False,137376.69,44.13,Budget (<$75),1,False,Synthetic (Industry Model)
CNC-2190,Khalid,Khalid — 2024 Tour,R&B / Pop,Mid-Tier Touring Artist,2024-05-04,2024,5,May,Saturday,True,Spring,Paris,France,Europe,Tier 1 Global Mega-City,48.8566,2.3522,Paris Arena,Large Arena,Opener 2,1,11902,12627,94.26,False,1073203.34,90.17,Standard ($75-$150),1,False,Synthetic (Industry Model)
CNC-2191,Khalid,Khalid — 2024 Tour,R&B / Pop,Mid-Tier Touring Artist,2024-05-22,2024,5,May,Wednesday,False,Spring,Columbus,United States,North America,Tier 3 Emerging / Secondary Market,39.9612,-82.9988,Columbus Arena,Large Arena,Opener 3,2,10229,15774,64.85,False,896162.69,87.61,Standard ($75-$150),1,False,Synthetic (Industry Model)
CNC-2192,Khalid,Khalid — 2024 Tour,R&B / Pop,Mid-Tier Touring Artist,2024-05-27,2024,5,May,Monday,False,Spring,Philadelphia,United States,North America,Tier 2 Major Regional Market,39.9526,-75.1652,Philadelphia Arena,Large Arena,nan,0,13901,16726,83.11,False,1349648.09,97.09,Standard ($75-$150),1,False,Synthetic (Industry Model)
CNC-2193,Khalid,Khalid — 2024 Tour,R&B / Pop,Mid-Tier Touring Artist,2024-04-14,2024,4,April,Sunday,True,Autumn,Auckland,New Zealand,Oceania,Tier 2 Major Regional Market,-36.8485,174.7633,Auckland Arena,Arena,Opener 2,1,5788,7766,74.53,False,355498.96,61.42,Budget (<$75),1,False,Synthetic (Industry Model)
CNC-2194,Khalid,Khalid — 2024 Tour,R&B / Pop,Mid-Tier Touring Artist,2024-04-16,2024,4,April,Tuesday,False,Spring,Columbus,United States,North America,Tier 3 Emerging / Secondary Market,39.9612,-82.9988,Columbus Arena,Arena,nan,0,4797,8480,56.57,False,269687.34,56.22,Budget (<$75),2,True,Synthetic (Industry Model)
CNC-2195,Khalid,Khalid — 2024 Tour,R&B / Pop,Mid-Tier Touring Artist,2024-05-06,2024,5,May,Monday,False,Spring,Lisbon,Portugal,Europe,Tier 2 Major Regional Market,38.7223,-9.1393,Lisbon Arena,Arena,nan,0,3476,6950,50.02,False,196185.44,56.44,Budget (<$75),2,True,Synthetic (Industry Model)
CNC-2196,Khalid,Khalid — 2024 Tour,R&B / Pop,Mid-Tier Touring Artist,2024-05-09,2024,5,May,Thursday,False,Autumn,Brisbane,Australia,Oceania,Tier 2 Major Regional Market,-27.4698,153.0251,Brisbane Arena,Arena,Opener 2,1,8298,8298,100.0,True,425106.54,51.23,Budget (<$75),1,False,Synthetic (Industry Model)
CNC-2197,Khalid,Khalid — 2024 Tour,R&B / Pop,Mid-Tier Touring Artist,2024-06-01,2024,6,June,Saturday,True,Summer,Richmond,United States,North America,Tier 3 Emerging / Secondary Market,37.5407,-77.436,Richmond Arena,Arena,Opener 3,1,6516,9922,65.67,False,441133.2,67.7,Budget (<$75),1,False,Synthetic (Industry Model)
CNC-2198,Khalid,Khalid — 2024 Tour,R&B / Pop,Mid-Tier Touring Artist,2024-04-24,2024,4,April,Wednesday,False,Spring,Salt Lake City,United States,North America,Tier 3 Emerging / Secondary Market,40.7608,-111.891,Salt Lake City Arena,Arena,Opener 1,2,6575,10607,61.99,False,477279.25,72.59,Budget (<$75),1,False,Synthetic (Industry Model)
CNC-2199,Khalid,Khalid — 2024 Tour,R&B / Pop,Mid-Tier Touring Artist,2024-07-01,2024,7,July,Monday,False,Summer,Nashville,United States,North America,Tier 2 Major Regional Market,36.1627,-86.7816,Nashville Arena,Arena,nan,0,5935,7748,76.6,False,256392.0,43.2,Budget (<$75),1,False,Synthetic (Industry Model)
CNC-2200,Khalid,Khalid — 2024 Tour,R&B / Pop,Mid-Tier Touring Artist,2024-04-28,2024,4,April,Sunday,True,Spring,Toronto,Canada,North America,Tier 1 Global Mega-City,43.6532,-79.3832,Toronto Arena,Large Arena,Opener 3,1,13672,15970,85.61,False,1207647.76,88.33,Standard ($75-$150),1,False,Synthetic (Industry Model)
CNC-2201,Khalid,Khalid — 2024 Tour,R&B / Pop,Mid-Tier Touring Artist,2024-05-24,2024,5,May,Friday,True,Spring,Houston,United States,North America,Tier 2 Major Regional Market,29.7604,-95.3698,Houston Arena,Arena,nan,0,6961,9000,77.34,False,479821.73,68.93,Budget (<$75),1,False,Synthetic (Industry Model)
CNC-2202,Khalid,Khalid — 2024 Tour,R&B / Pop,Mid-Tier Touring Artist,2024-05-02,2024,5,May,Thursday,False,Spring,Salt Lake City,United States,North America,Tier 3 Emerging / Secondary Market,40.7608,-111.891,Salt Lake City Arena,Arena,Opener 2,2,3832,7962,48.13,False,203939.04,53.22,Budget (<$75),2,True,Synthetic (Industry Model)
CNC-2203,Khalid,Khalid — 2024 Tour,R&B / Pop,Mid-Tier Touring Artist,2024-07-21,2024,7,July,Sunday,True,Summer,London,United Kingdom,Europe,Tier 1 Global Mega-City,51.5074,-0.1278,London Arena,Arena,Opener 3,1,7405,10937,67.71,False,579959.6,78.32,Standard ($75-$150),1,False,Synthetic (Industry Model)
CNC-2204,Khalid,Khalid — 2024 Tour,R&B / Pop,Mid-Tier Touring Artist,2024-05-06,2024,5,May,Monday,False,Spring,Brussels,Belgium,Europe,Tier 2 Major Regional Market,50.8503,4.3517,Brussels Arena,Arena,nan,0,4807,7296,65.88,False,307455.72,63.96,Budget (<$75),2,True,Synthetic (Industry Model)
CNC-2205,Khalid,Khalid — 2024 Tour,R&B / Pop,Mid-Tier Touring Artist,2024-06-05,2024,6,June,Wednesday,False,Summer,Salt Lake City,United States,North America,Tier 3 Emerging / Secondary Market,40.7608,-111.891,Salt Lake City Arena,Arena,nan,0,4501,8828,50.98,False,306878.18,68.18,Budget (<$75),3,True,Synthetic (Industry Model)
CNC-2206,Khalid,Khalid — 2024 Tour,R&B / Pop,Mid-Tier Touring Artist,2024-08-05,2024,8,August,Monday,False,Summer,Oslo,Norway,Europe,Tier 2 Major Regional Market,59.9139,10.7522,Oslo Arena,Arena,nan,0,5179,6077,85.23,False,314417.09,60.71,Budget (<$75),3,True,Synthetic (Industry Model)
CNC-2207,Khalid,Khalid — 2024 Tour,R&B / Pop,Mid-Tier Touring Artist,2024-07-11,2024,7,July,Thursday,False,Summer,Los Angeles,United States,North America,Tier 1 Global Mega-City,34.0522,-118.2437,Los Angeles Arena,Large Arena,nan,0,13782,14799,93.13,False,1073204.34,77.87,Standard ($75-$150),1,False,Synthetic (Industry Model)
CNC-2208,Khalid,Khalid — 2024 Tour,R&B / Pop,Mid-Tier Touring Artist,2024-07-15,2024,7,July,Monday,False,Summer,Toronto,Canada,North America,Tier 1 Global Mega-City,43.6532,-79.3832,Toronto Arena,Large Arena,Opener 2,1,12363,13475,91.75,False,1153838.79,93.33,Standard ($75-$150),2,True,Synthetic (Industry Model)
CNC-2209,Khalid,Khalid — 2024 Tour,R&B / Pop,Mid-Tier Touring Artist,2024-08-20,2024,8,August,Tuesday,False,Summer,Miami,United States,North America,Tier 2 Major Regional Market,25.7617,-80.1918,Miami Arena,Arena,Opener 3,1,4887,6066,80.57,False,226170.36,46.28,Budget (<$75),2,True,Synthetic (Industry Model)
CNC-2210,Troye Sivan,Troye Sivan — 2024 Tour,Pop,Mid-Tier Touring Artist,2024-09-07,2024,9,September,Saturday,True,Spring,Auckland,New Zealand,Oceania,Tier 2 Major Regional Market,-36.8485,174.7633,Auckland Arena,Large Arena,Opener 1,2,11867,12562,94.47,False,1110751.2,93.6,Standard ($75-$150),1,False,Synthetic (Industry Model)
CNC-2211,Troye Sivan,Troye Sivan — 2024 Tour,Pop,Mid-Tier Touring Artist,2024-09-11,2024,9,September,Wednesday,False,Fall,Miami,United States,North America,Tier 2 Major Regional Market,25.7617,-80.1918,Miami Arena,Arena,Opener 2,2,4716,8087,58.31,False,400011.12,84.82,Standard ($75-$150),1,False,Synthetic (Industry Model)
CNC-2212,Troye Sivan,Troye Sivan — 2024 Tour,Pop,Mid-Tier Touring Artist,2024-09-17,2024,9,September,Tuesday,False,Fall,Berlin,Germany,Europe,Tier 1 Global Mega-City,52.52,13.405,Berlin Arena,Arena,nan,0,6398,10036,63.75,False,493989.58,77.21,Standard ($75-$150),1,False,Synthetic (Industry Model)
CNC-2213,Troye Sivan,Troye Sivan — 2024 Tour,Pop,Mid-Tier Touring Artist,2024-09-22,2024,9,September,Sunday,True,Fall,Kansas City,United States,North America,Tier 3 Emerging / Secondary Market,39.0997,-94.5786,Kansas City Arena,Large Arena,Opener 1,2,10963,15948,68.74,False,1204066.29,109.83,Standard ($75-$150),1,False,Synthetic (Industry Model)
CNC-2214,Troye Sivan,Troye Sivan — 2024 Tour,Pop,Mid-Tier Touring Artist,2024-09-27,2024,9,September,Friday,True,Spring,Melbourne,Australia,Oceania,Tier 2 Major Regional Market,-37.8136,144.9631,Melbourne Arena,Arena,Opener 2,2,7025,7733,90.84,False,425293.5,60.54,Budget (<$75),1,False,Synthetic (Industry Model)
CNC-2215,Troye Sivan,Troye Sivan — 2024 Tour,Pop,Mid-Tier Touring Artist,2024-09-22,2024,9,September,Sunday,True,Fall,London,United Kingdom,Europe,Tier 1 Global Mega-City,51.5074,-0.1278,London Arena,Large Arena,Opener 3,1,15310,15651,97.82,True,1876087.4,122.54,Standard ($75-$150),1,False,Synthetic (Industry Model)
CNC-2216,Troye Sivan,Troye Sivan — 2024 Tour,Pop,Mid-Tier Touring Artist,2024-10-07,2024,10,October,Monday,False,Fall,Madrid,Spain,Europe,Tier 2 Major Regional Market,40.4168,-3.7038,Madrid Arena,Arena,Opener 1,1,4773,5873,81.27,False,248196.0,52.0,Budget (<$75),1,False,Synthetic (Industry Model)
CNC-2217,Troye Sivan,Troye Sivan — 2024 Tour,Pop,Mid-Tier Touring Artist,2024-09-21,2024,9,September,Saturday,True,Fall,Madrid,Spain,Europe,Tier 2 Major Regional Market,40.4168,-3.7038,Madrid Arena,Arena,nan,0,4889,6633,73.71,False,333820.92,68.28,Budget (<$75),2,True,Synthetic (Industry Model)
CNC-2218,Troye Sivan,Troye Sivan — 2024 Tour,Pop,Mid-Tier Touring Artist,2024-10-01,2024,10,October,Tuesday,False,Fall,Philadelphia,United States,North America,Tier 2 Major Regional Market,39.9526,-75.1652,Philadelphia Arena,Arena,Opener 3,1,4741,6242,75.95,False,337606.61,71.21,Budget (<$75),1,False,Synthetic (Industry Model)
CNC-2219,Troye Sivan,Troye Sivan — 2024 Tour,Pop,Mid-Tier Touring Artist,2024-10-13,2024,10,October,Sunday,True,Fall,Warsaw,Poland,Europe,Tier 3 Emerging / Secondary Market,52.2297,21.0122,Warsaw Arena,Arena,Opener 1,1,8155,10669,76.44,False,727996.85,89.27,Standard ($75-$150),1,False,Synthetic (Industry Model)
CNC-2220,Troye Sivan,Troye Sivan — 2024 Tour,Pop,Mid-Tier Touring Artist,2024-09-27,2024,9,September,Friday,True,Fall,Salt Lake City,United States,North America,Tier 3 Emerging / Secondary Market,40.7608,-111.891,Salt Lake City Arena,Large Arena,nan,0,10705,14056,76.16,False,1102722.05,103.01,Standard ($75-$150),1,False,Synthetic (Industry Model)
CNC-2221,Troye Sivan,Troye Sivan — 2024 Tour,Pop,Mid-Tier Touring Artist,2024-11-01,2024,11,November,Friday,True,Spring,Melbourne,Australia,Oceania,Tier 2 Major Regional Market,-37.8136,144.9631,Melbourne Arena,Large Arena,Opener 3,1,11119,13095,84.91,False,1068980.66,96.14,Standard ($75-$150),2,True,Synthetic (Industry Model)
CNC-2222,Troye Sivan,Troye Sivan — 2024 Tour,Pop,Mid-Tier Touring Artist,2024-10-01,2024,10,October,Tuesday,False,Fall,London,United Kingdom,Europe,Tier 1 Global Mega-City,51.5074,-0.1278,London Arena,Large Arena,nan,0,9145,12723,71.88,False,762510.1,83.38,Standard ($75-$150),2,True,Synthetic (Industry Model)
CNC-2223,Troye Sivan,Troye Sivan — 2024 Tour,Pop,Mid-Tier Touring Artist,2024-11-11,2024,11,November,Monday,False,Fall,Lisbon,Portugal,Europe,Tier 2 Major Regional Market,38.7223,-9.1393,Lisbon Arena,Large Arena,Opener 2,2,14298,14298,100.0,True,1648845.36,115.32,Standard ($75-$150),1,False,Synthetic (Industry Model)
CNC-2224,Troye Sivan,Troye Sivan — 2024 Tour,Pop,Mid-Tier Touring Artist,2024-10-05,2024,10,October,Saturday,True,Fall,Philadelphia,United States,North America,Tier 2 Major Regional Market,39.9526,-75.1652,Philadelphia Arena,Large Arena,nan,0,12008,14086,85.25,False,1230459.76,102.47,Standard ($75-$150),2,True,Synthetic (Industry Model)
CNC-2225,Troye Sivan,Troye Sivan — 2024 Tour,Pop,Mid-Tier Touring Artist,2024-10-22,2024,10,October,Tuesday,False,Fall,Denver,United States,North America,Tier 2 Major Regional Market,39.7392,-104.9903,Denver Arena,Arena,Opener 1,1,4382,6627,66.13,False,277073.86,63.23,Budget (<$75),1,False,Synthetic (Industry Model)
CNC-2226,Troye Sivan,Troye Sivan — 2024 Tour,Pop,Mid-Tier Touring Artist,2024-11-26,2024,11,November,Tuesday,False,Fall,Amsterdam,Netherlands,Europe,Tier 1 Global Mega-City,52.3676,4.9041,Amsterdam Arena,Large Arena,nan,0,10278,13541,75.9,False,914330.88,88.96,Standard ($75-$150),1,False,Synthetic (Industry Model)
CNC-2227,Troye Sivan,Troye Sivan — 2024 Tour,Pop,Mid-Tier Touring Artist,2024-10-28,2024,10,October,Monday,False,Spring,Auckland,New Zealand,Oceania,Tier 2 Major Regional Market,-36.8485,174.7633,Auckland Arena,Arena,nan,0,4074,5662,71.96,False,239510.46,58.79,Budget (<$75),2,True,Synthetic (Industry Model)
CNC-2228,Troye Sivan,Troye Sivan — 2024 Tour,Pop,Mid-Tier Touring Artist,2024-10-13,2024,10,October,Sunday,True,Fall,London,United Kingdom,Europe,Tier 1 Global Mega-City,51.5074,-0.1278,London Arena,Arena,Opener 1,2,6036,6334,95.29,True,369765.36,61.26,Budget (<$75),3,True,Synthetic (Industry Model)
CNC-2229,Troye Sivan,Troye Sivan — 2024 Tour,Pop,Mid-Tier Touring Artist,2024-12-11,2024,12,December,Wednesday,False,Winter,Houston,United States,North America,Tier 2 Major Regional Market,29.7604,-95.3698,Houston Arena,Large Arena,nan,0,10879,15166,71.73,False,1307764.59,120.21,Standard ($75-$150),1,False,Synthetic (Industry Model)
CNC-2230,Troye Sivan,Troye Sivan — 2024 Tour,Pop,Mid-Tier Touring Artist,2024-11-26,2024,11,November,Tuesday,False,Fall,Paris,France,Europe,Tier 1 Global Mega-City,48.8566,2.3522,Paris Arena,Arena,Opener 3,1,9285,11356,81.76,False,806587.95,86.87,Standard ($75-$150),1,False,Synthetic (Industry Model)
CNC-2231,Troye Sivan,Troye Sivan — 2024 Tour,Pop,Mid-Tier Touring Artist,2024-11-30,2024,11,November,Saturday,True,Fall,Vancouver,Canada,North America,Tier 2 Major Regional Market,49.2827,-123.1207,Vancouver Arena,Arena,Opener 1,2,11300,11300,100.0,True,981405.0,86.85,Standard ($75-$150),1,False,Synthetic (Industry Model)
CNC-2232,Troye Sivan,Troye Sivan — 2024 Tour,Pop,Mid-Tier Touring Artist,2024-12-26,2024,12,December,Thursday,False,Winter,Berlin,Germany,Europe,Tier 1 Global Mega-City,52.52,13.405,Berlin Arena,Arena,Opener 2,1,7995,9565,83.59,False,553014.15,69.17,Budget (<$75),2,True,Synthetic (Industry Model)
CNC-2233,Troye Sivan,Troye Sivan — 2024 Tour,Pop,Mid-Tier Touring Artist,2024-10-23,2024,10,October,Wednesday,False,Fall,Berlin,Germany,Europe,Tier 1 Global Mega-City,52.52,13.405,Berlin Arena,Arena,nan,0,4393,7006,62.7,False,259450.58,59.06,Budget (<$75),3,True,Synthetic (Industry Model)
CNC-2234,Troye Sivan,Troye Sivan — 2024 Tour,Pop,Mid-Tier Touring Artist,2024-12-12,2024,12,December,Thursday,False,Winter,Columbus,United States,North America,Tier 3 Emerging / Secondary Market,39.9612,-82.9988,Columbus Arena,Arena,Opener 1,1,7112,9919,71.7,False,595132.16,83.68,Standard ($75-$150),1,False,Synthetic (Industry Model)
CNC-2235,Troye Sivan,Troye Sivan — 2024 Tour,Pop,Mid-Tier Touring Artist,2024-12-28,2024,12,December,Saturday,True,Winter,Nashville,United States,North America,Tier 2 Major Regional Market,36.1627,-86.7816,Nashville Arena,Arena,Opener 2,1,6728,8778,76.65,False,400988.8,59.6,Budget (<$75),1,False,Synthetic (Industry Model)
CNC-2236,Troye Sivan,Troye Sivan — 2024 Tour,Pop,Mid-Tier Touring Artist,2024-12-20,2024,12,December,Friday,True,Winter,Seattle,United States,North America,Tier 2 Major Regional Market,47.6062,-122.3321,Seattle Arena,Arena,nan,0,6577,7087,92.8,False,482751.8,73.4,Budget (<$75),1,False,Synthetic (Industry Model)
CNC-2237,Troye Sivan,Troye Sivan — 2024 Tour,Pop,Mid-Tier Touring Artist,2024-12-28,2024,12,December,Saturday,True,Winter,Stockholm,Sweden,Europe,Tier 2 Major Regional Market,59.3293,18.0686,Stockholm Arena,Arena,nan,0,6064,6719,90.25,False,435395.2,71.8,Budget (<$75),1,False,Synthetic (Industry Model)
CNC-2238,Troye Sivan,Troye Sivan — 2024 Tour,Pop,Mid-Tier Touring Artist,2024-11-02,2024,11,November,Saturday,True,Fall,Amsterdam,Netherlands,Europe,Tier 1 Global Mega-City,52.3676,4.9041,Amsterdam Arena,Large Arena,nan,0,12206,14230,85.78,False,1152124.34,94.39,Standard ($75-$150),2,True,Synthetic (Industry Model)
CNC-2239,Troye Sivan,Troye Sivan — 2024 Tour,Pop,Mid-Tier Touring Artist,2024-11-04,2024,11,November,Monday,False,Fall,Miami,United States,North America,Tier 2 Major Regional Market,25.7617,-80.1918,Miami Arena,Arena,Opener 3,1,5081,7037,72.21,False,345203.14,67.94,Budget (<$75),2,True,Synthetic (Industry Model)
CNC-2240,Conan Gray,Conan Gray — 2022 Tour,Indie Pop,Mid-Tier Touring Artist,2022-05-11,2022,5,May,Wednesday,False,Spring,Dublin,Ireland,Europe,Tier 2 Major Regional Market,53.3498,-6.2603,Dublin Arena,Large Arena,Opener 1,2,8505,12269,69.32,False,828301.95,97.39,Standard ($75-$150),1,False,Synthetic (Industry Model)
CNC-2241,Conan Gray,Conan Gray — 2022 Tour,Indie Pop,Mid-Tier Touring Artist,2022-05-16,2022,5,May,Monday,False,Autumn,Melbourne,Australia,Oceania,Tier 2 Major Regional Market,-37.8136,144.9631,Melbourne Arena,Large Arena,Opener 2,1,6419,12394,51.79,False,556013.78,86.62,Standard ($75-$150),1,False,Synthetic (Industry Model)
CNC-2242,Conan Gray,Conan Gray — 2022 Tour,Indie Pop,Mid-Tier Touring Artist,2022-05-19,2022,5,May,Thursday,False,Autumn,Auckland,New Zealand,Oceania,Tier 2 Major Regional Market,-36.8485,174.7633,Auckland Arena,Arena,Opener 3,2,9095,11894,76.47,False,752702.2,82.76,Standard ($75-$150),1,False,Synthetic (Industry Model)
CNC-2243,Conan Gray,Conan Gray — 2022 Tour,Indie Pop,Mid-Tier Touring Artist,2022-05-20,2022,5,May,Friday,True,Spring,Oslo,Norway,Europe,Tier 2 Major Regional Market,59.9139,10.7522,Oslo Arena,Large Arena,Opener 1,1,11846,14167,83.62,False,1118854.7,94.45,Standard ($75-$150),1,False,Synthetic (Industry Model)
CNC-2244,Conan Gray,Conan Gray — 2022 Tour,Indie Pop,Mid-Tier Touring Artist,2022-05-19,2022,5,May,Thursday,False,Spring,Columbus,United States,North America,Tier 3 Emerging / Secondary Market,39.9612,-82.9988,Columbus Arena,Arena,Opener 2,2,3111,4386,70.92,False,161305.35,51.85,Budget (<$75),1,False,Synthetic (Industry Model)
CNC-2245,Conan Gray,Conan Gray — 2022 Tour,Indie Pop,Mid-Tier Touring Artist,2022-06-05,2022,6,June,Sunday,True,Summer,Toronto,Canada,North America,Tier 1 Global Mega-City,43.6532,-79.3832,Toronto Arena,Arena,Opener 3,1,5941,8708,68.22,False,387531.43,65.23,Budget (<$75),1,False,Synthetic (Industry Model)
CNC-2246,Conan Gray,Conan Gray — 2022 Tour,Indie Pop,Mid-Tier Touring Artist,2022-06-04,2022,6,June,Saturday,True,Summer,Dublin,Ireland,Europe,Tier 2 Major Regional Market,53.3498,-6.2603,Dublin Arena,Large Arena,Opener 1,2,9849,12495,78.82,False,836574.06,84.94,Standard ($75-$150),2,True,Synthetic (Industry Model)
CNC-2247,Conan Gray,Conan Gray — 2022 Tour,Indie Pop,Mid-Tier Touring Artist,2022-06-08,2022,6,June,Wednesday,False,Summer,Madrid,Spain,Europe,Tier 2 Major Regional Market,40.4168,-3.7038,Madrid Arena,Arena,Opener 2,2,3841,5760,66.69,False,224736.91,58.51,Budget (<$75),1,False,Synthetic (Industry Model)
CNC-2248,Conan Gray,Conan Gray — 2022 Tour,Indie Pop,Mid-Tier Touring Artist,2022-06-20,2022,6,June,Monday,False,Summer,Columbus,United States,North America,Tier 3 Emerging / Secondary Market,39.9612,-82.9988,Columbus Arena,Arena,Opener 3,2,4480,7956,56.31,False,281568.0,62.85,Budget (<$75),2,True,Synthetic (Industry Model)
CNC-2249,Conan Gray,Conan Gray — 2022 Tour,Indie Pop,Mid-Tier Touring Artist,2022-06-16,2022,6,June,Thursday,False,Summer,Stockholm,Sweden,Europe,Tier 2 Major Regional Market,59.3293,18.0686,Stockholm Arena,Arena,nan,0,7721,11502,67.13,False,572666.57,74.17,Budget (<$75),1,False,Synthetic (Industry Model)
CNC-2250,Conan Gray,Conan Gray — 2022 Tour,Indie Pop,Mid-Tier Touring Artist,2022-06-30,2022,6,June,Thursday,False,Winter,Sydney,Australia,Oceania,Tier 2 Major Regional Market,-33.8688,151.2093,Sydney Arena,Arena,Opener 2,1,4527,7769,58.27,False,230514.84,50.92,Budget (<$75),1,False,Synthetic (Industry Model)
CNC-2251,Conan Gray,Conan Gray — 2022 Tour,Indie Pop,Mid-Tier Touring Artist,2022-06-24,2022,6,June,Friday,True,Summer,Los Angeles,United States,North America,Tier 1 Global Mega-City,34.0522,-118.2437,Los Angeles Arena,Arena,Opener 3,2,10705,11089,96.54,True,875240.8,81.76,Standard ($75-$150),1,False,Synthetic (Industry Model)
CNC-2252,Conan Gray,Conan Gray — 2022 Tour,Indie Pop,Mid-Tier Touring Artist,2022-06-16,2022,6,June,Thursday,False,Summer,Warsaw,Poland,Europe,Tier 3 Emerging / Secondary Market,52.2297,21.0122,Warsaw Arena,Arena,Opener 1,1,5001,8543,58.54,False,396029.19,79.19,Standard ($75-$150),1,False,Synthetic (Industry Model)
CNC-2253,Conan Gray,Conan Gray — 2022 Tour,Indie Pop,Mid-Tier Touring Artist,2022-07-15,2022,7,July,Friday,True,Summer,Denver,United States,North America,Tier 2 Major Regional Market,39.7392,-104.9903,Denver Arena,Arena,Opener 2,2,10232,11181,91.51,False,870845.52,85.11,Standard ($75-$150),1,False,Synthetic (Industry Model)
CNC-2254,Conan Gray,Conan Gray — 2022 Tour,Indie Pop,Mid-Tier Touring Artist,2022-07-20,2022,7,July,Wednesday,False,Summer,Kansas City,United States,North America,Tier 3 Emerging / Secondary Market,39.0997,-94.5786,Kansas City Arena,Large Arena,Opener 3,1,9644,14448,66.75,False,852240.28,88.37,Standard ($75-$150),1,False,Synthetic (Industry Model)
CNC-2255,Conan Gray,Conan Gray — 2022 Tour,Indie Pop,Mid-Tier Touring Artist,2022-06-10,2022,6,June,Friday,True,Summer,Houston,United States,North America,Tier 2 Major Regional Market,29.7604,-95.3698,Houston Arena,Large Arena,Opener 1,2,11073,12566,88.12,False,913190.31,82.47,Standard ($75-$150),1,False,Synthetic (Industry Model)
CNC-2256,Conan Gray,Conan Gray — 2022 Tour,Indie Pop,Mid-Tier Touring Artist,2022-06-28,2022,6,June,Tuesday,False,Summer,Paris,France,Europe,Tier 1 Global Mega-City,48.8566,2.3522,Paris Arena,Large Arena,Opener 2,2,11337,13474,84.14,False,1022370.66,90.18,Standard ($75-$150),1,False,Synthetic (Industry Model)
CNC-2257,Conan Gray,Conan Gray — 2022 Tour,Indie Pop,Mid-Tier Touring Artist,2022-08-04,2022,8,August,Thursday,False,Summer,Berlin,Germany,Europe,Tier 1 Global Mega-City,52.52,13.405,Berlin Arena,Arena,nan,0,2630,4035,65.17,False,165321.8,62.86,Budget (<$75),1,False,Synthetic (Industry Model)
CNC-2258,Conan Gray,Conan Gray — 2022 Tour,Indie Pop,Mid-Tier Touring Artist,2022-07-22,2022,7,July,Friday,True,Summer,Warsaw,Poland,Europe,Tier 3 Emerging / Secondary Market,52.2297,21.0122,Warsaw Arena,Arena,nan,0,7176,9014,79.61,False,623881.44,86.94,Standard ($75-$150),2,True,Synthetic (Industry Model)
CNC-2259,Conan Gray,Conan Gray — 2022 Tour,Indie Pop,Mid-Tier Touring Artist,2022-07-26,2022,7,July,Tuesday,False,Summer,Houston,United States,North America,Tier 2 Major Regional Market,29.7604,-95.3698,Houston Arena,Large Arena,Opener 2,1,9521,14869,64.03,False,1079776.61,113.41,Standard ($75-$150),2,True,Synthetic (Industry Model)
CNC-2260,Conan Gray,Conan Gray — 2022 Tour,Indie Pop,Mid-Tier Touring Artist,2022-07-30,2022,7,July,Saturday,True,Summer,Chicago,United States,North America,Tier 1 Global Mega-City,41.8781,-87.6298,Chicago Arena,Large Arena,Opener 3,2,14244,14244,100.0,True,1388362.68,97.47,Standard ($75-$150),1,False,Synthetic (Industry Model)
CNC-2261,Conan Gray,Conan Gray — 2022 Tour,Indie Pop,Mid-Tier Touring Artist,2022-06-22,2022,6,June,Wednesday,False,Summer,Madrid,Spain,Europe,Tier 2 Major Regional Market,40.4168,-3.7038,Madrid Arena,Arena,nan,0,7787,10893,71.49,False,825577.74,106.02,Standard ($75-$150),2,True,Synthetic (Industry Model)
CNC-2262,Conan Gray,Conan Gray — 2022 Tour,Indie Pop,Mid-Tier Touring Artist,2022-08-29,2022,8,August,Monday,False,Summer,Manchester,United Kingdom,Europe,Tier 2 Major Regional Market,53.4808,-2.2426,Manchester Arena,Arena,Opener 2,1,8573,10285,83.35,False,617684.65,72.05,Budget (<$75),1,False,Synthetic (Industry Model)
CNC-2263,Conan Gray,Conan Gray — 2022 Tour,Indie Pop,Mid-Tier Touring Artist,2022-08-11,2022,8,August,Thursday,False,Summer,Miami,United States,North America,Tier 2 Major Regional Market,25.7617,-80.1918,Miami Arena,Arena,Opener 3,1,3578,4112,87.01,False,163264.14,45.63,Budget (<$75),1,False,Synthetic (Industry Model)
CNC-2264,Conan Gray,Conan Gray — 2022 Tour,Indie Pop,Mid-Tier Touring Artist,2022-06-28,2022,6,June,Tuesday,False,Winter,Sydney,Australia,Oceania,Tier 2 Major Regional Market,-33.8688,151.2093,Sydney Arena,Arena,Opener 1,1,6607,9547,69.2,False,538404.43,81.49,Standard ($75-$150),2,True,Synthetic (Industry Model)
CNC-2265,Conan Gray,Conan Gray — 2022 Tour,Indie Pop,Mid-Tier Touring Artist,2022-06-30,2022,6,June,Thursday,False,Summer,Houston,United States,North America,Tier 2 Major Regional Market,29.7604,-95.3698,Houston Arena,Arena,Opener 2,1,5781,7718,74.9,False,391951.8,67.8,Budget (<$75),3,True,Synthetic (Industry Model)
CNC-2266,Conan Gray,Conan Gray — 2022 Tour,Indie Pop,Mid-Tier Touring Artist,2022-09-18,2022,9,September,Sunday,True,Fall,Richmond,United States,North America,Tier 3 Emerging / Secondary Market,37.5407,-77.436,Richmond Arena,Large Arena,nan,0,9507,12458,76.31,False,862094.76,90.68,Standard ($75-$150),1,False,Synthetic (Industry Model)
CNC-2267,Conan Gray,Conan Gray — 2022 Tour,Indie Pop,Mid-Tier Touring Artist,2022-08-27,2022,8,August,Saturday,True,Summer,Miami,United States,North America,Tier 2 Major Regional Market,25.7617,-80.1918,Miami Arena,Arena,Opener 1,2,6348,7386,85.95,False,307941.48,48.51,Budget (<$75),2,True,Synthetic (Industry Model)
CNC-2268,Gracie Abrams,Gracie Abrams — 2022 Tour,Indie Pop,Mid-Tier Touring Artist,2022-09-08,2022,9,September,Thursday,False,Fall,Manchester,United Kingdom,Europe,Tier 2 Major Regional Market,53.4808,-2.2426,Manchester Arena,Arena,Opener 1,2,2467,3701,66.65,False,94264.07,38.21,Budget (<$75),1,False,Synthetic (Industry Model)
CNC-2269,Gracie Abrams,Gracie Abrams — 2022 Tour,Indie Pop,Mid-Tier Touring Artist,2022-09-12,2022,9,September,Monday,False,Fall,Vancouver,Canada,North America,Tier 2 Major Regional Market,49.2827,-123.1207,Vancouver Arena,Arena,nan,0,3424,5184,66.05,False,183012.8,53.45,Budget (<$75),1,False,Synthetic (Industry Model)
CNC-2270,Gracie Abrams,Gracie Abrams — 2022 Tour,Indie Pop,Mid-Tier Touring Artist,2022-09-12,2022,9,September,Monday,False,Fall,Dublin,Ireland,Europe,Tier 2 Major Regional Market,53.3498,-6.2603,Dublin Arena,Arena,Opener 3,2,8466,8466,100.0,True,556554.84,65.74,Budget (<$75),1,False,Synthetic (Industry Model)
CNC-2271,Gracie Abrams,Gracie Abrams — 2022 Tour,Indie Pop,Mid-Tier Touring Artist,2022-09-23,2022,9,September,Friday,True,Fall,Manchester,United Kingdom,Europe,Tier 2 Major Regional Market,53.4808,-2.2426,Manchester Arena,Arena,nan,0,5563,7563,73.56,False,310248.51,55.77,Budget (<$75),2,True,Synthetic (Industry Model)
CNC-2272,Gracie Abrams,Gracie Abrams — 2022 Tour,Indie Pop,Mid-Tier Touring Artist,2022-09-16,2022,9,September,Friday,True,Fall,Brussels,Belgium,Europe,Tier 2 Major Regional Market,50.8503,4.3517,Brussels Arena,Arena,Opener 2,1,5896,7570,77.89,False,364785.52,61.87,Budget (<$75),1,False,Synthetic (Industry Model)
CNC-2273,Gracie Abrams,Gracie Abrams — 2022 Tour,Indie Pop,Mid-Tier Touring Artist,2022-09-23,2022,9,September,Friday,True,Fall,Copenhagen,Denmark,Europe,Tier 2 Major Regional Market,55.6761,12.5683,Copenhagen Arena,Arena,nan,0,4172,7365,56.65,False,282402.68,67.69,Budget (<$75),1,False,Synthetic (Industry Model)
CNC-2274,Gracie Abrams,Gracie Abrams — 2022 Tour,Indie Pop,Mid-Tier Touring Artist,2022-09-26,2022,9,September,Monday,False,Fall,Brussels,Belgium,Europe,Tier 2 Major Regional Market,50.8503,4.3517,Brussels Arena,Arena,Opener 1,1,1681,3572,47.05,False,86033.58,51.18,Budget (<$75),2,True,Synthetic (Industry Model)
CNC-2275,Gracie Abrams,Gracie Abrams — 2022 Tour,Indie Pop,Mid-Tier Touring Artist,2022-10-13,2022,10,October,Thursday,False,Fall,Barcelona,Spain,Europe,Tier 2 Major Regional Market,41.3851,2.1734,Barcelona Arena,Arena,Opener 2,1,4063,5580,72.81,False,166095.44,40.88,Budget (<$75),1,False,Synthetic (Industry Model)
CNC-2276,Gracie Abrams,Gracie Abrams — 2022 Tour,Indie Pop,Mid-Tier Touring Artist,2022-10-10,2022,10,October,Monday,False,Fall,Manchester,United Kingdom,Europe,Tier 2 Major Regional Market,53.4808,-2.2426,Manchester Arena,Arena,nan,0,7336,11011,66.62,False,621139.12,84.67,Standard ($75-$150),3,True,Synthetic (Industry Model)
CNC-2277,Gracie Abrams,Gracie Abrams — 2022 Tour,Indie Pop,Mid-Tier Touring Artist,2022-09-26,2022,9,September,Monday,False,Spring,Sydney,Australia,Oceania,Tier 2 Major Regional Market,-33.8688,151.2093,Sydney Arena,Arena,nan,0,3518,4651,75.64,False,176849.86,50.27,Budget (<$75),1,False,Synthetic (Industry Model)
CNC-2278,Gracie Abrams,Gracie Abrams — 2022 Tour,Indie Pop,Mid-Tier Touring Artist,2022-10-28,2022,10,October,Friday,True,Fall,Dublin,Ireland,Europe,Tier 2 Major Regional Market,53.3498,-6.2603,Dublin Arena,Arena,Opener 2,2,3586,6064,59.13,False,216522.68,60.38,Budget (<$75),2,True,Synthetic (Industry Model)
CNC-2279,Gracie Abrams,Gracie Abrams — 2022 Tour,Indie Pop,Mid-Tier Touring Artist,2022-09-30,2022,9,September,Friday,True,Fall,Denver,United States,North America,Tier 2 Major Regional Market,39.7392,-104.9903,Denver Arena,Arena,Opener 3,2,3539,4394,80.55,False,144532.76,40.84,Budget (<$75),1,False,Synthetic (Industry Model)
CNC-2280,Gracie Abrams,Gracie Abrams — 2022 Tour,Indie Pop,Mid-Tier Touring Artist,2022-10-26,2022,10,October,Wednesday,False,Fall,Columbus,United States,North America,Tier 3 Emerging / Secondary Market,39.9612,-82.9988,Columbus Arena,Arena,Opener 1,2,2817,6516,43.23,False,147103.74,52.22,Budget (<$75),1,False,Synthetic (Industry Model)
CNC-2281,Gracie Abrams,Gracie Abrams — 2022 Tour,Indie Pop,Mid-Tier Touring Artist,2022-10-04,2022,10,October,Tuesday,False,Fall,Amsterdam,Netherlands,Europe,Tier 1 Global Mega-City,52.3676,4.9041,Amsterdam Arena,Arena,nan,0,5262,6986,75.32,False,386283.42,73.41,Budget (<$75),1,False,Synthetic (Industry Model)
CNC-2282,Gracie Abrams,Gracie Abrams — 2022 Tour,Indie Pop,Mid-Tier Touring Artist,2022-11-17,2022,11,November,Thursday,False,Fall,Copenhagen,Denmark,Europe,Tier 2 Major Regional Market,55.6761,12.5683,Copenhagen Arena,Arena,Opener 3,1,3624,5390,67.24,False,126803.76,34.99,Budget (<$75),2,True,Synthetic (Industry Model)
CNC-2283,Gracie Abrams,Gracie Abrams — 2022 Tour,Indie Pop,Mid-Tier Touring Artist,2022-11-07,2022,11,November,Monday,False,Fall,Toronto,Canada,North America,Tier 1 Global Mega-City,43.6532,-79.3832,Toronto Arena,Arena,Opener 1,2,6816,10441,65.28,False,511745.28,75.08,Standard ($75-$150),1,False,Synthetic (Industry Model)
CNC-2284,Gracie Abrams,Gracie Abrams — 2022 Tour,Indie Pop,Mid-Tier Touring Artist,2022-11-11,2022,11,November,Friday,True,Fall,Denver,United States,North America,Tier 2 Major Regional Market,39.7392,-104.9903,Denver Arena,Arena,Opener 2,1,5614,6922,81.1,False,335997.9,59.85,Budget (<$75),2,True,Synthetic (Industry Model)
CNC-2285,Gracie Abrams,Gracie Abrams — 2022 Tour,Indie Pop,Mid-Tier Touring Artist,2022-12-02,2022,12,December,Friday,True,Winter,Oslo,Norway,Europe,Tier 2 Major Regional Market,59.9139,10.7522,Oslo Arena,Arena,nan,0,2890,4195,68.9,False,133489.1,46.19,Budget (<$75),1,False,Synthetic (Industry Model)
CNC-2286,Gracie Abrams,Gracie Abrams — 2022 Tour,Indie Pop,Mid-Tier Touring Artist,2022-11-19,2022,11,November,Saturday,True,Fall,Seattle,United States,North America,Tier 2 Major Regional Market,47.6062,-122.3321,Seattle Arena,Arena,Opener 1,2,3330,4406,75.58,False,147818.7,44.39,Budget (<$75),1,False,Synthetic (Industry Model)
CNC-2287,Gracie Abrams,Gracie Abrams — 2022 Tour,Indie Pop,Mid-Tier Touring Artist,2022-10-16,2022,10,October,Sunday,True,Fall,Atlanta,United States,North America,Tier 2 Major Regional Market,33.749,-84.388,Atlanta Arena,Arena,Opener 2,2,3939,7954,49.52,False,285222.99,72.41,Budget (<$75),1,False,Synthetic (Industry Model)
CNC-2288,Gracie Abrams,Gracie Abrams — 2022 Tour,Indie Pop,Mid-Tier Touring Artist,2022-11-07,2022,11,November,Monday,False,Fall,Paris,France,Europe,Tier 1 Global Mega-City,48.8566,2.3522,Paris Arena,Arena,Opener 3,1,9021,10708,84.25,False,778331.88,86.28,Standard ($75-$150),1,False,Synthetic (Industry Model)
CNC-2289,Gracie Abrams,Gracie Abrams — 2022 Tour,Indie Pop,Mid-Tier Touring Artist,2022-12-22,2022,12,December,Thursday,False,Summer,Auckland,New Zealand,Oceania,Tier 2 Major Regional Market,-36.8485,174.7633,Auckland Arena,Arena,Opener 1,2,2715,4443,61.11,False,132519.15,48.81,Budget (<$75),1,False,Synthetic (Industry Model)
CNC-2290,Gracie Abrams,Gracie Abrams — 2022 Tour,Indie Pop,Mid-Tier Touring Artist,2022-10-22,2022,10,October,Saturday,True,Fall,Paris,France,Europe,Tier 1 Global Mega-City,48.8566,2.3522,Paris Arena,Arena,nan,0,3038,3866,78.58,False,127474.48,41.96,Budget (<$75),2,True,Synthetic (Industry Model)
CNC-2291,Gracie Abrams,Gracie Abrams — 2022 Tour,Indie Pop,Mid-Tier Touring Artist,2022-12-09,2022,12,December,Friday,True,Summer,Sydney,Australia,Oceania,Tier 2 Major Regional Market,-33.8688,151.2093,Sydney Arena,Arena,nan,0,5035,6972,72.22,False,310055.3,61.58,Budget (<$75),2,True,Synthetic (Industry Model)
CNC-2292,Gracie Abrams,Gracie Abrams — 2022 Tour,Indie Pop,Mid-Tier Touring Artist,2022-11-19,2022,11,November,Saturday,True,Fall,Barcelona,Spain,Europe,Tier 2 Major Regional Market,41.3851,2.1734,Barcelona Arena,Arena,nan,0,6934,9677,71.65,False,542654.84,78.26,Standard ($75-$150),2,True,Synthetic (Industry Model)
CNC-2293,Gracie Abrams,Gracie Abrams — 2022 Tour,Indie Pop,Mid-Tier Touring Artist,2022-10-28,2022,10,October,Friday,True,Fall,Miami,United States,North America,Tier 2 Major Regional Market,25.7617,-80.1918,Miami Arena,Arena,Opener 2,2,4016,5011,80.14,False,188711.84,46.99,Budget (<$75),1,False,Synthetic (Industry Model)
CNC-2294,Dua Lipa,Dua Lipa — 2024 Tour,Pop / Dance,Major Touring Artist,2024-09-04,2024,9,September,Wednesday,False,Fall,Singapore,Singapore,Asia,Tier 2 Major Regional Market,1.3521,103.8198,Singapore Stadium,Stadium,Opener 1,1,26125,30220,86.45,False,4082292.5,156.26,Premium ($150-$250),1,False,Synthetic (Industry Model)
CNC-2295,Dua Lipa,Dua Lipa — 2024 Tour,Pop / Dance,Major Touring Artist,2024-09-07,2024,9,September,Saturday,True,Spring,Mexico City,Mexico,Latin America,Tier 1 Global Mega-City,19.4326,-99.1332,Mexico City Arena,Large Arena,nan,0,17186,17186,100.0,True,1984811.14,115.49,Standard ($75-$150),1,False,Synthetic (Industry Model)
CNC-2296,Dua Lipa,Dua Lipa — 2024 Tour,Pop / Dance,Major Touring Artist,2024-09-08,2024,9,September,Sunday,True,Fall,Kansas City,United States,North America,Tier 3 Emerging / Secondary Market,39.0997,-94.5786,Kansas City Arena,Large Arena,Opener 3,2,13693,15754,86.92,False,1564151.39,114.23,Standard ($75-$150),1,False,Synthetic (Industry Model)
CNC-2297,Dua Lipa,Dua Lipa — 2024 Tour,Pop / Dance,Major Touring Artist,2024-09-16,2024,9,September,Monday,False,Fall,Paris,France,Europe,Tier 1 Global Mega-City,48.8566,2.3522,Paris Stadium,Stadium,Opener 1,1,25290,26976,93.75,False,3836998.8,151.72,Premium ($150-$250),1,False,Synthetic (Industry Model)
CNC-2298,Dua Lipa,Dua Lipa — 2024 Tour,Pop / Dance,Major Touring Artist,2024-09-16,2024,9,September,Monday,False,Fall,Seattle,United States,North America,Tier 2 Major Regional Market,47.6062,-122.3321,Seattle Arena,Large Arena,nan,0,20872,21326,97.87,True,2485855.2,119.1,Standard ($75-$150),1,False,Synthetic (Industry Model)
CNC-2299,Dua Lipa,Dua Lipa — 2024 Tour,Pop / Dance,Major Touring Artist,2024-09-19,2024,9,September,Thursday,False,Spring,Sao Paulo,Brazil,Latin America,Tier 1 Global Mega-City,-23.5505,-46.6333,Sao Paulo Arena,Large Arena,Opener 3,2,13023,13023,100.0,True,1229631.66,94.42,Standard ($75-$150),1,False,Synthetic (Industry Model)
CNC-2300,Dua Lipa,Dua Lipa — 2024 Tour,Pop / Dance,Major Touring Artist,2024-09-28,2024,9,September,Saturday,True,Fall,Kansas City,United States,North America,Tier 3 Emerging / Secondary Market,39.0997,-94.5786,Kansas City Arena,Large Arena,Opener 1,2,9514,12086,78.72,False,846365.44,88.96,Standard ($75-$150),2,True,Synthetic (Industry Model)
CNC-2301,Dua Lipa,Dua Lipa — 2024 Tour,Pop / Dance,Major Touring Artist,2024-09-25,2024,9,September,Wednesday,False,Fall,Dublin,Ireland,Europe,Tier 2 Major Regional Market,53.3498,-6.2603,Dublin Arena,Large Arena,Opener 2,1,18895,19902,94.94,False,2181427.75,115.45,Standard ($75-$150),1,False,Synthetic (Industry Model)
CNC-2302,Dua Lipa,Dua Lipa — 2024 Tour,Pop / Dance,Major Touring Artist,2024-09-20,2024,9,September,Friday,True,Fall,Atlanta,United States,North America,Tier 2 Major Regional Market,33.749,-84.388,Atlanta Arena,Large Arena,Opener 3,1,21183,23012,92.05,False,2658466.5,125.5,Standard ($75-$150),1,False,Synthetic (Industry Model)
CNC-2303,Dua Lipa,Dua Lipa — 2024 Tour,Pop / Dance,Major Touring Artist,2024-09-22,2024,9,September,Sunday,True,Fall,Manila,Philippines,Asia,Tier 3 Emerging / Secondary Market,14.5995,120.9842,Manila Arena,Large Arena,nan,0,17199,22118,77.76,False,2139211.62,124.38,Standard ($75-$150),1,False,Synthetic (Industry Model)
CNC-2304,Dua Lipa,Dua Lipa — 2024 Tour,Pop / Dance,Major Touring Artist,2024-10-04,2024,10,October,Friday,True,Fall,Seattle,United States,North America,Tier 2 Major Regional Market,47.6062,-122.3321,Seattle Arena,Large Arena,Opener 2,2,15870,17110,92.75,False,1851394.2,116.66,Standard ($75-$150),2,True,Synthetic (Industry Model)
CNC-2305,Dua Lipa,Dua Lipa — 2024 Tour,Pop / Dance,Major Touring Artist,2024-09-26,2024,9,September,Thursday,False,Fall,Amsterdam,Netherlands,Europe,Tier 1 Global Mega-City,52.3676,4.9041,Amsterdam Stadium,Stadium,Opener 3,2,33720,35361,95.36,True,5791072.8,171.74,Premium ($150-$250),1,False,Synthetic (Industry Model)
CNC-2306,Dua Lipa,Dua Lipa — 2024 Tour,Pop / Dance,Major Touring Artist,2024-10-22,2024,10,October,Tuesday,False,Fall,Madrid,Spain,Europe,Tier 2 Major Regional Market,40.4168,-3.7038,Madrid Arena,Large Arena,Opener 1,1,16989,22433,75.73,False,1973951.91,116.19,Standard ($75-$150),1,False,Synthetic (Industry Model)
CNC-2307,Dua Lipa,Dua Lipa — 2024 Tour,Pop / Dance,Major Touring Artist,2024-10-13,2024,10,October,Sunday,True,Spring,Brisbane,Australia,Oceania,Tier 2 Major Regional Market,-27.4698,153.0251,Brisbane Arena,Large Arena,nan,0,14707,16603,88.58,False,1663949.98,113.14,Standard ($75-$150),1,False,Synthetic (Industry Model)
CNC-2308,Dua Lipa,Dua Lipa — 2024 Tour,Pop / Dance,Major Touring Artist,2024-10-30,2024,10,October,Wednesday,False,Spring,Sao Paulo,Brazil,Latin America,Tier 1 Global Mega-City,-23.5505,-46.6333,Sao Paulo Arena,Large Arena,nan,0,21559,22644,95.21,True,2755455.79,127.81,Standard ($75-$150),2,True,Synthetic (Industry Model)
CNC-2309,Dua Lipa,Dua Lipa — 2024 Tour,Pop / Dance,Major Touring Artist,2024-10-04,2024,10,October,Friday,True,Fall,Paris,France,Europe,Tier 1 Global Mega-City,48.8566,2.3522,Paris Arena,Large Arena,nan,0,12046,12046,100.0,True,1133287.68,94.08,Standard ($75-$150),2,True,Synthetic (Industry Model)
CNC-2310,Dua Lipa,Dua Lipa — 2024 Tour,Pop / Dance,Major Touring Artist,2024-10-22,2024,10,October,Tuesday,False,Spring,Brisbane,Australia,Oceania,Tier 2 Major Regional Market,-27.4698,153.0251,Brisbane Arena,Large Arena,Opener 2,1,12086,14009,86.27,False,1198085.18,99.13,Standard ($75-$150),2,True,Synthetic (Industry Model)
CNC-2311,Dua Lipa,Dua Lipa — 2024 Tour,Pop / Dance,Major Touring Artist,2024-11-11,2024,11,November,Monday,False,Fall,Seattle,United States,North America,Tier 2 Major Regional Market,47.6062,-122.3321,Seattle Stadium,Stadium,Opener 3,1,25323,26802,94.48,False,3618909.93,142.91,Standard ($75-$150),3,True,Synthetic (Industry Model)
CNC-2312,Dua Lipa,Dua Lipa — 2024 Tour,Pop / Dance,Major Touring Artist,2024-10-10,2024,10,October,Thursday,False,Fall,Paris,France,Europe,Tier 1 Global Mega-City,48.8566,2.3522,Paris Stadium,Stadium,Opener 1,2,35512,35512,100.0,True,6137894.08,172.84,Premium ($150-$250),3,True,Synthetic (Industry Model)
CNC-2313,Dua Lipa,Dua Lipa — 2024 Tour,Pop / Dance,Major Touring Artist,2024-10-31,2024,10,October,Thursday,False,Fall,Atlanta,United States,North America,Tier 2 Major Regional Market,33.749,-84.388,Atlanta Stadium,Stadium,Opener 2,2,34874,34874,100.0,True,5364318.68,153.82,Premium ($150-$250),2,True,Synthetic (Industry Model)
CNC-2314,Dua Lipa,Dua Lipa — 2024 Tour,Pop / Dance,Major Touring Artist,2024-12-13,2024,12,December,Friday,True,Winter,Dublin,Ireland,Europe,Tier 2 Major Regional Market,53.3498,-6.2603,Dublin Stadium,Stadium,nan,0,32907,35498,92.7,False,5711009.85,173.55,Premium ($150-$250),2,True,Synthetic (Industry Model)
CNC-2315,Dua Lipa,Dua Lipa — 2024 Tour,Pop / Dance,Major Touring Artist,2024-10-16,2024,10,October,Wednesday,False,Fall,Paris,France,Europe,Tier 1 Global Mega-City,48.8566,2.3522,Paris Stadium,Stadium,Opener 1,1,31093,31093,100.0,True,4635344.44,149.08,Standard ($75-$150),4,True,Synthetic (Industry Model)
CNC-2316,Dua Lipa,Dua Lipa — 2024 Tour,Pop / Dance,Major Touring Artist,2024-10-18,2024,10,October,Friday,True,Spring,Sao Paulo,Brazil,Latin America,Tier 1 Global Mega-City,-23.5505,-46.6333,Sao Paulo Stadium,Stadium,Opener 2,1,38091,38091,100.0,True,6652593.15,174.65,Premium ($150-$250),3,True,Synthetic (Industry Model)
CNC-2317,Dua Lipa,Dua Lipa — 2024 Tour,Pop / Dance,Major Touring Artist,2024-12-28,2024,12,December,Saturday,True,Winter,Los Angeles,United States,North America,Tier 1 Global Mega-City,34.0522,-118.2437,Los Angeles Stadium,Stadium,Opener 3,1,30166,30412,99.19,True,4598806.7,152.45,Premium ($150-$250),1,False,Synthetic (Industry Model)
CNC-2318,Dua Lipa,Dua Lipa — 2024 Tour,Pop / Dance,Major Touring Artist,2024-12-28,2024,12,December,Saturday,True,Winter,Richmond,United States,North America,Tier 3 Emerging / Secondary Market,37.5407,-77.436,Richmond Stadium,Stadium,Opener 1,2,21336,29845,71.49,False,3488009.28,163.48,Premium ($150-$250),1,False,Synthetic (Industry Model)
CNC-2319,Dua Lipa,Dua Lipa — 2024 Tour,Pop / Dance,Major Touring Artist,2024-12-13,2024,12,December,Friday,True,Winter,Berlin,Germany,Europe,Tier 1 Global Mega-City,52.52,13.405,Berlin Arena,Large Arena,Opener 2,2,17513,17898,97.85,True,1786150.87,101.99,Standard ($75-$150),1,False,Synthetic (Industry Model)
CNC-2320,Dua Lipa,Dua Lipa — 2024 Tour,Pop / Dance,Major Touring Artist,2024-10-26,2024,10,October,Saturday,True,Spring,Sao Paulo,Brazil,Latin America,Tier 1 Global Mega-City,-23.5505,-46.6333,Sao Paulo Arena,Large Arena,Opener 3,1,20041,20041,100.0,True,2344797.0,117.0,Standard ($75-$150),4,True,Synthetic (Industry Model)
CNC-2321,Dua Lipa,Dua Lipa — 2024 Tour,Pop / Dance,Major Touring Artist,2024-12-28,2024,12,December,Saturday,True,Winter,Bangkok,Thailand,Asia,Tier 2 Major Regional Market,13.7563,100.5018,Bangkok Stadium,Stadium,Opener 1,2,27474,27474,100.0,True,3858723.3,140.45,Standard ($75-$150),1,False,Synthetic (Industry Model)
CNC-2322,Dua Lipa,Dua Lipa — 2024 Tour,Pop / Dance,Major Touring Artist,2024-11-27,2024,11,November,Wednesday,False,Fall,Atlanta,United States,North America,Tier 2 Major Regional Market,33.749,-84.388,Atlanta Stadium,Stadium,nan,0,35527,36588,97.1,True,6423992.14,180.82,Premium ($150-$250),3,True,Synthetic (Industry Model)
CNC-2323,Dua Lipa,Dua Lipa — 2024 Tour,Pop / Dance,Major Touring Artist,2024-11-01,2024,11,November,Friday,True,Fall,Madrid,Spain,Europe,Tier 2 Major Regional Market,40.4168,-3.7038,Madrid Stadium,Stadium,nan,0,33623,34341,97.91,True,5498705.42,163.54,Premium ($150-$250),2,True,Synthetic (Industry Model)
CNC-2324,Dua Lipa,Dua Lipa — 2024 Tour,Pop / Dance,Major Touring Artist,2024-12-28,2024,12,December,Saturday,True,Winter,Stockholm,Sweden,Europe,Tier 2 Major Regional Market,59.3293,18.0686,Stockholm Stadium,Stadium,Opener 1,1,32508,34054,95.46,True,5416157.88,166.61,Premium ($150-$250),1,False,Synthetic (Industry Model)
CNC-2325,Dua Lipa,Dua Lipa — 2024 Tour,Pop / Dance,Major Touring Artist,2024-12-28,2024,12,December,Saturday,True,Summer,Santiago,Chile,Latin America,Tier 2 Major Regional Market,-33.4569,-70.6483,Santiago Arena,Large Arena,Opener 2,2,16289,16289,100.0,True,1572702.95,96.55,Standard ($75-$150),1,False,Synthetic (Industry Model)
CNC-2326,Dua Lipa,Dua Lipa — 2024 Tour,Pop / Dance,Major Touring Artist,2024-11-07,2024,11,November,Thursday,False,Fall,Richmond,United States,North America,Tier 3 Emerging / Secondary Market,37.5407,-77.436,Richmond Arena,Large Arena,Opener 3,2,19787,23590,83.88,False,2733771.92,138.16,Standard ($75-$150),2,True,Synthetic (Industry Model)
CNC-2327,Dua Lipa,Dua Lipa — 2024 Tour,Pop / Dance,Major Touring Artist,2024-11-09,2024,11,November,Saturday,True,Fall,London,United Kingdom,Europe,Tier 1 Global Mega-City,51.5074,-0.1278,London Arena,Large Arena,Opener 1,1,20481,20481,100.0,True,2200478.64,107.44,Standard ($75-$150),1,False,Synthetic (Industry Model)
CNC-2328,Dua Lipa,Dua Lipa — 2024 Tour,Pop / Dance,Major Touring Artist,2024-12-28,2024,12,December,Saturday,True,Winter,Miami,United States,North America,Tier 2 Major Regional Market,25.7617,-80.1918,Miami Arena,Large Arena,Opener 2,1,14039,14039,100.0,True,1412604.18,100.62,Standard ($75-$150),1,False,Synthetic (Industry Model)
CNC-2329,Dua Lipa,Dua Lipa — 2024 Tour,Pop / Dance,Major Touring Artist,2024-12-28,2024,12,December,Saturday,True,Winter,Houston,United States,North America,Tier 2 Major Regional Market,29.7604,-95.3698,Houston Stadium,Stadium,Opener 3,1,25345,26716,94.87,False,3593160.65,141.77,Standard ($75-$150),1,False,Synthetic (Industry Model)
CNC-2330,Dua Lipa,Dua Lipa — 2024 Tour,Pop / Dance,Major Touring Artist,2024-11-17,2024,11,November,Sunday,True,Fall,Amsterdam,Netherlands,Europe,Tier 1 Global Mega-City,52.3676,4.9041,Amsterdam Stadium,Stadium,nan,0,26756,28343,94.4,False,3591190.32,134.22,Standard ($75-$150),2,True,Synthetic (Industry Model)
CNC-2331,Dua Lipa,Dua Lipa — 2024 Tour,Pop / Dance,Major Touring Artist,2024-12-28,2024,12,December,Saturday,True,Winter,Barcelona,Spain,Europe,Tier 2 Major Regional Market,41.3851,2.1734,Barcelona Arena,Large Arena,Opener 3,2,20110,20110,100.0,True,2314661.0,115.1,Standard ($75-$150),1,False,Synthetic (Industry Model)
CNC-2332,Dua Lipa,Dua Lipa — 2024 Tour,Pop / Dance,Major Touring Artist,2024-12-28,2024,12,December,Saturday,True,Winter,Lisbon,Portugal,Europe,Tier 2 Major Regional Market,38.7223,-9.1393,Lisbon Stadium,Stadium,Opener 1,1,33027,33027,100.0,True,5558774.37,168.31,Premium ($150-$250),1,False,Synthetic (Industry Model)
CNC-2333,Dua Lipa,Dua Lipa — 2024 Tour,Pop / Dance,Major Touring Artist,2024-11-23,2024,11,November,Saturday,True,Fall,Oslo,Norway,Europe,Tier 2 Major Regional Market,59.9139,10.7522,Oslo Arena,Large Arena,Opener 2,2,22113,22113,100.0,True,3066409.71,138.67,Standard ($75-$150),1,False,Synthetic (Industry Model)
CNC-2334,Dua Lipa,Dua Lipa — 2024 Tour,Pop / Dance,Major Touring Artist,2024-11-25,2024,11,November,Monday,False,Fall,New York,United States,North America,Tier 1 Global Mega-City,40.7128,-74.006,New York Stadium,Stadium,Opener 3,2,32572,32572,100.0,True,5176342.24,158.92,Premium ($150-$250),1,False,Synthetic (Industry Model)
CNC-2335,Dua Lipa,Dua Lipa — 2024 Tour,Pop / Dance,Major Touring Artist,2024-12-28,2024,12,December,Saturday,True,Winter,Tokyo,Japan,Asia,Tier 1 Global Mega-City,35.6762,139.6503,Tokyo Stadium,Stadium,Opener 1,1,37041,37041,100.0,True,6708125.1,181.1,Premium ($150-$250),1,False,Synthetic (Industry Model)
CNC-2336,Dua Lipa,Dua Lipa — 2024 Tour,Pop / Dance,Major Touring Artist,2024-12-28,2024,12,December,Saturday,True,Winter,Denver,United States,North America,Tier 2 Major Regional Market,39.7392,-104.9903,Denver Stadium,Stadium,Opener 2,1,26538,28508,93.09,False,3902678.28,147.06,Standard ($75-$150),1,False,Synthetic (Industry Model)
CNC-2337,Dua Lipa,Dua Lipa — 2024 Tour,Pop / Dance,Major Touring Artist,2024-12-01,2024,12,December,Sunday,True,Winter,Houston,United States,North America,Tier 2 Major Regional Market,29.7604,-95.3698,Houston Arena,Large Arena,Opener 3,1,20600,21252,96.93,True,2490952.0,120.92,Standard ($75-$150),2,True,Synthetic (Industry Model)
CNC-2338,Dua Lipa,Dua Lipa — 2024 Tour,Pop / Dance,Major Touring Artist,2024-12-28,2024,12,December,Saturday,True,Winter,Copenhagen,Denmark,Europe,Tier 2 Major Regional Market,55.6761,12.5683,Copenhagen Arena,Large Arena,Opener 1,1,23276,23276,100.0,True,2908103.44,124.94,Standard ($75-$150),1,False,Synthetic (Industry Model)
CNC-2339,Dua Lipa,Dua Lipa — 2024 Tour,Pop / Dance,Major Touring Artist,2024-12-28,2024,12,December,Saturday,True,Winter,Toronto,Canada,North America,Tier 1 Global Mega-City,43.6532,-79.3832,Toronto Stadium,Stadium,Opener 2,1,25002,25002,100.0,True,3353768.28,134.14,Standard ($75-$150),1,False,Synthetic (Industry Model)
CNC-2340,Dua Lipa,Dua Lipa — 2024 Tour,Pop / Dance,Major Touring Artist,2024-12-28,2024,12,December,Saturday,True,Summer,Auckland,New Zealand,Oceania,Tier 2 Major Regional Market,-36.8485,174.7633,Auckland Stadium,Stadium,nan,0,31819,35163,90.49,False,5534915.05,173.95,Premium ($150-$250),1,False,Synthetic (Industry Model)
CNC-2341,Dua Lipa,Dua Lipa — 2024 Tour,Pop / Dance,Major Touring Artist,2024-12-28,2024,12,December,Saturday,True,Winter,Philadelphia,United States,North America,Tier 2 Major Regional Market,39.9526,-75.1652,Philadelphia Arena,Large Arena,Opener 1,1,15207,15676,97.01,True,1650263.64,108.52,Standard ($75-$150),1,False,Synthetic (Industry Model)
CNC-2342,Post Malone,Post Malone — 2023 Tour,Hip-Hop / Pop,Major Touring Artist,2023-03-13,2023,3,March,Monday,False,Spring,Dublin,Ireland,Europe,Tier 2 Major Regional Market,53.3498,-6.2603,Dublin Stadium,Stadium,nan,0,27848,30125,92.44,False,4021808.16,144.42,Standard ($75-$150),1,False,Synthetic (Industry Model)
CNC-2343,Post Malone,Post Malone — 2023 Tour,Hip-Hop / Pop,Major Touring Artist,2023-03-16,2023,3,March,Thursday,False,Spring,Berlin,Germany,Europe,Tier 1 Global Mega-City,52.52,13.405,Berlin Stadium,Stadium,Opener 2,2,27030,33494,80.7,False,4095585.6,151.52,Premium ($150-$250),1,False,Synthetic (Industry Model)
CNC-2344,Post Malone,Post Malone — 2023 Tour,Hip-Hop / Pop,Major Touring Artist,2023-03-23,2023,3,March,Thursday,False,Spring,Tokyo,Japan,Asia,Tier 1 Global Mega-City,35.6762,139.6503,Tokyo Stadium,Stadium,Opener 3,2,32831,32831,100.0,True,5188611.24,158.04,Premium ($150-$250),1,False,Synthetic (Industry Model)
CNC-2345,Post Malone,Post Malone — 2023 Tour,Hip-Hop / Pop,Major Touring Artist,2023-03-19,2023,3,March,Sunday,True,Spring,Houston,United States,North America,Tier 2 Major Regional Market,29.7604,-95.3698,Houston Stadium,Stadium,nan,0,24346,31779,76.61,False,3684767.1,151.35,Premium ($150-$250),1,False,Synthetic (Industry Model)
CNC-2346,Post Malone,Post Malone — 2023 Tour,Hip-Hop / Pop,Major Touring Artist,2023-03-29,2023,3,March,Wednesday,False,Spring,Barcelona,Spain,Europe,Tier 2 Major Regional Market,41.3851,2.1734,Barcelona Arena,Large Arena,nan,0,12670,17013,74.47,False,1350115.2,106.56,Standard ($75-$150),1,False,Synthetic (Industry Model)
CNC-2347,Post Malone,Post Malone — 2023 Tour,Hip-Hop / Pop,Major Touring Artist,2023-03-23,2023,3,March,Thursday,False,Spring,Manila,Philippines,Asia,Tier 3 Emerging / Secondary Market,14.5995,120.9842,Manila Stadium,Stadium,Opener 3,2,22180,32860,67.5,False,3570980.0,161.0,Premium ($150-$250),1,False,Synthetic (Industry Model)
CNC-2348,Post Malone,Post Malone — 2023 Tour,Hip-Hop / Pop,Major Touring Artist,2023-03-31,2023,3,March,Friday,True,Spring,Stockholm,Sweden,Europe,Tier 2 Major Regional Market,59.3293,18.0686,Stockholm Stadium,Stadium,Opener 1,1,30634,34015,90.06,False,4435496.86,144.79,Standard ($75-$150),1,False,Synthetic (Industry Model)
CNC-2349,Post Malone,Post Malone — 2023 Tour,Hip-Hop / Pop,Major Touring Artist,2023-04-10,2023,4,April,Monday,False,Spring,Bangkok,Thailand,Asia,Tier 2 Major Regional Market,13.7563,100.5018,Bangkok Stadium,Stadium,Opener 2,2,25686,29228,87.88,False,3286009.98,127.93,Standard ($75-$150),1,False,Synthetic (Industry Model)
CNC-2350,Post Malone,Post Malone — 2023 Tour,Hip-Hop / Pop,Major Touring Artist,2023-04-14,2023,4,April,Friday,True,Spring,Berlin,Germany,Europe,Tier 1 Global Mega-City,52.52,13.405,Berlin Stadium,Stadium,nan,0,27378,28638,95.6,True,3924088.74,143.33,Standard ($75-$150),2,True,Synthetic (Industry Model)
CNC-2351,Post Malone,Post Malone — 2023 Tour,Hip-Hop / Pop,Major Touring Artist,2023-04-18,2023,4,April,Tuesday,False,Spring,Manila,Philippines,Asia,Tier 3 Emerging / Secondary Market,14.5995,120.9842,Manila Arena,Arena,nan,0,7266,11603,62.62,False,689906.7,94.95,Standard ($75-$150),2,True,Synthetic (Industry Model)
CNC-2352,Post Malone,Post Malone — 2023 Tour,Hip-Hop / Pop,Major Touring Artist,2023-04-22,2023,4,April,Saturday,True,Spring,Paris,France,Europe,Tier 1 Global Mega-City,48.8566,2.3522,Paris Arena,Large Arena,Opener 2,1,22097,22987,96.13,True,2654954.55,120.15,Standard ($75-$150),1,False,Synthetic (Industry Model)
CNC-2353,Post Malone,Post Malone — 2023 Tour,Hip-Hop / Pop,Major Touring Artist,2023-04-04,2023,4,April,Tuesday,False,Spring,Singapore,Singapore,Asia,Tier 2 Major Regional Market,1.3521,103.8198,Singapore Arena,Large Arena,nan,0,16724,23612,70.83,False,2041331.44,122.06,Standard ($75-$150),1,False,Synthetic (Industry Model)
CNC-2354,Post Malone,Post Malone — 2023 Tour,Hip-Hop / Pop,Major Touring Artist,2023-04-18,2023,4,April,Tuesday,False,Spring,London,United Kingdom,Europe,Tier 1 Global Mega-City,51.5074,-0.1278,London Stadium,Stadium,Opener 1,2,23318,27520,84.73,False,3438472.28,147.46,Standard ($75-$150),1,False,Synthetic (Industry Model)
CNC-2355,Post Malone,Post Malone — 2023 Tour,Hip-Hop / Pop,Major Touring Artist,2023-04-21,2023,4,April,Friday,True,Autumn,Melbourne,Australia,Oceania,Tier 2 Major Regional Market,-37.8136,144.9631,Melbourne Arena,Large Arena,Opener 2,1,16191,19064,84.93,False,1898556.66,117.26,Standard ($75-$150),1,False,Synthetic (Industry Model)
CNC-2356,Post Malone,Post Malone — 2023 Tour,Hip-Hop / Pop,Major Touring Artist,2023-05-22,2023,5,May,Monday,False,Spring,Salt Lake City,United States,North America,Tier 3 Emerging / Secondary Market,40.7608,-111.891,Salt Lake City Stadium,Stadium,Opener 3,2,22480,31183,72.09,False,3245662.4,144.38,Standard ($75-$150),1,False,Synthetic (Industry Model)
CNC-2357,Post Malone,Post Malone — 2023 Tour,Hip-Hop / Pop,Major Touring Artist,2023-04-12,2023,4,April,Wednesday,False,Spring,Salt Lake City,United States,North America,Tier 3 Emerging / Secondary Market,40.7608,-111.891,Salt Lake City Stadium,Stadium,Opener 1,1,18407,31416,58.59,False,2915668.8,158.4,Premium ($150-$250),2,True,Synthetic (Industry Model)
CNC-2358,Post Malone,Post Malone — 2023 Tour,Hip-Hop / Pop,Major Touring Artist,2023-04-30,2023,4,April,Sunday,True,Spring,Nashville,United States,North America,Tier 2 Major Regional Market,36.1627,-86.7816,Nashville Arena,Large Arena,Opener 2,1,20871,21069,99.06,True,2327951.34,111.54,Standard ($75-$150),1,False,Synthetic (Industry Model)
CNC-2359,Post Malone,Post Malone — 2023 Tour,Hip-Hop / Pop,Major Touring Artist,2023-04-16,2023,4,April,Sunday,True,Autumn,Sao Paulo,Brazil,Latin America,Tier 1 Global Mega-City,-23.5505,-46.6333,Sao Paulo Stadium,Stadium,nan,0,30229,30229,100.0,True,4367485.92,144.48,Standard ($75-$150),1,False,Synthetic (Industry Model)
CNC-2360,Post Malone,Post Malone — 2023 Tour,Hip-Hop / Pop,Major Touring Artist,2023-04-18,2023,4,April,Tuesday,False,Spring,Madrid,Spain,Europe,Tier 2 Major Regional Market,40.4168,-3.7038,Madrid Stadium,Stadium,Opener 1,2,28434,33862,83.97,False,4364334.66,153.49,Premium ($150-$250),1,False,Synthetic (Industry Model)
CNC-2361,Post Malone,Post Malone — 2023 Tour,Hip-Hop / Pop,Major Touring Artist,2023-05-09,2023,5,May,Tuesday,False,Spring,Manchester,United Kingdom,Europe,Tier 2 Major Regional Market,53.4808,-2.2426,Manchester Stadium,Stadium,Opener 2,2,28446,33403,85.16,False,4256659.44,149.64,Standard ($75-$150),1,False,Synthetic (Industry Model)
CNC-2362,Post Malone,Post Malone — 2023 Tour,Hip-Hop / Pop,Major Touring Artist,2023-06-21,2023,6,June,Wednesday,False,Summer,Atlanta,United States,North America,Tier 2 Major Regional Market,33.749,-84.388,Atlanta Stadium,Stadium,Opener 3,2,31291,34919,89.61,False,5181789.6,165.6,Premium ($150-$250),1,False,Synthetic (Industry Model)
CNC-2363,Post Malone,Post Malone — 2023 Tour,Hip-Hop / Pop,Major Touring Artist,2023-06-26,2023,6,June,Monday,False,Summer,Toronto,Canada,North America,Tier 1 Global Mega-City,43.6532,-79.3832,Toronto Arena,Large Arena,Opener 1,1,11709,12631,92.7,False,912482.37,77.93,Standard ($75-$150),1,False,Synthetic (Industry Model)
CNC-2364,Post Malone,Post Malone — 2023 Tour,Hip-Hop / Pop,Major Touring Artist,2023-07-01,2023,7,July,Saturday,True,Summer,Berlin,Germany,Europe,Tier 1 Global Mega-City,52.52,13.405,Berlin Stadium,Stadium,nan,0,27496,27496,100.0,True,3868412.24,140.69,Standard ($75-$150),3,True,Synthetic (Industry Model)
CNC-2365,Post Malone,Post Malone — 2023 Tour,Hip-Hop / Pop,Major Touring Artist,2023-06-13,2023,6,June,Tuesday,False,Winter,Brisbane,Australia,Oceania,Tier 2 Major Regional Market,-27.4698,153.0251,Brisbane Stadium,Stadium,nan,0,19996,25845,77.37,False,2695860.72,134.82,Standard ($75-$150),1,False,Synthetic (Industry Model)
CNC-2366,Post Malone,Post Malone — 2023 Tour,Hip-Hop / Pop,Major Touring Artist,2023-05-24,2023,5,May,Wednesday,False,Spring,Richmond,United States,North America,Tier 3 Emerging / Secondary Market,37.5407,-77.436,Richmond Arena,Large Arena,Opener 1,1,16964,21544,78.74,False,2002091.28,118.02,Standard ($75-$150),1,False,Synthetic (Industry Model)
CNC-2367,Post Malone,Post Malone — 2023 Tour,Hip-Hop / Pop,Major Touring Artist,2023-06-21,2023,6,June,Wednesday,False,Summer,Houston,United States,North America,Tier 2 Major Regional Market,29.7604,-95.3698,Houston Arena,Large Arena,nan,0,14800,17160,86.25,False,1490212.0,100.69,Standard ($75-$150),2,True,Synthetic (Industry Model)
CNC-2368,Post Malone,Post Malone — 2023 Tour,Hip-Hop / Pop,Major Touring Artist,2023-06-25,2023,6,June,Sunday,True,Summer,Chicago,United States,North America,Tier 1 Global Mega-City,41.8781,-87.6298,Chicago Arena,Large Arena,Opener 3,2,17137,17267,99.25,True,1705988.35,99.55,Standard ($75-$150),1,False,Synthetic (Industry Model)
CNC-2369,Post Malone,Post Malone — 2023 Tour,Hip-Hop / Pop,Major Touring Artist,2023-06-29,2023,6,June,Thursday,False,Winter,Bogota,Colombia,Latin America,Tier 2 Major Regional Market,4.711,-74.0721,Bogota Arena,Large Arena,nan,0,18451,19150,96.35,True,1891781.03,102.53,Standard ($75-$150),1,False,Synthetic (Industry Model)
CNC-2370,Post Malone,Post Malone — 2023 Tour,Hip-Hop / Pop,Major Touring Artist,2023-05-08,2023,5,May,Monday,False,Spring,Copenhagen,Denmark,Europe,Tier 2 Major Regional Market,55.6761,12.5683,Copenhagen Arena,Large Arena,Opener 2,2,20764,21362,97.2,True,2703265.16,130.19,Standard ($75-$150),1,False,Synthetic (Industry Model)
CNC-2371,Post Malone,Post Malone — 2023 Tour,Hip-Hop / Pop,Major Touring Artist,2023-05-10,2023,5,May,Wednesday,False,Spring,Madrid,Spain,Europe,Tier 2 Major Regional Market,40.4168,-3.7038,Madrid Arena,Large Arena,nan,0,13525,15863,85.26,False,1330319.0,98.36,Standard ($75-$150),2,True,Synthetic (Industry Model)
CNC-2372,Post Malone,Post Malone — 2023 Tour,Hip-Hop / Pop,Major Touring Artist,2023-06-11,2023,6,June,Sunday,True,Summer,Paris,France,Europe,Tier 1 Global Mega-City,48.8566,2.3522,Paris Stadium,Stadium,nan,0,25123,25123,100.0,True,3255438.34,129.58,Standard ($75-$150),2,True,Synthetic (Industry Model)
CNC-2373,Post Malone,Post Malone — 2023 Tour,Hip-Hop / Pop,Major Touring Artist,2023-06-14,2023,6,June,Wednesday,False,Summer,Manila,Philippines,Asia,Tier 3 Emerging / Secondary Market,14.5995,120.9842,Manila Arena,Large Arena,Opener 2,2,17890,21265,84.13,False,1985790.0,111.0,Standard ($75-$150),3,True,Synthetic (Industry Model)
CNC-2374,Post Malone,Post Malone — 2023 Tour,Hip-Hop / Pop,Major Touring Artist,2023-05-16,2023,5,May,Tuesday,False,Autumn,Sao Paulo,Brazil,Latin America,Tier 1 Global Mega-City,-23.5505,-46.6333,Sao Paulo Stadium,Stadium,nan,0,29334,33648,87.18,False,5014940.64,170.96,Premium ($150-$250),2,True,Synthetic (Industry Model)
CNC-2375,Post Malone,Post Malone — 2023 Tour,Hip-Hop / Pop,Major Touring Artist,2023-05-18,2023,5,May,Thursday,False,Spring,Berlin,Germany,Europe,Tier 1 Global Mega-City,52.52,13.405,Berlin Arena,Large Arena,Opener 1,1,19456,20027,97.15,True,2128486.4,109.4,Standard ($75-$150),4,True,Synthetic (Industry Model)
CNC-2376,Post Malone,Post Malone — 2023 Tour,Hip-Hop / Pop,Major Touring Artist,2023-07-27,2023,7,July,Thursday,False,Winter,Buenos Aires,Argentina,Latin America,Tier 2 Major Regional Market,-34.6037,-58.3816,Buenos Aires Arena,Large Arena,Opener 2,2,15953,17241,92.53,False,1700111.21,106.57,Standard ($75-$150),1,False,Synthetic (Industry Model)
CNC-2377,Post Malone,Post Malone — 2023 Tour,Hip-Hop / Pop,Major Touring Artist,2023-09-04,2023,9,September,Monday,False,Fall,Chicago,United States,North America,Tier 1 Global Mega-City,41.8781,-87.6298,Chicago Stadium,Stadium,nan,0,28152,33462,84.13,False,4595250.96,163.23,Premium ($150-$250),2,True,Synthetic (Industry Model)
CNC-2378,Post Malone,Post Malone — 2023 Tour,Hip-Hop / Pop,Major Touring Artist,2023-09-09,2023,9,September,Saturday,True,Fall,Vancouver,Canada,North America,Tier 2 Major Regional Market,49.2827,-123.1207,Vancouver Arena,Large Arena,nan,0,15915,16236,98.02,True,1624762.35,102.09,Standard ($75-$150),1,False,Synthetic (Industry Model)
CNC-2379,Post Malone,Post Malone — 2023 Tour,Hip-Hop / Pop,Major Touring Artist,2023-09-14,2023,9,September,Thursday,False,Fall,Salt Lake City,United States,North America,Tier 3 Emerging / Secondary Market,40.7608,-111.891,Salt Lake City Arena,Large Arena,Opener 2,1,11339,15590,72.73,False,995790.98,87.82,Standard ($75-$150),3,True,Synthetic (Industry Model)
CNC-2380,Post Malone,Post Malone — 2023 Tour,Hip-Hop / Pop,Major Touring Artist,2023-09-19,2023,9,September,Tuesday,False,Fall,Atlanta,United States,North America,Tier 2 Major Regional Market,33.749,-84.388,Atlanta Stadium,Stadium,Opener 3,2,23415,27772,84.31,False,3410394.75,145.65,Standard ($75-$150),2,True,Synthetic (Industry Model)
CNC-2381,Post Malone,Post Malone — 2023 Tour,Hip-Hop / Pop,Major Touring Artist,2023-09-24,2023,9,September,Sunday,True,Fall,Dublin,Ireland,Europe,Tier 2 Major Regional Market,53.3498,-6.2603,Dublin Arena,Large Arena,Opener 1,1,12958,13893,93.27,False,1146394.26,88.47,Standard ($75-$150),2,True,Synthetic (Industry Model)
CNC-2382,Post Malone,Post Malone — 2023 Tour,Hip-Hop / Pop,Major Touring Artist,2023-08-20,2023,8,August,Sunday,True,Summer,Seattle,United States,North America,Tier 2 Major Regional Market,47.6062,-122.3321,Seattle Arena,Large Arena,Opener 2,1,16091,16091,100.0,True,1722863.37,107.07,Standard ($75-$150),1,False,Synthetic (Industry Model)
CNC-2383,Post Malone,Post Malone — 2023 Tour,Hip-Hop / Pop,Major Touring Artist,2023-07-14,2023,7,July,Friday,True,Summer,Manchester,United Kingdom,Europe,Tier 2 Major Regional Market,53.4808,-2.2426,Manchester Stadium,Stadium,Opener 3,1,29912,29912,100.0,True,4260964.4,142.45,Standard ($75-$150),2,True,Synthetic (Industry Model)
CNC-2384,Post Malone,Post Malone — 2023 Tour,Hip-Hop / Pop,Major Touring Artist,2023-06-05,2023,6,June,Monday,False,Summer,Bangkok,Thailand,Asia,Tier 2 Major Regional Market,13.7563,100.5018,Bangkok Arena,Arena,Opener 1,2,9041,10594,85.34,False,736660.68,81.48,Standard ($75-$150),2,True,Synthetic (Industry Model)
CNC-2385,Post Malone,Post Malone — 2023 Tour,Hip-Hop / Pop,Major Touring Artist,2023-09-01,2023,9,September,Friday,True,Fall,Columbus,United States,North America,Tier 3 Emerging / Secondary Market,39.9612,-82.9988,Columbus Arena,Large Arena,nan,0,11616,12649,91.83,False,1079823.36,92.96,Standard ($75-$150),1,False,Synthetic (Industry Model)
CNC-2386,Post Malone,Post Malone — 2023 Tour,Hip-Hop / Pop,Major Touring Artist,2023-10-19,2023,10,October,Thursday,False,Fall,Copenhagen,Denmark,Europe,Tier 2 Major Regional Market,55.6761,12.5683,Copenhagen Arena,Large Arena,Opener 3,2,9977,12956,77.01,False,997600.23,99.99,Standard ($75-$150),2,True,Synthetic (Industry Model)
CNC-2387,Billie Eilish,Billie Eilish — 2022 Tour,Alt Pop,Major Touring Artist,2022-07-11,2022,7,July,Monday,False,Summer,Vancouver,Canada,North America,Tier 2 Major Regional Market,49.2827,-123.1207,Vancouver Arena,Large Arena,Opener 1,1,20485,22315,91.8,False,2685378.65,131.09,Standard ($75-$150),1,False,Synthetic (Industry Model)
CNC-2388,Billie Eilish,Billie Eilish — 2022 Tour,Alt Pop,Major Touring Artist,2022-07-14,2022,7,July,Thursday,False,Summer,Madrid,Spain,Europe,Tier 2 Major Regional Market,40.4168,-3.7038,Madrid Arena,Large Arena,nan,0,18660,19879,93.87,False,2261592.0,121.2,Standard ($75-$150),1,False,Synthetic (Industry Model)
CNC-2389,Billie Eilish,Billie Eilish — 2022 Tour,Alt Pop,Major Touring Artist,2022-07-19,2022,7,July,Tuesday,False,Summer,Manchester,United Kingdom,Europe,Tier 2 Major Regional Market,53.4808,-2.2426,Manchester Stadium,Stadium,Opener 3,1,33839,35367,95.68,True,6115722.47,180.73,Premium ($150-$250),1,False,Synthetic (Industry Model)
CNC-2390,Billie Eilish,Billie Eilish — 2022 Tour,Alt Pop,Major Touring Artist,2022-07-23,2022,7,July,Saturday,True,Summer,Madrid,Spain,Europe,Tier 2 Major Regional Market,40.4168,-3.7038,Madrid Stadium,Stadium,Opener 1,2,33073,33073,100.0,True,5297302.41,160.17,Premium ($150-$250),2,True,Synthetic (Industry Model)
CNC-2391,Billie Eilish,Billie Eilish — 2022 Tour,Alt Pop,Major Touring Artist,2022-07-23,2022,7,July,Saturday,True,Summer,Chicago,United States,North America,Tier 1 Global Mega-City,41.8781,-87.6298,Chicago Stadium,Stadium,Opener 2,1,40222,40222,100.0,True,8046411.1,200.05,Premium ($150-$250),1,False,Synthetic (Industry Model)
CNC-2392,Billie Eilish,Billie Eilish — 2022 Tour,Alt Pop,Major Touring Artist,2022-07-26,2022,7,July,Tuesday,False,Summer,London,United Kingdom,Europe,Tier 1 Global Mega-City,51.5074,-0.1278,London Arena,Large Arena,Opener 3,2,20222,20586,98.23,True,2376489.44,117.52,Standard ($75-$150),1,False,Synthetic (Industry Model)
CNC-2393,Billie Eilish,Billie Eilish — 2022 Tour,Alt Pop,Major Touring Artist,2022-07-23,2022,7,July,Saturday,True,Summer,Oslo,Norway,Europe,Tier 2 Major Regional Market,59.9139,10.7522,Oslo Arena,Large Arena,Opener 1,1,18590,18687,99.48,True,2056983.5,110.65,Standard ($75-$150),1,False,Synthetic (Industry Model)
CNC-2394,Billie Eilish,Billie Eilish — 2022 Tour,Alt Pop,Major Touring Artist,2022-08-01,2022,8,August,Monday,False,Summer,New York,United States,North America,Tier 1 Global Mega-City,40.7128,-74.006,New York Arena,Large Arena,nan,0,20368,21487,94.79,False,2519725.28,123.71,Standard ($75-$150),1,False,Synthetic (Industry Model)
CNC-2395,Billie Eilish,Billie Eilish — 2022 Tour,Alt Pop,Major Touring Artist,2022-08-12,2022,8,August,Friday,True,Summer,Kansas City,United States,North America,Tier 3 Emerging / Secondary Market,39.0997,-94.5786,Kansas City Stadium,Stadium,nan,0,31994,39641,80.71,False,6023190.44,188.26,Premium ($150-$250),1,False,Synthetic (Industry Model)
CNC-2396,Billie Eilish,Billie Eilish — 2022 Tour,Alt Pop,Major Touring Artist,2022-08-07,2022,8,August,Sunday,True,Summer,Philadelphia,United States,North America,Tier 2 Major Regional Market,39.9526,-75.1652,Philadelphia Arena,Large Arena,Opener 1,1,21632,22620,95.63,True,2583293.44,119.42,Standard ($75-$150),1,False,Synthetic (Industry Model)
CNC-2397,Billie Eilish,Billie Eilish — 2022 Tour,Alt Pop,Major Touring Artist,2022-08-10,2022,8,August,Wednesday,False,Summer,Seattle,United States,North America,Tier 2 Major Regional Market,47.6062,-122.3321,Seattle Stadium,Stadium,nan,0,26890,28281,95.08,True,3995316.2,148.58,Standard ($75-$150),1,False,Synthetic (Industry Model)
CNC-2398,Billie Eilish,Billie Eilish — 2022 Tour,Alt Pop,Major Touring Artist,2022-08-13,2022,8,August,Saturday,True,Summer,Nashville,United States,North America,Tier 2 Major Regional Market,36.1627,-86.7816,Nashville Arena,Large Arena,Opener 3,1,15697,16431,95.53,True,1604704.31,102.23,Standard ($75-$150),1,False,Synthetic (Industry Model)
CNC-2399,Billie Eilish,Billie Eilish — 2022 Tour,Alt Pop,Major Touring Artist,2022-08-04,2022,8,August,Thursday,False,Summer,Salt Lake City,United States,North America,Tier 3 Emerging / Secondary Market,40.7608,-111.891,Salt Lake City Arena,Large Arena,nan,0,13757,16767,82.05,False,1419997.54,103.22,Standard ($75-$150),1,False,Synthetic (Industry Model)
CNC-2400,Billie Eilish,Billie Eilish — 2022 Tour,Alt Pop,Major Touring Artist,2022-08-19,2022,8,August,Friday,True,Summer,New York,United States,North America,Tier 1 Global Mega-City,40.7128,-74.006,New York Stadium,Stadium,Opener 2,2,34909,34909,100.0,True,6025991.58,172.62,Premium ($150-$250),2,True,Synthetic (Industry Model)
CNC-2401,Billie Eilish,Billie Eilish — 2022 Tour,Alt Pop,Major Touring Artist,2022-09-19,2022,9,September,Monday,False,Spring,Brisbane,Australia,Oceania,Tier 2 Major Regional Market,-27.4698,153.0251,Brisbane Arena,Large Arena,nan,0,14557,14737,98.78,True,1178825.86,80.98,Standard ($75-$150),1,False,Synthetic (Industry Model)
CNC-2402,Billie Eilish,Billie Eilish — 2022 Tour,Alt Pop,Major Touring Artist,2022-09-24,2022,9,September,Saturday,True,Fall,Boston,United States,North America,Tier 2 Major Regional Market,42.3601,-71.0589,Boston Arena,Large Arena,Opener 1,2,20525,21515,95.4,True,2485167.0,121.08,Standard ($75-$150),1,False,Synthetic (Industry Model)
CNC-2403,Billie Eilish,Billie Eilish — 2022 Tour,Alt Pop,Major Touring Artist,2022-09-29,2022,9,September,Thursday,False,Fall,London,United Kingdom,Europe,Tier 1 Global Mega-City,51.5074,-0.1278,London Stadium,Stadium,Opener 2,2,26734,26734,100.0,True,4111956.54,153.81,Premium ($150-$250),2,True,Synthetic (Industry Model)
CNC-2404,Billie Eilish,Billie Eilish — 2022 Tour,Alt Pop,Major Touring Artist,2022-09-17,2022,9,September,Saturday,True,Spring,Sydney,Australia,Oceania,Tier 2 Major Regional Market,-33.8688,151.2093,Sydney Stadium,Stadium,Opener 3,1,23528,25855,91.0,False,3523553.28,149.76,Standard ($75-$150),1,False,Synthetic (Industry Model)
CNC-2405,Billie Eilish,Billie Eilish — 2022 Tour,Alt Pop,Major Touring Artist,2022-09-21,2022,9,September,Wednesday,False,Fall,Dublin,Ireland,Europe,Tier 2 Major Regional Market,53.3498,-6.2603,Dublin Stadium,Stadium,nan,0,26197,30451,86.03,False,4112667.03,156.99,Premium ($150-$250),1,False,Synthetic (Industry Model)
CNC-2406,Billie Eilish,Billie Eilish — 2022 Tour,Alt Pop,Major Touring Artist,2022-09-06,2022,9,September,Tuesday,False,Fall,Singapore,Singapore,Asia,Tier 2 Major Regional Market,1.3521,103.8198,Singapore Arena,Large Arena,Opener 2,1,17846,19641,90.86,False,2073348.28,116.18,Standard ($75-$150),1,False,Synthetic (Industry Model)
CNC-2407,Billie Eilish,Billie Eilish — 2022 Tour,Alt Pop,Major Touring Artist,2022-10-19,2022,10,October,Wednesday,False,Fall,Seoul,South Korea,Asia,Tier 1 Global Mega-City,37.5665,126.978,Seoul Stadium,Stadium,Opener 3,1,29684,34002,87.3,False,4495641.8,151.45,Premium ($150-$250),1,False,Synthetic (Industry Model)
CNC-2408,Billie Eilish,Billie Eilish — 2022 Tour,Alt Pop,Major Touring Artist,2022-08-22,2022,8,August,Monday,False,Summer,Toronto,Canada,North America,Tier 1 Global Mega-City,43.6532,-79.3832,Toronto Stadium,Stadium,nan,0,24820,25524,97.24,True,3322653.4,133.87,Standard ($75-$150),1,False,Synthetic (Industry Model)
CNC-2409,Billie Eilish,Billie Eilish — 2022 Tour,Alt Pop,Major Touring Artist,2022-10-29,2022,10,October,Saturday,True,Fall,Bangkok,Thailand,Asia,Tier 2 Major Regional Market,13.7563,100.5018,Bangkok Stadium,Stadium,Opener 2,2,32163,32163,100.0,True,5423646.69,168.63,Premium ($150-$250),1,False,Synthetic (Industry Model)
CNC-2410,Billie Eilish,Billie Eilish — 2022 Tour,Alt Pop,Major Touring Artist,2022-11-03,2022,11,November,Thursday,False,Fall,Los Angeles,United States,North America,Tier 1 Global Mega-City,34.0522,-118.2437,Los Angeles Stadium,Stadium,nan,0,31464,35273,89.2,False,5402368.8,171.7,Premium ($150-$250),1,False,Synthetic (Industry Model)
CNC-2411,Billie Eilish,Billie Eilish — 2022 Tour,Alt Pop,Major Touring Artist,2022-10-15,2022,10,October,Saturday,True,Fall,New York,United States,North America,Tier 1 Global Mega-City,40.7128,-74.006,New York Arena,Large Arena,nan,0,18544,18544,100.0,True,2230472.32,120.28,Standard ($75-$150),3,True,Synthetic (Industry Model)
CNC-2412,Billie Eilish,Billie Eilish — 2022 Tour,Alt Pop,Major Touring Artist,2022-10-19,2022,10,October,Wednesday,False,Spring,Buenos Aires,Argentina,Latin America,Tier 2 Major Regional Market,-34.6037,-58.3816,Buenos Aires Arena,Large Arena,Opener 2,1,13156,15711,83.74,False,1435582.72,109.12,Standard ($75-$150),1,False,Synthetic (Industry Model)
CNC-2413,Billie Eilish,Billie Eilish — 2022 Tour,Alt Pop,Major Touring Artist,2022-09-01,2022,9,September,Thursday,False,Fall,Bangkok,Thailand,Asia,Tier 2 Major Regional Market,13.7563,100.5018,Bangkok Stadium,Stadium,nan,0,37404,37904,98.68,True,6738330.6,180.15,Premium ($150-$250),2,True,Synthetic (Industry Model)
CNC-2414,Billie Eilish,Billie Eilish — 2022 Tour,Alt Pop,Major Touring Artist,2022-10-27,2022,10,October,Thursday,False,Fall,Copenhagen,Denmark,Europe,Tier 2 Major Regional Market,55.6761,12.5683,Copenhagen Arena,Large Arena,Opener 1,1,17217,19028,90.48,False,1975478.58,114.74,Standard ($75-$150),1,False,Synthetic (Industry Model)
CNC-2415,Billie Eilish,Billie Eilish — 2022 Tour,Alt Pop,Major Touring Artist,2022-09-05,2022,9,September,Monday,False,Fall,Copenhagen,Denmark,Europe,Tier 2 Major Regional Market,55.6761,12.5683,Copenhagen Arena,Large Arena,Opener 2,2,16812,19142,87.83,False,2119488.84,126.07,Standard ($75-$150),2,True,Synthetic (Industry Model)
CNC-2416,Billie Eilish,Billie Eilish — 2022 Tour,Alt Pop,Major Touring Artist,2022-11-04,2022,11,November,Friday,True,Spring,Sydney,Australia,Oceania,Tier 2 Major Regional Market,-33.8688,151.2093,Sydney Stadium,Stadium,Opener 3,2,40760,40760,100.0,True,7500247.6,184.01,Premium ($150-$250),2,True,Synthetic (Industry Model)
CNC-2417,Billie Eilish,Billie Eilish — 2022 Tour,Alt Pop,Major Touring Artist,2022-12-08,2022,12,December,Thursday,False,Winter,Paris,France,Europe,Tier 1 Global Mega-City,48.8566,2.3522,Paris Stadium,Stadium,nan,0,28103,31281,89.84,False,4409360.7,156.9,Premium ($150-$250),1,False,Synthetic (Industry Model)
CNC-2418,Billie Eilish,Billie Eilish — 2022 Tour,Alt Pop,Major Touring Artist,2022-12-13,2022,12,December,Tuesday,False,Winter,Houston,United States,North America,Tier 2 Major Regional Market,29.7604,-95.3698,Houston Stadium,Stadium,nan,0,36519,40505,90.16,False,6658874.46,182.34,Premium ($150-$250),1,False,Synthetic (Industry Model)
CNC-2419,Billie Eilish,Billie Eilish — 2022 Tour,Alt Pop,Major Touring Artist,2022-09-13,2022,9,September,Tuesday,False,Fall,New York,United States,North America,Tier 1 Global Mega-City,40.7128,-74.006,New York Arena,Large Arena,Opener 3,1,13640,14180,96.19,True,1211095.6,88.79,Standard ($75-$150),4,True,Synthetic (Industry Model)
CNC-2420,Billie Eilish,Billie Eilish — 2022 Tour,Alt Pop,Major Touring Artist,2022-09-15,2022,9,September,Thursday,False,Fall,Salt Lake City,United States,North America,Tier 3 Emerging / Secondary Market,40.7608,-111.891,Salt Lake City Arena,Large Arena,Opener 1,2,21058,24751,85.08,False,3153014.34,149.73,Standard ($75-$150),2,True,Synthetic (Industry Model)
CNC-2421,Billie Eilish,Billie Eilish — 2022 Tour,Alt Pop,Major Touring Artist,2022-11-24,2022,11,November,Thursday,False,Fall,Seoul,South Korea,Asia,Tier 1 Global Mega-City,37.5665,126.978,Seoul Stadium,Stadium,nan,0,24850,26996,92.05,False,3499625.5,140.83,Standard ($75-$150),2,True,Synthetic (Industry Model)
CNC-2422,Billie Eilish,Billie Eilish — 2022 Tour,Alt Pop,Major Touring Artist,2022-11-28,2022,11,November,Monday,False,Fall,Warsaw,Poland,Europe,Tier 3 Emerging / Secondary Market,52.2297,21.0122,Warsaw Stadium,Stadium,Opener 3,1,29205,40067,72.89,False,5183595.45,177.49,Premium ($150-$250),1,False,Synthetic (Industry Model)
CNC-2423,Billie Eilish,Billie Eilish — 2022 Tour,Alt Pop,Major Touring Artist,2022-09-21,2022,9,September,Wednesday,False,Fall,Singapore,Singapore,Asia,Tier 2 Major Regional Market,1.3521,103.8198,Singapore Stadium,Stadium,nan,0,26887,31337,85.8,False,4087630.61,152.03,Premium ($150-$250),2,True,Synthetic (Industry Model)
CNC-2424,Billie Eilish,Billie Eilish — 2022 Tour,Alt Pop,Major Touring Artist,2022-09-23,2022,9,September,Friday,True,Spring,Buenos Aires,Argentina,Latin America,Tier 2 Major Regional Market,-34.6037,-58.3816,Buenos Aires Arena,Large Arena,Opener 2,2,18863,21240,88.81,False,2062669.05,109.35,Standard ($75-$150),2,True,Synthetic (Industry Model)
CNC-2425,Billie Eilish,Billie Eilish — 2022 Tour,Alt Pop,Major Touring Artist,2022-12-28,2022,12,December,Wednesday,False,Winter,Toronto,Canada,North America,Tier 1 Global Mega-City,43.6532,-79.3832,Toronto Arena,Large Arena,Opener 3,1,19449,23759,81.86,False,2582632.71,132.79,Standard ($75-$150),2,True,Synthetic (Industry Model)
CNC-2426,Billie Eilish,Billie Eilish — 2022 Tour,Alt Pop,Major Touring Artist,2022-12-28,2022,12,December,Wednesday,False,Winter,Bangkok,Thailand,Asia,Tier 2 Major Regional Market,13.7563,100.5018,Bangkok Stadium,Stadium,nan,0,28416,35129,80.89,False,5045829.12,177.57,Premium ($150-$250),3,True,Synthetic (Industry Model)
CNC-2427,Billie Eilish,Billie Eilish — 2022 Tour,Alt Pop,Major Touring Artist,2022-09-29,2022,9,September,Thursday,False,Fall,Denver,United States,North America,Tier 2 Major Regional Market,39.7392,-104.9903,Denver Arena,Large Arena,nan,0,15974,18549,86.12,False,1899308.6,118.9,Standard ($75-$150),1,False,Synthetic (Industry Model)
CNC-2428,Billie Eilish,Billie Eilish — 2022 Tour,Alt Pop,Major Touring Artist,2022-12-28,2022,12,December,Wednesday,False,Winter,Oslo,Norway,Europe,Tier 2 Major Regional Market,59.9139,10.7522,Oslo Stadium,Stadium,Opener 3,2,28952,31903,90.75,False,4840774.4,167.2,Premium ($150-$250),2,True,Synthetic (Industry Model)
CNC-2429,Billie Eilish,Billie Eilish — 2022 Tour,Alt Pop,Major Touring Artist,2022-11-14,2022,11,November,Monday,False,Fall,Brussels,Belgium,Europe,Tier 2 Major Regional Market,50.8503,4.3517,Brussels Arena,Large Arena,nan,0,21397,24145,88.62,False,2611075.91,122.03,Standard ($75-$150),1,False,Synthetic (Industry Model)
CNC-2430,Billie Eilish,Billie Eilish — 2022 Tour,Alt Pop,Major Touring Artist,2022-12-30,2022,12,December,Friday,True,Winter,London,United Kingdom,Europe,Tier 1 Global Mega-City,51.5074,-0.1278,London Stadium,Stadium,Opener 2,2,30748,30748,100.0,True,4942126.04,160.73,Premium ($150-$250),3,True,Synthetic (Industry Model)
CNC-2431,Billie Eilish,Billie Eilish — 2022 Tour,Alt Pop,Major Touring Artist,2022-12-28,2022,12,December,Wednesday,False,Winter,Kansas City,United States,North America,Tier 3 Emerging / Secondary Market,39.0997,-94.5786,Kansas City Stadium,Stadium,nan,0,22601,35789,63.15,False,3968283.58,175.58,Premium ($150-$250),2,True,Synthetic (Industry Model)
CNC-2432,Billie Eilish,Billie Eilish — 2022 Tour,Alt Pop,Major Touring Artist,2022-11-23,2022,11,November,Wednesday,False,Fall,Columbus,United States,North America,Tier 3 Emerging / Secondary Market,39.9612,-82.9988,Columbus Arena,Large Arena,Opener 1,1,11161,16661,66.99,False,1261639.44,113.04,Standard ($75-$150),1,False,Synthetic (Industry Model)
CNC-2433,Billie Eilish,Billie Eilish — 2022 Tour,Alt Pop,Major Touring Artist,2022-10-11,2022,10,October,Tuesday,False,Fall,Salt Lake City,United States,North America,Tier 3 Emerging / Secondary Market,40.7608,-111.891,Salt Lake City Stadium,Stadium,Opener 2,2,27070,37534,72.12,False,5122997.5,189.25,Premium ($150-$250),3,True,Synthetic (Industry Model)
CNC-2434,Billie Eilish,Billie Eilish — 2022 Tour,Alt Pop,Major Touring Artist,2022-12-28,2022,12,December,Wednesday,False,Winter,Boston,United States,North America,Tier 2 Major Regional Market,42.3601,-71.0589,Boston Arena,Large Arena,nan,0,18763,23521,79.77,False,2746715.57,146.39,Standard ($75-$150),2,True,Synthetic (Industry Model)
CNC-2435,Olivia Rodrigo,Olivia Rodrigo — 2022 Tour,Pop / Alt Pop,Major Touring Artist,2022-08-11,2022,8,August,Thursday,False,Summer,Seoul,South Korea,Asia,Tier 1 Global Mega-City,37.5665,126.978,Seoul Stadium,Stadium,nan,0,28917,28917,100.0,True,4153059.54,143.62,Standard ($75-$150),1,False,Synthetic (Industry Model)
CNC-2436,Olivia Rodrigo,Olivia Rodrigo — 2022 Tour,Pop / Alt Pop,Major Touring Artist,2022-08-16,2022,8,August,Tuesday,False,Summer,Singapore,Singapore,Asia,Tier 2 Major Regional Market,1.3521,103.8198,Singapore Arena,Large Arena,nan,0,13874,15809,87.76,False,1311093.0,94.5,Standard ($75-$150),1,False,Synthetic (Industry Model)
CNC-2437,Olivia Rodrigo,Olivia Rodrigo — 2022 Tour,Pop / Alt Pop,Major Touring Artist,2022-08-19,2022,8,August,Friday,True,Winter,Santiago,Chile,Latin America,Tier 2 Major Regional Market,-33.4569,-70.6483,Santiago Stadium,Stadium,nan,0,26907,27442,98.05,True,3813529.11,141.73,Standard ($75-$150),1,False,Synthetic (Industry Model)
CNC-2438,Olivia Rodrigo,Olivia Rodrigo — 2022 Tour,Pop / Alt Pop,Major Touring Artist,2022-08-17,2022,8,August,Wednesday,False,Summer,Toronto,Canada,North America,Tier 1 Global Mega-City,43.6532,-79.3832,Toronto Stadium,Stadium,nan,0,29555,30643,96.45,True,4626539.7,156.54,Premium ($150-$250),1,False,Synthetic (Industry Model)
CNC-2439,Olivia Rodrigo,Olivia Rodrigo — 2022 Tour,Pop / Alt Pop,Major Touring Artist,2022-08-27,2022,8,August,Saturday,True,Summer,Barcelona,Spain,Europe,Tier 2 Major Regional Market,41.3851,2.1734,Barcelona Stadium,Stadium,Opener 2,2,34546,34546,100.0,True,5743963.42,166.27,Premium ($150-$250),1,False,Synthetic (Industry Model)
CNC-2440,Olivia Rodrigo,Olivia Rodrigo — 2022 Tour,Pop / Alt Pop,Major Touring Artist,2022-08-31,2022,8,August,Wednesday,False,Summer,Los Angeles,United States,North America,Tier 1 Global Mega-City,34.0522,-118.2437,Los Angeles Stadium,Stadium,Opener 3,1,24388,25314,96.34,True,3189462.64,130.78,Standard ($75-$150),1,False,Synthetic (Industry Model)
CNC-2441,Olivia Rodrigo,Olivia Rodrigo — 2022 Tour,Pop / Alt Pop,Major Touring Artist,2022-08-29,2022,8,August,Monday,False,Winter,Sydney,Australia,Oceania,Tier 2 Major Regional Market,-33.8688,151.2093,Sydney Stadium,Stadium,Opener 1,1,29528,30755,96.01,True,4728909.2,160.15,Premium ($150-$250),1,False,Synthetic (Industry Model)
CNC-2442,Olivia Rodrigo,Olivia Rodrigo — 2022 Tour,Pop / Alt Pop,Major Touring Artist,2022-09-01,2022,9,September,Thursday,False,Spring,Santiago,Chile,Latin America,Tier 2 Major Regional Market,-33.4569,-70.6483,Santiago Stadium,Stadium,Opener 2,1,41980,42881,97.9,True,8325473.6,198.32,Premium ($150-$250),2,True,Synthetic (Industry Model)
CNC-2443,Olivia Rodrigo,Olivia Rodrigo — 2022 Tour,Pop / Alt Pop,Major Touring Artist,2022-09-12,2022,9,September,Monday,False,Fall,Brussels,Belgium,Europe,Tier 2 Major Regional Market,50.8503,4.3517,Brussels Stadium,Stadium,Opener 3,2,39034,39034,100.0,True,7120582.28,182.42,Premium ($150-$250),1,False,Synthetic (Industry Model)
CNC-2444,Olivia Rodrigo,Olivia Rodrigo — 2022 Tour,Pop / Alt Pop,Major Touring Artist,2022-09-25,2022,9,September,Sunday,True,Fall,Warsaw,Poland,Europe,Tier 3 Emerging / Secondary Market,52.2297,21.0122,Warsaw Stadium,Stadium,nan,0,28927,35983,80.39,False,4799278.57,165.91,Premium ($150-$250),1,False,Synthetic (Industry Model)
CNC-2445,Olivia Rodrigo,Olivia Rodrigo — 2022 Tour,Pop / Alt Pop,Major Touring Artist,2022-09-10,2022,9,September,Saturday,True,Fall,Richmond,United States,North America,Tier 3 Emerging / Secondary Market,37.5407,-77.436,Richmond Arena,Large Arena,nan,0,13694,16525,82.87,False,1199457.46,87.59,Standard ($75-$150),1,False,Synthetic (Industry Model)
CNC-2446,Olivia Rodrigo,Olivia Rodrigo — 2022 Tour,Pop / Alt Pop,Major Touring Artist,2022-09-13,2022,9,September,Tuesday,False,Spring,Buenos Aires,Argentina,Latin America,Tier 2 Major Regional Market,-34.6037,-58.3816,Buenos Aires Stadium,Stadium,nan,0,24558,27220,90.22,False,3816558.78,155.41,Premium ($150-$250),1,False,Synthetic (Industry Model)
CNC-2447,Olivia Rodrigo,Olivia Rodrigo — 2022 Tour,Pop / Alt Pop,Major Touring Artist,2022-09-16,2022,9,September,Friday,True,Fall,London,United Kingdom,Europe,Tier 1 Global Mega-City,51.5074,-0.1278,London Stadium,Stadium,Opener 1,2,43879,43879,100.0,True,9487078.59,216.21,Premium ($150-$250),1,False,Synthetic (Industry Model)
CNC-2448,Olivia Rodrigo,Olivia Rodrigo — 2022 Tour,Pop / Alt Pop,Major Touring Artist,2022-09-19,2022,9,September,Monday,False,Spring,Auckland,New Zealand,Oceania,Tier 2 Major Regional Market,-36.8485,174.7633,Auckland Stadium,Stadium,Opener 2,1,35760,35760,100.0,True,6521908.8,182.38,Premium ($150-$250),1,False,Synthetic (Industry Model)
CNC-2449,Olivia Rodrigo,Olivia Rodrigo — 2022 Tour,Pop / Alt Pop,Major Touring Artist,2022-09-08,2022,9,September,Thursday,False,Fall,Madrid,Spain,Europe,Tier 2 Major Regional Market,40.4168,-3.7038,Madrid Stadium,Stadium,nan,0,22849,28278,80.8,False,3493155.12,152.88,Premium ($150-$250),1,False,Synthetic (Industry Model)
CNC-2450,Olivia Rodrigo,Olivia Rodrigo — 2022 Tour,Pop / Alt Pop,Major Touring Artist,2022-10-10,2022,10,October,Monday,False,Fall,Chicago,United States,North America,Tier 1 Global Mega-City,41.8781,-87.6298,Chicago Arena,Large Arena,nan,0,15347,16869,90.98,False,1569077.28,102.24,Standard ($75-$150),1,False,Synthetic (Industry Model)
CNC-2451,Olivia Rodrigo,Olivia Rodrigo — 2022 Tour,Pop / Alt Pop,Major Touring Artist,2022-09-12,2022,9,September,Monday,False,Fall,Lisbon,Portugal,Europe,Tier 2 Major Regional Market,38.7223,-9.1393,Lisbon Arena,Large Arena,Opener 2,1,15811,17591,89.88,False,1802928.33,114.03,Standard ($75-$150),1,False,Synthetic (Industry Model)
CNC-2452,Olivia Rodrigo,Olivia Rodrigo — 2022 Tour,Pop / Alt Pop,Major Touring Artist,2022-09-14,2022,9,September,Wednesday,False,Fall,Columbus,United States,North America,Tier 3 Emerging / Secondary Market,39.9612,-82.9988,Columbus Stadium,Stadium,nan,0,29369,42749,68.7,False,5661168.44,192.76,Premium ($150-$250),1,False,Synthetic (Industry Model)
CNC-2453,Olivia Rodrigo,Olivia Rodrigo — 2022 Tour,Pop / Alt Pop,Major Touring Artist,2022-10-22,2022,10,October,Saturday,True,Fall,Salt Lake City,United States,North America,Tier 3 Emerging / Secondary Market,40.7608,-111.891,Salt Lake City Arena,Large Arena,Opener 1,1,21349,24781,86.15,False,2915419.44,136.56,Standard ($75-$150),1,False,Synthetic (Industry Model)
CNC-2454,Olivia Rodrigo,Olivia Rodrigo — 2022 Tour,Pop / Alt Pop,Major Touring Artist,2022-10-07,2022,10,October,Friday,True,Fall,Copenhagen,Denmark,Europe,Tier 2 Major Regional Market,55.6761,12.5683,Copenhagen Stadium,Stadium,Opener 2,1,35126,39159,89.7,False,6401362.24,182.24,Premium ($150-$250),1,False,Synthetic (Industry Model)
CNC-2455,Olivia Rodrigo,Olivia Rodrigo — 2022 Tour,Pop / Alt Pop,Major Touring Artist,2022-11-19,2022,11,November,Saturday,True,Fall,London,United Kingdom,Europe,Tier 1 Global Mega-City,51.5074,-0.1278,London Stadium,Stadium,nan,0,29105,29105,100.0,True,4548529.4,156.28,Premium ($150-$250),2,True,Synthetic (Industry Model)
CNC-2456,Olivia Rodrigo,Olivia Rodrigo — 2022 Tour,Pop / Alt Pop,Major Touring Artist,2022-10-13,2022,10,October,Thursday,False,Fall,Nashville,United States,North America,Tier 2 Major Regional Market,36.1627,-86.7816,Nashville Arena,Large Arena,nan,0,18976,21505,88.24,False,2585859.52,136.27,Standard ($75-$150),1,False,Synthetic (Industry Model)
CNC-2457,Olivia Rodrigo,Olivia Rodrigo — 2022 Tour,Pop / Alt Pop,Major Touring Artist,2022-10-16,2022,10,October,Sunday,True,Fall,Bangkok,Thailand,Asia,Tier 2 Major Regional Market,13.7563,100.5018,Bangkok Stadium,Stadium,Opener 2,2,38956,38956,100.0,True,7005457.48,179.83,Premium ($150-$250),1,False,Synthetic (Industry Model)
CNC-2458,Olivia Rodrigo,Olivia Rodrigo — 2022 Tour,Pop / Alt Pop,Major Touring Artist,2022-10-19,2022,10,October,Wednesday,False,Spring,Bogota,Colombia,Latin America,Tier 2 Major Regional Market,4.711,-74.0721,Bogota Stadium,Stadium,Opener 3,1,30590,32322,94.64,False,4872069.3,159.27,Premium ($150-$250),1,False,Synthetic (Industry Model)
CNC-2459,Olivia Rodrigo,Olivia Rodrigo — 2022 Tour,Pop / Alt Pop,Major Touring Artist,2022-10-22,2022,10,October,Saturday,True,Fall,Warsaw,Poland,Europe,Tier 3 Emerging / Secondary Market,52.2297,21.0122,Warsaw Stadium,Stadium,Opener 1,1,25186,28191,89.34,False,3750447.26,148.91,Standard ($75-$150),2,True,Synthetic (Industry Model)
CNC-2460,Olivia Rodrigo,Olivia Rodrigo — 2022 Tour,Pop / Alt Pop,Major Touring Artist,2022-12-14,2022,12,December,Wednesday,False,Winter,Seattle,United States,North America,Tier 2 Major Regional Market,47.6062,-122.3321,Seattle Stadium,Stadium,Opener 2,2,22661,26371,85.93,False,2883159.03,127.23,Standard ($75-$150),1,False,Synthetic (Industry Model)
CNC-2461,Olivia Rodrigo,Olivia Rodrigo — 2022 Tour,Pop / Alt Pop,Major Touring Artist,2022-10-02,2022,10,October,Sunday,True,Fall,Toronto,Canada,North America,Tier 1 Global Mega-City,43.6532,-79.3832,Toronto Stadium,Stadium,Opener 3,1,36915,36915,100.0,True,6197290.2,167.88,Premium ($150-$250),2,True,Synthetic (Industry Model)
CNC-2462,Olivia Rodrigo,Olivia Rodrigo — 2022 Tour,Pop / Alt Pop,Major Touring Artist,2022-12-24,2022,12,December,Saturday,True,Winter,Barcelona,Spain,Europe,Tier 2 Major Regional Market,41.3851,2.1734,Barcelona Arena,Large Arena,Opener 1,1,21918,23128,94.77,False,3111040.92,141.94,Standard ($75-$150),2,True,Synthetic (Industry Model)
CNC-2463,Olivia Rodrigo,Olivia Rodrigo — 2022 Tour,Pop / Alt Pop,Major Touring Artist,2022-12-01,2022,12,December,Thursday,False,Summer,Buenos Aires,Argentina,Latin America,Tier 2 Major Regional Market,-34.6037,-58.3816,Buenos Aires Stadium,Stadium,Opener 2,1,26511,26511,100.0,True,3834020.82,144.62,Standard ($75-$150),2,True,Synthetic (Industry Model)
CNC-2464,Olivia Rodrigo,Olivia Rodrigo — 2022 Tour,Pop / Alt Pop,Major Touring Artist,2022-11-06,2022,11,November,Sunday,True,Fall,Kansas City,United States,North America,Tier 3 Emerging / Secondary Market,39.0997,-94.5786,Kansas City Stadium,Stadium,Opener 3,1,18558,25513,72.74,False,2477864.16,133.52,Standard ($75-$150),1,False,Synthetic (Industry Model)
CNC-2465,Olivia Rodrigo,Olivia Rodrigo — 2022 Tour,Pop / Alt Pop,Major Touring Artist,2022-12-28,2022,12,December,Wednesday,False,Winter,Barcelona,Spain,Europe,Tier 2 Major Regional Market,41.3851,2.1734,Barcelona Stadium,Stadium,Opener 1,1,33932,44108,76.93,False,7004243.44,206.42,Premium ($150-$250),3,True,Synthetic (Industry Model)
CNC-2466,Olivia Rodrigo,Olivia Rodrigo — 2022 Tour,Pop / Alt Pop,Major Touring Artist,2022-12-13,2022,12,December,Tuesday,False,Winter,Barcelona,Spain,Europe,Tier 2 Major Regional Market,41.3851,2.1734,Barcelona Stadium,Stadium,nan,0,26716,30964,86.28,False,4132430.88,154.68,Premium ($150-$250),4,True,Synthetic (Industry Model)
CNC-2467,Olivia Rodrigo,Olivia Rodrigo — 2022 Tour,Pop / Alt Pop,Major Touring Artist,2022-12-28,2022,12,December,Wednesday,False,Winter,Houston,United States,North America,Tier 2 Major Regional Market,29.7604,-95.3698,Houston Stadium,Stadium,Opener 3,2,26870,30019,89.51,False,4187689.5,155.85,Premium ($150-$250),1,False,Synthetic (Industry Model)
CNC-2468,Olivia Rodrigo,Olivia Rodrigo — 2022 Tour,Pop / Alt Pop,Major Touring Artist,2022-11-18,2022,11,November,Friday,True,Spring,Sydney,Australia,Oceania,Tier 2 Major Regional Market,-33.8688,151.2093,Sydney Stadium,Stadium,nan,0,40039,40898,97.9,True,7662663.82,191.38,Premium ($150-$250),2,True,Synthetic (Industry Model)
CNC-2469,Olivia Rodrigo,Olivia Rodrigo — 2022 Tour,Pop / Alt Pop,Major Touring Artist,2022-11-21,2022,11,November,Monday,False,Fall,Toronto,Canada,North America,Tier 1 Global Mega-City,43.6532,-79.3832,Toronto Stadium,Stadium,Opener 2,2,36337,37745,96.27,True,6630412.39,182.47,Premium ($150-$250),3,True,Synthetic (Industry Model)
CNC-2470,Olivia Rodrigo,Olivia Rodrigo — 2022 Tour,Pop / Alt Pop,Major Touring Artist,2022-12-29,2022,12,December,Thursday,False,Winter,Copenhagen,Denmark,Europe,Tier 2 Major Regional Market,55.6761,12.5683,Copenhagen Stadium,Stadium,Opener 3,2,29767,30786,96.69,True,4857379.06,163.18,Premium ($150-$250),2,True,Synthetic (Industry Model)
CNC-2471,Olivia Rodrigo,Olivia Rodrigo — 2022 Tour,Pop / Alt Pop,Major Touring Artist,2022-12-28,2022,12,December,Wednesday,False,Winter,Lisbon,Portugal,Europe,Tier 2 Major Regional Market,38.7223,-9.1393,Lisbon Arena,Large Arena,Opener 1,1,15999,20444,78.26,False,1995235.29,124.71,Standard ($75-$150),2,True,Synthetic (Industry Model)
CNC-2472,Olivia Rodrigo,Olivia Rodrigo — 2022 Tour,Pop / Alt Pop,Major Touring Artist,2022-11-30,2022,11,November,Wednesday,False,Fall,Salt Lake City,United States,North America,Tier 3 Emerging / Secondary Market,40.7608,-111.891,Salt Lake City Stadium,Stadium,nan,0,28725,44771,64.16,False,6341331.0,220.76,Premium ($150-$250),2,True,Synthetic (Industry Model)
CNC-2473,Olivia Rodrigo,Olivia Rodrigo — 2022 Tour,Pop / Alt Pop,Major Touring Artist,2022-12-28,2022,12,December,Wednesday,False,Summer,Sydney,Australia,Oceania,Tier 2 Major Regional Market,-33.8688,151.2093,Sydney Stadium,Stadium,Opener 1,1,37834,42640,88.73,False,7624686.02,201.53,Premium ($150-$250),3,True,Synthetic (Industry Model)
CNC-2474,SZA,SZA — 2023 Tour,R&B / Neo Soul,Major Touring Artist,2023-07-01,2023,7,July,Saturday,True,Winter,Auckland,New Zealand,Oceania,Tier 2 Major Regional Market,-36.8485,174.7633,Auckland Stadium,Stadium,nan,0,27101,28032,96.68,True,4158919.46,153.46,Premium ($150-$250),1,False,Synthetic (Industry Model)
CNC-2475,SZA,SZA — 2023 Tour,R&B / Neo Soul,Major Touring Artist,2023-07-03,2023,7,July,Monday,False,Summer,Tokyo,Japan,Asia,Tier 1 Global Mega-City,35.6762,139.6503,Tokyo Stadium,Stadium,Opener 2,1,35750,35750,100.0,True,5915552.5,165.47,Premium ($150-$250),1,False,Synthetic (Industry Model)
CNC-2476,SZA,SZA — 2023 Tour,R&B / Neo Soul,Major Touring Artist,2023-07-09,2023,7,July,Sunday,True,Summer,Dublin,Ireland,Europe,Tier 2 Major Regional Market,53.3498,-6.2603,Dublin Arena,Large Arena,Opener 3,2,19009,20725,91.72,False,1859840.56,97.84,Standard ($75-$150),1,False,Synthetic (Industry Model)
CNC-2477,SZA,SZA — 2023 Tour,R&B / Neo Soul,Major Touring Artist,2023-07-10,2023,7,July,Monday,False,Summer,Paris,France,Europe,Tier 1 Global Mega-City,48.8566,2.3522,Paris Arena,Large Arena,Opener 1,1,18226,18226,100.0,True,2058079.92,112.92,Standard ($75-$150),1,False,Synthetic (Industry Model)
CNC-2478,SZA,SZA — 2023 Tour,R&B / Neo Soul,Major Touring Artist,2023-07-13,2023,7,July,Thursday,False,Summer,Boston,United States,North America,Tier 2 Major Regional Market,42.3601,-71.0589,Boston Arena,Large Arena,nan,0,23756,23756,100.0,True,3033641.2,127.7,Standard ($75-$150),1,False,Synthetic (Industry Model)
CNC-2479,SZA,SZA — 2023 Tour,R&B / Neo Soul,Major Touring Artist,2023-07-26,2023,7,July,Wednesday,False,Summer,Miami,United States,North America,Tier 2 Major Regional Market,25.7617,-80.1918,Miami Stadium,Stadium,nan,0,30525,36344,83.99,False,5161167.0,169.08,Premium ($150-$250),1,False,Synthetic (Industry Model)
CNC-2480,SZA,SZA — 2023 Tour,R&B / Neo Soul,Major Touring Artist,2023-07-13,2023,7,July,Thursday,False,Summer,Warsaw,Poland,Europe,Tier 3 Emerging / Secondary Market,52.2297,21.0122,Warsaw Stadium,Stadium,Opener 1,1,26916,37698,71.4,False,4859683.8,180.55,Premium ($150-$250),1,False,Synthetic (Industry Model)
CNC-2481,SZA,SZA — 2023 Tour,R&B / Neo Soul,Major Touring Artist,2023-07-29,2023,7,July,Saturday,True,Summer,Manila,Philippines,Asia,Tier 3 Emerging / Secondary Market,14.5995,120.9842,Manila Arena,Large Arena,nan,0,10451,13515,77.33,False,906415.23,86.73,Standard ($75-$150),1,False,Synthetic (Industry Model)
CNC-2482,SZA,SZA — 2023 Tour,R&B / Neo Soul,Major Touring Artist,2023-07-25,2023,7,July,Tuesday,False,Summer,Chicago,United States,North America,Tier 1 Global Mega-City,41.8781,-87.6298,Chicago Arena,Large Arena,Opener 3,2,23303,23303,100.0,True,2495518.27,107.09,Standard ($75-$150),1,False,Synthetic (Industry Model)
CNC-2483,SZA,SZA — 2023 Tour,R&B / Neo Soul,Major Touring Artist,2023-08-06,2023,8,August,Sunday,True,Summer,Manchester,United Kingdom,Europe,Tier 2 Major Regional Market,53.4808,-2.2426,Manchester Arena,Large Arena,Opener 1,1,16397,17586,93.24,False,1821706.7,111.1,Standard ($75-$150),1,False,Synthetic (Industry Model)
CNC-2484,SZA,SZA — 2023 Tour,R&B / Neo Soul,Major Touring Artist,2023-07-21,2023,7,July,Friday,True,Summer,Richmond,United States,North America,Tier 3 Emerging / Secondary Market,37.5407,-77.436,Richmond Arena,Large Arena,Opener 2,2,12457,13994,89.02,False,1078900.77,86.61,Standard ($75-$150),1,False,Synthetic (Industry Model)
CNC-2485,SZA,SZA — 2023 Tour,R&B / Neo Soul,Major Touring Artist,2023-07-23,2023,7,July,Sunday,True,Winter,Sao Paulo,Brazil,Latin America,Tier 1 Global Mega-City,-23.5505,-46.6333,Sao Paulo Stadium,Stadium,nan,0,32867,34140,96.27,True,5058888.64,153.92,Premium ($150-$250),1,False,Synthetic (Industry Model)
CNC-2486,SZA,SZA — 2023 Tour,R&B / Neo Soul,Major Touring Artist,2023-08-06,2023,8,August,Sunday,True,Winter,Melbourne,Australia,Oceania,Tier 2 Major Regional Market,-37.8136,144.9631,Melbourne Stadium,Stadium,Opener 1,2,37017,37017,100.0,True,5734673.64,154.92,Premium ($150-$250),1,False,Synthetic (Industry Model)
CNC-2487,SZA,SZA — 2023 Tour,R&B / Neo Soul,Major Touring Artist,2023-09-04,2023,9,September,Monday,False,Fall,Brussels,Belgium,Europe,Tier 2 Major Regional Market,50.8503,4.3517,Brussels Arena,Large Arena,Opener 2,2,22039,22132,99.58,True,2779117.9,126.1,Standard ($75-$150),1,False,Synthetic (Industry Model)
CNC-2488,SZA,SZA — 2023 Tour,R&B / Neo Soul,Major Touring Artist,2023-09-09,2023,9,September,Saturday,True,Fall,Houston,United States,North America,Tier 2 Major Regional Market,29.7604,-95.3698,Houston Arena,Large Arena,Opener 3,1,18356,18356,100.0,True,1599908.96,87.16,Standard ($75-$150),1,False,Synthetic (Industry Model)
CNC-2489,SZA,SZA — 2023 Tour,R&B / Neo Soul,Major Touring Artist,2023-07-31,2023,7,July,Monday,False,Summer,Toronto,Canada,North America,Tier 1 Global Mega-City,43.6532,-79.3832,Toronto Stadium,Stadium,Opener 1,1,30965,30965,100.0,True,4970192.15,160.51,Premium ($150-$250),1,False,Synthetic (Industry Model)
CNC-2490,SZA,SZA — 2023 Tour,R&B / Neo Soul,Major Touring Artist,2023-08-02,2023,8,August,Wednesday,False,Summer,Boston,United States,North America,Tier 2 Major Regional Market,42.3601,-71.0589,Boston Stadium,Stadium,Opener 2,1,32351,36309,89.1,False,5382235.87,166.37,Premium ($150-$250),2,True,Synthetic (Industry Model)
CNC-2491,SZA,SZA — 2023 Tour,R&B / Neo Soul,Major Touring Artist,2023-09-24,2023,9,September,Sunday,True,Fall,Amsterdam,Netherlands,Europe,Tier 1 Global Mega-City,52.3676,4.9041,Amsterdam Arena,Large Arena,nan,0,13839,15348,90.17,False,1425832.17,103.03,Standard ($75-$150),1,False,Synthetic (Industry Model)
CNC-2492,SZA,SZA — 2023 Tour,R&B / Neo Soul,Major Touring Artist,2023-08-06,2023,8,August,Sunday,True,Summer,Brussels,Belgium,Europe,Tier 2 Major Regional Market,50.8503,4.3517,Brussels Arena,Large Arena,Opener 1,2,16954,17751,95.51,True,1833405.56,108.14,Standard ($75-$150),2,True,Synthetic (Industry Model)
CNC-2493,SZA,SZA — 2023 Tour,R&B / Neo Soul,Major Touring Artist,2023-08-27,2023,8,August,Sunday,True,Summer,Singapore,Singapore,Asia,Tier 2 Major Regional Market,1.3521,103.8198,Singapore Stadium,Stadium,nan,0,28471,30359,93.78,False,4647606.04,163.24,Premium ($150-$250),1,False,Synthetic (Industry Model)
CNC-2494,SZA,SZA — 2023 Tour,R&B / Neo Soul,Major Touring Artist,2023-08-30,2023,8,August,Wednesday,False,Summer,Atlanta,United States,North America,Tier 2 Major Regional Market,33.749,-84.388,Atlanta Arena,Large Arena,nan,0,10712,13717,78.09,False,1006392.4,93.95,Standard ($75-$150),1,False,Synthetic (Industry Model)
CNC-2495,SZA,SZA — 2023 Tour,R&B / Neo Soul,Major Touring Artist,2023-09-23,2023,9,September,Saturday,True,Spring,Mexico City,Mexico,Latin America,Tier 1 Global Mega-City,19.4326,-99.1332,Mexico City Stadium,Stadium,Opener 1,1,25168,25168,100.0,True,3526036.8,140.1,Standard ($75-$150),1,False,Synthetic (Industry Model)
CNC-2496,SZA,SZA — 2023 Tour,R&B / Neo Soul,Major Touring Artist,2023-10-19,2023,10,October,Thursday,False,Fall,Seoul,South Korea,Asia,Tier 1 Global Mega-City,37.5665,126.978,Seoul Stadium,Stadium,nan,0,23494,27073,86.78,False,3117418.86,132.69,Standard ($75-$150),1,False,Synthetic (Industry Model)
CNC-2497,SZA,SZA — 2023 Tour,R&B / Neo Soul,Major Touring Artist,2023-08-16,2023,8,August,Wednesday,False,Summer,Manila,Philippines,Asia,Tier 3 Emerging / Secondary Market,14.5995,120.9842,Manila Arena,Large Arena,Opener 3,1,11735,14953,78.48,False,970719.2,82.72,Standard ($75-$150),2,True,Synthetic (Industry Model)
CNC-2498,SZA,SZA — 2023 Tour,R&B / Neo Soul,Major Touring Artist,2023-10-05,2023,10,October,Thursday,False,Spring,Buenos Aires,Argentina,Latin America,Tier 2 Major Regional Market,-34.6037,-58.3816,Buenos Aires Arena,Large Arena,nan,0,14472,15545,93.1,False,1519704.72,105.01,Standard ($75-$150),1,False,Synthetic (Industry Model)
CNC-2499,SZA,SZA — 2023 Tour,R&B / Neo Soul,Major Touring Artist,2023-09-14,2023,9,September,Thursday,False,Fall,Paris,France,Europe,Tier 1 Global Mega-City,48.8566,2.3522,Paris Stadium,Stadium,Opener 2,1,36785,36988,99.45,True,5841090.15,158.79,Premium ($150-$250),2,True,Synthetic (Industry Model)
CNC-2500,SZA,SZA — 2023 Tour,R&B / Neo Soul,Major Touring Artist,2023-11-08,2023,11,November,Wednesday,False,Fall,London,United Kingdom,Europe,Tier 1 Global Mega-City,51.5074,-0.1278,London Arena,Large Arena,nan,0,18264,23631,77.29,False,2396236.8,131.2,Standard ($75-$150),1,False,Synthetic (Industry Model)
CNC-2501,SZA,SZA — 2023 Tour,R&B / Neo Soul,Major Touring Artist,2023-09-20,2023,9,September,Wednesday,False,Fall,Richmond,United States,North America,Tier 3 Emerging / Secondary Market,37.5407,-77.436,Richmond Arena,Large Arena,Opener 1,1,15175,24799,61.19,False,1831774.25,120.71,Standard ($75-$150),2,True,Synthetic (Industry Model)
CNC-2502,SZA,SZA — 2023 Tour,R&B / Neo Soul,Major Touring Artist,2023-08-26,2023,8,August,Saturday,True,Summer,London,United Kingdom,Europe,Tier 1 Global Mega-City,51.5074,-0.1278,London Stadium,Stadium,Opener 2,2,25313,25313,100.0,True,3372704.12,133.24,Standard ($75-$150),2,True,Synthetic (Industry Model)
CNC-2503,SZA,SZA — 2023 Tour,R&B / Neo Soul,Major Touring Artist,2023-10-25,2023,10,October,Wednesday,False,Fall,Toronto,Canada,North America,Tier 1 Global Mega-City,43.6532,-79.3832,Toronto Arena,Large Arena,Opener 3,2,16876,17839,94.6,False,2026638.84,120.09,Standard ($75-$150),2,True,Synthetic (Industry Model)
CNC-2504,SZA,SZA — 2023 Tour,R&B / Neo Soul,Major Touring Artist,2023-08-30,2023,8,August,Wednesday,False,Summer,Denver,United States,North America,Tier 2 Major Regional Market,39.7392,-104.9903,Denver Arena,Large Arena,nan,0,16505,18374,89.83,False,1854006.65,112.33,Standard ($75-$150),1,False,Synthetic (Industry Model)
CNC-2505,SZA,SZA — 2023 Tour,R&B / Neo Soul,Major Touring Artist,2023-09-01,2023,9,September,Friday,True,Fall,Salt Lake City,United States,North America,Tier 3 Emerging / Secondary Market,40.7608,-111.891,Salt Lake City Stadium,Stadium,Opener 2,2,28222,37760,74.74,False,4867166.12,172.46,Premium ($150-$250),1,False,Synthetic (Industry Model)
CNC-2506,SZA,SZA — 2023 Tour,R&B / Neo Soul,Major Touring Artist,2023-12-08,2023,12,December,Friday,True,Winter,Atlanta,United States,North America,Tier 2 Major Regional Market,33.749,-84.388,Atlanta Arena,Large Arena,Opener 3,1,19933,21355,93.34,False,2408105.73,120.81,Standard ($75-$150),2,True,Synthetic (Industry Model)
CNC-2507,SZA,SZA — 2023 Tour,R&B / Neo Soul,Major Touring Artist,2023-12-13,2023,12,December,Wednesday,False,Summer,Melbourne,Australia,Oceania,Tier 2 Major Regional Market,-37.8136,144.9631,Melbourne Arena,Large Arena,nan,0,14811,21475,68.97,False,1682233.38,113.58,Standard ($75-$150),2,True,Synthetic (Industry Model)
CNC-2508,SZA,SZA — 2023 Tour,R&B / Neo Soul,Major Touring Artist,2023-09-07,2023,9,September,Thursday,False,Fall,Columbus,United States,North America,Tier 3 Emerging / Secondary Market,39.9612,-82.9988,Columbus Arena,Large Arena,Opener 2,2,18056,21603,83.58,False,2468616.32,136.72,Standard ($75-$150),1,False,Synthetic (Industry Model)
CNC-2509,SZA,SZA — 2023 Tour,R&B / Neo Soul,Major Touring Artist,2023-12-23,2023,12,December,Saturday,True,Winter,Seattle,United States,North America,Tier 2 Major Regional Market,47.6062,-122.3321,Seattle Stadium,Stadium,nan,0,26468,29179,90.71,False,3668729.48,138.61,Standard ($75-$150),1,False,Synthetic (Industry Model)
CNC-2510,SZA,SZA — 2023 Tour,R&B / Neo Soul,Major Touring Artist,2023-11-22,2023,11,November,Wednesday,False,Fall,Los Angeles,United States,North America,Tier 1 Global Mega-City,34.0522,-118.2437,Los Angeles Stadium,Stadium,nan,0,22925,26173,87.59,False,3053380.75,133.19,Standard ($75-$150),1,False,Synthetic (Industry Model)
CNC-2511,SZA,SZA — 2023 Tour,R&B / Neo Soul,Major Touring Artist,2023-11-26,2023,11,November,Sunday,True,Spring,Buenos Aires,Argentina,Latin America,Tier 2 Major Regional Market,-34.6037,-58.3816,Buenos Aires Arena,Large Arena,nan,0,22046,22106,99.73,True,2744286.08,124.48,Standard ($75-$150),2,True,Synthetic (Industry Model)
CNC-2512,SZA,SZA — 2023 Tour,R&B / Neo Soul,Major Touring Artist,2023-09-15,2023,9,September,Friday,True,Fall,Manchester,United Kingdom,Europe,Tier 2 Major Regional Market,53.4808,-2.2426,Manchester Stadium,Stadium,Opener 3,2,31806,31806,100.0,True,4973822.28,156.38,Premium ($150-$250),2,True,Synthetic (Industry Model)
CNC-2513,SZA,SZA — 2023 Tour,R&B / Neo Soul,Major Touring Artist,2023-12-04,2023,12,December,Monday,False,Winter,Singapore,Singapore,Asia,Tier 2 Major Regional Market,1.3521,103.8198,Singapore Arena,Large Arena,Opener 1,2,11102,12123,91.58,False,989854.32,89.16,Standard ($75-$150),2,True,Synthetic (Industry Model)
CNC-2514,SZA,SZA — 2023 Tour,R&B / Neo Soul,Major Touring Artist,2023-09-19,2023,9,September,Tuesday,False,Spring,Auckland,New Zealand,Oceania,Tier 2 Major Regional Market,-36.8485,174.7633,Auckland Stadium,Stadium,Opener 2,1,26142,30777,84.94,False,3815163.48,145.94,Standard ($75-$150),2,True,Synthetic (Industry Model)
CNC-2515,SZA,SZA — 2023 Tour,R&B / Neo Soul,Major Touring Artist,2023-12-12,2023,12,December,Tuesday,False,Winter,Manchester,United Kingdom,Europe,Tier 2 Major Regional Market,53.4808,-2.2426,Manchester Stadium,Stadium,Opener 3,1,27199,34653,78.49,False,4389374.62,161.38,Premium ($150-$250),3,True,Synthetic (Industry Model)
CNC-2516,Arctic Monkeys,Arctic Monkeys — 2022 Tour,Indie Rock,Major Touring Artist,2022-03-07,2022,3,March,Monday,False,Autumn,Melbourne,Australia,Oceania,Tier 2 Major Regional Market,-37.8136,144.9631,Melbourne Stadium,Stadium,Opener 1,1,42750,42750,100.0,True,6783997.5,158.69,Premium ($150-$250),1,False,Synthetic (Industry Model)
CNC-2517,Arctic Monkeys,Arctic Monkeys — 2022 Tour,Indie Rock,Major Touring Artist,2022-03-11,2022,3,March,Friday,True,Spring,Lisbon,Portugal,Europe,Tier 2 Major Regional Market,38.7223,-9.1393,Lisbon Arena,Large Arena,Opener 2,2,20039,21025,95.31,True,2051793.21,102.39,Standard ($75-$150),1,False,Synthetic (Industry Model)
CNC-2518,Arctic Monkeys,Arctic Monkeys — 2022 Tour,Indie Rock,Major Touring Artist,2022-03-15,2022,3,March,Tuesday,False,Autumn,Auckland,New Zealand,Oceania,Tier 2 Major Regional Market,-36.8485,174.7633,Auckland Stadium,Stadium,nan,0,36026,42695,84.38,False,5556289.98,154.23,Premium ($150-$250),1,False,Synthetic (Industry Model)
CNC-2519,Arctic Monkeys,Arctic Monkeys — 2022 Tour,Indie Rock,Major Touring Artist,2022-03-13,2022,3,March,Sunday,True,Autumn,Brisbane,Australia,Oceania,Tier 2 Major Regional Market,-27.4698,153.0251,Brisbane Arena,Large Arena,Opener 1,2,21620,21927,98.6,True,2344472.8,108.44,Standard ($75-$150),1,False,Synthetic (Industry Model)
CNC-2520,Arctic Monkeys,Arctic Monkeys — 2022 Tour,Indie Rock,Major Touring Artist,2022-03-15,2022,3,March,Tuesday,False,Spring,Salt Lake City,United States,North America,Tier 3 Emerging / Secondary Market,40.7608,-111.891,Salt Lake City Stadium,Stadium,Opener 2,2,27069,38588,70.15,False,4015144.77,148.33,Standard ($75-$150),1,False,Synthetic (Industry Model)
CNC-2521,Arctic Monkeys,Arctic Monkeys — 2022 Tour,Indie Rock,Major Touring Artist,2022-03-27,2022,3,March,Sunday,True,Spring,Los Angeles,United States,North America,Tier 1 Global Mega-City,34.0522,-118.2437,Los Angeles Stadium,Stadium,Opener 3,2,32211,33928,94.94,False,4358148.3,135.3,Standard ($75-$150),1,False,Synthetic (Industry Model)
CNC-2522,Arctic Monkeys,Arctic Monkeys — 2022 Tour,Indie Rock,Major Touring Artist,2022-03-31,2022,3,March,Thursday,False,Spring,Stockholm,Sweden,Europe,Tier 2 Major Regional Market,59.3293,18.0686,Stockholm Stadium,Stadium,Opener 1,2,34190,36669,93.24,False,4201267.2,122.88,Standard ($75-$150),1,False,Synthetic (Industry Model)
CNC-2523,Arctic Monkeys,Arctic Monkeys — 2022 Tour,Indie Rock,Major Touring Artist,2022-04-04,2022,4,April,Monday,False,Spring,Seoul,South Korea,Asia,Tier 1 Global Mega-City,37.5665,126.978,Seoul Stadium,Stadium,nan,0,36114,36923,97.81,True,5030319.06,139.29,Standard ($75-$150),1,False,Synthetic (Industry Model)
CNC-2524,Arctic Monkeys,Arctic Monkeys — 2022 Tour,Indie Rock,Major Touring Artist,2022-04-16,2022,4,April,Saturday,True,Spring,Boston,United States,North America,Tier 2 Major Regional Market,42.3601,-71.0589,Boston Stadium,Stadium,Opener 3,1,25507,25507,100.0,True,2765979.08,108.44,Standard ($75-$150),1,False,Synthetic (Industry Model)
CNC-2525,Arctic Monkeys,Arctic Monkeys — 2022 Tour,Indie Rock,Major Touring Artist,2022-04-21,2022,4,April,Thursday,False,Spring,Tokyo,Japan,Asia,Tier 1 Global Mega-City,35.6762,139.6503,Tokyo Stadium,Stadium,Opener 1,2,47086,48789,96.51,True,8412855.62,178.67,Premium ($150-$250),1,False,Synthetic (Industry Model)
CNC-2526,Arctic Monkeys,Arctic Monkeys — 2022 Tour,Indie Rock,Major Touring Artist,2022-04-06,2022,4,April,Wednesday,False,Spring,Amsterdam,Netherlands,Europe,Tier 1 Global Mega-City,52.3676,4.9041,Amsterdam Stadium,Stadium,Opener 2,2,28278,30328,93.24,False,2728261.44,96.48,Standard ($75-$150),1,False,Synthetic (Industry Model)
CNC-2527,Arctic Monkeys,Arctic Monkeys — 2022 Tour,Indie Rock,Major Touring Artist,2022-05-01,2022,5,May,Sunday,True,Autumn,Sydney,Australia,Oceania,Tier 2 Major Regional Market,-33.8688,151.2093,Sydney Stadium,Stadium,Opener 3,1,25062,30983,80.89,False,3001926.36,119.78,Standard ($75-$150),1,False,Synthetic (Industry Model)
CNC-2528,Arctic Monkeys,Arctic Monkeys — 2022 Tour,Indie Rock,Major Touring Artist,2022-04-24,2022,4,April,Sunday,True,Spring,Lisbon,Portugal,Europe,Tier 2 Major Regional Market,38.7223,-9.1393,Lisbon Arena,Large Arena,Opener 1,1,20805,24797,83.9,False,2204289.75,105.95,Standard ($75-$150),2,True,Synthetic (Industry Model)
CNC-2529,Arctic Monkeys,Arctic Monkeys — 2022 Tour,Indie Rock,Major Touring Artist,2022-05-11,2022,5,May,Wednesday,False,Spring,Seoul,South Korea,Asia,Tier 1 Global Mega-City,37.5665,126.978,Seoul Arena,Large Arena,nan,0,18113,18992,95.37,True,1477477.41,81.57,Standard ($75-$150),2,True,Synthetic (Industry Model)
CNC-2530,Arctic Monkeys,Arctic Monkeys — 2022 Tour,Indie Rock,Major Touring Artist,2022-04-04,2022,4,April,Monday,False,Spring,Chicago,United States,North America,Tier 1 Global Mega-City,41.8781,-87.6298,Chicago Stadium,Stadium,Opener 3,2,34556,34887,99.05,True,4278378.36,123.81,Standard ($75-$150),1,False,Synthetic (Industry Model)
CNC-2531,Arctic Monkeys,Arctic Monkeys — 2022 Tour,Indie Rock,Major Touring Artist,2022-05-06,2022,5,May,Friday,True,Autumn,Auckland,New Zealand,Oceania,Tier 2 Major Regional Market,-36.8485,174.7633,Auckland Arena,Large Arena,Opener 1,2,21564,21777,99.02,True,2355867.0,109.25,Standard ($75-$150),2,True,Synthetic (Industry Model)
CNC-2532,Arctic Monkeys,Arctic Monkeys — 2022 Tour,Indie Rock,Major Touring Artist,2022-05-26,2022,5,May,Thursday,False,Spring,Amsterdam,Netherlands,Europe,Tier 1 Global Mega-City,52.3676,4.9041,Amsterdam Arena,Large Arena,nan,0,16694,18036,92.56,False,1527501.0,91.5,Standard ($75-$150),2,True,Synthetic (Industry Model)
CNC-2533,Arctic Monkeys,Arctic Monkeys — 2022 Tour,Indie Rock,Major Touring Artist,2022-05-14,2022,5,May,Saturday,True,Spring,Kansas City,United States,North America,Tier 3 Emerging / Secondary Market,39.0997,-94.5786,Kansas City Stadium,Stadium,nan,0,30772,45113,68.21,False,5302938.76,172.33,Premium ($150-$250),1,False,Synthetic (Industry Model)
CNC-2534,Arctic Monkeys,Arctic Monkeys — 2022 Tour,Indie Rock,Major Touring Artist,2022-04-12,2022,4,April,Tuesday,False,Spring,Los Angeles,United States,North America,Tier 1 Global Mega-City,34.0522,-118.2437,Los Angeles Stadium,Stadium,nan,0,38957,43639,89.27,False,5928476.26,152.18,Premium ($150-$250),2,True,Synthetic (Industry Model)
CNC-2535,Arctic Monkeys,Arctic Monkeys — 2022 Tour,Indie Rock,Major Touring Artist,2022-04-14,2022,4,April,Thursday,False,Spring,Miami,United States,North America,Tier 2 Major Regional Market,25.7617,-80.1918,Miami Stadium,Stadium,Opener 2,2,34934,38250,91.33,False,4489368.34,128.51,Standard ($75-$150),1,False,Synthetic (Industry Model)
CNC-2536,Arctic Monkeys,Arctic Monkeys — 2022 Tour,Indie Rock,Major Touring Artist,2022-06-15,2022,6,June,Wednesday,False,Summer,Los Angeles,United States,North America,Tier 1 Global Mega-City,34.0522,-118.2437,Los Angeles Arena,Large Arena,nan,0,14051,16422,85.56,False,1138974.06,81.06,Standard ($75-$150),3,True,Synthetic (Industry Model)
CNC-2537,Arctic Monkeys,Arctic Monkeys — 2022 Tour,Indie Rock,Major Touring Artist,2022-05-30,2022,5,May,Monday,False,Autumn,Sao Paulo,Brazil,Latin America,Tier 1 Global Mega-City,-23.5505,-46.6333,Sao Paulo Stadium,Stadium,nan,0,24098,27437,87.83,False,2603788.9,108.05,Standard ($75-$150),1,False,Synthetic (Industry Model)
CNC-2538,Arctic Monkeys,Arctic Monkeys — 2022 Tour,Indie Rock,Major Touring Artist,2022-05-12,2022,5,May,Thursday,False,Spring,Brussels,Belgium,Europe,Tier 2 Major Regional Market,50.8503,4.3517,Brussels Arena,Large Arena,nan,0,16006,20194,79.26,False,1583153.46,98.91,Standard ($75-$150),1,False,Synthetic (Industry Model)
CNC-2539,Arctic Monkeys,Arctic Monkeys — 2022 Tour,Indie Rock,Major Touring Artist,2022-04-22,2022,4,April,Friday,True,Autumn,Santiago,Chile,Latin America,Tier 2 Major Regional Market,-33.4569,-70.6483,Santiago Stadium,Stadium,Opener 3,2,27752,27752,100.0,True,3274736.0,118.0,Standard ($75-$150),1,False,Synthetic (Industry Model)
CNC-2540,Arctic Monkeys,Arctic Monkeys — 2022 Tour,Indie Rock,Major Touring Artist,2022-05-18,2022,5,May,Wednesday,False,Spring,Stockholm,Sweden,Europe,Tier 2 Major Regional Market,59.3293,18.0686,Stockholm Stadium,Stadium,Opener 1,1,29793,38103,78.19,False,4275593.43,143.51,Standard ($75-$150),2,True,Synthetic (Industry Model)
CNC-2541,Arctic Monkeys,Arctic Monkeys — 2022 Tour,Indie Rock,Major Touring Artist,2022-07-10,2022,7,July,Sunday,True,Summer,Nashville,United States,North America,Tier 2 Major Regional Market,36.1627,-86.7816,Nashville Stadium,Stadium,Opener 2,2,27732,32761,84.65,False,3979819.32,143.51,Standard ($75-$150),1,False,Synthetic (Industry Model)
CNC-2542,Arctic Monkeys,Arctic Monkeys — 2022 Tour,Indie Rock,Major Touring Artist,2022-04-28,2022,4,April,Thursday,False,Autumn,Brisbane,Australia,Oceania,Tier 2 Major Regional Market,-27.4698,153.0251,Brisbane Stadium,Stadium,Opener 3,2,36458,37816,96.41,True,5423492.08,148.76,Standard ($75-$150),2,True,Synthetic (Industry Model)
CNC-2543,Arctic Monkeys,Arctic Monkeys — 2022 Tour,Indie Rock,Major Touring Artist,2022-05-27,2022,5,May,Friday,True,Spring,Miami,United States,North America,Tier 2 Major Regional Market,25.7617,-80.1918,Miami Arena,Large Arena,Opener 1,1,16354,19465,84.02,False,1384529.64,84.66,Standard ($75-$150),2,True,Synthetic (Industry Model)
CNC-2544,Arctic Monkeys,Arctic Monkeys — 2022 Tour,Indie Rock,Major Touring Artist,2022-05-02,2022,5,May,Monday,False,Spring,Richmond,United States,North America,Tier 3 Emerging / Secondary Market,37.5407,-77.436,Richmond Stadium,Stadium,nan,0,23787,31518,75.47,False,3102776.28,130.44,Standard ($75-$150),1,False,Synthetic (Industry Model)
CNC-2545,Arctic Monkeys,Arctic Monkeys — 2022 Tour,Indie Rock,Major Touring Artist,2022-06-02,2022,6,June,Thursday,False,Summer,Tokyo,Japan,Asia,Tier 1 Global Mega-City,35.6762,139.6503,Tokyo Stadium,Stadium,Opener 3,2,35847,36732,97.59,True,4879135.17,136.11,Standard ($75-$150),2,True,Synthetic (Industry Model)
CNC-2546,Arctic Monkeys,Arctic Monkeys — 2022 Tour,Indie Rock,Major Touring Artist,2022-07-05,2022,7,July,Tuesday,False,Summer,Bangkok,Thailand,Asia,Tier 2 Major Regional Market,13.7563,100.5018,Bangkok Stadium,Stadium,Opener 1,2,21359,26395,80.92,False,2298869.17,107.63,Standard ($75-$150),1,False,Synthetic (Industry Model)
CNC-2547,Arctic Monkeys,Arctic Monkeys — 2022 Tour,Indie Rock,Major Touring Artist,2022-07-09,2022,7,July,Saturday,True,Summer,Salt Lake City,United States,North America,Tier 3 Emerging / Secondary Market,40.7608,-111.891,Salt Lake City Stadium,Stadium,nan,0,23150,29805,77.67,False,2992832.0,129.28,Standard ($75-$150),2,True,Synthetic (Industry Model)
CNC-2548,Arctic Monkeys,Arctic Monkeys — 2022 Tour,Indie Rock,Major Touring Artist,2022-08-14,2022,8,August,Sunday,True,Summer,Houston,United States,North America,Tier 2 Major Regional Market,29.7604,-95.3698,Houston Arena,Large Arena,Opener 3,1,19686,21496,91.58,False,1760125.26,89.41,Standard ($75-$150),1,False,Synthetic (Industry Model)
CNC-2549,Arctic Monkeys,Arctic Monkeys — 2022 Tour,Indie Rock,Major Touring Artist,2022-05-12,2022,5,May,Thursday,False,Spring,Richmond,United States,North America,Tier 3 Emerging / Secondary Market,37.5407,-77.436,Richmond Arena,Large Arena,Opener 1,1,15654,20673,75.72,False,1596081.84,101.96,Standard ($75-$150),2,True,Synthetic (Industry Model)
CNC-2550,Arctic Monkeys,Arctic Monkeys — 2022 Tour,Indie Rock,Major Touring Artist,2022-06-17,2022,6,June,Friday,True,Winter,Mexico City,Mexico,Latin America,Tier 1 Global Mega-City,19.4326,-99.1332,Mexico City Stadium,Stadium,Opener 2,2,36843,41867,88.0,False,5712507.15,155.05,Premium ($150-$250),1,False,Synthetic (Industry Model)
CNC-2551,Arctic Monkeys,Arctic Monkeys — 2022 Tour,Indie Rock,Major Touring Artist,2022-08-29,2022,8,August,Monday,False,Winter,Brisbane,Australia,Oceania,Tier 2 Major Regional Market,-27.4698,153.0251,Brisbane Stadium,Stadium,Opener 3,2,35938,40029,89.78,False,4920990.34,136.93,Standard ($75-$150),3,True,Synthetic (Industry Model)
CNC-2552,Arctic Monkeys,Arctic Monkeys — 2022 Tour,Indie Rock,Major Touring Artist,2022-07-29,2022,7,July,Friday,True,Winter,Mexico City,Mexico,Latin America,Tier 1 Global Mega-City,19.4326,-99.1332,Mexico City Stadium,Stadium,nan,0,42900,43776,98.0,True,6045039.0,140.91,Standard ($75-$150),2,True,Synthetic (Industry Model)
CNC-2553,Arctic Monkeys,Arctic Monkeys — 2022 Tour,Indie Rock,Major Touring Artist,2022-08-02,2022,8,August,Tuesday,False,Summer,London,United Kingdom,Europe,Tier 1 Global Mega-City,51.5074,-0.1278,London Stadium,Stadium,Opener 2,1,29433,33588,87.63,False,3741817.29,127.13,Standard ($75-$150),1,False,Synthetic (Industry Model)
CNC-2554,Arctic Monkeys,Arctic Monkeys — 2022 Tour,Indie Rock,Major Touring Artist,2022-09-13,2022,9,September,Tuesday,False,Spring,Bogota,Colombia,Latin America,Tier 2 Major Regional Market,4.711,-74.0721,Bogota Stadium,Stadium,Opener 3,1,39739,47786,83.16,False,5589687.74,140.66,Standard ($75-$150),1,False,Synthetic (Industry Model)
CNC-2555,Arctic Monkeys,Arctic Monkeys — 2022 Tour,Indie Rock,Major Touring Artist,2022-05-24,2022,5,May,Tuesday,False,Spring,Dublin,Ireland,Europe,Tier 2 Major Regional Market,53.3498,-6.2603,Dublin Arena,Large Arena,Opener 1,1,15085,18464,81.7,False,1476368.95,97.87,Standard ($75-$150),1,False,Synthetic (Industry Model)
CNC-2556,Arctic Monkeys,Arctic Monkeys — 2022 Tour,Indie Rock,Major Touring Artist,2022-07-05,2022,7,July,Tuesday,False,Summer,Dublin,Ireland,Europe,Tier 2 Major Regional Market,53.3498,-6.2603,Dublin Stadium,Stadium,Opener 2,1,39609,47261,83.81,False,6568756.56,165.84,Premium ($150-$250),2,True,Synthetic (Industry Model)
CNC-2557,Arctic Monkeys,Arctic Monkeys — 2022 Tour,Indie Rock,Major Touring Artist,2022-08-18,2022,8,August,Thursday,False,Winter,Buenos Aires,Argentina,Latin America,Tier 2 Major Regional Market,-34.6037,-58.3816,Buenos Aires Stadium,Stadium,Opener 3,1,39313,40688,96.62,True,6194156.28,157.56,Premium ($150-$250),1,False,Synthetic (Industry Model)
CNC-2558,Arctic Monkeys,Arctic Monkeys — 2022 Tour,Indie Rock,Major Touring Artist,2022-10-03,2022,10,October,Monday,False,Fall,Brussels,Belgium,Europe,Tier 2 Major Regional Market,50.8503,4.3517,Brussels Stadium,Stadium,Opener 1,1,35230,40189,87.66,False,5181980.7,147.09,Standard ($75-$150),2,True,Synthetic (Industry Model)
CNC-2559,Arctic Monkeys,Arctic Monkeys — 2022 Tour,Indie Rock,Major Touring Artist,2022-08-26,2022,8,August,Friday,True,Summer,Seoul,South Korea,Asia,Tier 1 Global Mega-City,37.5665,126.978,Seoul Stadium,Stadium,Opener 2,2,35926,35926,100.0,True,5243040.44,145.94,Standard ($75-$150),3,True,Synthetic (Industry Model)
CNC-2560,Arctic Monkeys,Arctic Monkeys — 2022 Tour,Indie Rock,Major Touring Artist,2022-08-30,2022,8,August,Tuesday,False,Winter,Melbourne,Australia,Oceania,Tier 2 Major Regional Market,-37.8136,144.9631,Melbourne Stadium,Stadium,Opener 3,2,27083,32303,83.84,False,3243189.25,119.75,Standard ($75-$150),2,True,Synthetic (Industry Model)
CNC-2561,Kendrick Lamar,Kendrick Lamar — 2022 Tour,Hip-Hop,Major Touring Artist,2022-06-01,2022,6,June,Wednesday,False,Winter,Bogota,Colombia,Latin America,Tier 2 Major Regional Market,4.711,-74.0721,Bogota Stadium,Stadium,nan,0,31112,38668,80.46,False,5158369.6,165.8,Premium ($150-$250),1,False,Synthetic (Industry Model)
CNC-2562,Kendrick Lamar,Kendrick Lamar — 2022 Tour,Hip-Hop,Major Touring Artist,2022-06-05,2022,6,June,Sunday,True,Summer,Los Angeles,United States,North America,Tier 1 Global Mega-City,34.0522,-118.2437,Los Angeles Stadium,Stadium,Opener 2,1,38416,38749,99.14,True,6100460.8,158.8,Premium ($150-$250),1,False,Synthetic (Industry Model)
CNC-2563,Kendrick Lamar,Kendrick Lamar — 2022 Tour,Hip-Hop,Major Touring Artist,2022-06-11,2022,6,June,Saturday,True,Summer,Miami,United States,North America,Tier 2 Major Regional Market,25.7617,-80.1918,Miami Stadium,Stadium,Opener 3,1,43943,44812,98.06,True,7884692.49,179.43,Premium ($150-$250),1,False,Synthetic (Industry Model)
CNC-2564,Kendrick Lamar,Kendrick Lamar — 2022 Tour,Hip-Hop,Major Touring Artist,2022-06-10,2022,6,June,Friday,True,Summer,Brussels,Belgium,Europe,Tier 2 Major Regional Market,50.8503,4.3517,Brussels Arena,Large Arena,Opener 1,2,20171,21372,94.38,False,2219616.84,110.04,Standard ($75-$150),1,False,Synthetic (Industry Model)
CNC-2565,Kendrick Lamar,Kendrick Lamar — 2022 Tour,Hip-Hop,Major Touring Artist,2022-06-09,2022,6,June,Thursday,False,Winter,Buenos Aires,Argentina,Latin America,Tier 2 Major Regional Market,-34.6037,-58.3816,Buenos Aires Arena,Large Arena,Opener 2,1,22968,24954,92.04,False,2825523.36,123.02,Standard ($75-$150),1,False,Synthetic (Industry Model)
CNC-2566,Kendrick Lamar,Kendrick Lamar — 2022 Tour,Hip-Hop,Major Touring Artist,2022-06-11,2022,6,June,Saturday,True,Summer,Houston,United States,North America,Tier 2 Major Regional Market,29.7604,-95.3698,Houston Stadium,Stadium,Opener 3,2,40590,40675,99.79,True,6575985.9,162.01,Premium ($150-$250),1,False,Synthetic (Industry Model)
CNC-2567,Kendrick Lamar,Kendrick Lamar — 2022 Tour,Hip-Hop,Major Touring Artist,2022-06-25,2022,6,June,Saturday,True,Winter,Auckland,New Zealand,Oceania,Tier 2 Major Regional Market,-36.8485,174.7633,Auckland Stadium,Stadium,Opener 1,1,36957,38262,96.59,True,6067230.69,164.17,Premium ($150-$250),1,False,Synthetic (Industry Model)
CNC-2568,Kendrick Lamar,Kendrick Lamar — 2022 Tour,Hip-Hop,Major Touring Artist,2022-07-06,2022,7,July,Wednesday,False,Winter,Sydney,Australia,Oceania,Tier 2 Major Regional Market,-33.8688,151.2093,Sydney Stadium,Stadium,Opener 2,2,28258,35760,79.02,False,4329973.34,153.23,Premium ($150-$250),1,False,Synthetic (Industry Model)
CNC-2569,Kendrick Lamar,Kendrick Lamar — 2022 Tour,Hip-Hop,Major Touring Artist,2022-07-11,2022,7,July,Monday,False,Summer,Philadelphia,United States,North America,Tier 2 Major Regional Market,39.9526,-75.1652,Philadelphia Arena,Large Arena,Opener 3,2,16506,16506,100.0,True,1381222.08,83.68,Standard ($75-$150),1,False,Synthetic (Industry Model)
CNC-2570,Kendrick Lamar,Kendrick Lamar — 2022 Tour,Hip-Hop,Major Touring Artist,2022-07-16,2022,7,July,Saturday,True,Summer,Warsaw,Poland,Europe,Tier 3 Emerging / Secondary Market,52.2297,21.0122,Warsaw Stadium,Stadium,nan,0,24633,32570,75.63,False,3180120.3,129.1,Standard ($75-$150),1,False,Synthetic (Industry Model)
CNC-2571,Kendrick Lamar,Kendrick Lamar — 2022 Tour,Hip-Hop,Major Touring Artist,2022-07-21,2022,7,July,Thursday,False,Winter,Sydney,Australia,Oceania,Tier 2 Major Regional Market,-33.8688,151.2093,Sydney Stadium,Stadium,nan,0,24761,26539,93.3,False,3317231.17,133.97,Standard ($75-$150),2,True,Synthetic (Industry Model)
CNC-2572,Kendrick Lamar,Kendrick Lamar — 2022 Tour,Hip-Hop,Major Touring Artist,2022-06-23,2022,6,June,Thursday,False,Winter,Santiago,Chile,Latin America,Tier 2 Major Regional Market,-33.4569,-70.6483,Santiago Stadium,Stadium,Opener 3,1,25525,27340,93.36,False,2790137.75,109.31,Standard ($75-$150),1,False,Synthetic (Industry Model)
CNC-2573,Kendrick Lamar,Kendrick Lamar — 2022 Tour,Hip-Hop,Major Touring Artist,2022-07-07,2022,7,July,Thursday,False,Summer,Philadelphia,United States,North America,Tier 2 Major Regional Market,39.9526,-75.1652,Philadelphia Arena,Large Arena,Opener 1,2,19445,22412,86.76,False,2161506.2,111.16,Standard ($75-$150),2,True,Synthetic (Industry Model)
CNC-2574,Kendrick Lamar,Kendrick Lamar — 2022 Tour,Hip-Hop,Major Touring Artist,2022-07-23,2022,7,July,Saturday,True,Summer,Seattle,United States,North America,Tier 2 Major Regional Market,47.6062,-122.3321,Seattle Stadium,Stadium,nan,0,32495,33587,96.75,True,4376101.65,134.67,Standard ($75-$150),1,False,Synthetic (Industry Model)
CNC-2575,Kendrick Lamar,Kendrick Lamar — 2022 Tour,Hip-Hop,Major Touring Artist,2022-06-29,2022,6,June,Wednesday,False,Summer,Toronto,Canada,North America,Tier 1 Global Mega-City,43.6532,-79.3832,Toronto Stadium,Stadium,nan,0,37395,41481,90.15,False,6876566.55,183.89,Premium ($150-$250),1,False,Synthetic (Industry Model)
CNC-2576,Kendrick Lamar,Kendrick Lamar — 2022 Tour,Hip-Hop,Major Touring Artist,2022-08-15,2022,8,August,Monday,False,Summer,Boston,United States,North America,Tier 2 Major Regional Market,42.3601,-71.0589,Boston Stadium,Stadium,nan,0,26576,28040,94.78,False,3561715.52,134.02,Standard ($75-$150),1,False,Synthetic (Industry Model)
CNC-2577,Kendrick Lamar,Kendrick Lamar — 2022 Tour,Hip-Hop,Major Touring Artist,2022-08-20,2022,8,August,Saturday,True,Winter,Melbourne,Australia,Oceania,Tier 2 Major Regional Market,-37.8136,144.9631,Melbourne Arena,Large Arena,Opener 2,2,19344,21238,91.08,False,2157629.76,111.54,Standard ($75-$150),1,False,Synthetic (Industry Model)
CNC-2578,Kendrick Lamar,Kendrick Lamar — 2022 Tour,Hip-Hop,Major Touring Artist,2022-08-08,2022,8,August,Monday,False,Winter,Santiago,Chile,Latin America,Tier 2 Major Regional Market,-33.4569,-70.6483,Santiago Arena,Large Arena,Opener 3,2,19974,20592,97.0,True,2006787.78,100.47,Standard ($75-$150),2,True,Synthetic (Industry Model)
CNC-2579,Kendrick Lamar,Kendrick Lamar — 2022 Tour,Hip-Hop,Major Touring Artist,2022-07-25,2022,7,July,Monday,False,Summer,Seoul,South Korea,Asia,Tier 1 Global Mega-City,37.5665,126.978,Seoul Stadium,Stadium,Opener 1,1,38212,39792,96.03,True,5889997.68,154.14,Premium ($150-$250),1,False,Synthetic (Industry Model)
CNC-2580,Kendrick Lamar,Kendrick Lamar — 2022 Tour,Hip-Hop,Major Touring Artist,2022-07-28,2022,7,July,Thursday,False,Winter,Bogota,Colombia,Latin America,Tier 2 Major Regional Market,4.711,-74.0721,Bogota Stadium,Stadium,nan,0,34584,41473,83.39,False,5936343.6,171.65,Premium ($150-$250),2,True,Synthetic (Industry Model)
CNC-2581,Kendrick Lamar,Kendrick Lamar — 2022 Tour,Hip-Hop,Major Touring Artist,2022-07-31,2022,7,July,Sunday,True,Winter,Santiago,Chile,Latin America,Tier 2 Major Regional Market,-33.4569,-70.6483,Santiago Arena,Large Arena,nan,0,21981,23196,94.76,False,2520121.65,114.65,Standard ($75-$150),3,True,Synthetic (Industry Model)
CNC-2582,Kendrick Lamar,Kendrick Lamar — 2022 Tour,Hip-Hop,Major Touring Artist,2022-09-14,2022,9,September,Wednesday,False,Fall,Madrid,Spain,Europe,Tier 2 Major Regional Market,40.4168,-3.7038,Madrid Stadium,Stadium,Opener 1,1,30621,38334,79.88,False,4658678.94,152.14,Premium ($150-$250),1,False,Synthetic (Industry Model)
CNC-2583,Kendrick Lamar,Kendrick Lamar — 2022 Tour,Hip-Hop,Major Touring Artist,2022-07-15,2022,7,July,Friday,True,Winter,Sydney,Australia,Oceania,Tier 2 Major Regional Market,-33.8688,151.2093,Sydney Arena,Large Arena,nan,0,19787,19918,99.34,True,1900937.09,96.07,Standard ($75-$150),3,True,Synthetic (Industry Model)
CNC-2584,Kendrick Lamar,Kendrick Lamar — 2022 Tour,Hip-Hop,Major Touring Artist,2022-07-17,2022,7,July,Sunday,True,Summer,Stockholm,Sweden,Europe,Tier 2 Major Regional Market,59.3293,18.0686,Stockholm Arena,Large Arena,Opener 3,2,21896,22928,95.5,True,2295138.72,104.82,Standard ($75-$150),1,False,Synthetic (Industry Model)
CNC-2585,Kendrick Lamar,Kendrick Lamar — 2022 Tour,Hip-Hop,Major Touring Artist,2022-08-12,2022,8,August,Friday,True,Summer,Kansas City,United States,North America,Tier 3 Emerging / Secondary Market,39.0997,-94.5786,Kansas City Arena,Large Arena,Opener 1,2,17269,18597,92.86,False,1579250.05,91.45,Standard ($75-$150),1,False,Synthetic (Industry Model)
CNC-2586,Kendrick Lamar,Kendrick Lamar — 2022 Tour,Hip-Hop,Major Touring Artist,2022-09-09,2022,9,September,Friday,True,Fall,Kansas City,United States,North America,Tier 3 Emerging / Secondary Market,39.0997,-94.5786,Kansas City Stadium,Stadium,Opener 2,2,23555,29499,79.85,False,3037181.7,128.94,Standard ($75-$150),2,True,Synthetic (Industry Model)
CNC-2587,Kendrick Lamar,Kendrick Lamar — 2022 Tour,Hip-Hop,Major Touring Artist,2022-08-18,2022,8,August,Thursday,False,Summer,Boston,United States,North America,Tier 2 Major Regional Market,42.3601,-71.0589,Boston Stadium,Stadium,Opener 3,1,25909,26208,98.86,True,3280338.49,126.61,Standard ($75-$150),2,True,Synthetic (Industry Model)
CNC-2588,Kendrick Lamar,Kendrick Lamar — 2022 Tour,Hip-Hop,Major Touring Artist,2022-08-21,2022,8,August,Sunday,True,Winter,Sydney,Australia,Oceania,Tier 2 Major Regional Market,-33.8688,151.2093,Sydney Arena,Large Arena,Opener 1,1,21079,22634,93.13,False,2468772.48,117.12,Standard ($75-$150),4,True,Synthetic (Industry Model)
CNC-2589,Kendrick Lamar,Kendrick Lamar — 2022 Tour,Hip-Hop,Major Touring Artist,2022-09-21,2022,9,September,Wednesday,False,Spring,Sydney,Australia,Oceania,Tier 2 Major Regional Market,-33.8688,151.2093,Sydney Stadium,Stadium,nan,0,33148,38729,85.59,False,5355390.88,161.56,Premium ($150-$250),5,True,Synthetic (Industry Model)
CNC-2590,Kendrick Lamar,Kendrick Lamar — 2022 Tour,Hip-Hop,Major Touring Artist,2022-08-27,2022,8,August,Saturday,True,Summer,Boston,United States,North America,Tier 2 Major Regional Market,42.3601,-71.0589,Boston Arena,Large Arena,nan,0,19705,20764,94.9,False,2138583.65,108.53,Standard ($75-$150),3,True,Synthetic (Industry Model)
CNC-2591,Kendrick Lamar,Kendrick Lamar — 2022 Tour,Hip-Hop,Major Touring Artist,2022-09-29,2022,9,September,Thursday,False,Fall,Richmond,United States,North America,Tier 3 Emerging / Secondary Market,37.5407,-77.436,Richmond Stadium,Stadium,nan,0,18583,27061,68.67,False,2433072.19,130.93,Standard ($75-$150),1,False,Synthetic (Industry Model)
CNC-2592,Kendrick Lamar,Kendrick Lamar — 2022 Tour,Hip-Hop,Major Touring Artist,2022-10-03,2022,10,October,Monday,False,Fall,Denver,United States,North America,Tier 2 Major Regional Market,39.7392,-104.9903,Denver Stadium,Stadium,nan,0,36123,38133,94.73,False,5206046.76,144.12,Standard ($75-$150),1,False,Synthetic (Industry Model)
CNC-2593,Kendrick Lamar,Kendrick Lamar — 2022 Tour,Hip-Hop,Major Touring Artist,2022-08-04,2022,8,August,Thursday,False,Winter,Santiago,Chile,Latin America,Tier 2 Major Regional Market,-33.4569,-70.6483,Santiago Stadium,Stadium,nan,0,41055,44727,91.79,False,7462156.8,181.76,Premium ($150-$250),4,True,Synthetic (Industry Model)
CNC-2594,Kendrick Lamar,Kendrick Lamar — 2022 Tour,Hip-Hop,Major Touring Artist,2022-10-11,2022,10,October,Tuesday,False,Fall,Tokyo,Japan,Asia,Tier 1 Global Mega-City,35.6762,139.6503,Tokyo Arena,Large Arena,Opener 1,2,13835,16948,81.63,False,1472044.0,106.4,Standard ($75-$150),1,False,Synthetic (Industry Model)
CNC-2595,Kendrick Lamar,Kendrick Lamar — 2022 Tour,Hip-Hop,Major Touring Artist,2022-09-11,2022,9,September,Sunday,True,Fall,Denver,United States,North America,Tier 2 Major Regional Market,39.7392,-104.9903,Denver Stadium,Stadium,Opener 2,1,34088,35739,95.38,True,4682668.56,137.37,Standard ($75-$150),2,True,Synthetic (Industry Model)
CNC-2596,Tyler the Creator,Tyler the Creator — 2024 Tour,Hip-Hop / Alternative,Major Touring Artist,2024-05-12,2024,5,May,Sunday,True,Autumn,Bogota,Colombia,Latin America,Tier 2 Major Regional Market,4.711,-74.0721,Bogota Stadium,Stadium,Opener 1,2,22939,25590,89.64,False,2360193.71,102.89,Standard ($75-$150),1,False,Synthetic (Industry Model)
CNC-2597,Tyler the Creator,Tyler the Creator — 2024 Tour,Hip-Hop / Alternative,Major Touring Artist,2024-05-17,2024,5,May,Friday,True,Spring,Vancouver,Canada,North America,Tier 2 Major Regional Market,49.2827,-123.1207,Vancouver Arena,Large Arena,Opener 2,2,21027,21027,100.0,True,2287317.06,108.78,Standard ($75-$150),1,False,Synthetic (Industry Model)
CNC-2598,Tyler the Creator,Tyler the Creator — 2024 Tour,Hip-Hop / Alternative,Major Touring Artist,2024-05-18,2024,5,May,Saturday,True,Spring,Lisbon,Portugal,Europe,Tier 2 Major Regional Market,38.7223,-9.1393,Lisbon Arena,Large Arena,Opener 3,2,22428,22607,99.21,True,2780399.16,123.97,Standard ($75-$150),1,False,Synthetic (Industry Model)
CNC-2599,Tyler the Creator,Tyler the Creator — 2024 Tour,Hip-Hop / Alternative,Major Touring Artist,2024-05-24,2024,5,May,Friday,True,Spring,Warsaw,Poland,Europe,Tier 3 Emerging / Secondary Market,52.2297,21.0122,Warsaw Stadium,Stadium,nan,0,23492,29006,80.99,False,3158734.32,134.46,Standard ($75-$150),1,False,Synthetic (Industry Model)
CNC-2600,Tyler the Creator,Tyler the Creator — 2024 Tour,Hip-Hop / Alternative,Major Touring Artist,2024-05-20,2024,5,May,Monday,False,Spring,Atlanta,United States,North America,Tier 2 Major Regional Market,33.749,-84.388,Atlanta Arena,Large Arena,Opener 2,1,21206,24516,86.5,False,2680226.34,126.39,Standard ($75-$150),1,False,Synthetic (Industry Model)
CNC-2601,Tyler the Creator,Tyler the Creator — 2024 Tour,Hip-Hop / Alternative,Major Touring Artist,2024-06-01,2024,6,June,Saturday,True,Summer,Lisbon,Portugal,Europe,Tier 2 Major Regional Market,38.7223,-9.1393,Lisbon Arena,Large Arena,Opener 3,1,20557,22298,92.19,False,2401674.31,116.83,Standard ($75-$150),2,True,Synthetic (Industry Model)
CNC-2602,Tyler the Creator,Tyler the Creator — 2024 Tour,Hip-Hop / Alternative,Major Touring Artist,2024-05-30,2024,5,May,Thursday,False,Spring,Oslo,Norway,Europe,Tier 2 Major Regional Market,59.9139,10.7522,Oslo Stadium,Stadium,Opener 1,1,26693,29087,91.77,False,3383604.68,126.76,Standard ($75-$150),1,False,Synthetic (Industry Model)
CNC-2603,Tyler the Creator,Tyler the Creator — 2024 Tour,Hip-Hop / Alternative,Major Touring Artist,2024-06-16,2024,6,June,Sunday,True,Summer,Oslo,Norway,Europe,Tier 2 Major Regional Market,59.9139,10.7522,Oslo Stadium,Stadium,nan,0,29871,34738,85.99,False,4375802.79,146.49,Standard ($75-$150),2,True,Synthetic (Industry Model)
CNC-2604,Tyler the Creator,Tyler the Creator — 2024 Tour,Hip-Hop / Alternative,Major Touring Artist,2024-05-28,2024,5,May,Tuesday,False,Spring,Boston,United States,North America,Tier 2 Major Regional Market,42.3601,-71.0589,Boston Arena,Large Arena,Opener 3,2,11816,14919,79.2,False,912667.84,77.24,Standard ($75-$150),1,False,Synthetic (Industry Model)
CNC-2605,Tyler the Creator,Tyler the Creator — 2024 Tour,Hip-Hop / Alternative,Major Touring Artist,2024-06-17,2024,6,June,Monday,False,Summer,Lisbon,Portugal,Europe,Tier 2 Major Regional Market,38.7223,-9.1393,Lisbon Stadium,Stadium,Opener 1,2,25226,29264,86.2,False,3753124.28,148.78,Standard ($75-$150),3,True,Synthetic (Industry Model)
CNC-2606,Tyler the Creator,Tyler the Creator — 2024 Tour,Hip-Hop / Alternative,Major Touring Artist,2024-07-01,2024,7,July,Monday,False,Winter,Mexico City,Mexico,Latin America,Tier 1 Global Mega-City,19.4326,-99.1332,Mexico City Arena,Large Arena,Opener 2,2,11899,12963,91.79,False,1085188.8,91.2,Standard ($75-$150),1,False,Synthetic (Industry Model)
CNC-2607,Tyler the Creator,Tyler the Creator — 2024 Tour,Hip-Hop / Alternative,Major Touring Artist,2024-06-14,2024,6,June,Friday,True,Summer,Columbus,United States,North America,Tier 3 Emerging / Secondary Market,39.9612,-82.9988,Columbus Arena,Large Arena,Opener 3,1,12033,13204,91.13,False,1015705.53,84.41,Standard ($75-$150),1,False,Synthetic (Industry Model)
CNC-2608,Tyler the Creator,Tyler the Creator — 2024 Tour,Hip-Hop / Alternative,Major Touring Artist,2024-06-17,2024,6,June,Monday,False,Winter,Buenos Aires,Argentina,Latin America,Tier 2 Major Regional Market,-34.6037,-58.3816,Buenos Aires Stadium,Stadium,Opener 1,1,29244,30555,95.71,True,4061406.72,138.88,Standard ($75-$150),1,False,Synthetic (Industry Model)
CNC-2609,Tyler the Creator,Tyler the Creator — 2024 Tour,Hip-Hop / Alternative,Major Touring Artist,2024-06-07,2024,6,June,Friday,True,Summer,Los Angeles,United States,North America,Tier 1 Global Mega-City,34.0522,-118.2437,Los Angeles Arena,Large Arena,Opener 2,1,20796,20796,100.0,True,2144483.52,103.12,Standard ($75-$150),1,False,Synthetic (Industry Model)
CNC-2610,Tyler the Creator,Tyler the Creator — 2024 Tour,Hip-Hop / Alternative,Major Touring Artist,2024-06-09,2024,6,June,Sunday,True,Summer,Bangkok,Thailand,Asia,Tier 2 Major Regional Market,13.7563,100.5018,Bangkok Stadium,Stadium,nan,0,23792,25365,93.8,False,3029435.36,127.33,Standard ($75-$150),1,False,Synthetic (Industry Model)
CNC-2611,Tyler the Creator,Tyler the Creator — 2024 Tour,Hip-Hop / Alternative,Major Touring Artist,2024-07-11,2024,7,July,Thursday,False,Summer,Toronto,Canada,North America,Tier 1 Global Mega-City,43.6532,-79.3832,Toronto Arena,Large Arena,nan,0,13665,15589,87.66,False,1190084.85,87.09,Standard ($75-$150),1,False,Synthetic (Industry Model)
CNC-2612,Tyler the Creator,Tyler the Creator — 2024 Tour,Hip-Hop / Alternative,Major Touring Artist,2024-07-31,2024,7,July,Wednesday,False,Winter,Sao Paulo,Brazil,Latin America,Tier 1 Global Mega-City,-23.5505,-46.6333,Sao Paulo Stadium,Stadium,Opener 2,2,25735,25735,100.0,True,3150736.05,122.43,Standard ($75-$150),1,False,Synthetic (Industry Model)
CNC-2613,Tyler the Creator,Tyler the Creator — 2024 Tour,Hip-Hop / Alternative,Major Touring Artist,2024-08-05,2024,8,August,Monday,False,Winter,Auckland,New Zealand,Oceania,Tier 2 Major Regional Market,-36.8485,174.7633,Auckland Arena,Arena,Opener 3,2,10864,11485,94.59,False,811866.72,74.73,Budget (<$75),1,False,Synthetic (Industry Model)
CNC-2614,Tyler the Creator,Tyler the Creator — 2024 Tour,Hip-Hop / Alternative,Major Touring Artist,2024-07-05,2024,7,July,Friday,True,Summer,Nashville,United States,North America,Tier 2 Major Regional Market,36.1627,-86.7816,Nashville Stadium,Stadium,nan,0,22881,26774,85.46,False,3085502.85,134.85,Standard ($75-$150),1,False,Synthetic (Industry Model)
CNC-2615,Tyler the Creator,Tyler the Creator — 2024 Tour,Hip-Hop / Alternative,Major Touring Artist,2024-07-08,2024,7,July,Monday,False,Summer,Philadelphia,United States,North America,Tier 2 Major Regional Market,39.9526,-75.1652,Philadelphia Arena,Large Arena,Opener 2,2,15641,15641,100.0,True,1437095.08,91.88,Standard ($75-$150),1,False,Synthetic (Industry Model)
CNC-2616,Tyler the Creator,Tyler the Creator — 2024 Tour,Hip-Hop / Alternative,Major Touring Artist,2024-07-31,2024,7,July,Wednesday,False,Summer,Copenhagen,Denmark,Europe,Tier 2 Major Regional Market,55.6761,12.5683,Copenhagen Stadium,Stadium,Opener 3,2,24693,33034,74.75,False,3699752.19,149.83,Standard ($75-$150),1,False,Synthetic (Industry Model)
CNC-2617,Tyler the Creator,Tyler the Creator — 2024 Tour,Hip-Hop / Alternative,Major Touring Artist,2024-08-04,2024,8,August,Sunday,True,Summer,Warsaw,Poland,Europe,Tier 3 Emerging / Secondary Market,52.2297,21.0122,Warsaw Arena,Large Arena,Opener 1,2,15100,17485,86.36,False,1355678.0,89.78,Standard ($75-$150),2,True,Synthetic (Industry Model)
CNC-2618,Tyler the Creator,Tyler the Creator — 2024 Tour,Hip-Hop / Alternative,Major Touring Artist,2024-07-17,2024,7,July,Wednesday,False,Summer,Los Angeles,United States,North America,Tier 1 Global Mega-City,34.0522,-118.2437,Los Angeles Arena,Large Arena,nan,0,18583,20507,90.62,False,1924083.82,103.54,Standard ($75-$150),2,True,Synthetic (Industry Model)
CNC-2619,Tyler the Creator,Tyler the Creator — 2024 Tour,Hip-Hop / Alternative,Major Touring Artist,2024-07-20,2024,7,July,Saturday,True,Winter,Mexico City,Mexico,Latin America,Tier 1 Global Mega-City,19.4326,-99.1332,Mexico City Arena,Large Arena,Opener 3,2,17308,18555,93.28,False,1794320.36,103.67,Standard ($75-$150),2,True,Synthetic (Industry Model)
CNC-2620,Tyler the Creator,Tyler the Creator — 2024 Tour,Hip-Hop / Alternative,Major Touring Artist,2024-09-09,2024,9,September,Monday,False,Fall,Stockholm,Sweden,Europe,Tier 2 Major Regional Market,59.3293,18.0686,Stockholm Arena,Arena,Opener 1,1,8796,10133,86.81,False,551773.08,62.73,Budget (<$75),1,False,Synthetic (Industry Model)
CNC-2621,Tyler the Creator,Tyler the Creator — 2024 Tour,Hip-Hop / Alternative,Major Touring Artist,2024-09-14,2024,9,September,Saturday,True,Fall,Lisbon,Portugal,Europe,Tier 2 Major Regional Market,38.7223,-9.1393,Lisbon Stadium,Stadium,nan,0,25572,27488,93.03,False,3303902.4,129.2,Standard ($75-$150),4,True,Synthetic (Industry Model)
CNC-2622,Tyler the Creator,Tyler the Creator — 2024 Tour,Hip-Hop / Alternative,Major Touring Artist,2024-09-19,2024,9,September,Thursday,False,Fall,Kansas City,United States,North America,Tier 3 Emerging / Secondary Market,39.0997,-94.5786,Kansas City Stadium,Stadium,Opener 3,2,18425,25208,73.09,False,2276593.0,123.56,Standard ($75-$150),1,False,Synthetic (Industry Model)
CNC-2623,Tyler the Creator,Tyler the Creator — 2024 Tour,Hip-Hop / Alternative,Major Touring Artist,2024-08-28,2024,8,August,Wednesday,False,Summer,Nashville,United States,North America,Tier 2 Major Regional Market,36.1627,-86.7816,Nashville Stadium,Stadium,Opener 1,2,26877,28447,94.48,False,3330866.61,123.93,Standard ($75-$150),2,True,Synthetic (Industry Model)
CNC-2624,Tyler the Creator,Tyler the Creator — 2024 Tour,Hip-Hop / Alternative,Major Touring Artist,2024-09-29,2024,9,September,Sunday,True,Fall,Seoul,South Korea,Asia,Tier 1 Global Mega-City,37.5665,126.978,Seoul Stadium,Stadium,nan,0,26694,26915,99.18,True,3666687.84,137.36,Standard ($75-$150),1,False,Synthetic (Industry Model)
CNC-2625,Tyler the Creator,Tyler the Creator — 2024 Tour,Hip-Hop / Alternative,Major Touring Artist,2024-07-09,2024,7,July,Tuesday,False,Summer,Paris,France,Europe,Tier 1 Global Mega-City,48.8566,2.3522,Paris Arena,Large Arena,Opener 3,2,16293,19087,85.36,False,1740744.12,106.84,Standard ($75-$150),1,False,Synthetic (Industry Model)
CNC-2626,Tyler the Creator,Tyler the Creator — 2024 Tour,Hip-Hop / Alternative,Major Touring Artist,2024-07-11,2024,7,July,Thursday,False,Summer,Amsterdam,Netherlands,Europe,Tier 1 Global Mega-City,52.3676,4.9041,Amsterdam Arena,Large Arena,nan,0,14422,15221,94.75,False,1304902.56,90.48,Standard ($75-$150),1,False,Synthetic (Industry Model)
CNC-2627,Tyler the Creator,Tyler the Creator — 2024 Tour,Hip-Hop / Alternative,Major Touring Artist,2024-10-14,2024,10,October,Monday,False,Fall,Madrid,Spain,Europe,Tier 2 Major Regional Market,40.4168,-3.7038,Madrid Stadium,Stadium,Opener 2,2,25685,28222,91.01,False,3279717.65,127.69,Standard ($75-$150),1,False,Synthetic (Industry Model)
CNC-2628,Tyler the Creator,Tyler the Creator — 2024 Tour,Hip-Hop / Alternative,Major Touring Artist,2024-10-19,2024,10,October,Saturday,True,Fall,Boston,United States,North America,Tier 2 Major Regional Market,42.3601,-71.0589,Boston Arena,Large Arena,Opener 3,1,11883,13508,87.97,False,870548.58,73.26,Budget (<$75),2,True,Synthetic (Industry Model)
CNC-2629,Tyler the Creator,Tyler the Creator — 2024 Tour,Hip-Hop / Alternative,Major Touring Artist,2024-08-19,2024,8,August,Monday,False,Summer,Paris,France,Europe,Tier 1 Global Mega-City,48.8566,2.3522,Paris Arena,Large Arena,Opener 1,1,13906,13906,100.0,True,1321626.24,95.04,Standard ($75-$150),2,True,Synthetic (Industry Model)
CNC-2630,Tyler the Creator,Tyler the Creator — 2024 Tour,Hip-Hop / Alternative,Major Touring Artist,2024-08-22,2024,8,August,Thursday,False,Summer,Amsterdam,Netherlands,Europe,Tier 1 Global Mega-City,52.3676,4.9041,Amsterdam Arena,Large Arena,nan,0,14320,14320,100.0,True,1219777.6,85.18,Standard ($75-$150),2,True,Synthetic (Industry Model)
CNC-2631,Tyler the Creator,Tyler the Creator — 2024 Tour,Hip-Hop / Alternative,Major Touring Artist,2024-09-29,2024,9,September,Sunday,True,Fall,Columbus,United States,North America,Tier 3 Emerging / Secondary Market,39.9612,-82.9988,Columbus Arena,Large Arena,Opener 3,1,16735,20882,80.14,False,1649066.9,98.54,Standard ($75-$150),2,True,Synthetic (Industry Model)
CNC-2632,Tyler the Creator,Tyler the Creator — 2024 Tour,Hip-Hop / Alternative,Major Touring Artist,2024-07-23,2024,7,July,Tuesday,False,Summer,Seattle,United States,North America,Tier 2 Major Regional Market,47.6062,-122.3321,Seattle Arena,Large Arena,Opener 1,1,21283,23161,91.89,False,2368372.24,111.28,Standard ($75-$150),1,False,Synthetic (Industry Model)
CNC-2633,Tyler the Creator,Tyler the Creator — 2024 Tour,Hip-Hop / Alternative,Major Touring Artist,2024-07-25,2024,7,July,Thursday,False,Summer,Bangkok,Thailand,Asia,Tier 2 Major Regional Market,13.7563,100.5018,Bangkok Arena,Large Arena,Opener 2,2,10797,13356,80.84,False,964819.92,89.36,Standard ($75-$150),2,True,Synthetic (Industry Model)
CNC-2634,Sabrina Carpenter,Sabrina Carpenter — 2023 Tour,Pop,Major Touring Artist,2023-05-15,2023,5,May,Monday,False,Spring,Dublin,Ireland,Europe,Tier 2 Major Regional Market,53.3498,-6.2603,Dublin Stadium,Stadium,Opener 1,1,28027,30273,92.58,False,4545138.59,162.17,Premium ($150-$250),1,False,Synthetic (Industry Model)
CNC-2635,Sabrina Carpenter,Sabrina Carpenter — 2023 Tour,Pop,Major Touring Artist,2023-05-18,2023,5,May,Thursday,False,Spring,Manila,Philippines,Asia,Tier 3 Emerging / Secondary Market,14.5995,120.9842,Manila Arena,Large Arena,nan,0,11519,14002,82.27,False,1078293.59,93.61,Standard ($75-$150),1,False,Synthetic (Industry Model)
CNC-2636,Sabrina Carpenter,Sabrina Carpenter — 2023 Tour,Pop,Major Touring Artist,2023-05-25,2023,5,May,Thursday,False,Spring,Barcelona,Spain,Europe,Tier 2 Major Regional Market,41.3851,2.1734,Barcelona Arena,Large Arena,Opener 3,2,13736,14435,95.16,True,1548871.36,112.76,Standard ($75-$150),1,False,Synthetic (Industry Model)
CNC-2637,Sabrina Carpenter,Sabrina Carpenter — 2023 Tour,Pop,Major Touring Artist,2023-05-27,2023,5,May,Saturday,True,Spring,Manchester,United Kingdom,Europe,Tier 2 Major Regional Market,53.4808,-2.2426,Manchester Arena,Large Arena,Opener 1,1,23593,23593,100.0,True,2949832.79,125.03,Standard ($75-$150),1,False,Synthetic (Industry Model)
CNC-2638,Sabrina Carpenter,Sabrina Carpenter — 2023 Tour,Pop,Major Touring Artist,2023-05-31,2023,5,May,Wednesday,False,Spring,Stockholm,Sweden,Europe,Tier 2 Major Regional Market,59.3293,18.0686,Stockholm Arena,Large Arena,nan,0,15737,16865,93.31,False,1939427.88,123.24,Standard ($75-$150),1,False,Synthetic (Industry Model)
CNC-2639,Sabrina Carpenter,Sabrina Carpenter — 2023 Tour,Pop,Major Touring Artist,2023-06-09,2023,6,June,Friday,True,Summer,Bangkok,Thailand,Asia,Tier 2 Major Regional Market,13.7563,100.5018,Bangkok Arena,Large Arena,nan,0,18161,18663,97.31,True,2185857.96,120.36,Standard ($75-$150),1,False,Synthetic (Industry Model)
CNC-2640,Sabrina Carpenter,Sabrina Carpenter — 2023 Tour,Pop,Major Touring Artist,2023-06-08,2023,6,June,Thursday,False,Summer,Berlin,Germany,Europe,Tier 1 Global Mega-City,52.52,13.405,Berlin Arena,Large Arena,Opener 1,2,17929,17929,100.0,True,2027769.9,113.1,Standard ($75-$150),1,False,Synthetic (Industry Model)
CNC-2641,Sabrina Carpenter,Sabrina Carpenter — 2023 Tour,Pop,Major Touring Artist,2023-06-19,2023,6,June,Monday,False,Summer,Manila,Philippines,Asia,Tier 3 Emerging / Secondary Market,14.5995,120.9842,Manila Stadium,Stadium,nan,0,22773,29819,76.37,False,3566707.26,156.62,Premium ($150-$250),2,True,Synthetic (Industry Model)
CNC-2642,Sabrina Carpenter,Sabrina Carpenter — 2023 Tour,Pop,Major Touring Artist,2023-05-31,2023,5,May,Wednesday,False,Autumn,Melbourne,Australia,Oceania,Tier 2 Major Regional Market,-37.8136,144.9631,Melbourne Arena,Large Arena,nan,0,12889,15319,84.14,False,1385309.72,107.48,Standard ($75-$150),1,False,Synthetic (Industry Model)
CNC-2643,Sabrina Carpenter,Sabrina Carpenter — 2023 Tour,Pop,Major Touring Artist,2023-06-20,2023,6,June,Tuesday,False,Winter,Auckland,New Zealand,Oceania,Tier 2 Major Regional Market,-36.8485,174.7633,Auckland Arena,Large Arena,Opener 1,2,11844,12661,93.55,False,1203587.28,101.62,Standard ($75-$150),1,False,Synthetic (Industry Model)
CNC-2644,Sabrina Carpenter,Sabrina Carpenter — 2023 Tour,Pop,Major Touring Artist,2023-06-24,2023,6,June,Saturday,True,Summer,Richmond,United States,North America,Tier 3 Emerging / Secondary Market,37.5407,-77.436,Richmond Stadium,Stadium,nan,0,34007,38039,89.4,False,5909736.46,173.78,Premium ($150-$250),1,False,Synthetic (Industry Model)
CNC-2645,Sabrina Carpenter,Sabrina Carpenter — 2023 Tour,Pop,Major Touring Artist,2023-06-06,2023,6,June,Tuesday,False,Summer,Paris,France,Europe,Tier 1 Global Mega-City,48.8566,2.3522,Paris Stadium,Stadium,Opener 3,1,29697,29697,100.0,True,4517507.64,152.12,Premium ($150-$250),1,False,Synthetic (Industry Model)
CNC-2646,Sabrina Carpenter,Sabrina Carpenter — 2023 Tour,Pop,Major Touring Artist,2023-07-14,2023,7,July,Friday,True,Summer,Copenhagen,Denmark,Europe,Tier 2 Major Regional Market,55.6761,12.5683,Copenhagen Arena,Large Arena,nan,0,14282,14381,99.31,True,1483614.16,103.88,Standard ($75-$150),1,False,Synthetic (Industry Model)
CNC-2647,Sabrina Carpenter,Sabrina Carpenter — 2023 Tour,Pop,Major Touring Artist,2023-07-06,2023,7,July,Thursday,False,Summer,Miami,United States,North America,Tier 2 Major Regional Market,25.7617,-80.1918,Miami Arena,Large Arena,Opener 2,2,24137,24137,100.0,True,3566241.75,147.75,Standard ($75-$150),1,False,Synthetic (Industry Model)
CNC-2648,Sabrina Carpenter,Sabrina Carpenter — 2023 Tour,Pop,Major Touring Artist,2023-06-12,2023,6,June,Monday,False,Summer,Stockholm,Sweden,Europe,Tier 2 Major Regional Market,59.3293,18.0686,Stockholm Arena,Large Arena,Opener 3,2,22939,22996,99.75,True,3287846.87,143.33,Standard ($75-$150),2,True,Synthetic (Industry Model)
CNC-2649,Sabrina Carpenter,Sabrina Carpenter — 2023 Tour,Pop,Major Touring Artist,2023-07-29,2023,7,July,Saturday,True,Summer,Toronto,Canada,North America,Tier 1 Global Mega-City,43.6532,-79.3832,Toronto Arena,Large Arena,Opener 1,2,18948,18948,100.0,True,2511367.92,132.54,Standard ($75-$150),1,False,Synthetic (Industry Model)
CNC-2650,Sabrina Carpenter,Sabrina Carpenter — 2023 Tour,Pop,Major Touring Artist,2023-07-18,2023,7,July,Tuesday,False,Summer,Dublin,Ireland,Europe,Tier 2 Major Regional Market,53.3498,-6.2603,Dublin Stadium,Stadium,nan,0,23360,26645,87.67,False,3642524.8,155.93,Premium ($150-$250),2,True,Synthetic (Industry Model)
CNC-2651,Sabrina Carpenter,Sabrina Carpenter — 2023 Tour,Pop,Major Touring Artist,2023-07-05,2023,7,July,Wednesday,False,Winter,Auckland,New Zealand,Oceania,Tier 2 Major Regional Market,-36.8485,174.7633,Auckland Stadium,Stadium,nan,0,24214,27161,89.15,False,3450495.0,142.5,Standard ($75-$150),2,True,Synthetic (Industry Model)
CNC-2652,Sabrina Carpenter,Sabrina Carpenter — 2023 Tour,Pop,Major Touring Artist,2023-06-20,2023,6,June,Tuesday,False,Summer,Vancouver,Canada,North America,Tier 2 Major Regional Market,49.2827,-123.1207,Vancouver Stadium,Stadium,Opener 1,2,26590,27055,98.28,True,3952071.7,148.63,Standard ($75-$150),1,False,Synthetic (Industry Model)
CNC-2653,Sabrina Carpenter,Sabrina Carpenter — 2023 Tour,Pop,Major Touring Artist,2023-08-18,2023,8,August,Friday,True,Winter,Santiago,Chile,Latin America,Tier 2 Major Regional Market,-33.4569,-70.6483,Santiago Arena,Large Arena,Opener 2,2,15409,15409,100.0,True,1785132.65,115.85,Standard ($75-$150),1,False,Synthetic (Industry Model)
CNC-2654,Sabrina Carpenter,Sabrina Carpenter — 2023 Tour,Pop,Major Touring Artist,2023-07-14,2023,7,July,Friday,True,Summer,Madrid,Spain,Europe,Tier 2 Major Regional Market,40.4168,-3.7038,Madrid Arena,Large Arena,Opener 3,2,14966,14966,100.0,True,1696845.08,113.38,Standard ($75-$150),1,False,Synthetic (Industry Model)
CNC-2655,Sabrina Carpenter,Sabrina Carpenter — 2023 Tour,Pop,Major Touring Artist,2023-08-28,2023,8,August,Monday,False,Summer,Houston,United States,North America,Tier 2 Major Regional Market,29.7604,-95.3698,Houston Arena,Large Arena,Opener 1,2,12933,13588,95.18,True,1280884.32,99.04,Standard ($75-$150),1,False,Synthetic (Industry Model)
CNC-2656,Sabrina Carpenter,Sabrina Carpenter — 2023 Tour,Pop,Major Touring Artist,2023-07-20,2023,7,July,Thursday,False,Winter,Bogota,Colombia,Latin America,Tier 2 Major Regional Market,4.711,-74.0721,Bogota Stadium,Stadium,Opener 2,2,39567,39567,100.0,True,7813691.16,197.48,Premium ($150-$250),1,False,Synthetic (Industry Model)
CNC-2657,Sabrina Carpenter,Sabrina Carpenter — 2023 Tour,Pop,Major Touring Artist,2023-07-23,2023,7,July,Sunday,True,Summer,London,United Kingdom,Europe,Tier 1 Global Mega-City,51.5074,-0.1278,London Arena,Large Arena,Opener 3,2,16441,16514,99.56,True,1766256.63,107.43,Standard ($75-$150),1,False,Synthetic (Industry Model)
CNC-2658,Sabrina Carpenter,Sabrina Carpenter — 2023 Tour,Pop,Major Touring Artist,2023-07-02,2023,7,July,Sunday,True,Summer,Tokyo,Japan,Asia,Tier 1 Global Mega-City,35.6762,139.6503,Tokyo Arena,Large Arena,nan,0,23193,23861,97.2,True,2908866.06,125.42,Standard ($75-$150),1,False,Synthetic (Industry Model)
CNC-2659,Sabrina Carpenter,Sabrina Carpenter — 2023 Tour,Pop,Major Touring Artist,2023-07-04,2023,7,July,Tuesday,False,Summer,Columbus,United States,North America,Tier 3 Emerging / Secondary Market,39.9612,-82.9988,Columbus Arena,Large Arena,Opener 2,1,14599,20643,70.72,False,1823561.09,124.91,Standard ($75-$150),1,False,Synthetic (Industry Model)
CNC-2660,Sabrina Carpenter,Sabrina Carpenter — 2023 Tour,Pop,Major Touring Artist,2023-08-01,2023,8,August,Tuesday,False,Winter,Sao Paulo,Brazil,Latin America,Tier 1 Global Mega-City,-23.5505,-46.6333,Sao Paulo Stadium,Stadium,Opener 3,1,25548,26144,97.72,True,3681211.32,144.09,Standard ($75-$150),1,False,Synthetic (Industry Model)
CNC-2661,Sabrina Carpenter,Sabrina Carpenter — 2023 Tour,Pop,Major Touring Artist,2023-07-08,2023,7,July,Saturday,True,Winter,Brisbane,Australia,Oceania,Tier 2 Major Regional Market,-27.4698,153.0251,Brisbane Stadium,Stadium,Opener 1,2,35300,35300,100.0,True,6147848.0,174.16,Premium ($150-$250),1,False,Synthetic (Industry Model)
CNC-2662,Sabrina Carpenter,Sabrina Carpenter — 2023 Tour,Pop,Major Touring Artist,2023-10-02,2023,10,October,Monday,False,Fall,Miami,United States,North America,Tier 2 Major Regional Market,25.7617,-80.1918,Miami Stadium,Stadium,nan,0,31879,34349,92.81,False,5709847.69,179.11,Premium ($150-$250),2,True,Synthetic (Industry Model)
CNC-2663,Sabrina Carpenter,Sabrina Carpenter — 2023 Tour,Pop,Major Touring Artist,2023-09-08,2023,9,September,Friday,True,Fall,Dublin,Ireland,Europe,Tier 2 Major Regional Market,53.3498,-6.2603,Dublin Arena,Large Arena,Opener 3,2,19199,20106,95.49,True,2343429.94,122.06,Standard ($75-$150),3,True,Synthetic (Industry Model)
CNC-2664,Sabrina Carpenter,Sabrina Carpenter — 2023 Tour,Pop,Major Touring Artist,2023-10-12,2023,10,October,Thursday,False,Fall,Dublin,Ireland,Europe,Tier 2 Major Regional Market,53.3498,-6.2603,Dublin Stadium,Stadium,nan,0,32419,34309,94.49,False,5763449.82,177.78,Premium ($150-$250),4,True,Synthetic (Industry Model)
CNC-2665,Sabrina Carpenter,Sabrina Carpenter — 2023 Tour,Pop,Major Touring Artist,2023-08-16,2023,8,August,Wednesday,False,Summer,Chicago,United States,North America,Tier 1 Global Mega-City,41.8781,-87.6298,Chicago Arena,Large Arena,Opener 2,2,24706,24706,100.0,True,3616711.34,146.39,Standard ($75-$150),1,False,Synthetic (Industry Model)
CNC-2666,Sabrina Carpenter,Sabrina Carpenter — 2023 Tour,Pop,Major Touring Artist,2023-10-22,2023,10,October,Sunday,True,Fall,Seattle,United States,North America,Tier 2 Major Regional Market,47.6062,-122.3321,Seattle Stadium,Stadium,Opener 3,2,34081,34798,97.94,True,6663517.12,195.52,Premium ($150-$250),1,False,Synthetic (Industry Model)
CNC-2667,Sabrina Carpenter,Sabrina Carpenter — 2023 Tour,Pop,Major Touring Artist,2023-08-22,2023,8,August,Tuesday,False,Summer,Salt Lake City,United States,North America,Tier 3 Emerging / Secondary Market,40.7608,-111.891,Salt Lake City Arena,Large Arena,Opener 1,1,15477,22984,67.34,False,2064786.57,133.41,Standard ($75-$150),1,False,Synthetic (Industry Model)
CNC-2668,Sabrina Carpenter,Sabrina Carpenter — 2023 Tour,Pop,Major Touring Artist,2023-11-01,2023,11,November,Wednesday,False,Fall,Manchester,United Kingdom,Europe,Tier 2 Major Regional Market,53.4808,-2.2426,Manchester Stadium,Stadium,Opener 2,1,26750,30460,87.82,False,4559805.0,170.46,Premium ($150-$250),2,True,Synthetic (Industry Model)
CNC-2669,Sabrina Carpenter,Sabrina Carpenter — 2023 Tour,Pop,Major Touring Artist,2023-11-06,2023,11,November,Monday,False,Fall,Amsterdam,Netherlands,Europe,Tier 1 Global Mega-City,52.3676,4.9041,Amsterdam Arena,Large Arena,nan,0,16628,18219,91.27,False,1978732.0,119.0,Standard ($75-$150),1,False,Synthetic (Industry Model)
CNC-2670,Sabrina Carpenter,Sabrina Carpenter — 2023 Tour,Pop,Major Touring Artist,2023-07-26,2023,7,July,Wednesday,False,Summer,Warsaw,Poland,Europe,Tier 3 Emerging / Secondary Market,52.2297,21.0122,Warsaw Stadium,Stadium,Opener 1,2,21132,29236,72.28,False,3355972.92,158.81,Premium ($150-$250),1,False,Synthetic (Industry Model)
CNC-2671,Sabrina Carpenter,Sabrina Carpenter — 2023 Tour,Pop,Major Touring Artist,2023-09-03,2023,9,September,Sunday,True,Fall,Brussels,Belgium,Europe,Tier 2 Major Regional Market,50.8503,4.3517,Brussels Stadium,Stadium,Opener 2,2,24580,26464,92.88,False,3587205.2,145.94,Standard ($75-$150),1,False,Synthetic (Industry Model)
CNC-2672,Chappell Roan,Chappell Roan — 2024 Tour,Pop / Camp Pop,Major Touring Artist,2024-09-06,2024,9,September,Friday,True,Fall,Philadelphia,United States,North America,Tier 2 Major Regional Market,39.9526,-75.1652,Philadelphia Arena,Large Arena,Opener 1,2,21136,22642,93.35,False,2874284.64,135.99,Standard ($75-$150),1,False,Synthetic (Industry Model)
CNC-2673,Chappell Roan,Chappell Roan — 2024 Tour,Pop / Camp Pop,Major Touring Artist,2024-09-10,2024,9,September,Tuesday,False,Fall,Salt Lake City,United States,North America,Tier 3 Emerging / Secondary Market,40.7608,-111.891,Salt Lake City Stadium,Stadium,nan,0,17285,26719,64.69,False,2564748.3,148.38,Standard ($75-$150),1,False,Synthetic (Industry Model)
CNC-2674,Chappell Roan,Chappell Roan — 2024 Tour,Pop / Camp Pop,Major Touring Artist,2024-09-10,2024,9,September,Tuesday,False,Fall,Barcelona,Spain,Europe,Tier 2 Major Regional Market,41.3851,2.1734,Barcelona Arena,Large Arena,Opener 3,1,12560,12979,96.77,True,1338644.8,106.58,Standard ($75-$150),1,False,Synthetic (Industry Model)
CNC-2675,Chappell Roan,Chappell Roan — 2024 Tour,Pop / Camp Pop,Major Touring Artist,2024-09-18,2024,9,September,Wednesday,False,Fall,Brussels,Belgium,Europe,Tier 2 Major Regional Market,50.8503,4.3517,Brussels Arena,Large Arena,Opener 1,1,12431,15059,82.55,False,1251304.46,100.66,Standard ($75-$150),1,False,Synthetic (Industry Model)
CNC-2676,Chappell Roan,Chappell Roan — 2024 Tour,Pop / Camp Pop,Major Touring Artist,2024-09-14,2024,9,September,Saturday,True,Fall,Salt Lake City,United States,North America,Tier 3 Emerging / Secondary Market,40.7608,-111.891,Salt Lake City Stadium,Stadium,nan,0,24413,30751,79.39,False,3742757.03,153.31,Premium ($150-$250),2,True,Synthetic (Industry Model)
CNC-2677,Chappell Roan,Chappell Roan — 2024 Tour,Pop / Camp Pop,Major Touring Artist,2024-09-26,2024,9,September,Thursday,False,Fall,Boston,United States,North America,Tier 2 Major Regional Market,42.3601,-71.0589,Boston Stadium,Stadium,Opener 3,2,29482,30029,98.18,True,4667295.42,158.31,Premium ($150-$250),1,False,Synthetic (Industry Model)
CNC-2678,Chappell Roan,Chappell Roan — 2024 Tour,Pop / Camp Pop,Major Touring Artist,2024-10-06,2024,10,October,Sunday,True,Spring,Buenos Aires,Argentina,Latin America,Tier 2 Major Regional Market,-34.6037,-58.3816,Buenos Aires Arena,Large Arena,Opener 1,1,20761,22530,92.15,False,2685850.57,129.37,Standard ($75-$150),1,False,Synthetic (Industry Model)
CNC-2679,Chappell Roan,Chappell Roan — 2024 Tour,Pop / Camp Pop,Major Touring Artist,2024-10-04,2024,10,October,Friday,True,Fall,Columbus,United States,North America,Tier 3 Emerging / Secondary Market,39.9612,-82.9988,Columbus Arena,Large Arena,Opener 2,1,16266,18859,86.25,False,1893525.06,116.41,Standard ($75-$150),1,False,Synthetic (Industry Model)
CNC-2680,Chappell Roan,Chappell Roan — 2024 Tour,Pop / Camp Pop,Major Touring Artist,2024-10-16,2024,10,October,Wednesday,False,Fall,Columbus,United States,North America,Tier 3 Emerging / Secondary Market,39.9612,-82.9988,Columbus Stadium,Stadium,nan,0,14558,26010,55.97,False,2131436.78,146.41,Standard ($75-$150),2,True,Synthetic (Industry Model)
CNC-2681,Chappell Roan,Chappell Roan — 2024 Tour,Pop / Camp Pop,Major Touring Artist,2024-10-03,2024,10,October,Thursday,False,Spring,Auckland,New Zealand,Oceania,Tier 2 Major Regional Market,-36.8485,174.7633,Auckland Arena,Large Arena,Opener 1,2,17097,17993,95.02,True,1935380.4,113.2,Standard ($75-$150),1,False,Synthetic (Industry Model)
CNC-2682,Chappell Roan,Chappell Roan — 2024 Tour,Pop / Camp Pop,Major Touring Artist,2024-10-06,2024,10,October,Sunday,True,Spring,Melbourne,Australia,Oceania,Tier 2 Major Regional Market,-37.8136,144.9631,Melbourne Arena,Large Arena,Opener 2,2,16182,16636,97.27,True,1798467.48,111.14,Standard ($75-$150),1,False,Synthetic (Industry Model)
CNC-2683,Chappell Roan,Chappell Roan — 2024 Tour,Pop / Camp Pop,Major Touring Artist,2024-10-20,2024,10,October,Sunday,True,Fall,Lisbon,Portugal,Europe,Tier 2 Major Regional Market,38.7223,-9.1393,Lisbon Arena,Large Arena,Opener 3,2,20031,20595,97.26,True,2463412.38,122.98,Standard ($75-$150),1,False,Synthetic (Industry Model)
CNC-2684,Chappell Roan,Chappell Roan — 2024 Tour,Pop / Camp Pop,Major Touring Artist,2024-10-24,2024,10,October,Thursday,False,Spring,Sydney,Australia,Oceania,Tier 2 Major Regional Market,-33.8688,151.2093,Sydney Arena,Large Arena,nan,0,13977,15150,92.26,False,1538727.93,110.09,Standard ($75-$150),1,False,Synthetic (Industry Model)
CNC-2685,Chappell Roan,Chappell Roan — 2024 Tour,Pop / Camp Pop,Major Touring Artist,2024-10-15,2024,10,October,Tuesday,False,Fall,Warsaw,Poland,Europe,Tier 3 Emerging / Secondary Market,52.2297,21.0122,Warsaw Arena,Large Arena,Opener 2,2,12099,17829,67.86,False,1643770.14,135.86,Standard ($75-$150),1,False,Synthetic (Industry Model)
CNC-2686,Chappell Roan,Chappell Roan — 2024 Tour,Pop / Camp Pop,Major Touring Artist,2024-10-04,2024,10,October,Friday,True,Fall,Miami,United States,North America,Tier 2 Major Regional Market,25.7617,-80.1918,Miami Stadium,Stadium,nan,0,27093,27093,100.0,True,4151460.39,153.23,Premium ($150-$250),1,False,Synthetic (Industry Model)
CNC-2687,Chappell Roan,Chappell Roan — 2024 Tour,Pop / Camp Pop,Major Touring Artist,2024-10-21,2024,10,October,Monday,False,Fall,Nashville,United States,North America,Tier 2 Major Regional Market,36.1627,-86.7816,Nashville Arena,Large Arena,Opener 1,2,15543,16169,96.13,True,1658282.67,106.69,Standard ($75-$150),1,False,Synthetic (Industry Model)
CNC-2688,Chappell Roan,Chappell Roan — 2024 Tour,Pop / Camp Pop,Major Touring Artist,2024-10-24,2024,10,October,Thursday,False,Fall,Copenhagen,Denmark,Europe,Tier 2 Major Regional Market,55.6761,12.5683,Copenhagen Arena,Arena,Opener 2,1,9614,10590,90.78,False,683651.54,71.11,Budget (<$75),1,False,Synthetic (Industry Model)
CNC-2689,Chappell Roan,Chappell Roan — 2024 Tour,Pop / Camp Pop,Major Touring Artist,2024-10-10,2024,10,October,Thursday,False,Fall,Denver,United States,North America,Tier 2 Major Regional Market,39.7392,-104.9903,Denver Stadium,Stadium,Opener 3,1,30152,30273,99.6,True,5389670.0,178.75,Premium ($150-$250),1,False,Synthetic (Industry Model)
CNC-2690,Chappell Roan,Chappell Roan — 2024 Tour,Pop / Camp Pop,Major Touring Artist,2024-10-30,2024,10,October,Wednesday,False,Spring,Bogota,Colombia,Latin America,Tier 2 Major Regional Market,4.711,-74.0721,Bogota Arena,Arena,Opener 1,1,9589,10954,87.54,False,893311.24,93.16,Standard ($75-$150),1,False,Synthetic (Industry Model)
CNC-2691,Chappell Roan,Chappell Roan — 2024 Tour,Pop / Camp Pop,Major Touring Artist,2024-11-02,2024,11,November,Saturday,True,Fall,Kansas City,United States,North America,Tier 3 Emerging / Secondary Market,39.0997,-94.5786,Kansas City Arena,Large Arena,nan,0,12441,15451,80.52,False,1326583.83,106.63,Standard ($75-$150),1,False,Synthetic (Industry Model)
CNC-2692,Chappell Roan,Chappell Roan — 2024 Tour,Pop / Camp Pop,Major Touring Artist,2024-10-16,2024,10,October,Wednesday,False,Fall,Kansas City,United States,North America,Tier 3 Emerging / Secondary Market,39.0997,-94.5786,Kansas City Stadium,Stadium,Opener 3,2,18258,28093,64.99,False,2503902.12,137.14,Standard ($75-$150),2,True,Synthetic (Industry Model)
CNC-2693,Chappell Roan,Chappell Roan — 2024 Tour,Pop / Camp Pop,Major Touring Artist,2024-10-18,2024,10,October,Friday,True,Fall,Philadelphia,United States,North America,Tier 2 Major Regional Market,39.9526,-75.1652,Philadelphia Stadium,Stadium,Opener 1,1,29791,31313,95.14,True,4960797.32,166.52,Premium ($150-$250),2,True,Synthetic (Industry Model)
CNC-2694,Chappell Roan,Chappell Roan — 2024 Tour,Pop / Camp Pop,Major Touring Artist,2024-12-25,2024,12,December,Wednesday,False,Summer,Sydney,Australia,Oceania,Tier 2 Major Regional Market,-33.8688,151.2093,Sydney Arena,Large Arena,Opener 2,2,13468,14314,94.09,False,1409964.92,104.69,Standard ($75-$150),2,True,Synthetic (Industry Model)
CNC-2695,Chappell Roan,Chappell Roan — 2024 Tour,Pop / Camp Pop,Major Touring Artist,2024-12-07,2024,12,December,Saturday,True,Winter,Salt Lake City,United States,North America,Tier 3 Emerging / Secondary Market,40.7608,-111.891,Salt Lake City Arena,Large Arena,Opener 3,2,22296,24272,91.86,False,3049869.84,136.79,Standard ($75-$150),3,True,Synthetic (Industry Model)
CNC-2696,Chappell Roan,Chappell Roan — 2024 Tour,Pop / Camp Pop,Major Touring Artist,2024-12-28,2024,12,December,Saturday,True,Winter,Columbus,United States,North America,Tier 3 Emerging / Secondary Market,39.9612,-82.9988,Columbus Stadium,Stadium,nan,0,21811,27870,78.26,False,3136639.91,143.81,Standard ($75-$150),3,True,Synthetic (Industry Model)
CNC-2697,Chappell Roan,Chappell Roan — 2024 Tour,Pop / Camp Pop,Major Touring Artist,2024-10-26,2024,10,October,Saturday,True,Spring,Sao Paulo,Brazil,Latin America,Tier 1 Global Mega-City,-23.5505,-46.6333,Sao Paulo Arena,Arena,nan,0,11196,11196,100.0,True,904636.8,80.8,Standard ($75-$150),1,False,Synthetic (Industry Model)
CNC-2698,Chappell Roan,Chappell Roan — 2024 Tour,Pop / Camp Pop,Major Touring Artist,2024-11-23,2024,11,November,Saturday,True,Fall,Tokyo,Japan,Asia,Tier 1 Global Mega-City,35.6762,139.6503,Tokyo Arena,Large Arena,nan,0,17130,17130,100.0,True,2220390.6,129.62,Standard ($75-$150),1,False,Synthetic (Industry Model)
CNC-2699,Chappell Roan,Chappell Roan — 2024 Tour,Pop / Camp Pop,Major Touring Artist,2024-10-30,2024,10,October,Wednesday,False,Fall,Vancouver,Canada,North America,Tier 2 Major Regional Market,49.2827,-123.1207,Vancouver Arena,Arena,nan,0,8629,10104,85.4,False,765133.43,88.67,Standard ($75-$150),1,False,Synthetic (Industry Model)
CNC-2700,Chappell Roan,Chappell Roan — 2024 Tour,Pop / Camp Pop,Major Touring Artist,2024-11-29,2024,11,November,Friday,True,Fall,Houston,United States,North America,Tier 2 Major Regional Market,29.7604,-95.3698,Houston Arena,Large Arena,Opener 2,2,20087,20670,97.18,True,2476325.36,123.28,Standard ($75-$150),1,False,Synthetic (Industry Model)
CNC-2701,Chappell Roan,Chappell Roan — 2024 Tour,Pop / Camp Pop,Major Touring Artist,2024-12-28,2024,12,December,Saturday,True,Winter,Madrid,Spain,Europe,Tier 2 Major Regional Market,40.4168,-3.7038,Madrid Arena,Arena,Opener 3,2,10040,10040,100.0,True,883018.0,87.95,Standard ($75-$150),1,False,Synthetic (Industry Model)
CNC-2702,Chappell Roan,Chappell Roan — 2024 Tour,Pop / Camp Pop,Major Touring Artist,2024-12-28,2024,12,December,Saturday,True,Winter,London,United Kingdom,Europe,Tier 1 Global Mega-City,51.5074,-0.1278,London Arena,Large Arena,Opener 1,2,17824,17824,100.0,True,2078100.16,116.59,Standard ($75-$150),1,False,Synthetic (Industry Model)
CNC-2703,Chappell Roan,Chappell Roan — 2024 Tour,Pop / Camp Pop,Major Touring Artist,2024-12-28,2024,12,December,Saturday,True,Summer,Santiago,Chile,Latin America,Tier 2 Major Regional Market,-33.4569,-70.6483,Santiago Arena,Large Arena,Opener 2,1,17292,18560,93.17,False,1868573.52,108.06,Standard ($75-$150),1,False,Synthetic (Industry Model)
