concert_id,artist,tour,genre,artist_tier,date,year,month,month_name,day_of_week,is_weekend,season,city,country,continent,market_tier,latitude,longitude,venue,venue_type,opening_acts,opening_acts_count,attendance,capacity,occupancy_rate,is_sellout,gross_usd,avg_ticket_price,price_tier,shows_in_city,is_multi_night,source
SYN-09001,Clairo,Clairo — 2018 Tour,Indie Pop,Emerging Artist,2018-07-05,2018,7,July,Thursday,False,Summer,New York,United States,North America,Tier 1 Global Mega-City,40.7128,-74.006,New York Music Hall,Club / Theater,Opener 1,2,745,1085,68.68,False,12381.9,16.62,Budget (<$75),1,False,Synthetic (Industry Model)
SYN-09002,Clairo,Clairo — 2018 Tour,Indie Pop,Emerging Artist,2018-07-10,2018,7,July,Tuesday,False,Summer,Miami,United States,North America,Tier 2 Major Regional Market,25.7617,-80.1918,Miami Music Hall,Club / Theater,Opener 2,2,1367,2186,62.55,False,59901.94,43.82,Budget (<$75),1,False,Synthetic (Industry Model)
SYN-09003,Clairo,Clairo — 2018 Tour,Indie Pop,Emerging Artist,2018-07-09,2018,7,July,Monday,False,Summer,Seattle,United States,North America,Tier 2 Major Regional Market,47.6062,-122.3321,Seattle Music Hall,Club / Theater,,0,1012,1444,70.1,False,18438.64,18.22,Budget (<$75),1,False,Synthetic (Industry Model)
SYN-09004,Clairo,Clairo — 2018 Tour,Indie Pop,Emerging Artist,2018-07-20,2018,7,July,Friday,True,Summer,Dublin,Ireland,Europe,Tier 2 Major Regional Market,53.3498,-6.2603,Dublin Arena,Arena,Opener 1,2,1967,3155,62.36,False,86075.92,43.76,Budget (<$75),1,False,Synthetic (Industry Model)
SYN-09005,Clairo,Clairo — 2018 Tour,Indie Pop,Emerging Artist,2018-07-13,2018,7,July,Friday,True,Summer,Amsterdam,Netherlands,Europe,Tier 1 Global Mega-City,52.3676,4.9041,Amsterdam Music Hall,Club / Theater,,0,1768,2442,72.41,False,56770.48,32.11,Budget (<$75),1,False,Synthetic (Industry Model)
SYN-09006,Clairo,Clairo — 2018 Tour,Indie Pop,Emerging Artist,2018-07-25,2018,7,July,Wednesday,False,Summer,Warsaw,Poland,Europe,Tier 3 Emerging / Secondary Market,52.2297,21.0122,Warsaw Music Hall,Club / Theater,Opener 3,1,840,2401,35.0,False,37573.2,44.73,Budget (<$75),1,False,Synthetic (Industry Model)
SYN-09007,Clairo,Clairo — 2018 Tour,Indie Pop,Emerging Artist,2018-07-29,2018,7,July,Sunday,True,Summer,Chicago,United States,North America,Tier 1 Global Mega-City,41.8781,-87.6298,Chicago Arena,Arena,Opener 1,1,2085,3301,63.16,False,118448.85,56.81,Budget (<$75),1,False,Synthetic (Industry Model)
SYN-09008,Clairo,Clairo — 2018 Tour,Indie Pop,Emerging Artist,2018-07-26,2018,7,July,Thursday,False,Summer,Kansas City,United States,North America,Tier 3 Emerging / Secondary Market,39.0997,-94.5786,Kansas City Music Hall,Club / Theater,Opener 2,1,1163,2545,45.69,False,38518.56,33.12,Budget (<$75),1,False,Synthetic (Industry Model)
SYN-09009,Clairo,Clairo — 2018 Tour,Indie Pop,Emerging Artist,2018-07-21,2018,7,July,Saturday,True,Summer,New York,United States,North America,Tier 1 Global Mega-City,40.7128,-74.006,New York Music Hall,Club / Theater,Opener 3,1,832,1094,76.07,False,14443.52,17.36,Budget (<$75),2,True,Synthetic (Industry Model)
SYN-09010,Clairo,Clairo — 2018 Tour,Indie Pop,Emerging Artist,2018-07-23,2018,7,July,Monday,False,Summer,Seattle,United States,North America,Tier 2 Major Regional Market,47.6062,-122.3321,Seattle Arena,Arena,Opener 1,2,2572,3547,72.52,False,128419.96,49.93,Budget (<$75),2,True,Synthetic (Industry Model)
SYN-09011,Clairo,Clairo — 2018 Tour,Indie Pop,Emerging Artist,2018-08-04,2018,8,August,Saturday,True,Summer,Columbus,United States,North America,Tier 3 Emerging / Secondary Market,39.9612,-82.9988,Columbus Music Hall,Club / Theater,Opener 2,2,840,1328,63.22,False,18480.0,22.0,Budget (<$75),1,False,Synthetic (Industry Model)
SYN-09012,Clairo,Clairo — 2018 Tour,Indie Pop,Emerging Artist,2018-08-18,2018,8,August,Saturday,True,Summer,New York,United States,North America,Tier 1 Global Mega-City,40.7128,-74.006,New York Music Hall,Club / Theater,Opener 3,2,899,1017,88.41,False,20677.0,23.0,Budget (<$75),3,True,Synthetic (Industry Model)
SYN-09013,Clairo,Clairo — 2018 Tour,Indie Pop,Emerging Artist,2018-07-29,2018,7,July,Sunday,True,Summer,Seattle,United States,North America,Tier 2 Major Regional Market,47.6062,-122.3321,Seattle Music Hall,Club / Theater,Opener 1,2,2298,2970,77.39,False,95504.88,41.56,Budget (<$75),3,True,Synthetic (Industry Model)
SYN-09014,Clairo,Clairo — 2018 Tour,Indie Pop,Emerging Artist,2018-08-13,2018,8,August,Monday,False,Summer,Amsterdam,Netherlands,Europe,Tier 1 Global Mega-City,52.3676,4.9041,Amsterdam Music Hall,Club / Theater,Opener 2,1,1198,1964,61.0,False,44242.14,36.93,Budget (<$75),2,True,Synthetic (Industry Model)
SYN-09015,Clairo,Clairo — 2018 Tour,Indie Pop,Emerging Artist,2018-08-02,2018,8,August,Thursday,False,Summer,Richmond,United States,North America,Tier 3 Emerging / Secondary Market,37.5407,-77.436,Richmond Music Hall,Club / Theater,,0,1633,2549,64.08,False,71002.84,43.48,Budget (<$75),1,False,Synthetic (Industry Model)
SYN-09016,Clairo,Clairo — 2018 Tour,Indie Pop,Emerging Artist,2018-09-18,2018,9,September,Tuesday,False,Fall,Seattle,United States,North America,Tier 2 Major Regional Market,47.6062,-122.3321,Seattle Arena,Arena,Opener 1,2,1910,3753,50.89,False,93972.0,49.2,Budget (<$75),4,True,Synthetic (Industry Model)
SYN-09017,Clairo,Clairo — 2018 Tour,Indie Pop,Emerging Artist,2018-09-07,2018,9,September,Friday,True,Fall,Paris,France,Europe,Tier 1 Global Mega-City,48.8566,2.3522,Paris Music Hall,Club / Theater,,0,1165,2115,55.06,False,33843.25,29.05,Budget (<$75),1,False,Synthetic (Industry Model)
SYN-09018,Clairo,Clairo — 2018 Tour,Indie Pop,Emerging Artist,2018-09-28,2018,9,September,Friday,True,Fall,Copenhagen,Denmark,Europe,Tier 2 Major Regional Market,55.6761,12.5683,Copenhagen Music Hall,Club / Theater,Opener 3,1,836,1044,80.07,False,28047.8,33.55,Budget (<$75),1,False,Synthetic (Industry Model)
SYN-09019,Clairo,Clairo — 2018 Tour,Indie Pop,Emerging Artist,2018-09-15,2018,9,September,Saturday,True,Fall,New York,United States,North America,Tier 1 Global Mega-City,40.7128,-74.006,New York Music Hall,Club / Theater,,0,1531,2281,67.11,False,46772.05,30.55,Budget (<$75),4,True,Synthetic (Industry Model)
SYN-09020,Clairo,Clairo — 2018 Tour,Indie Pop,Emerging Artist,2018-08-31,2018,8,August,Friday,True,Summer,Stockholm,Sweden,Europe,Tier 2 Major Regional Market,59.3293,18.0686,Stockholm Music Hall,Club / Theater,,0,1310,1856,70.56,False,49897.9,38.09,Budget (<$75),1,False,Synthetic (Industry Model)
SYN-09021,Clairo,Clairo — 2018 Tour,Indie Pop,Emerging Artist,2018-09-23,2018,9,September,Sunday,True,Fall,Manchester,United Kingdom,Europe,Tier 2 Major Regional Market,53.4808,-2.2426,Manchester Arena,Arena,Opener 3,1,2031,3809,53.32,False,116538.78,57.38,Budget (<$75),1,False,Synthetic (Industry Model)
SYN-09022,Clairo,Clairo — 2018 Tour,Indie Pop,Emerging Artist,2018-09-27,2018,9,September,Thursday,False,Fall,Denver,United States,North America,Tier 2 Major Regional Market,39.7392,-104.9903,Denver Arena,Arena,Opener 1,2,1725,3257,52.96,False,84870.0,49.2,Budget (<$75),1,False,Synthetic (Industry Model)
SYN-09023,Clairo,Clairo — 2018 Tour,Indie Pop,Emerging Artist,2018-09-09,2018,9,September,Sunday,True,Fall,Atlanta,United States,North America,Tier 2 Major Regional Market,33.749,-84.388,Atlanta Arena,Arena,Opener 2,1,2438,3494,69.79,False,125630.14,51.53,Budget (<$75),1,False,Synthetic (Industry Model)
SYN-09024,Clairo,Clairo — 2018 Tour,Indie Pop,Emerging Artist,2018-10-05,2018,10,October,Friday,True,Fall,Barcelona,Spain,Europe,Tier 2 Major Regional Market,41.3851,2.1734,Barcelona Music Hall,Club / Theater,Opener 3,2,1086,1566,69.34,False,34415.34,31.69,Budget (<$75),1,False,Synthetic (Industry Model)
SYN-09025,Clairo,Clairo — 2018 Tour,Indie Pop,Emerging Artist,2018-08-22,2018,8,August,Wednesday,False,Summer,Denver,United States,North America,Tier 2 Major Regional Market,39.7392,-104.9903,Denver Arena,Arena,,0,1979,3465,57.11,False,98989.58,50.02,Budget (<$75),2,True,Synthetic (Industry Model)
SYN-09026,Clairo,Clairo — 2018 Tour,Indie Pop,Emerging Artist,2018-09-18,2018,9,September,Tuesday,False,Fall,Chicago,United States,North America,Tier 1 Global Mega-City,41.8781,-87.6298,Chicago Arena,Arena,Opener 2,2,1841,3350,54.95,False,98217.35,53.35,Budget (<$75),2,True,Synthetic (Industry Model)
SYN-09027,Clairo,Clairo — 2018 Tour,Indie Pop,Emerging Artist,2018-09-21,2018,9,September,Friday,True,Fall,Chicago,United States,North America,Tier 1 Global Mega-City,41.8781,-87.6298,Chicago Music Hall,Club / Theater,Opener 3,2,1624,2309,70.33,False,56840.0,35.0,Budget (<$75),3,True,Synthetic (Industry Model)
SYN-09028,Clairo,Clairo — 2018 Tour,Indie Pop,Emerging Artist,2018-09-24,2018,9,September,Monday,False,Fall,Oslo,Norway,Europe,Tier 2 Major Regional Market,59.9139,10.7522,Oslo Music Hall,Club / Theater,Opener 1,1,1092,2578,42.36,False,38460.24,35.22,Budget (<$75),1,False,Synthetic (Industry Model)
SYN-09029,Phoebe Bridgers,Phoebe Bridgers — 2023 Tour,Indie Folk,Emerging Artist,2023-06-06,2023,6,June,Tuesday,False,Summer,Nashville,United States,North America,Tier 2 Major Regional Market,36.1627,-86.7816,Nashville Music Hall,Club / Theater,,0,865,1341,64.48,False,35750.45,41.33,Budget (<$75),1,False,Synthetic (Industry Model)
SYN-09030,Phoebe Bridgers,Phoebe Bridgers — 2023 Tour,Indie Folk,Emerging Artist,2023-06-09,2023,6,June,Friday,True,Summer,Madrid,Spain,Europe,Tier 2 Major Regional Market,40.4168,-3.7038,Madrid Music Hall,Club / Theater,Opener 2,2,2150,2870,74.91,False,111821.5,52.01,Budget (<$75),1,False,Synthetic (Industry Model)
SYN-09031,Phoebe Bridgers,Phoebe Bridgers — 2023 Tour,Indie Folk,Emerging Artist,2023-06-16,2023,6,June,Friday,True,Summer,Berlin,Germany,Europe,Tier 1 Global Mega-City,52.52,13.405,Berlin Arena,Arena,Opener 3,1,3608,4450,81.08,False,205547.76,56.97,Budget (<$75),1,False,Synthetic (Industry Model)
SYN-09032,Phoebe Bridgers,Phoebe Bridgers — 2023 Tour,Indie Folk,Emerging Artist,2023-06-12,2023,6,June,Monday,False,Summer,London,United Kingdom,Europe,Tier 1 Global Mega-City,51.5074,-0.1278,London Arena,Arena,Opener 1,1,2558,3384,75.6,False,138029.68,53.96,Budget (<$75),1,False,Synthetic (Industry Model)
SYN-09033,Phoebe Bridgers,Phoebe Bridgers — 2023 Tour,Indie Folk,Emerging Artist,2023-06-14,2023,6,June,Wednesday,False,Summer,Manchester,United Kingdom,Europe,Tier 2 Major Regional Market,53.4808,-2.2426,Manchester Music Hall,Club / Theater,Opener 2,1,1204,1544,78.0,False,45390.8,37.7,Budget (<$75),1,False,Synthetic (Industry Model)
SYN-09034,Phoebe Bridgers,Phoebe Bridgers — 2023 Tour,Indie Folk,Emerging Artist,2023-06-16,2023,6,June,Friday,True,Summer,Oslo,Norway,Europe,Tier 2 Major Regional Market,59.9139,10.7522,Oslo Arena,Arena,,0,2170,3491,62.17,False,101143.7,46.61,Budget (<$75),1,False,Synthetic (Industry Model)
SYN-09035,Phoebe Bridgers,Phoebe Bridgers — 2023 Tour,Indie Folk,Emerging Artist,2023-06-24,2023,6,June,Saturday,True,Summer,Stockholm,Sweden,Europe,Tier 2 Major Regional Market,59.3293,18.0686,Stockholm Arena,Arena,,0,4115,4935,83.39,False,258586.6,62.84,Budget (<$75),1,False,Synthetic (Industry Model)
SYN-09036,Phoebe Bridgers,Phoebe Bridgers — 2023 Tour,Indie Folk,Emerging Artist,2023-06-27,2023,6,June,Tuesday,False,Summer,Boston,United States,North America,Tier 2 Major Regional Market,42.3601,-71.0589,Boston Arena,Arena,Opener 2,2,3785,4973,76.12,False,210710.95,55.67,Budget (<$75),1,False,Synthetic (Industry Model)
SYN-09037,Phoebe Bridgers,Phoebe Bridgers — 2023 Tour,Indie Folk,Emerging Artist,2023-07-16,2023,7,July,Sunday,True,Summer,New York,United States,North America,Tier 1 Global Mega-City,40.7128,-74.006,New York Arena,Arena,,0,3005,4323,69.51,False,187481.95,62.39,Budget (<$75),1,False,Synthetic (Industry Model)
SYN-09038,Phoebe Bridgers,Phoebe Bridgers — 2023 Tour,Indie Folk,Emerging Artist,2023-06-24,2023,6,June,Saturday,True,Summer,Philadelphia,United States,North America,Tier 2 Major Regional Market,39.9526,-75.1652,Philadelphia Arena,Arena,,0,3300,4687,70.4,False,222684.0,67.48,Budget (<$75),1,False,Synthetic (Industry Model)
SYN-09039,Phoebe Bridgers,Phoebe Bridgers — 2023 Tour,Indie Folk,Emerging Artist,2023-07-26,2023,7,July,Wednesday,False,Summer,Miami,United States,North America,Tier 2 Major Regional Market,25.7617,-80.1918,Miami Music Hall,Club / Theater,Opener 2,1,846,1679,50.38,False,28704.78,33.93,Budget (<$75),1,False,Synthetic (Industry Model)
SYN-09040,Phoebe Bridgers,Phoebe Bridgers — 2023 Tour,Indie Folk,Emerging Artist,2023-07-31,2023,7,July,Monday,False,Summer,Seattle,United States,North America,Tier 2 Major Regional Market,47.6062,-122.3321,Seattle Arena,Arena,Opener 3,1,3598,4986,72.16,False,224479.22,62.39,Budget (<$75),1,False,Synthetic (Industry Model)
SYN-09041,Phoebe Bridgers,Phoebe Bridgers — 2023 Tour,Indie Folk,Emerging Artist,2023-08-05,2023,8,August,Saturday,True,Summer,Barcelona,Spain,Europe,Tier 2 Major Regional Market,41.3851,2.1734,Barcelona Music Hall,Club / Theater,Opener 1,2,2345,2788,84.11,False,89508.65,38.17,Budget (<$75),1,False,Synthetic (Industry Model)
SYN-09042,Phoebe Bridgers,Phoebe Bridgers — 2023 Tour,Indie Folk,Emerging Artist,2023-07-28,2023,7,July,Friday,True,Summer,Warsaw,Poland,Europe,Tier 3 Emerging / Secondary Market,52.2297,21.0122,Warsaw Music Hall,Club / Theater,,0,1426,2470,57.72,False,53204.06,37.31,Budget (<$75),1,False,Synthetic (Industry Model)
SYN-09043,Phoebe Bridgers,Phoebe Bridgers — 2023 Tour,Indie Folk,Emerging Artist,2023-07-04,2023,7,July,Tuesday,False,Summer,Philadelphia,United States,North America,Tier 2 Major Regional Market,39.9526,-75.1652,Philadelphia Arena,Arena,Opener 3,2,2929,4132,70.89,False,177028.76,60.44,Budget (<$75),2,True,Synthetic (Industry Model)
SYN-09044,Phoebe Bridgers,Phoebe Bridgers — 2023 Tour,Indie Folk,Emerging Artist,2023-07-06,2023,7,July,Thursday,False,Summer,Amsterdam,Netherlands,Europe,Tier 1 Global Mega-City,52.3676,4.9041,Amsterdam Arena,Arena,,0,2603,3925,66.33,False,142201.89,54.63,Budget (<$75),1,False,Synthetic (Industry Model)
SYN-09045,Phoebe Bridgers,Phoebe Bridgers — 2023 Tour,Indie Folk,Emerging Artist,2023-08-09,2023,8,August,Wednesday,False,Summer,Vancouver,Canada,North America,Tier 2 Major Regional Market,49.2827,-123.1207,Vancouver Arena,Arena,,0,2851,4765,59.84,False,188964.28,66.28,Budget (<$75),1,False,Synthetic (Industry Model)
SYN-09046,Phoebe Bridgers,Phoebe Bridgers — 2023 Tour,Indie Folk,Emerging Artist,2023-08-13,2023,8,August,Sunday,True,Summer,Lisbon,Portugal,Europe,Tier 2 Major Regional Market,38.7223,-9.1393,Lisbon Arena,Arena,Opener 3,1,2639,3083,85.6,False,120206.45,45.55,Budget (<$75),1,False,Synthetic (Industry Model)
SYN-09047,Phoebe Bridgers,Phoebe Bridgers — 2023 Tour,Indie Folk,Emerging Artist,2023-07-12,2023,7,July,Wednesday,False,Summer,Salt Lake City,United States,North America,Tier 3 Emerging / Secondary Market,40.7608,-111.891,Salt Lake City Music Hall,Club / Theater,,0,1227,2107,58.22,False,44405.13,36.19,Budget (<$75),1,False,Synthetic (Industry Model)
SYN-09048,Phoebe Bridgers,Phoebe Bridgers — 2023 Tour,Indie Folk,Emerging Artist,2023-08-21,2023,8,August,Monday,False,Summer,Miami,United States,North America,Tier 2 Major Regional Market,25.7617,-80.1918,Miami Arena,Arena,Opener 2,1,2618,3507,74.66,False,101814.02,38.89,Budget (<$75),2,True,Synthetic (Industry Model)
SYN-09049,Phoebe Bridgers,Phoebe Bridgers — 2023 Tour,Indie Folk,Emerging Artist,2023-09-14,2023,9,September,Thursday,False,Fall,Boston,United States,North America,Tier 2 Major Regional Market,42.3601,-71.0589,Boston Music Hall,Club / Theater,,0,1370,2502,54.76,False,44799.0,32.7,Budget (<$75),2,True,Synthetic (Industry Model)
SYN-09050,Phoebe Bridgers,Phoebe Bridgers — 2023 Tour,Indie Folk,Emerging Artist,2023-08-08,2023,8,August,Tuesday,False,Summer,London,United Kingdom,Europe,Tier 1 Global Mega-City,51.5074,-0.1278,London Music Hall,Club / Theater,Opener 1,2,1903,2592,73.41,False,65291.93,34.31,Budget (<$75),2,True,Synthetic (Industry Model)
SYN-09051,Phoebe Bridgers,Phoebe Bridgers — 2023 Tour,Indie Folk,Emerging Artist,2023-09-24,2023,9,September,Sunday,True,Fall,Miami,United States,North America,Tier 2 Major Regional Market,25.7617,-80.1918,Miami Music Hall,Club / Theater,,0,1816,2938,61.8,False,100461.12,55.32,Budget (<$75),3,True,Synthetic (Industry Model)
SYN-09052,Phoebe Bridgers,Phoebe Bridgers — 2023 Tour,Indie Folk,Emerging Artist,2023-07-22,2023,7,July,Saturday,True,Summer,Paris,France,Europe,Tier 1 Global Mega-City,48.8566,2.3522,Paris Music Hall,Club / Theater,Opener 3,2,1832,2201,83.23,False,79966.8,43.65,Budget (<$75),1,False,Synthetic (Industry Model)
SYN-09053,Phoebe Bridgers,Phoebe Bridgers — 2023 Tour,Indie Folk,Emerging Artist,2023-09-10,2023,9,September,Sunday,True,Fall,Warsaw,Poland,Europe,Tier 3 Emerging / Secondary Market,52.2297,21.0122,Warsaw Arena,Arena,Opener 1,1,1921,4199,45.75,False,106730.76,55.56,Budget (<$75),2,True,Synthetic (Industry Model)
SYN-09054,Mitski,Mitski — 2019 Tour,Indie Rock,Emerging Artist,2019-07-07,2019,7,July,Sunday,True,Summer,Columbus,United States,North America,Tier 3 Emerging / Secondary Market,39.9612,-82.9988,Columbus Music Hall,Club / Theater,,0,515,1185,43.45,False,12905.9,25.06,Budget (<$75),1,False,Synthetic (Industry Model)
SYN-09055,Mitski,Mitski — 2019 Tour,Indie Rock,Emerging Artist,2019-07-10,2019,7,July,Wednesday,False,Summer,Toronto,Canada,North America,Tier 1 Global Mega-City,43.6532,-79.3832,Toronto Music Hall,Club / Theater,Opener 2,1,836,1359,61.49,False,14630.0,17.5,Budget (<$75),1,False,Synthetic (Industry Model)
SYN-09056,Mitski,Mitski — 2019 Tour,Indie Rock,Emerging Artist,2019-07-15,2019,7,July,Monday,False,Summer,Berlin,Germany,Europe,Tier 1 Global Mega-City,52.52,13.405,Berlin Arena,Arena,,0,3073,3498,87.84,False,160287.68,52.16,Budget (<$75),1,False,Synthetic (Industry Model)
SYN-09057,Mitski,Mitski — 2019 Tour,Indie Rock,Emerging Artist,2019-07-22,2019,7,July,Monday,False,Summer,Oslo,Norway,Europe,Tier 2 Major Regional Market,59.9139,10.7522,Oslo Music Hall,Club / Theater,,0,2349,2869,81.86,False,76506.93,32.57,Budget (<$75),1,False,Synthetic (Industry Model)
SYN-09058,Mitski,Mitski — 2019 Tour,Indie Rock,Emerging Artist,2019-07-23,2019,7,July,Tuesday,False,Summer,Columbus,United States,North America,Tier 3 Emerging / Secondary Market,39.9612,-82.9988,Columbus Music Hall,Club / Theater,Opener 2,2,437,970,45.01,False,9369.28,21.44,Budget (<$75),2,True,Synthetic (Industry Model)
SYN-09059,Mitski,Mitski — 2019 Tour,Indie Rock,Emerging Artist,2019-08-01,2019,8,August,Thursday,False,Summer,Seattle,United States,North America,Tier 2 Major Regional Market,47.6062,-122.3321,Seattle Arena,Arena,Opener 3,1,3175,3288,96.55,True,153638.25,48.39,Budget (<$75),1,False,Synthetic (Industry Model)
SYN-09060,Mitski,Mitski — 2019 Tour,Indie Rock,Emerging Artist,2019-08-06,2019,8,August,Tuesday,False,Summer,Nashville,United States,North America,Tier 2 Major Regional Market,36.1627,-86.7816,Nashville Music Hall,Club / Theater,Opener 1,1,1133,1404,80.71,False,31712.67,27.99,Budget (<$75),1,False,Synthetic (Industry Model)
SYN-09061,Mitski,Mitski — 2019 Tour,Indie Rock,Emerging Artist,2019-07-21,2019,7,July,Sunday,True,Summer,Houston,United States,North America,Tier 2 Major Regional Market,29.7604,-95.3698,Houston Arena,Arena,,0,1535,3164,48.53,False,74370.75,48.45,Budget (<$75),1,False,Synthetic (Industry Model)
SYN-09062,Mitski,Mitski — 2019 Tour,Indie Rock,Emerging Artist,2019-07-31,2019,7,July,Wednesday,False,Summer,Barcelona,Spain,Europe,Tier 2 Major Regional Market,41.3851,2.1734,Barcelona Arena,Arena,,0,1903,3733,50.99,False,120688.26,63.42,Budget (<$75),1,False,Synthetic (Industry Model)
SYN-09063,Mitski,Mitski — 2019 Tour,Indie Rock,Emerging Artist,2019-08-03,2019,8,August,Saturday,True,Summer,Lisbon,Portugal,Europe,Tier 2 Major Regional Market,38.7223,-9.1393,Lisbon Music Hall,Club / Theater,,0,913,1577,57.89,False,31443.72,34.44,Budget (<$75),1,False,Synthetic (Industry Model)
SYN-09064,Mitski,Mitski — 2019 Tour,Indie Rock,Emerging Artist,2019-07-27,2019,7,July,Saturday,True,Summer,Lisbon,Portugal,Europe,Tier 2 Major Regional Market,38.7223,-9.1393,Lisbon Arena,Arena,,0,3245,3340,97.16,True,127236.45,39.21,Budget (<$75),2,True,Synthetic (Industry Model)
SYN-09065,Mitski,Mitski — 2019 Tour,Indie Rock,Emerging Artist,2019-08-20,2019,8,August,Tuesday,False,Summer,Paris,France,Europe,Tier 1 Global Mega-City,48.8566,2.3522,Paris Arena,Arena,,0,1563,3757,41.61,False,70897.68,45.36,Budget (<$75),1,False,Synthetic (Industry Model)
SYN-09066,Mitski,Mitski — 2019 Tour,Indie Rock,Emerging Artist,2019-07-31,2019,7,July,Wednesday,False,Summer,Columbus,United States,North America,Tier 3 Emerging / Secondary Market,39.9612,-82.9988,Columbus Arena,Arena,Opener 1,1,2329,4463,52.19,False,113259.27,48.63,Budget (<$75),3,True,Synthetic (Industry Model)
SYN-09067,Mitski,Mitski — 2019 Tour,Indie Rock,Emerging Artist,2019-08-15,2019,8,August,Thursday,False,Summer,Toronto,Canada,North America,Tier 1 Global Mega-City,43.6532,-79.3832,Toronto Arena,Arena,Opener 2,1,2262,3105,72.86,False,101020.92,44.66,Budget (<$75),2,True,Synthetic (Industry Model)
SYN-09068,Mitski,Mitski — 2019 Tour,Indie Rock,Emerging Artist,2019-08-18,2019,8,August,Sunday,True,Summer,Nashville,United States,North America,Tier 2 Major Regional Market,36.1627,-86.7816,Nashville Music Hall,Club / Theater,Opener 3,2,1034,1445,71.59,False,22923.78,22.17,Budget (<$75),2,True,Synthetic (Industry Model)
SYN-09069,Mitski,Mitski — 2019 Tour,Indie Rock,Emerging Artist,2019-08-06,2019,8,August,Tuesday,False,Summer,Madrid,Spain,Europe,Tier 2 Major Regional Market,40.4168,-3.7038,Madrid Music Hall,Club / Theater,Opener 1,2,1594,2582,61.73,False,76607.64,48.06,Budget (<$75),1,False,Synthetic (Industry Model)
SYN-09070,Mitski,Mitski — 2019 Tour,Indie Rock,Emerging Artist,2019-08-08,2019,8,August,Thursday,False,Summer,Copenhagen,Denmark,Europe,Tier 2 Major Regional Market,55.6761,12.5683,Copenhagen Music Hall,Club / Theater,Opener 2,1,994,1893,52.51,False,57622.18,57.97,Budget (<$75),1,False,Synthetic (Industry Model)
SYN-09071,Mitski,Mitski — 2019 Tour,Indie Rock,Emerging Artist,2019-08-10,2019,8,August,Saturday,True,Summer,Boston,United States,North America,Tier 2 Major Regional Market,42.3601,-71.0589,Boston Music Hall,Club / Theater,Opener 3,2,1604,2488,64.48,False,52162.08,32.52,Budget (<$75),1,False,Synthetic (Industry Model)
SYN-09072,Mitski,Mitski — 2019 Tour,Indie Rock,Emerging Artist,2019-08-30,2019,8,August,Friday,True,Summer,Boston,United States,North America,Tier 2 Major Regional Market,42.3601,-71.0589,Boston Music Hall,Club / Theater,Opener 1,1,2322,2852,81.4,False,107090.64,46.12,Budget (<$75),2,True,Synthetic (Industry Model)
SYN-09073,Mitski,Mitski — 2019 Tour,Indie Rock,Emerging Artist,2019-08-14,2019,8,August,Wednesday,False,Summer,London,United Kingdom,Europe,Tier 1 Global Mega-City,51.5074,-0.1278,London Arena,Arena,,0,2997,4334,69.15,False,165014.82,55.06,Budget (<$75),1,False,Synthetic (Industry Model)
SYN-09074,Mitski,Mitski — 2019 Tour,Indie Rock,Emerging Artist,2019-08-16,2019,8,August,Friday,True,Summer,Chicago,United States,North America,Tier 1 Global Mega-City,41.8781,-87.6298,Chicago Arena,Arena,Opener 3,1,2719,3960,68.67,False,145792.78,53.62,Budget (<$75),1,False,Synthetic (Industry Model)
SYN-09075,Mitski,Mitski — 2019 Tour,Indie Rock,Emerging Artist,2019-09-29,2019,9,September,Sunday,True,Fall,Dublin,Ireland,Europe,Tier 2 Major Regional Market,53.3498,-6.2603,Dublin Music Hall,Club / Theater,Opener 1,2,1407,2209,63.68,False,54844.86,38.98,Budget (<$75),1,False,Synthetic (Industry Model)
SYN-09076,Mitski,Mitski — 2019 Tour,Indie Rock,Emerging Artist,2019-08-20,2019,8,August,Tuesday,False,Summer,Copenhagen,Denmark,Europe,Tier 2 Major Regional Market,55.6761,12.5683,Copenhagen Music Hall,Club / Theater,,0,1694,2854,59.37,False,60492.74,35.71,Budget (<$75),2,True,Synthetic (Industry Model)
SYN-09077,Mitski,Mitski — 2019 Tour,Indie Rock,Emerging Artist,2019-09-14,2019,9,September,Saturday,True,Fall,Madrid,Spain,Europe,Tier 2 Major Regional Market,40.4168,-3.7038,Madrid Music Hall,Club / Theater,,0,1535,2036,75.41,False,49350.25,32.15,Budget (<$75),2,True,Synthetic (Industry Model)
SYN-09078,Mitski,Mitski — 2019 Tour,Indie Rock,Emerging Artist,2019-10-11,2019,10,October,Friday,True,Fall,Richmond,United States,North America,Tier 3 Emerging / Secondary Market,37.5407,-77.436,Richmond Music Hall,Club / Theater,,0,666,1328,50.16,False,20919.06,31.41,Budget (<$75),1,False,Synthetic (Industry Model)
SYN-09079,Mitski,Mitski — 2019 Tour,Indie Rock,Emerging Artist,2019-11-09,2019,11,November,Saturday,True,Fall,Toronto,Canada,North America,Tier 1 Global Mega-City,43.6532,-79.3832,Toronto Arena,Arena,Opener 2,2,2693,3529,76.32,False,138958.8,51.6,Budget (<$75),3,True,Synthetic (Industry Model)
SYN-09080,Mitski,Mitski — 2019 Tour,Indie Rock,Emerging Artist,2019-09-23,2019,9,September,Monday,False,Fall,Amsterdam,Netherlands,Europe,Tier 1 Global Mega-City,52.3676,4.9041,Amsterdam Music Hall,Club / Theater,,0,794,2054,38.65,False,25590.62,32.23,Budget (<$75),1,False,Synthetic (Industry Model)
SYN-09081,Mitski,Mitski — 2019 Tour,Indie Rock,Emerging Artist,2019-09-26,2019,9,September,Thursday,False,Fall,Barcelona,Spain,Europe,Tier 2 Major Regional Market,41.3851,2.1734,Barcelona Arena,Arena,,0,2441,4411,55.34,False,125491.81,51.41,Budget (<$75),2,True,Synthetic (Industry Model)
SYN-09082,Mitski,Mitski — 2019 Tour,Indie Rock,Emerging Artist,2019-11-24,2019,11,November,Sunday,True,Fall,Houston,United States,North America,Tier 2 Major Regional Market,29.7604,-95.3698,Houston Music Hall,Club / Theater,Opener 2,1,649,1408,46.09,False,30483.53,46.97,Budget (<$75),2,True,Synthetic (Industry Model)
SYN-09083,Mitski,Mitski — 2019 Tour,Indie Rock,Emerging Artist,2019-10-02,2019,10,October,Wednesday,False,Fall,Richmond,United States,North America,Tier 3 Emerging / Secondary Market,37.5407,-77.436,Richmond Music Hall,Club / Theater,Opener 3,2,1014,2016,50.3,False,43155.84,42.56,Budget (<$75),2,True,Synthetic (Industry Model)
SYN-09084,Soccer Mommy,Soccer Mommy — 2023 Tour,Indie Rock,Emerging Artist,2023-07-02,2023,7,July,Sunday,True,Summer,Copenhagen,Denmark,Europe,Tier 2 Major Regional Market,55.6761,12.5683,Copenhagen Music Hall,Club / Theater,,0,1203,2427,49.56,False,61918.41,51.47,Budget (<$75),1,False,Synthetic (Industry Model)
SYN-09085,Soccer Mommy,Soccer Mommy — 2023 Tour,Indie Rock,Emerging Artist,2023-07-04,2023,7,July,Tuesday,False,Summer,Houston,United States,North America,Tier 2 Major Regional Market,29.7604,-95.3698,Houston Music Hall,Club / Theater,,0,848,1770,47.93,False,28738.72,33.89,Budget (<$75),1,False,Synthetic (Industry Model)
SYN-09086,Soccer Mommy,Soccer Mommy — 2023 Tour,Indie Rock,Emerging Artist,2023-07-06,2023,7,July,Thursday,False,Summer,Toronto,Canada,North America,Tier 1 Global Mega-City,43.6532,-79.3832,Toronto Music Hall,Club / Theater,,0,1561,2311,67.53,False,58084.81,37.21,Budget (<$75),1,False,Synthetic (Industry Model)
SYN-09087,Soccer Mommy,Soccer Mommy — 2023 Tour,Indie Rock,Emerging Artist,2023-07-11,2023,7,July,Tuesday,False,Summer,Kansas City,United States,North America,Tier 3 Emerging / Secondary Market,39.0997,-94.5786,Kansas City Music Hall,Club / Theater,,0,301,861,35.0,False,5788.23,19.23,Budget (<$75),1,False,Synthetic (Industry Model)
SYN-09088,Soccer Mommy,Soccer Mommy — 2023 Tour,Indie Rock,Emerging Artist,2023-07-14,2023,7,July,Friday,True,Summer,Kansas City,United States,North America,Tier 3 Emerging / Secondary Market,39.0997,-94.5786,Kansas City Music Hall,Club / Theater,Opener 2,1,384,1097,35.0,False,6082.56,15.84,Budget (<$75),2,True,Synthetic (Industry Model)
SYN-09089,Soccer Mommy,Soccer Mommy — 2023 Tour,Indie Rock,Emerging Artist,2023-07-27,2023,7,July,Thursday,False,Summer,Salt Lake City,United States,North America,Tier 3 Emerging / Secondary Market,40.7608,-111.891,Salt Lake City Music Hall,Club / Theater,Opener 3,2,408,803,50.86,False,14165.76,34.72,Budget (<$75),1,False,Synthetic (Industry Model)
SYN-09090,Soccer Mommy,Soccer Mommy — 2023 Tour,Indie Rock,Emerging Artist,2023-08-01,2023,8,August,Tuesday,False,Summer,Dublin,Ireland,Europe,Tier 2 Major Regional Market,53.3498,-6.2603,Dublin Music Hall,Club / Theater,Opener 1,2,1173,2192,53.53,False,46790.97,39.89,Budget (<$75),1,False,Synthetic (Industry Model)
SYN-09091,Soccer Mommy,Soccer Mommy — 2023 Tour,Indie Rock,Emerging Artist,2023-08-06,2023,8,August,Sunday,True,Summer,Amsterdam,Netherlands,Europe,Tier 1 Global Mega-City,52.3676,4.9041,Amsterdam Music Hall,Club / Theater,Opener 2,1,503,732,68.76,False,15884.74,31.58,Budget (<$75),1,False,Synthetic (Industry Model)
SYN-09092,Soccer Mommy,Soccer Mommy — 2023 Tour,Indie Rock,Emerging Artist,2023-07-26,2023,7,July,Wednesday,False,Summer,Madrid,Spain,Europe,Tier 2 Major Regional Market,40.4168,-3.7038,Madrid Music Hall,Club / Theater,Opener 3,2,275,544,50.51,False,4210.25,15.31,Budget (<$75),1,False,Synthetic (Industry Model)
SYN-09093,Soccer Mommy,Soccer Mommy — 2023 Tour,Indie Rock,Emerging Artist,2023-08-16,2023,8,August,Wednesday,False,Summer,Toronto,Canada,North America,Tier 1 Global Mega-City,43.6532,-79.3832,Toronto Music Hall,Club / Theater,Opener 1,1,472,1320,35.75,False,15340.0,32.5,Budget (<$75),2,True,Synthetic (Industry Model)
SYN-09094,Soccer Mommy,Soccer Mommy — 2023 Tour,Indie Rock,Emerging Artist,2023-07-22,2023,7,July,Saturday,True,Summer,Vancouver,Canada,North America,Tier 2 Major Regional Market,49.2827,-123.1207,Vancouver Music Hall,Club / Theater,Opener 2,2,691,1973,35.0,False,27190.85,39.35,Budget (<$75),1,False,Synthetic (Industry Model)
SYN-09095,Soccer Mommy,Soccer Mommy — 2023 Tour,Indie Rock,Emerging Artist,2023-08-04,2023,8,August,Friday,True,Summer,Denver,United States,North America,Tier 2 Major Regional Market,39.7392,-104.9903,Denver Music Hall,Club / Theater,Opener 3,2,343,510,67.24,False,4321.8,12.6,Budget (<$75),1,False,Synthetic (Industry Model)
SYN-09096,Soccer Mommy,Soccer Mommy — 2023 Tour,Indie Rock,Emerging Artist,2023-08-31,2023,8,August,Thursday,False,Summer,Oslo,Norway,Europe,Tier 2 Major Regional Market,59.9139,10.7522,Oslo Music Hall,Club / Theater,,0,240,563,42.67,False,7833.6,32.64,Budget (<$75),1,False,Synthetic (Industry Model)
SYN-09097,Soccer Mommy,Soccer Mommy — 2023 Tour,Indie Rock,Emerging Artist,2023-07-28,2023,7,July,Friday,True,Summer,Boston,United States,North America,Tier 2 Major Regional Market,42.3601,-71.0589,Boston Music Hall,Club / Theater,,0,1720,2284,75.32,False,67114.4,39.02,Budget (<$75),1,False,Synthetic (Industry Model)
SYN-09098,Soccer Mommy,Soccer Mommy — 2023 Tour,Indie Rock,Emerging Artist,2023-09-10,2023,9,September,Sunday,True,Fall,Houston,United States,North America,Tier 2 Major Regional Market,29.7604,-95.3698,Houston Music Hall,Club / Theater,Opener 3,1,728,1234,58.97,False,13868.4,19.05,Budget (<$75),2,True,Synthetic (Industry Model)
SYN-09099,Soccer Mommy,Soccer Mommy — 2023 Tour,Indie Rock,Emerging Artist,2023-08-31,2023,8,August,Thursday,False,Summer,Kansas City,United States,North America,Tier 3 Emerging / Secondary Market,39.0997,-94.5786,Kansas City Music Hall,Club / Theater,,0,371,1061,35.0,False,11397.12,30.72,Budget (<$75),3,True,Synthetic (Industry Model)
SYN-09100,Soccer Mommy,Soccer Mommy — 2023 Tour,Indie Rock,Emerging Artist,2023-09-20,2023,9,September,Wednesday,False,Fall,Kansas City,United States,North America,Tier 3 Emerging / Secondary Market,39.0997,-94.5786,Kansas City Music Hall,Club / Theater,Opener 2,2,405,1141,35.47,False,10777.05,26.61,Budget (<$75),4,True,Synthetic (Industry Model)
SYN-09101,Soccer Mommy,Soccer Mommy — 2023 Tour,Indie Rock,Emerging Artist,2023-09-08,2023,9,September,Friday,True,Fall,Miami,United States,North America,Tier 2 Major Regional Market,25.7617,-80.1918,Miami Music Hall,Club / Theater,,0,842,1367,61.63,False,27289.22,32.41,Budget (<$75),1,False,Synthetic (Industry Model)
SYN-09102,Soccer Mommy,Soccer Mommy — 2023 Tour,Indie Rock,Emerging Artist,2023-09-30,2023,9,September,Saturday,True,Fall,Boston,United States,North America,Tier 2 Major Regional Market,42.3601,-71.0589,Boston Music Hall,Club / Theater,,0,505,848,59.54,False,11827.1,23.42,Budget (<$75),2,True,Synthetic (Industry Model)
SYN-09103,Soccer Mommy,Soccer Mommy — 2023 Tour,Indie Rock,Emerging Artist,2023-10-05,2023,10,October,Thursday,False,Fall,Lisbon,Portugal,Europe,Tier 2 Major Regional Market,38.7223,-9.1393,Lisbon Music Hall,Club / Theater,Opener 2,2,311,535,58.17,False,3918.6,12.6,Budget (<$75),1,False,Synthetic (Industry Model)
SYN-09104,Soccer Mommy,Soccer Mommy — 2023 Tour,Indie Rock,Emerging Artist,2023-08-31,2023,8,August,Thursday,False,Summer,Kansas City,United States,North America,Tier 3 Emerging / Secondary Market,39.0997,-94.5786,Kansas City Music Hall,Club / Theater,Opener 3,1,526,1093,48.12,False,10130.76,19.26,Budget (<$75),5,True,Synthetic (Industry Model)
SYN-09105,Soccer Mommy,Soccer Mommy — 2023 Tour,Indie Rock,Emerging Artist,2023-09-03,2023,9,September,Sunday,True,Fall,Oslo,Norway,Europe,Tier 2 Major Regional Market,59.9139,10.7522,Oslo Music Hall,Club / Theater,Opener 1,1,880,2033,43.29,False,27869.6,31.67,Budget (<$75),2,True,Synthetic (Industry Model)
SYN-09106,Snail Mail,Snail Mail — 2022 Tour,Indie Rock,Emerging Artist,2022-07-10,2022,7,July,Sunday,True,Summer,Seattle,United States,North America,Tier 2 Major Regional Market,47.6062,-122.3321,Seattle Music Hall,Club / Theater,Opener 1,2,624,1783,35.0,False,27418.56,43.94,Budget (<$75),1,False,Synthetic (Industry Model)
SYN-09107,Snail Mail,Snail Mail — 2022 Tour,Indie Rock,Emerging Artist,2022-07-12,2022,7,July,Tuesday,False,Summer,Los Angeles,United States,North America,Tier 1 Global Mega-City,34.0522,-118.2437,Los Angeles Music Hall,Club / Theater,Opener 2,2,348,535,65.08,False,6037.8,17.35,Budget (<$75),1,False,Synthetic (Industry Model)
SYN-09108,Snail Mail,Snail Mail — 2022 Tour,Indie Rock,Emerging Artist,2022-07-20,2022,7,July,Wednesday,False,Summer,Dublin,Ireland,Europe,Tier 2 Major Regional Market,53.3498,-6.2603,Dublin Music Hall,Club / Theater,,0,383,1094,35.0,False,11394.25,29.75,Budget (<$75),1,False,Synthetic (Industry Model)
SYN-09109,Snail Mail,Snail Mail — 2022 Tour,Indie Rock,Emerging Artist,2022-07-22,2022,7,July,Friday,True,Summer,Los Angeles,United States,North America,Tier 1 Global Mega-City,34.0522,-118.2437,Los Angeles Music Hall,Club / Theater,Opener 1,1,404,529,76.31,False,5813.56,14.39,Budget (<$75),2,True,Synthetic (Industry Model)
SYN-09110,Snail Mail,Snail Mail — 2022 Tour,Indie Rock,Emerging Artist,2022-07-26,2022,7,July,Tuesday,False,Summer,Philadelphia,United States,North America,Tier 2 Major Regional Market,39.9526,-75.1652,Philadelphia Music Hall,Club / Theater,Opener 2,1,214,611,35.0,False,4836.4,22.6,Budget (<$75),1,False,Synthetic (Industry Model)
SYN-09111,Snail Mail,Snail Mail — 2022 Tour,Indie Rock,Emerging Artist,2022-07-25,2022,7,July,Monday,False,Summer,Los Angeles,United States,North America,Tier 1 Global Mega-City,34.0522,-118.2437,Los Angeles Music Hall,Club / Theater,Opener 3,2,413,902,45.78,False,8924.93,21.61,Budget (<$75),3,True,Synthetic (Industry Model)
SYN-09112,Snail Mail,Snail Mail — 2022 Tour,Indie Rock,Emerging Artist,2022-08-03,2022,8,August,Wednesday,False,Summer,Salt Lake City,United States,North America,Tier 3 Emerging / Secondary Market,40.7608,-111.891,Salt Lake City Music Hall,Club / Theater,Opener 1,2,678,1937,35.0,False,25235.16,37.22,Budget (<$75),1,False,Synthetic (Industry Model)
SYN-09113,Snail Mail,Snail Mail — 2022 Tour,Indie Rock,Emerging Artist,2022-07-31,2022,7,July,Sunday,True,Summer,Lisbon,Portugal,Europe,Tier 2 Major Regional Market,38.7223,-9.1393,Lisbon Music Hall,Club / Theater,Opener 2,1,643,1355,47.46,False,20145.19,31.33,Budget (<$75),1,False,Synthetic (Industry Model)
SYN-09114,Snail Mail,Snail Mail — 2022 Tour,Indie Rock,Emerging Artist,2022-08-11,2022,8,August,Thursday,False,Summer,Richmond,United States,North America,Tier 3 Emerging / Secondary Market,37.5407,-77.436,Richmond Music Hall,Club / Theater,,0,813,1746,46.55,False,29885.88,36.76,Budget (<$75),1,False,Synthetic (Industry Model)
SYN-09115,Snail Mail,Snail Mail — 2022 Tour,Indie Rock,Emerging Artist,2022-08-24,2022,8,August,Wednesday,False,Summer,Los Angeles,United States,North America,Tier 1 Global Mega-City,34.0522,-118.2437,Los Angeles Music Hall,Club / Theater,Opener 1,1,727,1598,45.51,False,39156.22,53.86,Budget (<$75),4,True,Synthetic (Industry Model)
SYN-09116,Snail Mail,Snail Mail — 2022 Tour,Indie Rock,Emerging Artist,2022-08-09,2022,8,August,Tuesday,False,Summer,Columbus,United States,North America,Tier 3 Emerging / Secondary Market,39.9612,-82.9988,Columbus Music Hall,Club / Theater,Opener 2,1,233,665,35.0,False,2868.23,12.31,Budget (<$75),1,False,Synthetic (Industry Model)
SYN-09117,Snail Mail,Snail Mail — 2022 Tour,Indie Rock,Emerging Artist,2022-08-23,2022,8,August,Tuesday,False,Summer,Oslo,Norway,Europe,Tier 2 Major Regional Market,59.9139,10.7522,Oslo Music Hall,Club / Theater,Opener 3,2,676,1582,42.71,False,14709.76,21.76,Budget (<$75),1,False,Synthetic (Industry Model)
SYN-09118,Snail Mail,Snail Mail — 2022 Tour,Indie Rock,Emerging Artist,2022-09-08,2022,9,September,Thursday,False,Fall,Chicago,United States,North America,Tier 1 Global Mega-City,41.8781,-87.6298,Chicago Music Hall,Club / Theater,Opener 1,2,751,1415,53.08,False,25068.38,33.38,Budget (<$75),1,False,Synthetic (Industry Model)
SYN-09119,Snail Mail,Snail Mail — 2022 Tour,Indie Rock,Emerging Artist,2022-08-31,2022,8,August,Wednesday,False,Summer,Chicago,United States,North America,Tier 1 Global Mega-City,41.8781,-87.6298,Chicago Music Hall,Club / Theater,,0,936,1462,64.01,False,24111.36,25.76,Budget (<$75),2,True,Synthetic (Industry Model)
SYN-09120,Snail Mail,Snail Mail — 2022 Tour,Indie Rock,Emerging Artist,2022-08-07,2022,8,August,Sunday,True,Summer,Oslo,Norway,Europe,Tier 2 Major Regional Market,59.9139,10.7522,Oslo Music Hall,Club / Theater,Opener 3,2,511,801,63.85,False,5365.5,10.5,Budget (<$75),2,True,Synthetic (Industry Model)
SYN-09121,Snail Mail,Snail Mail — 2022 Tour,Indie Rock,Emerging Artist,2022-08-09,2022,8,August,Tuesday,False,Summer,Vancouver,Canada,North America,Tier 2 Major Regional Market,49.2827,-123.1207,Vancouver Music Hall,Club / Theater,Opener 1,1,411,935,43.92,False,6107.46,14.86,Budget (<$75),1,False,Synthetic (Industry Model)
SYN-09122,Snail Mail,Snail Mail — 2022 Tour,Indie Rock,Emerging Artist,2022-09-28,2022,9,September,Wednesday,False,Fall,Barcelona,Spain,Europe,Tier 2 Major Regional Market,41.3851,2.1734,Barcelona Music Hall,Club / Theater,Opener 2,2,929,1894,49.06,False,52051.87,56.03,Budget (<$75),1,False,Synthetic (Industry Model)
SYN-09123,Snail Mail,Snail Mail — 2022 Tour,Indie Rock,Emerging Artist,2022-08-13,2022,8,August,Saturday,True,Summer,London,United Kingdom,Europe,Tier 1 Global Mega-City,51.5074,-0.1278,London Music Hall,Club / Theater,Opener 3,1,491,864,56.79,False,7482.84,15.24,Budget (<$75),1,False,Synthetic (Industry Model)
SYN-09124,Girl in Red,Girl in Red — 2018 Tour,Indie Pop,Emerging Artist,2018-05-04,2018,5,May,Friday,True,Spring,Richmond,United States,North America,Tier 3 Emerging / Secondary Market,37.5407,-77.436,Richmond Music Hall,Club / Theater,Opener 1,1,551,929,59.27,False,8485.4,15.399999999999999,Budget (<$75),1,False,Synthetic (Industry Model)
SYN-09125,Girl in Red,Girl in Red — 2018 Tour,Indie Pop,Emerging Artist,2018-05-09,2018,5,May,Wednesday,False,Spring,Columbus,United States,North America,Tier 3 Emerging / Secondary Market,39.9612,-82.9988,Columbus Music Hall,Club / Theater,Opener 2,1,641,1395,45.95,False,30293.66,47.26,Budget (<$75),1,False,Synthetic (Industry Model)
SYN-09126,Girl in Red,Girl in Red — 2018 Tour,Indie Pop,Emerging Artist,2018-05-12,2018,5,May,Saturday,True,Spring,Atlanta,United States,North America,Tier 2 Major Regional Market,33.749,-84.388,Atlanta Music Hall,Club / Theater,,0,766,1379,55.55,False,16300.48,21.28,Budget (<$75),1,False,Synthetic (Industry Model)
SYN-09127,Girl in Red,Girl in Red — 2018 Tour,Indie Pop,Emerging Artist,2018-05-10,2018,5,May,Thursday,False,Spring,Denver,United States,North America,Tier 2 Major Regional Market,39.7392,-104.9903,Denver Arena,Arena,Opener 1,2,1651,3039,54.33,False,116345.97,70.47,Budget (<$75),1,False,Synthetic (Industry Model)
SYN-09128,Girl in Red,Girl in Red — 2018 Tour,Indie Pop,Emerging Artist,2018-05-12,2018,5,May,Saturday,True,Spring,Chicago,United States,North America,Tier 1 Global Mega-City,41.8781,-87.6298,Chicago Arena,Arena,,0,1806,3157,57.2,False,82191.06,45.51,Budget (<$75),1,False,Synthetic (Industry Model)
SYN-09129,Girl in Red,Girl in Red — 2018 Tour,Indie Pop,Emerging Artist,2018-05-29,2018,5,May,Tuesday,False,Spring,Boston,United States,North America,Tier 2 Major Regional Market,42.3601,-71.0589,Boston Music Hall,Club / Theater,,0,887,1638,54.13,False,41307.59,46.57,Budget (<$75),1,False,Synthetic (Industry Model)
SYN-09130,Girl in Red,Girl in Red — 2018 Tour,Indie Pop,Emerging Artist,2018-05-28,2018,5,May,Monday,False,Spring,Miami,United States,North America,Tier 2 Major Regional Market,25.7617,-80.1918,Miami Music Hall,Club / Theater,,0,1091,1524,71.58,False,32293.6,29.6,Budget (<$75),1,False,Synthetic (Industry Model)
SYN-09131,Girl in Red,Girl in Red — 2018 Tour,Indie Pop,Emerging Artist,2018-05-18,2018,5,May,Friday,True,Spring,Kansas City,United States,North America,Tier 3 Emerging / Secondary Market,39.0997,-94.5786,Kansas City Arena,Arena,Opener 2,2,2246,3255,69.01,False,118903.24,52.94,Budget (<$75),1,False,Synthetic (Industry Model)
SYN-09132,Girl in Red,Girl in Red — 2018 Tour,Indie Pop,Emerging Artist,2018-05-20,2018,5,May,Sunday,True,Spring,Richmond,United States,North America,Tier 3 Emerging / Secondary Market,37.5407,-77.436,Richmond Music Hall,Club / Theater,,0,591,1052,56.22,False,15135.51,25.61,Budget (<$75),2,True,Synthetic (Industry Model)
SYN-09133,Girl in Red,Girl in Red — 2018 Tour,Indie Pop,Emerging Artist,2018-06-09,2018,6,June,Saturday,True,Summer,Philadelphia,United States,North America,Tier 2 Major Regional Market,39.9526,-75.1652,Philadelphia Music Hall,Club / Theater,,0,1204,1921,62.66,False,40647.04,33.76,Budget (<$75),1,False,Synthetic (Industry Model)
SYN-09134,Girl in Red,Girl in Red — 2018 Tour,Indie Pop,Emerging Artist,2018-06-03,2018,6,June,Sunday,True,Summer,Madrid,Spain,Europe,Tier 2 Major Regional Market,40.4168,-3.7038,Madrid Music Hall,Club / Theater,,0,1657,2656,62.39,False,74780.41,45.13,Budget (<$75),1,False,Synthetic (Industry Model)
SYN-09135,Girl in Red,Girl in Red — 2018 Tour,Indie Pop,Emerging Artist,2018-06-17,2018,6,June,Sunday,True,Summer,Copenhagen,Denmark,Europe,Tier 2 Major Regional Market,55.6761,12.5683,Copenhagen Arena,Arena,,0,1984,3010,65.93,False,100588.8,50.7,Budget (<$75),1,False,Synthetic (Industry Model)
SYN-09136,Girl in Red,Girl in Red — 2018 Tour,Indie Pop,Emerging Artist,2018-06-09,2018,6,June,Saturday,True,Summer,Richmond,United States,North America,Tier 3 Emerging / Secondary Market,37.5407,-77.436,Richmond Music Hall,Club / Theater,Opener 1,2,1266,2096,60.41,False,49019.52,38.72,Budget (<$75),3,True,Synthetic (Industry Model)
SYN-09137,Girl in Red,Girl in Red — 2018 Tour,Indie Pop,Emerging Artist,2018-07-08,2018,7,July,Sunday,True,Summer,Amsterdam,Netherlands,Europe,Tier 1 Global Mega-City,52.3676,4.9041,Amsterdam Arena,Arena,,0,2204,3002,73.41,False,104183.08,47.27,Budget (<$75),1,False,Synthetic (Industry Model)
SYN-09138,Girl in Red,Girl in Red — 2018 Tour,Indie Pop,Emerging Artist,2018-07-13,2018,7,July,Friday,True,Summer,London,United Kingdom,Europe,Tier 1 Global Mega-City,51.5074,-0.1278,London Music Hall,Club / Theater,Opener 3,2,2078,2735,75.97,False,79608.18,38.31,Budget (<$75),1,False,Synthetic (Industry Model)
SYN-09139,Girl in Red,Girl in Red — 2018 Tour,Indie Pop,Emerging Artist,2018-06-03,2018,6,June,Sunday,True,Summer,Lisbon,Portugal,Europe,Tier 2 Major Regional Market,38.7223,-9.1393,Lisbon Music Hall,Club / Theater,,0,1708,2156,79.24,False,63742.56,37.32,Budget (<$75),1,False,Synthetic (Industry Model)
SYN-09140,Girl in Red,Girl in Red — 2018 Tour,Indie Pop,Emerging Artist,2018-06-05,2018,6,June,Tuesday,False,Summer,Toronto,Canada,North America,Tier 1 Global Mega-City,43.6532,-79.3832,Toronto Music Hall,Club / Theater,,0,471,1261,37.36,False,19508.82,41.42,Budget (<$75),1,False,Synthetic (Industry Model)
SYN-09141,Girl in Red,Girl in Red — 2018 Tour,Indie Pop,Emerging Artist,2018-06-07,2018,6,June,Thursday,False,Summer,Warsaw,Poland,Europe,Tier 3 Emerging / Secondary Market,52.2297,21.0122,Warsaw Arena,Arena,Opener 3,1,2194,3352,65.44,False,97325.84,44.36,Budget (<$75),1,False,Synthetic (Industry Model)
SYN-09142,Girl in Red,Girl in Red — 2018 Tour,Indie Pop,Emerging Artist,2018-06-27,2018,6,June,Wednesday,False,Summer,Miami,United States,North America,Tier 2 Major Regional Market,25.7617,-80.1918,Miami Music Hall,Club / Theater,Opener 1,1,330,620,53.29,False,8019.0,24.3,Budget (<$75),2,True,Synthetic (Industry Model)
SYN-09143,Girl in Red,Girl in Red — 2018 Tour,Indie Pop,Emerging Artist,2018-06-11,2018,6,June,Monday,False,Summer,Warsaw,Poland,Europe,Tier 3 Emerging / Secondary Market,52.2297,21.0122,Warsaw Arena,Arena,,0,1264,3192,39.6,False,73741.76,58.34,Budget (<$75),2,True,Synthetic (Industry Model)
SYN-09144,Girl in Red,Girl in Red — 2018 Tour,Indie Pop,Emerging Artist,2018-07-23,2018,7,July,Monday,False,Summer,Brussels,Belgium,Europe,Tier 2 Major Regional Market,50.8503,4.3517,Brussels Music Hall,Club / Theater,,0,472,909,51.92,False,13706.88,29.04,Budget (<$75),1,False,Synthetic (Industry Model)
SYN-09145,Girl in Red,Girl in Red — 2018 Tour,Indie Pop,Emerging Artist,2018-07-06,2018,7,July,Friday,True,Summer,Atlanta,United States,North America,Tier 2 Major Regional Market,33.749,-84.388,Atlanta Music Hall,Club / Theater,,0,1386,2599,53.34,False,69438.6,50.1,Budget (<$75),2,True,Synthetic (Industry Model)
SYN-09146,Girl in Red,Girl in Red — 2018 Tour,Indie Pop,Emerging Artist,2018-08-22,2018,8,August,Wednesday,False,Summer,Miami,United States,North America,Tier 2 Major Regional Market,25.7617,-80.1918,Miami Music Hall,Club / Theater,Opener 2,2,1851,2922,63.35,False,68746.14,37.14,Budget (<$75),3,True,Synthetic (Industry Model)
SYN-09147,Girl in Red,Girl in Red — 2018 Tour,Indie Pop,Emerging Artist,2018-07-12,2018,7,July,Thursday,False,Summer,Seattle,United States,North America,Tier 2 Major Regional Market,47.6062,-122.3321,Seattle Music Hall,Club / Theater,Opener 3,2,966,1530,63.12,False,32583.18,33.73,Budget (<$75),1,False,Synthetic (Industry Model)
SYN-09148,Rex Orange County,Rex Orange County — 2018 Tour,Indie Pop,Emerging Artist,2018-09-12,2018,9,September,Wednesday,False,Fall,Philadelphia,United States,North America,Tier 2 Major Regional Market,39.9526,-75.1652,Philadelphia Arena,Arena,Opener 1,1,1579,3511,44.96,False,77197.31,48.89,Budget (<$75),1,False,Synthetic (Industry Model)
SYN-09149,Rex Orange County,Rex Orange County — 2018 Tour,Indie Pop,Emerging Artist,2018-09-17,2018,9,September,Monday,False,Fall,Warsaw,Poland,Europe,Tier 3 Emerging / Secondary Market,52.2297,21.0122,Warsaw Arena,Arena,,0,2364,3956,59.75,False,126072.12,53.33,Budget (<$75),1,False,Synthetic (Industry Model)
SYN-09150,Rex Orange County,Rex Orange County — 2018 Tour,Indie Pop,Emerging Artist,2018-09-16,2018,9,September,Sunday,True,Fall,Stockholm,Sweden,Europe,Tier 2 Major Regional Market,59.3293,18.0686,Stockholm Music Hall,Club / Theater,Opener 3,1,1603,2292,69.94,False,82907.16,51.72,Budget (<$75),1,False,Synthetic (Industry Model)
SYN-09151,Rex Orange County,Rex Orange County — 2018 Tour,Indie Pop,Emerging Artist,2018-09-27,2018,9,September,Thursday,False,Fall,Oslo,Norway,Europe,Tier 2 Major Regional Market,59.9139,10.7522,Oslo Arena,Arena,Opener 1,1,2946,4335,67.97,False,167774.7,56.95,Budget (<$75),1,False,Synthetic (Industry Model)
SYN-09152,Rex Orange County,Rex Orange County — 2018 Tour,Indie Pop,Emerging Artist,2018-09-24,2018,9,September,Monday,False,Fall,Warsaw,Poland,Europe,Tier 3 Emerging / Secondary Market,52.2297,21.0122,Warsaw Arena,Arena,Opener 2,1,1457,3745,38.91,False,81242.32,55.76,Budget (<$75),2,True,Synthetic (Industry Model)
SYN-09153,Rex Orange County,Rex Orange County — 2018 Tour,Indie Pop,Emerging Artist,2018-09-27,2018,9,September,Thursday,False,Fall,Seattle,United States,North America,Tier 2 Major Regional Market,47.6062,-122.3321,Seattle Music Hall,Club / Theater,,0,874,1244,70.27,False,17130.4,19.599999999999998,Budget (<$75),1,False,Synthetic (Industry Model)
SYN-09154,Rex Orange County,Rex Orange County — 2018 Tour,Indie Pop,Emerging Artist,2018-10-12,2018,10,October,Friday,True,Fall,Boston,United States,North America,Tier 2 Major Regional Market,42.3601,-71.0589,Boston Music Hall,Club / Theater,Opener 1,1,993,1660,59.81,False,47584.56,47.92,Budget (<$75),1,False,Synthetic (Industry Model)
SYN-09155,Rex Orange County,Rex Orange County — 2018 Tour,Indie Pop,Emerging Artist,2018-10-10,2018,10,October,Wednesday,False,Fall,Toronto,Canada,North America,Tier 1 Global Mega-City,43.6532,-79.3832,Toronto Music Hall,Club / Theater,Opener 2,1,1394,2353,59.25,False,66117.42,47.43,Budget (<$75),1,False,Synthetic (Industry Model)
SYN-09156,Rex Orange County,Rex Orange County — 2018 Tour,Indie Pop,Emerging Artist,2018-10-14,2018,10,October,Sunday,True,Fall,Stockholm,Sweden,Europe,Tier 2 Major Regional Market,59.3293,18.0686,Stockholm Arena,Arena,,0,1856,3948,47.0,False,101671.68,54.78,Budget (<$75),2,True,Synthetic (Industry Model)
SYN-09157,Rex Orange County,Rex Orange County — 2018 Tour,Indie Pop,Emerging Artist,2018-10-09,2018,10,October,Tuesday,False,Fall,Warsaw,Poland,Europe,Tier 3 Emerging / Secondary Market,52.2297,21.0122,Warsaw Music Hall,Club / Theater,Opener 1,2,778,1731,44.93,False,24966.02,32.09,Budget (<$75),3,True,Synthetic (Industry Model)
SYN-09158,Rex Orange County,Rex Orange County — 2018 Tour,Indie Pop,Emerging Artist,2018-10-12,2018,10,October,Friday,True,Fall,Vancouver,Canada,North America,Tier 2 Major Regional Market,49.2827,-123.1207,Vancouver Arena,Arena,Opener 2,2,3074,4171,73.69,False,190557.26,61.99,Budget (<$75),1,False,Synthetic (Industry Model)
SYN-09159,Rex Orange County,Rex Orange County — 2018 Tour,Indie Pop,Emerging Artist,2018-10-04,2018,10,October,Thursday,False,Fall,Berlin,Germany,Europe,Tier 1 Global Mega-City,52.52,13.405,Berlin Arena,Arena,Opener 3,1,3461,4417,78.35,False,238912.83,69.03,Budget (<$75),1,False,Synthetic (Industry Model)
SYN-09160,Rex Orange County,Rex Orange County — 2018 Tour,Indie Pop,Emerging Artist,2018-10-18,2018,10,October,Thursday,False,Fall,Atlanta,United States,North America,Tier 2 Major Regional Market,33.749,-84.388,Atlanta Music Hall,Club / Theater,Opener 1,1,1678,2842,59.03,False,98985.22,58.99,Budget (<$75),1,False,Synthetic (Industry Model)
SYN-09161,Rex Orange County,Rex Orange County — 2018 Tour,Indie Pop,Emerging Artist,2018-11-16,2018,11,November,Friday,True,Fall,Lisbon,Portugal,Europe,Tier 2 Major Regional Market,38.7223,-9.1393,Lisbon Music Hall,Club / Theater,Opener 2,1,2015,2957,68.13,False,106250.95,52.73,Budget (<$75),1,False,Synthetic (Industry Model)
SYN-09162,Rex Orange County,Rex Orange County — 2018 Tour,Indie Pop,Emerging Artist,2018-11-07,2018,11,November,Wednesday,False,Fall,Oslo,Norway,Europe,Tier 2 Major Regional Market,59.9139,10.7522,Oslo Arena,Arena,Opener 3,1,2206,3212,68.68,False,108071.94,48.99,Budget (<$75),2,True,Synthetic (Industry Model)
SYN-09163,Rex Orange County,Rex Orange County — 2018 Tour,Indie Pop,Emerging Artist,2018-11-11,2018,11,November,Sunday,True,Fall,Madrid,Spain,Europe,Tier 2 Major Regional Market,40.4168,-3.7038,Madrid Music Hall,Club / Theater,,0,558,1289,43.29,False,21533.22,38.59,Budget (<$75),1,False,Synthetic (Industry Model)
SYN-09164,Rex Orange County,Rex Orange County — 2018 Tour,Indie Pop,Emerging Artist,2018-10-14,2018,10,October,Sunday,True,Fall,Copenhagen,Denmark,Europe,Tier 2 Major Regional Market,55.6761,12.5683,Copenhagen Music Hall,Club / Theater,,0,836,1140,73.37,False,29719.8,35.55,Budget (<$75),1,False,Synthetic (Industry Model)
SYN-09165,Rex Orange County,Rex Orange County — 2018 Tour,Indie Pop,Emerging Artist,2018-11-19,2018,11,November,Monday,False,Fall,Warsaw,Poland,Europe,Tier 3 Emerging / Secondary Market,52.2297,21.0122,Warsaw Arena,Arena,Opener 3,2,1068,3013,35.44,False,50388.24,47.18,Budget (<$75),4,True,Synthetic (Industry Model)
SYN-09166,Rex Orange County,Rex Orange County — 2018 Tour,Indie Pop,Emerging Artist,2018-11-23,2018,11,November,Friday,True,Fall,New York,United States,North America,Tier 1 Global Mega-City,40.7128,-74.006,New York Arena,Arena,Opener 1,1,3195,4810,66.42,False,221253.75,69.25,Budget (<$75),1,False,Synthetic (Industry Model)
SYN-09167,Rex Orange County,Rex Orange County — 2018 Tour,Indie Pop,Emerging Artist,2018-12-16,2018,12,December,Sunday,True,Winter,Dublin,Ireland,Europe,Tier 2 Major Regional Market,53.3498,-6.2603,Dublin Arena,Arena,Opener 2,2,2416,3488,69.26,False,137373.76,56.86,Budget (<$75),1,False,Synthetic (Industry Model)
SYN-09168,Rex Orange County,Rex Orange County — 2018 Tour,Indie Pop,Emerging Artist,2018-12-01,2018,12,December,Saturday,True,Winter,Denver,United States,North America,Tier 2 Major Regional Market,39.7392,-104.9903,Denver Arena,Arena,Opener 3,2,2203,3093,71.21,False,103144.46,46.82,Budget (<$75),1,False,Synthetic (Industry Model)
SYN-09169,Rex Orange County,Rex Orange County — 2018 Tour,Indie Pop,Emerging Artist,2018-10-24,2018,10,October,Wednesday,False,Fall,Lisbon,Portugal,Europe,Tier 2 Major Regional Market,38.7223,-9.1393,Lisbon Arena,Arena,Opener 1,2,2398,4840,49.55,False,142369.26,59.37,Budget (<$75),2,True,Synthetic (Industry Model)
SYN-09170,Rex Orange County,Rex Orange County — 2018 Tour,Indie Pop,Emerging Artist,2018-10-26,2018,10,October,Friday,True,Fall,Stockholm,Sweden,Europe,Tier 2 Major Regional Market,59.3293,18.0686,Stockholm Music Hall,Club / Theater,Opener 2,1,1424,2627,54.22,False,68565.6,48.15,Budget (<$75),3,True,Synthetic (Industry Model)
SYN-09171,Rex Orange County,Rex Orange County — 2018 Tour,Indie Pop,Emerging Artist,2018-12-13,2018,12,December,Thursday,False,Winter,Oslo,Norway,Europe,Tier 2 Major Regional Market,59.9139,10.7522,Oslo Arena,Arena,Opener 3,2,3671,4987,73.62,False,208402.67,56.77,Budget (<$75),3,True,Synthetic (Industry Model)
SYN-09172,Rex Orange County,Rex Orange County — 2018 Tour,Indie Pop,Emerging Artist,2018-11-23,2018,11,November,Friday,True,Fall,Copenhagen,Denmark,Europe,Tier 2 Major Regional Market,55.6761,12.5683,Copenhagen Music Hall,Club / Theater,,0,916,1360,67.37,False,19785.6,21.6,Budget (<$75),2,True,Synthetic (Industry Model)
SYN-09173,Rex Orange County,Rex Orange County — 2018 Tour,Indie Pop,Emerging Artist,2018-12-21,2018,12,December,Friday,True,Winter,Miami,United States,North America,Tier 2 Major Regional Market,25.7617,-80.1918,Miami Music Hall,Club / Theater,,0,787,1200,65.55,False,25459.45,32.35,Budget (<$75),1,False,Synthetic (Industry Model)
SYN-09174,Lewis Capaldi,Lewis Capaldi — 2019 Tour,Pop / Singer-Songwriter,Mid-Tier Touring Artist,2019-07-14,2019,7,July,Sunday,True,Summer,Toronto,Canada,North America,Tier 1 Global Mega-City,43.6532,-79.3832,Toronto Arena,Arena,Opener 1,1,6117,6681,91.56,False,409716.66,66.98,Budget (<$75),1,False,Synthetic (Industry Model)
SYN-09175,Lewis Capaldi,Lewis Capaldi — 2019 Tour,Pop / Singer-Songwriter,Mid-Tier Touring Artist,2019-07-18,2019,7,July,Thursday,False,Summer,Columbus,United States,North America,Tier 3 Emerging / Secondary Market,39.9612,-82.9988,Columbus Arena,Arena,Opener 2,1,9120,11187,81.52,False,762523.2,83.61,Standard ($75-$150),1,False,Synthetic (Industry Model)
SYN-09176,Lewis Capaldi,Lewis Capaldi — 2019 Tour,Pop / Singer-Songwriter,Mid-Tier Touring Artist,2019-07-22,2019,7,July,Monday,False,Summer,Copenhagen,Denmark,Europe,Tier 2 Major Regional Market,55.6761,12.5683,Copenhagen Arena,Large Arena,Opener 3,2,11881,14461,82.16,False,1168377.54,98.34,Standard ($75-$150),1,False,Synthetic (Industry Model)
SYN-09177,Lewis Capaldi,Lewis Capaldi — 2019 Tour,Pop / Singer-Songwriter,Mid-Tier Touring Artist,2019-07-23,2019,7,July,Tuesday,False,Summer,Denver,United States,North America,Tier 2 Major Regional Market,39.7392,-104.9903,Denver Arena,Arena,Opener 1,1,7201,11730,61.39,False,482250.97,66.97,Budget (<$75),1,False,Synthetic (Industry Model)
SYN-09178,Lewis Capaldi,Lewis Capaldi — 2019 Tour,Pop / Singer-Songwriter,Mid-Tier Touring Artist,2019-08-03,2019,8,August,Saturday,True,Summer,Manchester,United Kingdom,Europe,Tier 2 Major Regional Market,53.4808,-2.2426,Manchester Arena,Arena,Opener 2,2,5466,6808,80.29,False,368299.08,67.38,Budget (<$75),1,False,Synthetic (Industry Model)
SYN-09179,Lewis Capaldi,Lewis Capaldi — 2019 Tour,Pop / Singer-Songwriter,Mid-Tier Touring Artist,2019-08-03,2019,8,August,Saturday,True,Summer,London,United Kingdom,Europe,Tier 1 Global Mega-City,51.5074,-0.1278,London Arena,Large Arena,,0,13678,15218,89.88,False,1505127.12,110.04,Standard ($75-$150),1,False,Synthetic (Industry Model)
SYN-09180,Lewis Capaldi,Lewis Capaldi — 2019 Tour,Pop / Singer-Songwriter,Mid-Tier Touring Artist,2019-08-13,2019,8,August,Tuesday,False,Summer,Kansas City,United States,North America,Tier 3 Emerging / Secondary Market,39.0997,-94.5786,Kansas City Arena,Arena,Opener 1,1,6902,11347,60.83,False,611724.26,88.63,Standard ($75-$150),1,False,Synthetic (Industry Model)
SYN-09181,Lewis Capaldi,Lewis Capaldi — 2019 Tour,Pop / Singer-Songwriter,Mid-Tier Touring Artist,2019-08-18,2019,8,August,Sunday,True,Summer,Amsterdam,Netherlands,Europe,Tier 1 Global Mega-City,52.3676,4.9041,Amsterdam Arena,Large Arena,Opener 2,2,14706,16982,86.6,False,1650013.2,112.2,Standard ($75-$150),1,False,Synthetic (Industry Model)
SYN-09182,Lewis Capaldi,Lewis Capaldi — 2019 Tour,Pop / Singer-Songwriter,Mid-Tier Touring Artist,2019-08-23,2019,8,August,Friday,True,Summer,Miami,United States,North America,Tier 2 Major Regional Market,25.7617,-80.1918,Miami Arena,Large Arena,Opener 3,1,10191,14497,70.3,False,988934.64,97.04,Standard ($75-$150),1,False,Synthetic (Industry Model)
SYN-09183,Lewis Capaldi,Lewis Capaldi — 2019 Tour,Pop / Singer-Songwriter,Mid-Tier Touring Artist,2019-08-10,2019,8,August,Saturday,True,Summer,Stockholm,Sweden,Europe,Tier 2 Major Regional Market,59.3293,18.0686,Stockholm Arena,Large Arena,Opener 1,2,14822,15623,94.87,False,1513474.42,102.11,Standard ($75-$150),1,False,Synthetic (Industry Model)
SYN-09184,Lewis Capaldi,Lewis Capaldi — 2019 Tour,Pop / Singer-Songwriter,Mid-Tier Touring Artist,2019-09-02,2019,9,September,Monday,False,Fall,New York,United States,North America,Tier 1 Global Mega-City,40.7128,-74.006,New York Arena,Large Arena,Opener 2,1,11579,15338,75.49,False,1129647.24,97.56,Standard ($75-$150),1,False,Synthetic (Industry Model)
SYN-09185,Lewis Capaldi,Lewis Capaldi — 2019 Tour,Pop / Singer-Songwriter,Mid-Tier Touring Artist,2019-08-16,2019,8,August,Friday,True,Winter,Melbourne,Australia,Oceania,Tier 2 Major Regional Market,-37.8136,144.9631,Melbourne Arena,Arena,,0,8587,9069,94.69,False,646429.36,75.28,Standard ($75-$150),1,False,Synthetic (Industry Model)
SYN-09186,Lewis Capaldi,Lewis Capaldi — 2019 Tour,Pop / Singer-Songwriter,Mid-Tier Touring Artist,2019-08-07,2019,8,August,Wednesday,False,Summer,Paris,France,Europe,Tier 1 Global Mega-City,48.8566,2.3522,Paris Arena,Arena,Opener 1,2,5159,6121,84.29,False,264501.93,51.27,Budget (<$75),1,False,Synthetic (Industry Model)
SYN-09187,Lewis Capaldi,Lewis Capaldi — 2019 Tour,Pop / Singer-Songwriter,Mid-Tier Touring Artist,2019-09-04,2019,9,September,Wednesday,False,Fall,Copenhagen,Denmark,Europe,Tier 2 Major Regional Market,55.6761,12.5683,Copenhagen Arena,Large Arena,Opener 2,1,8484,14588,58.16,False,911351.28,107.42,Standard ($75-$150),2,True,Synthetic (Industry Model)
SYN-09188,Lewis Capaldi,Lewis Capaldi — 2019 Tour,Pop / Singer-Songwriter,Mid-Tier Touring Artist,2019-09-08,2019,9,September,Sunday,True,Fall,Copenhagen,Denmark,Europe,Tier 2 Major Regional Market,55.6761,12.5683,Copenhagen Arena,Arena,Opener 3,1,6010,7288,82.47,False,349181.0,58.1,Budget (<$75),3,True,Synthetic (Industry Model)
SYN-09189,Lewis Capaldi,Lewis Capaldi — 2019 Tour,Pop / Singer-Songwriter,Mid-Tier Touring Artist,2019-08-13,2019,8,August,Tuesday,False,Summer,Brussels,Belgium,Europe,Tier 2 Major Regional Market,50.8503,4.3517,Brussels Arena,Arena,Opener 1,2,6737,9690,69.53,False,549739.2,81.6,Standard ($75-$150),1,False,Synthetic (Industry Model)
SYN-09190,Lewis Capaldi,Lewis Capaldi — 2019 Tour,Pop / Singer-Songwriter,Mid-Tier Touring Artist,2019-08-31,2019,8,August,Saturday,True,Summer,Vancouver,Canada,North America,Tier 2 Major Regional Market,49.2827,-123.1207,Vancouver Arena,Arena,Opener 2,1,5504,6819,80.72,False,403608.32,73.33,Budget (<$75),1,False,Synthetic (Industry Model)
SYN-09191,Lewis Capaldi,Lewis Capaldi — 2019 Tour,Pop / Singer-Songwriter,Mid-Tier Touring Artist,2019-09-20,2019,9,September,Friday,True,Fall,Chicago,United States,North America,Tier 1 Global Mega-City,41.8781,-87.6298,Chicago Arena,Arena,Opener 3,2,4457,5063,88.04,False,276334.0,62.0,Budget (<$75),1,False,Synthetic (Industry Model)
SYN-09192,Lewis Capaldi,Lewis Capaldi — 2019 Tour,Pop / Singer-Songwriter,Mid-Tier Touring Artist,2019-09-06,2019,9,September,Friday,True,Fall,Brussels,Belgium,Europe,Tier 2 Major Regional Market,50.8503,4.3517,Brussels Arena,Arena,,0,8185,10509,77.89,False,793372.05,96.93,Standard ($75-$150),2,True,Synthetic (Industry Model)
SYN-09193,Lewis Capaldi,Lewis Capaldi — 2019 Tour,Pop / Singer-Songwriter,Mid-Tier Touring Artist,2019-09-09,2019,9,September,Monday,False,Fall,Nashville,United States,North America,Tier 2 Major Regional Market,36.1627,-86.7816,Nashville Arena,Large Arena,Opener 2,1,12586,16414,76.68,False,1098254.36,87.26,Standard ($75-$150),1,False,Synthetic (Industry Model)
SYN-09194,Lewis Capaldi,Lewis Capaldi — 2019 Tour,Pop / Singer-Songwriter,Mid-Tier Touring Artist,2019-09-12,2019,9,September,Thursday,False,Fall,Denver,United States,North America,Tier 2 Major Regional Market,39.7392,-104.9903,Denver Arena,Arena,Opener 3,1,8827,11216,78.7,False,685328.28,77.64,Standard ($75-$150),2,True,Synthetic (Industry Model)
SYN-09195,Lewis Capaldi,Lewis Capaldi — 2019 Tour,Pop / Singer-Songwriter,Mid-Tier Touring Artist,2019-08-25,2019,8,August,Sunday,True,Summer,Barcelona,Spain,Europe,Tier 2 Major Regional Market,41.3851,2.1734,Barcelona Arena,Large Arena,,0,10407,12079,86.16,False,993140.01,95.43,Standard ($75-$150),1,False,Synthetic (Industry Model)
SYN-09196,Lewis Capaldi,Lewis Capaldi — 2019 Tour,Pop / Singer-Songwriter,Mid-Tier Touring Artist,2019-08-27,2019,8,August,Tuesday,False,Summer,Copenhagen,Denmark,Europe,Tier 2 Major Regional Market,55.6761,12.5683,Copenhagen Arena,Large Arena,Opener 2,2,11306,14394,78.55,False,957957.38,84.73,Standard ($75-$150),4,True,Synthetic (Industry Model)
SYN-09197,Lewis Capaldi,Lewis Capaldi — 2019 Tour,Pop / Singer-Songwriter,Mid-Tier Touring Artist,2019-09-21,2019,9,September,Saturday,True,Fall,Denver,United States,North America,Tier 2 Major Regional Market,39.7392,-104.9903,Denver Arena,Large Arena,Opener 3,1,14400,17589,81.87,False,1467504.0,101.91,Standard ($75-$150),3,True,Synthetic (Industry Model)
SYN-09198,Lewis Capaldi,Lewis Capaldi — 2019 Tour,Pop / Singer-Songwriter,Mid-Tier Touring Artist,2019-11-11,2019,11,November,Monday,False,Fall,Denver,United States,North America,Tier 2 Major Regional Market,39.7392,-104.9903,Denver Arena,Arena,,0,4250,5157,82.41,False,254405.0,59.86,Budget (<$75),4,True,Synthetic (Industry Model)
SYN-09199,Lewis Capaldi,Lewis Capaldi — 2019 Tour,Pop / Singer-Songwriter,Mid-Tier Touring Artist,2019-09-02,2019,9,September,Monday,False,Fall,Salt Lake City,United States,North America,Tier 3 Emerging / Secondary Market,40.7608,-111.891,Salt Lake City Arena,Large Arena,Opener 2,2,11362,14597,77.84,False,957816.6,84.3,Standard ($75-$150),1,False,Synthetic (Industry Model)
SYN-09200,Lewis Capaldi,Lewis Capaldi — 2019 Tour,Pop / Singer-Songwriter,Mid-Tier Touring Artist,2019-11-21,2019,11,November,Thursday,False,Fall,Salt Lake City,United States,North America,Tier 3 Emerging / Secondary Market,40.7608,-111.891,Salt Lake City Arena,Arena,Opener 3,2,7660,10082,75.98,False,589360.4,76.94,Standard ($75-$150),2,True,Synthetic (Industry Model)
SYN-09201,Lewis Capaldi,Lewis Capaldi — 2019 Tour,Pop / Singer-Songwriter,Mid-Tier Touring Artist,2019-11-26,2019,11,November,Tuesday,False,Fall,Denver,United States,North America,Tier 2 Major Regional Market,39.7392,-104.9903,Denver Arena,Large Arena,,0,10754,13899,77.37,False,1035825.28,96.32,Standard ($75-$150),5,True,Synthetic (Industry Model)
SYN-09202,Lewis Capaldi,Lewis Capaldi — 2019 Tour,Pop / Singer-Songwriter,Mid-Tier Touring Artist,2019-10-06,2019,10,October,Sunday,True,Fall,Atlanta,United States,North America,Tier 2 Major Regional Market,33.749,-84.388,Atlanta Arena,Arena,,0,3768,5561,67.76,False,220352.64,58.48,Budget (<$75),1,False,Synthetic (Industry Model)
SYN-09203,Lewis Capaldi,Lewis Capaldi — 2019 Tour,Pop / Singer-Songwriter,Mid-Tier Touring Artist,2019-12-06,2019,12,December,Friday,True,Winter,Salt Lake City,United States,North America,Tier 3 Emerging / Secondary Market,40.7608,-111.891,Salt Lake City Arena,Large Arena,,0,9932,13103,75.8,False,905003.84,91.12,Standard ($75-$150),3,True,Synthetic (Industry Model)
SYN-09204,Lewis Capaldi,Lewis Capaldi — 2019 Tour,Pop / Singer-Songwriter,Mid-Tier Touring Artist,2019-12-11,2019,12,December,Wednesday,False,Summer,Melbourne,Australia,Oceania,Tier 2 Major Regional Market,-37.8136,144.9631,Melbourne Arena,Large Arena,,0,11088,16225,68.34,False,1073872.8,96.85,Standard ($75-$150),2,True,Synthetic (Industry Model)
SYN-09205,Lewis Capaldi,Lewis Capaldi — 2019 Tour,Pop / Singer-Songwriter,Mid-Tier Touring Artist,2019-12-16,2019,12,December,Monday,False,Winter,Brussels,Belgium,Europe,Tier 2 Major Regional Market,50.8503,4.3517,Brussels Arena,Arena,,0,6937,10893,63.68,False,565434.87,81.51,Standard ($75-$150),3,True,Synthetic (Industry Model)
SYN-09206,Lewis Capaldi,Lewis Capaldi — 2019 Tour,Pop / Singer-Songwriter,Mid-Tier Touring Artist,2019-10-18,2019,10,October,Friday,True,Spring,Sydney,Australia,Oceania,Tier 2 Major Regional Market,-33.8688,151.2093,Sydney Arena,Large Arena,,0,11219,15509,72.34,False,1080501.89,96.31,Standard ($75-$150),1,False,Synthetic (Industry Model)
SYN-09207,Lewis Capaldi,Lewis Capaldi — 2019 Tour,Pop / Singer-Songwriter,Mid-Tier Touring Artist,2019-10-21,2019,10,October,Monday,False,Fall,Manchester,United Kingdom,Europe,Tier 2 Major Regional Market,53.4808,-2.2426,Manchester Arena,Arena,Opener 1,1,7062,8756,80.65,False,485583.12,68.76,Budget (<$75),2,True,Synthetic (Industry Model)
SYN-09208,Lewis Capaldi,Lewis Capaldi — 2019 Tour,Pop / Singer-Songwriter,Mid-Tier Touring Artist,2019-09-20,2019,9,September,Friday,True,Fall,Denver,United States,North America,Tier 2 Major Regional Market,39.7392,-104.9903,Denver Arena,Arena,,0,3539,5071,69.78,False,219205.66,61.94,Budget (<$75),6,True,Synthetic (Industry Model)
SYN-09209,The 1975,The 1975 — 2019 Tour,Indie / Alternative,Mid-Tier Touring Artist,2019-05-09,2019,5,May,Thursday,False,Spring,Warsaw,Poland,Europe,Tier 3 Emerging / Secondary Market,52.2297,21.0122,Warsaw Arena,Large Arena,Opener 1,1,10733,17480,61.4,False,1060742.39,98.83,Standard ($75-$150),1,False,Synthetic (Industry Model)
SYN-09210,The 1975,The 1975 — 2019 Tour,Indie / Alternative,Mid-Tier Touring Artist,2019-05-14,2019,5,May,Tuesday,False,Spring,Boston,United States,North America,Tier 2 Major Regional Market,42.3601,-71.0589,Boston Arena,Large Arena,,0,11506,19485,59.05,False,1140474.72,99.12,Standard ($75-$150),1,False,Synthetic (Industry Model)
SYN-09211,The 1975,The 1975 — 2019 Tour,Indie / Alternative,Mid-Tier Touring Artist,2019-05-13,2019,5,May,Monday,False,Spring,Lisbon,Portugal,Europe,Tier 2 Major Regional Market,38.7223,-9.1393,Lisbon Arena,Arena,,0,6305,9428,66.88,False,508750.45,80.69,Standard ($75-$150),1,False,Synthetic (Industry Model)
SYN-09212,The 1975,The 1975 — 2019 Tour,Indie / Alternative,Mid-Tier Touring Artist,2019-05-18,2019,5,May,Saturday,True,Spring,Stockholm,Sweden,Europe,Tier 2 Major Regional Market,59.3293,18.0686,Stockholm Arena,Large Arena,Opener 1,2,16010,19555,81.87,False,1916076.8,119.68,Standard ($75-$150),1,False,Synthetic (Industry Model)
SYN-09213,The 1975,The 1975 — 2019 Tour,Indie / Alternative,Mid-Tier Touring Artist,2019-05-29,2019,5,May,Wednesday,False,Spring,Richmond,United States,North America,Tier 3 Emerging / Secondary Market,37.5407,-77.436,Richmond Arena,Large Arena,Opener 2,2,9894,17846,55.44,False,1201032.66,121.39,Standard ($75-$150),1,False,Synthetic (Industry Model)
SYN-09214,The 1975,The 1975 — 2019 Tour,Indie / Alternative,Mid-Tier Touring Artist,2019-06-03,2019,6,June,Monday,False,Summer,Berlin,Germany,Europe,Tier 1 Global Mega-City,52.52,13.405,Berlin Arena,Large Arena,,0,10637,12252,86.82,False,857767.68,80.64,Standard ($75-$150),1,False,Synthetic (Industry Model)
SYN-09215,The 1975,The 1975 — 2019 Tour,Indie / Alternative,Mid-Tier Touring Artist,2019-05-21,2019,5,May,Tuesday,False,Fall,Melbourne,Australia,Oceania,Tier 2 Major Regional Market,-37.8136,144.9631,Melbourne Arena,Arena,,0,5672,7592,74.71,False,374578.88,66.04,Budget (<$75),1,False,Synthetic (Industry Model)
SYN-09216,The 1975,The 1975 — 2019 Tour,Indie / Alternative,Mid-Tier Touring Artist,2019-06-13,2019,6,June,Thursday,False,Summer,Atlanta,United States,North America,Tier 2 Major Regional Market,33.749,-84.388,Atlanta Arena,Large Arena,Opener 2,2,11249,13558,82.97,False,1047619.37,93.13,Standard ($75-$150),1,False,Synthetic (Industry Model)
SYN-09217,The 1975,The 1975 — 2019 Tour,Indie / Alternative,Mid-Tier Touring Artist,2019-06-18,2019,6,June,Tuesday,False,Summer,Atlanta,United States,North America,Tier 2 Major Regional Market,33.749,-84.388,Atlanta Arena,Arena,Opener 3,2,5121,7204,71.09,False,309308.4,60.4,Budget (<$75),2,True,Synthetic (Industry Model)
SYN-09218,The 1975,The 1975 — 2019 Tour,Indie / Alternative,Mid-Tier Touring Artist,2019-05-27,2019,5,May,Monday,False,Spring,Richmond,United States,North America,Tier 3 Emerging / Secondary Market,37.5407,-77.436,Richmond Arena,Large Arena,Opener 1,2,12152,17387,69.89,False,1235858.4,101.7,Standard ($75-$150),2,True,Synthetic (Industry Model)
SYN-09219,The 1975,The 1975 — 2019 Tour,Indie / Alternative,Mid-Tier Touring Artist,2019-06-18,2019,6,June,Tuesday,False,Summer,Paris,France,Europe,Tier 1 Global Mega-City,48.8566,2.3522,Paris Arena,Arena,,0,5020,6220,80.7,False,338197.4,67.37,Budget (<$75),1,False,Synthetic (Industry Model)
SYN-09220,The 1975,The 1975 — 2019 Tour,Indie / Alternative,Mid-Tier Touring Artist,2019-06-22,2019,6,June,Saturday,True,Summer,Berlin,Germany,Europe,Tier 1 Global Mega-City,52.52,13.405,Berlin Arena,Large Arena,Opener 3,2,12628,13316,94.83,False,1014028.4,80.3,Standard ($75-$150),2,True,Synthetic (Industry Model)
SYN-09221,The 1975,The 1975 — 2019 Tour,Indie / Alternative,Mid-Tier Touring Artist,2019-07-08,2019,7,July,Monday,False,Summer,Nashville,United States,North America,Tier 2 Major Regional Market,36.1627,-86.7816,Nashville Arena,Large Arena,,0,9799,13130,74.63,False,805771.77,82.23,Standard ($75-$150),1,False,Synthetic (Industry Model)
SYN-09222,The 1975,The 1975 — 2019 Tour,Indie / Alternative,Mid-Tier Touring Artist,2019-07-13,2019,7,July,Saturday,True,Summer,Oslo,Norway,Europe,Tier 2 Major Regional Market,59.9139,10.7522,Oslo Arena,Arena,,0,5613,6061,92.61,False,332345.73,59.21,Budget (<$75),1,False,Synthetic (Industry Model)
SYN-09223,The 1975,The 1975 — 2019 Tour,Indie / Alternative,Mid-Tier Touring Artist,2019-06-20,2019,6,June,Thursday,False,Summer,Columbus,United States,North America,Tier 3 Emerging / Secondary Market,39.9612,-82.9988,Columbus Arena,Large Arena,Opener 3,2,8565,12425,68.93,False,813332.4,94.96,Standard ($75-$150),1,False,Synthetic (Industry Model)
SYN-09224,The 1975,The 1975 — 2019 Tour,Indie / Alternative,Mid-Tier Touring Artist,2019-07-23,2019,7,July,Tuesday,False,Summer,Lisbon,Portugal,Europe,Tier 2 Major Regional Market,38.7223,-9.1393,Lisbon Arena,Arena,,0,7600,11196,67.88,False,592800.0,78.0,Standard ($75-$150),2,True,Synthetic (Industry Model)
SYN-09225,The 1975,The 1975 — 2019 Tour,Indie / Alternative,Mid-Tier Touring Artist,2019-06-26,2019,6,June,Wednesday,False,Winter,Sydney,Australia,Oceania,Tier 2 Major Regional Market,-33.8688,151.2093,Sydney Arena,Arena,Opener 2,2,9928,11269,88.1,False,767930.8,77.35,Standard ($75-$150),1,False,Synthetic (Industry Model)
SYN-09226,The 1975,The 1975 — 2019 Tour,Indie / Alternative,Mid-Tier Touring Artist,2019-07-16,2019,7,July,Tuesday,False,Summer,Salt Lake City,United States,North America,Tier 3 Emerging / Secondary Market,40.7608,-111.891,Salt Lake City Arena,Large Arena,Opener 3,2,6277,13602,46.15,False,571646.39,91.07,Standard ($75-$150),1,False,Synthetic (Industry Model)
SYN-09227,The 1975,The 1975 — 2019 Tour,Indie / Alternative,Mid-Tier Touring Artist,2019-08-07,2019,8,August,Wednesday,False,Winter,Sydney,Australia,Oceania,Tier 2 Major Regional Market,-33.8688,151.2093,Sydney Arena,Large Arena,Opener 1,1,12904,18218,70.83,False,1487315.04,115.26,Standard ($75-$150),2,True,Synthetic (Industry Model)
SYN-09228,The 1975,The 1975 — 2019 Tour,Indie / Alternative,Mid-Tier Touring Artist,2019-08-12,2019,8,August,Monday,False,Summer,Columbus,United States,North America,Tier 3 Emerging / Secondary Market,39.9612,-82.9988,Columbus Arena,Arena,Opener 2,2,6689,9476,70.59,False,482611.35,72.15,Budget (<$75),2,True,Synthetic (Industry Model)
SYN-09229,The 1975,The 1975 — 2019 Tour,Indie / Alternative,Mid-Tier Touring Artist,2019-06-18,2019,6,June,Tuesday,False,Summer,Houston,United States,North America,Tier 2 Major Regional Market,29.7604,-95.3698,Houston Arena,Arena,Opener 3,1,8471,11857,71.44,False,793224.44,93.64,Standard ($75-$150),1,False,Synthetic (Industry Model)
SYN-09230,The 1975,The 1975 — 2019 Tour,Indie / Alternative,Mid-Tier Touring Artist,2019-08-22,2019,8,August,Thursday,False,Summer,Madrid,Spain,Europe,Tier 2 Major Regional Market,40.4168,-3.7038,Madrid Arena,Arena,Opener 1,1,6386,9605,66.49,False,538786.82,84.37,Standard ($75-$150),1,False,Synthetic (Industry Model)
SYN-09231,The 1975,The 1975 — 2019 Tour,Indie / Alternative,Mid-Tier Touring Artist,2019-08-05,2019,8,August,Monday,False,Summer,Columbus,United States,North America,Tier 3 Emerging / Secondary Market,39.9612,-82.9988,Columbus Arena,Arena,,0,6012,8211,73.22,False,411401.16,68.43,Budget (<$75),3,True,Synthetic (Industry Model)
SYN-09232,The 1975,The 1975 — 2019 Tour,Indie / Alternative,Mid-Tier Touring Artist,2019-09-01,2019,9,September,Sunday,True,Fall,Oslo,Norway,Europe,Tier 2 Major Regional Market,59.9139,10.7522,Oslo Arena,Large Arena,Opener 3,1,11945,15672,76.22,False,1398281.7,117.06,Standard ($75-$150),2,True,Synthetic (Industry Model)
SYN-09233,The 1975,The 1975 — 2019 Tour,Indie / Alternative,Mid-Tier Touring Artist,2019-07-20,2019,7,July,Saturday,True,Summer,Barcelona,Spain,Europe,Tier 2 Major Regional Market,41.3851,2.1734,Barcelona Arena,Arena,,0,6388,7810,81.79,False,436364.28,68.31,Budget (<$75),1,False,Synthetic (Industry Model)
SYN-09234,The 1975,The 1975 — 2019 Tour,Indie / Alternative,Mid-Tier Touring Artist,2019-09-11,2019,9,September,Wednesday,False,Fall,Philadelphia,United States,North America,Tier 2 Major Regional Market,39.9526,-75.1652,Philadelphia Arena,Large Arena,,0,13192,19270,68.46,False,1655332.16,125.48,Standard ($75-$150),1,False,Synthetic (Industry Model)
SYN-09235,The 1975,The 1975 — 2019 Tour,Indie / Alternative,Mid-Tier Touring Artist,2019-07-26,2019,7,July,Friday,True,Summer,Warsaw,Poland,Europe,Tier 3 Emerging / Secondary Market,52.2297,21.0122,Warsaw Arena,Large Arena,Opener 3,1,11052,14606,75.67,False,1100226.6,99.55,Standard ($75-$150),2,True,Synthetic (Industry Model)
SYN-09236,The 1975,The 1975 — 2019 Tour,Indie / Alternative,Mid-Tier Touring Artist,2019-07-02,2019,7,July,Tuesday,False,Summer,Richmond,United States,North America,Tier 3 Emerging / Secondary Market,37.5407,-77.436,Richmond Arena,Arena,Opener 1,1,7102,11611,61.17,False,614749.12,86.56,Standard ($75-$150),3,True,Synthetic (Industry Model)
SYN-09237,The 1975,The 1975 — 2019 Tour,Indie / Alternative,Mid-Tier Touring Artist,2019-09-26,2019,9,September,Thursday,False,Fall,Miami,United States,North America,Tier 2 Major Regional Market,25.7617,-80.1918,Miami Arena,Arena,Opener 2,1,6673,8148,81.9,False,376957.77,56.49,Budget (<$75),1,False,Synthetic (Industry Model)
SYN-09238,The 1975,The 1975 — 2019 Tour,Indie / Alternative,Mid-Tier Touring Artist,2019-07-06,2019,7,July,Saturday,True,Summer,Columbus,United States,North America,Tier 3 Emerging / Secondary Market,39.9612,-82.9988,Columbus Arena,Large Arena,Opener 3,1,14429,19288,74.81,False,1558476.29,108.01,Standard ($75-$150),4,True,Synthetic (Industry Model)
SYN-09239,The 1975,The 1975 — 2019 Tour,Indie / Alternative,Mid-Tier Touring Artist,2019-07-08,2019,7,July,Monday,False,Summer,Stockholm,Sweden,Europe,Tier 2 Major Regional Market,59.3293,18.0686,Stockholm Arena,Large Arena,,0,10745,18887,56.89,False,1212895.6,112.88,Standard ($75-$150),2,True,Synthetic (Industry Model)
SYN-09240,The 1975,The 1975 — 2019 Tour,Indie / Alternative,Mid-Tier Touring Artist,2019-10-11,2019,10,October,Friday,True,Fall,Miami,United States,North America,Tier 2 Major Regional Market,25.7617,-80.1918,Miami Arena,Large Arena,Opener 2,1,10740,12682,84.69,False,1047042.6,97.49,Standard ($75-$150),2,True,Synthetic (Industry Model)
SYN-09241,The 1975,The 1975 — 2019 Tour,Indie / Alternative,Mid-Tier Touring Artist,2019-08-13,2019,8,August,Tuesday,False,Summer,Nashville,United States,North America,Tier 2 Major Regional Market,36.1627,-86.7816,Nashville Arena,Arena,Opener 3,1,5884,7333,80.24,False,402995.16,68.49,Budget (<$75),2,True,Synthetic (Industry Model)
SYN-09242,The 1975,The 1975 — 2019 Tour,Indie / Alternative,Mid-Tier Touring Artist,2019-10-21,2019,10,October,Monday,False,Spring,Sydney,Australia,Oceania,Tier 2 Major Regional Market,-33.8688,151.2093,Sydney Arena,Large Arena,Opener 1,2,12246,14256,85.9,False,1140225.06,93.11,Standard ($75-$150),3,True,Synthetic (Industry Model)
SYN-09243,The 1975,The 1975 — 2019 Tour,Indie / Alternative,Mid-Tier Touring Artist,2019-08-19,2019,8,August,Monday,False,Summer,Chicago,United States,North America,Tier 1 Global Mega-City,41.8781,-87.6298,Chicago Arena,Large Arena,Opener 2,1,11936,14220,83.94,False,1195748.48,100.18,Standard ($75-$150),1,False,Synthetic (Industry Model)
SYN-09244,The 1975,The 1975 — 2019 Tour,Indie / Alternative,Mid-Tier Touring Artist,2019-07-18,2019,7,July,Thursday,False,Summer,Houston,United States,North America,Tier 2 Major Regional Market,29.7604,-95.3698,Houston Arena,Arena,Opener 3,2,7779,9448,82.34,False,647912.91,83.29,Standard ($75-$150),2,True,Synthetic (Industry Model)
SYN-09245,The 1975,The 1975 — 2019 Tour,Indie / Alternative,Mid-Tier Touring Artist,2019-09-30,2019,9,September,Monday,False,Fall,Kansas City,United States,North America,Tier 3 Emerging / Secondary Market,39.0997,-94.5786,Kansas City Arena,Arena,Opener 1,1,5599,8757,63.94,False,402400.13,71.87,Budget (<$75),1,False,Synthetic (Industry Model)
SYN-09246,The 1975,The 1975 — 2019 Tour,Indie / Alternative,Mid-Tier Touring Artist,2019-11-10,2019,11,November,Sunday,True,Fall,Houston,United States,North America,Tier 2 Major Regional Market,29.7604,-95.3698,Houston Arena,Large Arena,Opener 2,1,9163,13369,68.54,False,855549.31,93.37,Standard ($75-$150),3,True,Synthetic (Industry Model)
SYN-09247,The 1975,The 1975 — 2019 Tour,Indie / Alternative,Mid-Tier Touring Artist,2019-10-08,2019,10,October,Tuesday,False,Fall,Boston,United States,North America,Tier 2 Major Regional Market,42.3601,-71.0589,Boston Arena,Large Arena,Opener 3,2,12077,17317,69.74,False,1319170.71,109.23,Standard ($75-$150),2,True,Synthetic (Industry Model)
SYN-09248,The 1975,The 1975 — 2019 Tour,Indie / Alternative,Mid-Tier Touring Artist,2019-09-03,2019,9,September,Tuesday,False,Fall,Salt Lake City,United States,North America,Tier 3 Emerging / Secondary Market,40.7608,-111.891,Salt Lake City Arena,Arena,Opener 1,2,6125,7795,78.57,False,411845.0,67.24,Budget (<$75),2,True,Synthetic (Industry Model)
SYN-09249,Hozier,Hozier — 2024 Tour,Folk / Blues Rock,Mid-Tier Touring Artist,2024-03-15,2024,3,March,Friday,True,Spring,Nashville,United States,North America,Tier 2 Major Regional Market,36.1627,-86.7816,Nashville Arena,Large Arena,Opener 1,1,10833,12801,84.63,False,925463.19,85.43,Standard ($75-$150),1,False,Synthetic (Industry Model)
SYN-09250,Hozier,Hozier — 2024 Tour,Folk / Blues Rock,Mid-Tier Touring Artist,2024-03-20,2024,3,March,Wednesday,False,Spring,Oslo,Norway,Europe,Tier 2 Major Regional Market,59.9139,10.7522,Oslo Arena,Arena,,0,4435,6951,63.81,False,268228.8,60.48,Budget (<$75),1,False,Synthetic (Industry Model)
SYN-09251,Hozier,Hozier — 2024 Tour,Folk / Blues Rock,Mid-Tier Touring Artist,2024-03-25,2024,3,March,Monday,False,Spring,Kansas City,United States,North America,Tier 3 Emerging / Secondary Market,39.0997,-94.5786,Kansas City Arena,Arena,Opener 3,1,5405,8607,62.8,False,427535.5,79.1,Standard ($75-$150),1,False,Synthetic (Industry Model)
SYN-09252,Hozier,Hozier — 2024 Tour,Folk / Blues Rock,Mid-Tier Touring Artist,2024-03-24,2024,3,March,Sunday,True,Spring,Oslo,Norway,Europe,Tier 2 Major Regional Market,59.9139,10.7522,Oslo Arena,Arena,,0,3574,4671,76.52,False,237599.52,66.48,Budget (<$75),2,True,Synthetic (Industry Model)
SYN-09253,Hozier,Hozier — 2024 Tour,Folk / Blues Rock,Mid-Tier Touring Artist,2024-03-23,2024,3,March,Saturday,True,Spring,Barcelona,Spain,Europe,Tier 2 Major Regional Market,41.3851,2.1734,Barcelona Arena,Large Arena,,0,10979,13863,79.2,False,1029939.99,93.81,Standard ($75-$150),1,False,Synthetic (Industry Model)
SYN-09254,Hozier,Hozier — 2024 Tour,Folk / Blues Rock,Mid-Tier Touring Artist,2024-03-30,2024,3,March,Saturday,True,Spring,Miami,United States,North America,Tier 2 Major Regional Market,25.7617,-80.1918,Miami Arena,Arena,Opener 3,1,9537,10784,88.44,False,770589.6,80.8,Standard ($75-$150),1,False,Synthetic (Industry Model)
SYN-09255,Hozier,Hozier — 2024 Tour,Folk / Blues Rock,Mid-Tier Touring Artist,2024-03-27,2024,3,March,Wednesday,False,Spring,Chicago,United States,North America,Tier 1 Global Mega-City,41.8781,-87.6298,Chicago Arena,Large Arena,,0,9644,12770,75.52,False,741527.16,76.89,Standard ($75-$150),1,False,Synthetic (Industry Model)
SYN-09256,Hozier,Hozier — 2024 Tour,Folk / Blues Rock,Mid-Tier Touring Artist,2024-04-12,2024,4,April,Friday,True,Spring,New York,United States,North America,Tier 1 Global Mega-City,40.7128,-74.006,New York Arena,Large Arena,,0,11753,14834,79.23,False,989837.66,84.22,Standard ($75-$150),1,False,Synthetic (Industry Model)
SYN-09257,Hozier,Hozier — 2024 Tour,Folk / Blues Rock,Mid-Tier Touring Artist,2024-03-31,2024,3,March,Sunday,True,Spring,Paris,France,Europe,Tier 1 Global Mega-City,48.8566,2.3522,Paris Arena,Large Arena,Opener 3,2,12372,12474,99.18,True,1252293.84,101.22,Standard ($75-$150),1,False,Synthetic (Industry Model)
SYN-09258,Hozier,Hozier — 2024 Tour,Folk / Blues Rock,Mid-Tier Touring Artist,2024-04-02,2024,4,April,Tuesday,False,Fall,Auckland,New Zealand,Oceania,Tier 2 Major Regional Market,-36.8485,174.7633,Auckland Arena,Large Arena,,0,7780,12510,62.19,False,658966.0,84.7,Standard ($75-$150),1,False,Synthetic (Industry Model)
SYN-09259,Hozier,Hozier — 2024 Tour,Folk / Blues Rock,Mid-Tier Touring Artist,2024-04-24,2024,4,April,Wednesday,False,Spring,Vancouver,Canada,North America,Tier 2 Major Regional Market,49.2827,-123.1207,Vancouver Arena,Large Arena,,0,10530,12022,87.59,False,681396.3,64.71,Budget (<$75),1,False,Synthetic (Industry Model)
SYN-09260,Hozier,Hozier — 2024 Tour,Folk / Blues Rock,Mid-Tier Touring Artist,2024-05-09,2024,5,May,Thursday,False,Spring,Dublin,Ireland,Europe,Tier 2 Major Regional Market,53.3498,-6.2603,Dublin Arena,Arena,Opener 3,2,7300,10021,72.85,False,725985.0,99.45,Standard ($75-$150),1,False,Synthetic (Industry Model)
SYN-09261,Hozier,Hozier — 2024 Tour,Folk / Blues Rock,Mid-Tier Touring Artist,2024-05-02,2024,5,May,Thursday,False,Spring,Warsaw,Poland,Europe,Tier 3 Emerging / Secondary Market,52.2297,21.0122,Warsaw Arena,Arena,Opener 1,2,6718,9395,71.51,False,490414.0,73.0,Budget (<$75),1,False,Synthetic (Industry Model)
SYN-09262,Hozier,Hozier — 2024 Tour,Folk / Blues Rock,Mid-Tier Touring Artist,2024-04-10,2024,4,April,Wednesday,False,Spring,Dublin,Ireland,Europe,Tier 2 Major Regional Market,53.3498,-6.2603,Dublin Arena,Large Arena,Opener 2,2,10334,13247,78.01,False,837467.36,81.04,Standard ($75-$150),2,True,Synthetic (Industry Model)
SYN-09263,Hozier,Hozier — 2024 Tour,Folk / Blues Rock,Mid-Tier Touring Artist,2024-05-10,2024,5,May,Friday,True,Spring,Oslo,Norway,Europe,Tier 2 Major Regional Market,59.9139,10.7522,Oslo Arena,Large Arena,Opener 3,1,9281,13037,71.19,False,867309.45,93.45,Standard ($75-$150),3,True,Synthetic (Industry Model)
SYN-09264,Hozier,Hozier — 2024 Tour,Folk / Blues Rock,Mid-Tier Touring Artist,2024-04-14,2024,4,April,Sunday,True,Fall,Brisbane,Australia,Oceania,Tier 2 Major Regional Market,-27.4698,153.0251,Brisbane Arena,Arena,,0,5212,8003,65.12,False,406588.12,78.01,Standard ($75-$150),1,False,Synthetic (Industry Model)
SYN-09265,Hozier,Hozier — 2024 Tour,Folk / Blues Rock,Mid-Tier Touring Artist,2024-06-03,2024,6,June,Monday,False,Summer,Seattle,United States,North America,Tier 2 Major Regional Market,47.6062,-122.3321,Seattle Arena,Large Arena,Opener 2,1,11160,13079,85.33,False,1095688.8,98.18,Standard ($75-$150),1,False,Synthetic (Industry Model)
SYN-09266,Hozier,Hozier — 2024 Tour,Folk / Blues Rock,Mid-Tier Touring Artist,2024-06-08,2024,6,June,Saturday,True,Summer,New York,United States,North America,Tier 1 Global Mega-City,40.7128,-74.006,New York Arena,Large Arena,,0,12538,12538,100.0,True,1225714.88,97.76,Standard ($75-$150),2,True,Synthetic (Industry Model)
SYN-09267,Hozier,Hozier — 2024 Tour,Folk / Blues Rock,Mid-Tier Touring Artist,2024-04-20,2024,4,April,Saturday,True,Spring,Houston,United States,North America,Tier 2 Major Regional Market,29.7604,-95.3698,Houston Arena,Large Arena,Opener 1,2,11943,15045,79.38,False,1113804.18,93.26,Standard ($75-$150),1,False,Synthetic (Industry Model)
SYN-09268,Hozier,Hozier — 2024 Tour,Folk / Blues Rock,Mid-Tier Touring Artist,2024-06-18,2024,6,June,Tuesday,False,Summer,Atlanta,United States,North America,Tier 2 Major Regional Market,33.749,-84.388,Atlanta Arena,Arena,Opener 2,2,5410,6405,84.46,False,409591.1,75.71,Standard ($75-$150),1,False,Synthetic (Industry Model)
SYN-09269,Hozier,Hozier — 2024 Tour,Folk / Blues Rock,Mid-Tier Touring Artist,2024-06-03,2024,6,June,Monday,False,Summer,Brussels,Belgium,Europe,Tier 2 Major Regional Market,50.8503,4.3517,Brussels Arena,Arena,,0,8714,11812,73.77,False,860768.92,98.78,Standard ($75-$150),1,False,Synthetic (Industry Model)
SYN-09270,Hozier,Hozier — 2024 Tour,Folk / Blues Rock,Mid-Tier Touring Artist,2024-06-28,2024,6,June,Friday,True,Summer,Berlin,Germany,Europe,Tier 1 Global Mega-City,52.52,13.405,Berlin Arena,Large Arena,Opener 1,1,10833,14116,76.74,False,1178522.07,108.79,Standard ($75-$150),1,False,Synthetic (Industry Model)
SYN-09271,Hozier,Hozier — 2024 Tour,Folk / Blues Rock,Mid-Tier Touring Artist,2024-05-20,2024,5,May,Monday,False,Spring,Boston,United States,North America,Tier 2 Major Regional Market,42.3601,-71.0589,Boston Arena,Large Arena,Opener 2,2,8719,14026,62.16,False,861785.96,98.84,Standard ($75-$150),1,False,Synthetic (Industry Model)
SYN-09272,Hozier,Hozier — 2024 Tour,Folk / Blues Rock,Mid-Tier Touring Artist,2024-07-08,2024,7,July,Monday,False,Summer,Stockholm,Sweden,Europe,Tier 2 Major Regional Market,59.3293,18.0686,Stockholm Arena,Arena,Opener 3,1,7551,9757,77.39,False,574555.59,76.09,Standard ($75-$150),1,False,Synthetic (Industry Model)
SYN-09273,Hozier,Hozier — 2024 Tour,Folk / Blues Rock,Mid-Tier Touring Artist,2024-05-26,2024,5,May,Sunday,True,Spring,Oslo,Norway,Europe,Tier 2 Major Regional Market,59.9139,10.7522,Oslo Arena,Arena,,0,4418,7676,57.56,False,294813.14,66.73,Budget (<$75),4,True,Synthetic (Industry Model)
SYN-09274,Hozier,Hozier — 2024 Tour,Folk / Blues Rock,Mid-Tier Touring Artist,2024-06-23,2024,6,June,Sunday,True,Summer,Houston,United States,North America,Tier 2 Major Regional Market,29.7604,-95.3698,Houston Arena,Large Arena,,0,12883,15289,84.26,False,1153157.33,89.51,Standard ($75-$150),2,True,Synthetic (Industry Model)
SYN-09275,Hozier,Hozier — 2024 Tour,Folk / Blues Rock,Mid-Tier Touring Artist,2024-07-23,2024,7,July,Tuesday,False,Summer,Manchester,United Kingdom,Europe,Tier 2 Major Regional Market,53.4808,-2.2426,Manchester Arena,Arena,,0,4484,6310,71.06,False,270430.04,60.31,Budget (<$75),1,False,Synthetic (Industry Model)
SYN-09276,Hozier,Hozier — 2024 Tour,Folk / Blues Rock,Mid-Tier Touring Artist,2024-07-28,2024,7,July,Sunday,True,Summer,Oslo,Norway,Europe,Tier 2 Major Regional Market,59.9139,10.7522,Oslo Arena,Large Arena,Opener 1,1,10443,15948,65.48,False,894234.09,85.63,Standard ($75-$150),5,True,Synthetic (Industry Model)
SYN-09277,Hozier,Hozier — 2024 Tour,Folk / Blues Rock,Mid-Tier Touring Artist,2024-08-02,2024,8,August,Friday,True,Summer,Atlanta,United States,North America,Tier 2 Major Regional Market,33.749,-84.388,Atlanta Arena,Arena,,0,3800,4166,91.22,False,160360.0,42.2,Budget (<$75),2,True,Synthetic (Industry Model)
SYN-09278,Hozier,Hozier — 2024 Tour,Folk / Blues Rock,Mid-Tier Touring Artist,2024-07-09,2024,7,July,Tuesday,False,Summer,Lisbon,Portugal,Europe,Tier 2 Major Regional Market,38.7223,-9.1393,Lisbon Arena,Large Arena,Opener 3,2,11654,14087,82.73,False,1153862.54,99.01,Standard ($75-$150),1,False,Synthetic (Industry Model)
SYN-09279,Hozier,Hozier — 2024 Tour,Folk / Blues Rock,Mid-Tier Touring Artist,2024-07-13,2024,7,July,Saturday,True,Winter,Brisbane,Australia,Oceania,Tier 2 Major Regional Market,-27.4698,153.0251,Brisbane Arena,Arena,Opener 1,1,10101,10674,94.63,False,815958.78,80.78,Standard ($75-$150),2,True,Synthetic (Industry Model)
SYN-09280,Hozier,Hozier — 2024 Tour,Folk / Blues Rock,Mid-Tier Touring Artist,2024-06-16,2024,6,June,Sunday,True,Summer,Toronto,Canada,North America,Tier 1 Global Mega-City,43.6532,-79.3832,Toronto Arena,Large Arena,Opener 2,2,12694,13534,93.79,False,1223066.9,96.35,Standard ($75-$150),1,False,Synthetic (Industry Model)
SYN-09281,Lizzo,Lizzo — 2019 Tour,Pop / R&B,Mid-Tier Touring Artist,2019-08-04,2019,8,August,Sunday,True,Summer,Philadelphia,United States,North America,Tier 2 Major Regional Market,39.9526,-75.1652,Philadelphia Arena,Large Arena,Opener 1,1,13199,18150,72.72,False,1554578.22,117.78,Standard ($75-$150),1,False,Synthetic (Industry Model)
SYN-09282,Lizzo,Lizzo — 2019 Tour,Pop / R&B,Mid-Tier Touring Artist,2019-08-06,2019,8,August,Tuesday,False,Summer,Columbus,United States,North America,Tier 3 Emerging / Secondary Market,39.9612,-82.9988,Columbus Arena,Large Arena,Opener 2,1,9318,20337,45.82,False,1168104.48,125.36,Standard ($75-$150),1,False,Synthetic (Industry Model)
SYN-09283,Lizzo,Lizzo — 2019 Tour,Pop / R&B,Mid-Tier Touring Artist,2019-08-10,2019,8,August,Saturday,True,Summer,Oslo,Norway,Europe,Tier 2 Major Regional Market,59.9139,10.7522,Oslo Arena,Large Arena,Opener 3,1,11594,12635,91.76,False,1030590.66,88.89,Standard ($75-$150),1,False,Synthetic (Industry Model)
SYN-09284,Lizzo,Lizzo — 2019 Tour,Pop / R&B,Mid-Tier Touring Artist,2019-08-13,2019,8,August,Tuesday,False,Summer,Berlin,Germany,Europe,Tier 1 Global Mega-City,52.52,13.405,Berlin Arena,Large Arena,Opener 1,2,15940,17648,90.32,False,1739054.0,109.1,Standard ($75-$150),1,False,Synthetic (Industry Model)
SYN-09285,Lizzo,Lizzo — 2019 Tour,Pop / R&B,Mid-Tier Touring Artist,2019-08-16,2019,8,August,Friday,True,Summer,Brussels,Belgium,Europe,Tier 2 Major Regional Market,50.8503,4.3517,Brussels Arena,Large Arena,Opener 2,2,13441,14032,95.79,True,1169098.18,86.98,Standard ($75-$150),1,False,Synthetic (Industry Model)
SYN-09286,Lizzo,Lizzo — 2019 Tour,Pop / R&B,Mid-Tier Touring Artist,2019-08-29,2019,8,August,Thursday,False,Summer,Nashville,United States,North America,Tier 2 Major Regional Market,36.1627,-86.7816,Nashville Arena,Arena,Opener 3,2,8458,9682,87.36,False,531585.3,62.85,Budget (<$75),1,False,Synthetic (Industry Model)
SYN-09287,Lizzo,Lizzo — 2019 Tour,Pop / R&B,Mid-Tier Touring Artist,2019-08-28,2019,8,August,Wednesday,False,Summer,London,United Kingdom,Europe,Tier 1 Global Mega-City,51.5074,-0.1278,London Arena,Large Arena,Opener 1,1,13171,16161,81.5,False,1301031.38,98.78,Standard ($75-$150),1,False,Synthetic (Industry Model)
SYN-09288,Lizzo,Lizzo — 2019 Tour,Pop / R&B,Mid-Tier Touring Artist,2019-09-01,2019,9,September,Sunday,True,Fall,Nashville,United States,North America,Tier 2 Major Regional Market,36.1627,-86.7816,Nashville Arena,Large Arena,,0,12023,15238,78.9,False,1178734.92,98.04,Standard ($75-$150),2,True,Synthetic (Industry Model)
SYN-09289,Lizzo,Lizzo — 2019 Tour,Pop / R&B,Mid-Tier Touring Artist,2019-08-20,2019,8,August,Tuesday,False,Summer,London,United Kingdom,Europe,Tier 1 Global Mega-City,51.5074,-0.1278,London Arena,Large Arena,Opener 3,2,19239,21975,87.55,False,2506649.31,130.29,Standard ($75-$150),2,True,Synthetic (Industry Model)
SYN-09290,Lizzo,Lizzo — 2019 Tour,Pop / R&B,Mid-Tier Touring Artist,2019-08-31,2019,8,August,Saturday,True,Summer,Vancouver,Canada,North America,Tier 2 Major Regional Market,49.2827,-123.1207,Vancouver Arena,Large Arena,,0,12092,13481,89.7,False,1180783.8,97.65,Standard ($75-$150),1,False,Synthetic (Industry Model)
SYN-09291,Lizzo,Lizzo — 2019 Tour,Pop / R&B,Mid-Tier Touring Artist,2019-09-13,2019,9,September,Friday,True,Fall,Philadelphia,United States,North America,Tier 2 Major Regional Market,39.9526,-75.1652,Philadelphia Arena,Large Arena,,0,10722,12430,86.26,False,903757.38,84.29,Standard ($75-$150),2,True,Synthetic (Industry Model)
SYN-09292,Lizzo,Lizzo — 2019 Tour,Pop / R&B,Mid-Tier Touring Artist,2019-09-06,2019,9,September,Friday,True,Fall,Philadelphia,United States,North America,Tier 2 Major Regional Market,39.9526,-75.1652,Philadelphia Arena,Large Arena,Opener 3,2,11469,16512,69.46,False,1249088.79,108.91,Standard ($75-$150),3,True,Synthetic (Industry Model)
SYN-09293,Lizzo,Lizzo — 2019 Tour,Pop / R&B,Mid-Tier Touring Artist,2019-09-21,2019,9,September,Saturday,True,Fall,Amsterdam,Netherlands,Europe,Tier 1 Global Mega-City,52.3676,4.9041,Amsterdam Arena,Large Arena,,0,12694,13884,91.43,False,1024786.62,80.73,Standard ($75-$150),1,False,Synthetic (Industry Model)
SYN-09294,Lizzo,Lizzo — 2019 Tour,Pop / R&B,Mid-Tier Touring Artist,2019-09-12,2019,9,September,Thursday,False,Fall,Madrid,Spain,Europe,Tier 2 Major Regional Market,40.4168,-3.7038,Madrid Arena,Large Arena,,0,12186,15931,76.49,False,1266369.12,103.92,Standard ($75-$150),1,False,Synthetic (Industry Model)
SYN-09295,Lizzo,Lizzo — 2019 Tour,Pop / R&B,Mid-Tier Touring Artist,2019-09-29,2019,9,September,Sunday,True,Fall,Berlin,Germany,Europe,Tier 1 Global Mega-City,52.52,13.405,Berlin Arena,Arena,Opener 3,2,9414,10384,90.66,False,730432.26,77.59,Standard ($75-$150),2,True,Synthetic (Industry Model)
SYN-09296,Lizzo,Lizzo — 2019 Tour,Pop / R&B,Mid-Tier Touring Artist,2019-09-03,2019,9,September,Tuesday,False,Fall,Paris,France,Europe,Tier 1 Global Mega-City,48.8566,2.3522,Paris Arena,Large Arena,Opener 1,2,13988,17989,77.76,False,1707515.16,122.07,Standard ($75-$150),1,False,Synthetic (Industry Model)
SYN-09297,Lizzo,Lizzo — 2019 Tour,Pop / R&B,Mid-Tier Touring Artist,2019-09-21,2019,9,September,Saturday,True,Fall,Seattle,United States,North America,Tier 2 Major Regional Market,47.6062,-122.3321,Seattle Arena,Large Arena,Opener 2,1,17807,20307,87.69,False,2138976.84,120.12,Standard ($75-$150),1,False,Synthetic (Industry Model)
SYN-09298,Lizzo,Lizzo — 2019 Tour,Pop / R&B,Mid-Tier Touring Artist,2019-10-11,2019,10,October,Friday,True,Fall,Miami,United States,North America,Tier 2 Major Regional Market,25.7617,-80.1918,Miami Arena,Large Arena,Opener 3,2,15530,17113,90.75,False,1367105.9,88.03,Standard ($75-$150),1,False,Synthetic (Industry Model)
SYN-09299,Lizzo,Lizzo — 2019 Tour,Pop / R&B,Mid-Tier Touring Artist,2019-09-09,2019,9,September,Monday,False,Fall,Salt Lake City,United States,North America,Tier 3 Emerging / Secondary Market,40.7608,-111.891,Salt Lake City Arena,Arena,Opener 1,2,9012,11986,75.19,False,731413.92,81.16,Standard ($75-$150),1,False,Synthetic (Industry Model)
SYN-09300,Lizzo,Lizzo — 2019 Tour,Pop / R&B,Mid-Tier Touring Artist,2019-09-11,2019,9,September,Wednesday,False,Fall,Berlin,Germany,Europe,Tier 1 Global Mega-City,52.52,13.405,Berlin Arena,Large Arena,Opener 2,2,10881,14450,75.3,False,1095281.46,100.66,Standard ($75-$150),3,True,Synthetic (Industry Model)
SYN-09301,Lizzo,Lizzo — 2019 Tour,Pop / R&B,Mid-Tier Touring Artist,2019-10-23,2019,10,October,Wednesday,False,Fall,Miami,United States,North America,Tier 2 Major Regional Market,25.7617,-80.1918,Miami Arena,Large Arena,Opener 3,2,10436,15100,69.11,False,924107.8,88.55,Standard ($75-$150),2,True,Synthetic (Industry Model)
SYN-09302,Lizzo,Lizzo — 2019 Tour,Pop / R&B,Mid-Tier Touring Artist,2019-10-06,2019,10,October,Sunday,True,Fall,Richmond,United States,North America,Tier 3 Emerging / Secondary Market,37.5407,-77.436,Richmond Arena,Large Arena,Opener 1,1,13025,17096,76.19,False,1421288.0,109.12,Standard ($75-$150),1,False,Synthetic (Industry Model)
SYN-09303,Lizzo,Lizzo — 2019 Tour,Pop / R&B,Mid-Tier Touring Artist,2019-11-22,2019,11,November,Friday,True,Fall,Stockholm,Sweden,Europe,Tier 2 Major Regional Market,59.3293,18.0686,Stockholm Arena,Large Arena,Opener 2,2,12499,13836,90.34,False,1028917.68,82.32,Standard ($75-$150),1,False,Synthetic (Industry Model)
SYN-09304,Lizzo,Lizzo — 2019 Tour,Pop / R&B,Mid-Tier Touring Artist,2019-09-19,2019,9,September,Thursday,False,Fall,Columbus,United States,North America,Tier 3 Emerging / Secondary Market,39.9612,-82.9988,Columbus Arena,Arena,,0,8260,10156,81.33,False,739930.8,89.58,Standard ($75-$150),2,True,Synthetic (Industry Model)
SYN-09305,Lizzo,Lizzo — 2019 Tour,Pop / R&B,Mid-Tier Touring Artist,2019-09-21,2019,9,September,Saturday,True,Fall,New York,United States,North America,Tier 1 Global Mega-City,40.7128,-74.006,New York Arena,Large Arena,Opener 1,2,18848,21585,87.32,False,2349968.64,124.68,Standard ($75-$150),1,False,Synthetic (Industry Model)
SYN-09306,Lizzo,Lizzo — 2019 Tour,Pop / R&B,Mid-Tier Touring Artist,2019-11-12,2019,11,November,Tuesday,False,Fall,Denver,United States,North America,Tier 2 Major Regional Market,39.7392,-104.9903,Denver Arena,Arena,,0,5787,8065,71.76,False,318574.35,55.05,Budget (<$75),1,False,Synthetic (Industry Model)
SYN-09307,Lizzo,Lizzo — 2019 Tour,Pop / R&B,Mid-Tier Touring Artist,2019-12-12,2019,12,December,Thursday,False,Winter,Salt Lake City,United States,North America,Tier 3 Emerging / Secondary Market,40.7608,-111.891,Salt Lake City Arena,Large Arena,Opener 3,2,11152,15115,73.78,False,1046838.24,93.87,Standard ($75-$150),2,True,Synthetic (Industry Model)
SYN-09308,Lizzo,Lizzo — 2019 Tour,Pop / R&B,Mid-Tier Touring Artist,2019-12-17,2019,12,December,Tuesday,False,Winter,Miami,United States,North America,Tier 2 Major Regional Market,25.7617,-80.1918,Miami Arena,Large Arena,Opener 1,2,16208,20250,80.04,False,2006712.48,123.81,Standard ($75-$150),3,True,Synthetic (Industry Model)
SYN-09309,Lizzo,Lizzo — 2019 Tour,Pop / R&B,Mid-Tier Touring Artist,2019-12-22,2019,12,December,Sunday,True,Winter,Brussels,Belgium,Europe,Tier 2 Major Regional Market,50.8503,4.3517,Brussels Arena,Large Arena,Opener 2,2,10305,12553,82.09,False,930129.3,90.26,Standard ($75-$150),2,True,Synthetic (Industry Model)
SYN-09310,Lizzo,Lizzo — 2019 Tour,Pop / R&B,Mid-Tier Touring Artist,2019-11-28,2019,11,November,Thursday,False,Fall,Vancouver,Canada,North America,Tier 2 Major Regional Market,49.2827,-123.1207,Vancouver Arena,Arena,Opener 3,2,6180,9036,68.39,False,494461.8,80.01,Standard ($75-$150),2,True,Synthetic (Industry Model)
SYN-09311,Lizzo,Lizzo — 2019 Tour,Pop / R&B,Mid-Tier Touring Artist,2019-11-02,2019,11,November,Saturday,True,Fall,Berlin,Germany,Europe,Tier 1 Global Mega-City,52.52,13.405,Berlin Arena,Arena,Opener 1,1,10940,11107,98.5,True,813170.2,74.33,Budget (<$75),4,True,Synthetic (Industry Model)
SYN-09312,Lizzo,Lizzo — 2019 Tour,Pop / R&B,Mid-Tier Touring Artist,2019-10-05,2019,10,October,Saturday,True,Fall,Vancouver,Canada,North America,Tier 2 Major Regional Market,49.2827,-123.1207,Vancouver Arena,Arena,Opener 2,2,10431,11725,88.96,False,922100.4,88.4,Standard ($75-$150),3,True,Synthetic (Industry Model)
SYN-09313,Lizzo,Lizzo — 2019 Tour,Pop / R&B,Mid-Tier Touring Artist,2019-12-10,2019,12,December,Tuesday,False,Summer,Auckland,New Zealand,Oceania,Tier 2 Major Regional Market,-36.8485,174.7633,Auckland Arena,Arena,,0,8278,11337,73.02,False,554708.78,67.01,Budget (<$75),1,False,Synthetic (Industry Model)
SYN-09314,Lizzo,Lizzo — 2019 Tour,Pop / R&B,Mid-Tier Touring Artist,2019-12-28,2019,12,December,Saturday,True,Winter,Berlin,Germany,Europe,Tier 1 Global Mega-City,52.52,13.405,Berlin Arena,Large Arena,,0,17499,21345,81.98,False,2076781.32,118.68,Standard ($75-$150),5,True,Synthetic (Industry Model)
SYN-09315,Lizzo,Lizzo — 2019 Tour,Pop / R&B,Mid-Tier Touring Artist,2019-10-11,2019,10,October,Friday,True,Fall,Vancouver,Canada,North America,Tier 2 Major Regional Market,49.2827,-123.1207,Vancouver Arena,Large Arena,Opener 2,2,17139,21042,81.45,False,1956588.24,114.16,Standard ($75-$150),4,True,Synthetic (Industry Model)
SYN-09316,Lizzo,Lizzo — 2019 Tour,Pop / R&B,Mid-Tier Touring Artist,2019-10-13,2019,10,October,Sunday,True,Fall,Columbus,United States,North America,Tier 3 Emerging / Secondary Market,39.9612,-82.9988,Columbus Arena,Large Arena,Opener 3,2,13137,17199,76.38,False,1330252.62,101.26,Standard ($75-$150),3,True,Synthetic (Industry Model)
SYN-09317,Lizzo,Lizzo — 2019 Tour,Pop / R&B,Mid-Tier Touring Artist,2019-12-28,2019,12,December,Saturday,True,Winter,Denver,United States,North America,Tier 2 Major Regional Market,39.7392,-104.9903,Denver Arena,Large Arena,Opener 1,2,15949,18358,86.88,False,1894741.2,118.8,Standard ($75-$150),2,True,Synthetic (Industry Model)
SYN-09318,Lizzo,Lizzo — 2019 Tour,Pop / R&B,Mid-Tier Touring Artist,2019-12-28,2019,12,December,Saturday,True,Winter,Miami,United States,North America,Tier 2 Major Regional Market,25.7617,-80.1918,Miami Arena,Large Arena,,0,11535,13345,86.44,False,979321.5,84.9,Standard ($75-$150),4,True,Synthetic (Industry Model)
SYN-09319,Lorde,Lorde — 2019 Tour,Indie Pop,Mid-Tier Touring Artist,2019-06-05,2019,6,June,Wednesday,False,Summer,Amsterdam,Netherlands,Europe,Tier 1 Global Mega-City,52.3676,4.9041,Amsterdam Arena,Arena,Opener 1,1,6127,7426,82.51,False,380364.16,62.08,Budget (<$75),1,False,Synthetic (Industry Model)
SYN-09320,Lorde,Lorde — 2019 Tour,Indie Pop,Mid-Tier Touring Artist,2019-06-08,2019,6,June,Saturday,True,Summer,Stockholm,Sweden,Europe,Tier 2 Major Regional Market,59.3293,18.0686,Stockholm Arena,Large Arena,,0,11108,12212,90.96,False,961508.48,86.56,Standard ($75-$150),1,False,Synthetic (Industry Model)
SYN-09321,Lorde,Lorde — 2019 Tour,Indie Pop,Mid-Tier Touring Artist,2019-06-13,2019,6,June,Thursday,False,Summer,Houston,United States,North America,Tier 2 Major Regional Market,29.7604,-95.3698,Houston Arena,Arena,Opener 3,2,8045,9681,83.1,False,629360.35,78.23,Standard ($75-$150),1,False,Synthetic (Industry Model)
SYN-09322,Lorde,Lorde — 2019 Tour,Indie Pop,Mid-Tier Touring Artist,2019-06-17,2019,6,June,Monday,False,Summer,Lisbon,Portugal,Europe,Tier 2 Major Regional Market,38.7223,-9.1393,Lisbon Arena,Large Arena,Opener 1,1,13714,16635,82.44,False,1350691.86,98.49,Standard ($75-$150),1,False,Synthetic (Industry Model)
SYN-09323,Lorde,Lorde — 2019 Tour,Indie Pop,Mid-Tier Touring Artist,2019-06-25,2019,6,June,Tuesday,False,Winter,Brisbane,Australia,Oceania,Tier 2 Major Regional Market,-27.4698,153.0251,Brisbane Arena,Large Arena,Opener 2,2,10096,14549,69.39,False,860784.96,85.26,Standard ($75-$150),1,False,Synthetic (Industry Model)
SYN-09324,Lorde,Lorde — 2019 Tour,Indie Pop,Mid-Tier Touring Artist,2019-06-15,2019,6,June,Saturday,True,Summer,Chicago,United States,North America,Tier 1 Global Mega-City,41.8781,-87.6298,Chicago Arena,Arena,Opener 3,2,11424,11810,96.73,True,1093391.04,95.71,Standard ($75-$150),1,False,Synthetic (Industry Model)
SYN-09325,Lorde,Lorde — 2019 Tour,Indie Pop,Mid-Tier Touring Artist,2019-06-23,2019,6,June,Sunday,True,Summer,Miami,United States,North America,Tier 2 Major Regional Market,25.7617,-80.1918,Miami Arena,Large Arena,Opener 1,2,13356,16915,78.96,False,1330791.84,99.64,Standard ($75-$150),1,False,Synthetic (Industry Model)
SYN-09326,Lorde,Lorde — 2019 Tour,Indie Pop,Mid-Tier Touring Artist,2019-07-03,2019,7,July,Wednesday,False,Summer,Berlin,Germany,Europe,Tier 1 Global Mega-City,52.52,13.405,Berlin Arena,Large Arena,Opener 2,1,12848,15935,80.63,False,1240474.4,96.55,Standard ($75-$150),1,False,Synthetic (Industry Model)
SYN-09327,Lorde,Lorde — 2019 Tour,Indie Pop,Mid-Tier Touring Artist,2019-06-29,2019,6,June,Saturday,True,Summer,Salt Lake City,United States,North America,Tier 3 Emerging / Secondary Market,40.7608,-111.891,Salt Lake City Arena,Arena,,0,6013,7603,79.09,False,389522.14,64.78,Budget (<$75),1,False,Synthetic (Industry Model)
SYN-09328,Lorde,Lorde — 2019 Tour,Indie Pop,Mid-Tier Touring Artist,2019-07-20,2019,7,July,Saturday,True,Summer,Amsterdam,Netherlands,Europe,Tier 1 Global Mega-City,52.3676,4.9041,Amsterdam Arena,Large Arena,,0,15368,18129,84.77,False,1725672.72,112.29,Standard ($75-$150),2,True,Synthetic (Industry Model)
SYN-09329,Lorde,Lorde — 2019 Tour,Indie Pop,Mid-Tier Touring Artist,2019-06-25,2019,6,June,Tuesday,False,Summer,Manchester,United Kingdom,Europe,Tier 2 Major Regional Market,53.4808,-2.2426,Manchester Arena,Large Arena,Opener 2,1,13188,15450,85.36,False,1123221.96,85.17,Standard ($75-$150),1,False,Synthetic (Industry Model)
SYN-09330,Lorde,Lorde — 2019 Tour,Indie Pop,Mid-Tier Touring Artist,2019-07-08,2019,7,July,Monday,False,Summer,Warsaw,Poland,Europe,Tier 3 Emerging / Secondary Market,52.2297,21.0122,Warsaw Arena,Arena,Opener 3,2,8025,11948,67.17,False,800814.75,99.79,Standard ($75-$150),1,False,Synthetic (Industry Model)
SYN-09331,Lorde,Lorde — 2019 Tour,Indie Pop,Mid-Tier Touring Artist,2019-07-11,2019,7,July,Thursday,False,Summer,Kansas City,United States,North America,Tier 3 Emerging / Secondary Market,39.0997,-94.5786,Kansas City Arena,Large Arena,,0,9499,14936,63.6,False,877802.59,92.41,Standard ($75-$150),1,False,Synthetic (Industry Model)
SYN-09332,Lorde,Lorde — 2019 Tour,Indie Pop,Mid-Tier Touring Artist,2019-07-27,2019,7,July,Saturday,True,Winter,Sydney,Australia,Oceania,Tier 2 Major Regional Market,-33.8688,151.2093,Sydney Arena,Large Arena,,0,10348,13478,76.78,False,975816.4,94.3,Standard ($75-$150),1,False,Synthetic (Industry Model)
SYN-09333,Lorde,Lorde — 2019 Tour,Indie Pop,Mid-Tier Touring Artist,2019-07-17,2019,7,July,Wednesday,False,Summer,Denver,United States,North America,Tier 2 Major Regional Market,39.7392,-104.9903,Denver Arena,Arena,Opener 3,2,6624,8613,76.91,False,398102.4,60.1,Budget (<$75),1,False,Synthetic (Industry Model)
SYN-09334,Lorde,Lorde — 2019 Tour,Indie Pop,Mid-Tier Touring Artist,2019-07-05,2019,7,July,Friday,True,Summer,Amsterdam,Netherlands,Europe,Tier 1 Global Mega-City,52.3676,4.9041,Amsterdam Arena,Large Arena,Opener 1,1,13237,16286,81.28,False,1346467.64,101.72,Standard ($75-$150),3,True,Synthetic (Industry Model)
SYN-09335,Lorde,Lorde — 2019 Tour,Indie Pop,Mid-Tier Touring Artist,2019-07-07,2019,7,July,Sunday,True,Summer,Columbus,United States,North America,Tier 3 Emerging / Secondary Market,39.9612,-82.9988,Columbus Arena,Large Arena,Opener 2,2,10178,12941,78.65,False,1038664.9,102.05,Standard ($75-$150),1,False,Synthetic (Industry Model)
SYN-09336,Lorde,Lorde — 2019 Tour,Indie Pop,Mid-Tier Touring Artist,2019-07-26,2019,7,July,Friday,True,Summer,Berlin,Germany,Europe,Tier 1 Global Mega-City,52.52,13.405,Berlin Arena,Arena,,0,10183,10817,94.14,False,939585.41,92.27,Standard ($75-$150),2,True,Synthetic (Industry Model)
SYN-09337,Lorde,Lorde — 2019 Tour,Indie Pop,Mid-Tier Touring Artist,2019-08-16,2019,8,August,Friday,True,Summer,Chicago,United States,North America,Tier 1 Global Mega-City,41.8781,-87.6298,Chicago Arena,Arena,,0,7059,7153,98.68,True,488694.57,69.23,Budget (<$75),2,True,Synthetic (Industry Model)
SYN-09338,Lorde,Lorde — 2019 Tour,Indie Pop,Mid-Tier Touring Artist,2019-08-20,2019,8,August,Tuesday,False,Winter,Brisbane,Australia,Oceania,Tier 2 Major Regional Market,-27.4698,153.0251,Brisbane Arena,Large Arena,,0,9170,13767,66.61,False,766245.2,83.56,Standard ($75-$150),2,True,Synthetic (Industry Model)
SYN-09339,Lorde,Lorde — 2019 Tour,Indie Pop,Mid-Tier Touring Artist,2019-09-13,2019,9,September,Friday,True,Fall,Toronto,Canada,North America,Tier 1 Global Mega-City,43.6532,-79.3832,Toronto Arena,Large Arena,Opener 3,1,16090,19484,82.58,False,1973760.3,122.67,Standard ($75-$150),1,False,Synthetic (Industry Model)
SYN-09340,Lorde,Lorde — 2019 Tour,Indie Pop,Mid-Tier Touring Artist,2019-07-17,2019,7,July,Wednesday,False,Summer,Oslo,Norway,Europe,Tier 2 Major Regional Market,59.9139,10.7522,Oslo Arena,Large Arena,Opener 1,1,10029,12296,81.56,False,714064.8,71.2,Budget (<$75),1,False,Synthetic (Industry Model)
SYN-09341,Lorde,Lorde — 2019 Tour,Indie Pop,Mid-Tier Touring Artist,2019-09-23,2019,9,September,Monday,False,Fall,Manchester,United Kingdom,Europe,Tier 2 Major Regional Market,53.4808,-2.2426,Manchester Arena,Large Arena,Opener 2,2,15748,19473,80.87,False,1664721.08,105.71,Standard ($75-$150),2,True,Synthetic (Industry Model)
SYN-09342,Lorde,Lorde — 2019 Tour,Indie Pop,Mid-Tier Touring Artist,2019-09-05,2019,9,September,Thursday,False,Fall,Philadelphia,United States,North America,Tier 2 Major Regional Market,39.9526,-75.1652,Philadelphia Arena,Large Arena,,0,17625,19728,89.34,False,1996560.0,113.28,Standard ($75-$150),1,False,Synthetic (Industry Model)
SYN-09343,Lorde,Lorde — 2019 Tour,Indie Pop,Mid-Tier Touring Artist,2019-10-03,2019,10,October,Thursday,False,Fall,Chicago,United States,North America,Tier 1 Global Mega-City,41.8781,-87.6298,Chicago Arena,Arena,,0,9232,11408,80.93,False,630730.24,68.32,Budget (<$75),3,True,Synthetic (Industry Model)
SYN-09344,Lorde,Lorde — 2019 Tour,Indie Pop,Mid-Tier Touring Artist,2019-09-13,2019,9,September,Friday,True,Fall,Miami,United States,North America,Tier 2 Major Regional Market,25.7617,-80.1918,Miami Arena,Large Arena,Opener 2,2,15691,18473,84.94,False,1644730.62,104.82,Standard ($75-$150),2,True,Synthetic (Industry Model)
SYN-09345,Lorde,Lorde — 2019 Tour,Indie Pop,Mid-Tier Touring Artist,2019-10-13,2019,10,October,Sunday,True,Fall,Berlin,Germany,Europe,Tier 1 Global Mega-City,52.52,13.405,Berlin Arena,Large Arena,Opener 3,2,17620,19776,89.1,False,2121448.0,120.4,Standard ($75-$150),3,True,Synthetic (Industry Model)
SYN-09346,Lorde,Lorde — 2019 Tour,Indie Pop,Mid-Tier Touring Artist,2019-10-18,2019,10,October,Friday,True,Fall,Houston,United States,North America,Tier 2 Major Regional Market,29.7604,-95.3698,Houston Arena,Large Arena,Opener 1,1,13508,14679,92.02,False,1193972.12,88.39,Standard ($75-$150),2,True,Synthetic (Industry Model)
SYN-09347,Lorde,Lorde — 2019 Tour,Indie Pop,Mid-Tier Touring Artist,2019-07-31,2019,7,July,Wednesday,False,Summer,Salt Lake City,United States,North America,Tier 3 Emerging / Secondary Market,40.7608,-111.891,Salt Lake City Arena,Large Arena,,0,11909,17965,66.29,False,1353934.21,113.69,Standard ($75-$150),2,True,Synthetic (Industry Model)
SYN-09348,Lorde,Lorde — 2019 Tour,Indie Pop,Mid-Tier Touring Artist,2019-08-02,2019,8,August,Friday,True,Summer,Stockholm,Sweden,Europe,Tier 2 Major Regional Market,59.3293,18.0686,Stockholm Arena,Arena,,0,6366,8483,75.05,False,565428.12,88.82,Standard ($75-$150),2,True,Synthetic (Industry Model)
SYN-09349,Khalid,Khalid — 2024 Tour,R&B / Pop,Mid-Tier Touring Artist,2024-03-13,2024,3,March,Wednesday,False,Spring,Copenhagen,Denmark,Europe,Tier 2 Major Regional Market,55.6761,12.5683,Copenhagen Arena,Arena,Opener 1,1,3617,5727,63.16,False,203022.21,56.13,Budget (<$75),1,False,Synthetic (Industry Model)
SYN-09350,Khalid,Khalid — 2024 Tour,R&B / Pop,Mid-Tier Touring Artist,2024-03-15,2024,3,March,Friday,True,Spring,Manchester,United Kingdom,Europe,Tier 2 Major Regional Market,53.4808,-2.2426,Manchester Arena,Large Arena,Opener 2,2,8986,12020,74.76,False,770819.08,85.78,Standard ($75-$150),1,False,Synthetic (Industry Model)
SYN-09351,Khalid,Khalid — 2024 Tour,R&B / Pop,Mid-Tier Touring Artist,2024-03-23,2024,3,March,Saturday,True,Spring,New York,United States,North America,Tier 1 Global Mega-City,40.7128,-74.006,New York Arena,Large Arena,Opener 3,1,14303,15332,93.29,False,1474067.18,103.06,Standard ($75-$150),1,False,Synthetic (Industry Model)
SYN-09352,Khalid,Khalid — 2024 Tour,R&B / Pop,Mid-Tier Touring Artist,2024-03-28,2024,3,March,Thursday,False,Spring,Miami,United States,North America,Tier 2 Major Regional Market,25.7617,-80.1918,Miami Arena,Large Arena,Opener 1,2,9552,12068,79.15,False,725665.44,75.97,Standard ($75-$150),1,False,Synthetic (Industry Model)
SYN-09353,Khalid,Khalid — 2024 Tour,R&B / Pop,Mid-Tier Touring Artist,2024-03-21,2024,3,March,Thursday,False,Spring,Brussels,Belgium,Europe,Tier 2 Major Regional Market,50.8503,4.3517,Brussels Arena,Arena,,0,8344,10643,78.4,False,666184.96,79.84,Standard ($75-$150),1,False,Synthetic (Industry Model)
SYN-09354,Khalid,Khalid — 2024 Tour,R&B / Pop,Mid-Tier Touring Artist,2024-03-28,2024,3,March,Thursday,False,Spring,Madrid,Spain,Europe,Tier 2 Major Regional Market,40.4168,-3.7038,Madrid Arena,Arena,,0,6745,8833,76.36,False,420213.5,62.3,Budget (<$75),1,False,Synthetic (Industry Model)
SYN-09355,Khalid,Khalid — 2024 Tour,R&B / Pop,Mid-Tier Touring Artist,2024-04-06,2024,4,April,Saturday,True,Spring,Amsterdam,Netherlands,Europe,Tier 1 Global Mega-City,52.3676,4.9041,Amsterdam Arena,Arena,Opener 1,2,8825,8827,99.98,True,604159.5,68.46,Budget (<$75),1,False,Synthetic (Industry Model)
SYN-09356,Khalid,Khalid — 2024 Tour,R&B / Pop,Mid-Tier Touring Artist,2024-04-17,2024,4,April,Wednesday,False,Spring,New York,United States,North America,Tier 1 Global Mega-City,40.7128,-74.006,New York Arena,Large Arena,Opener 2,1,11663,16216,71.92,False,1217034.05,104.35,Standard ($75-$150),2,True,Synthetic (Industry Model)
SYN-09357,Khalid,Khalid — 2024 Tour,R&B / Pop,Mid-Tier Touring Artist,2024-04-22,2024,4,April,Monday,False,Spring,Oslo,Norway,Europe,Tier 2 Major Regional Market,59.9139,10.7522,Oslo Arena,Large Arena,Opener 3,2,14236,16257,87.57,False,1285368.44,90.29,Standard ($75-$150),1,False,Synthetic (Industry Model)
SYN-09358,Khalid,Khalid — 2024 Tour,R&B / Pop,Mid-Tier Touring Artist,2024-03-31,2024,3,March,Sunday,True,Spring,Lisbon,Portugal,Europe,Tier 2 Major Regional Market,38.7223,-9.1393,Lisbon Arena,Arena,,0,7656,8524,89.82,False,353094.72,46.12,Budget (<$75),1,False,Synthetic (Industry Model)
SYN-09359,Khalid,Khalid — 2024 Tour,R&B / Pop,Mid-Tier Touring Artist,2024-04-12,2024,4,April,Friday,True,Spring,Amsterdam,Netherlands,Europe,Tier 1 Global Mega-City,52.3676,4.9041,Amsterdam Arena,Arena,,0,9324,11866,78.58,False,664707.96,71.29,Budget (<$75),2,True,Synthetic (Industry Model)
SYN-09360,Khalid,Khalid — 2024 Tour,R&B / Pop,Mid-Tier Touring Artist,2024-04-26,2024,4,April,Friday,True,Spring,Oslo,Norway,Europe,Tier 2 Major Regional Market,59.9139,10.7522,Oslo Arena,Arena,Opener 3,1,5424,8166,66.42,False,391070.4,72.1,Budget (<$75),2,True,Synthetic (Industry Model)
SYN-09361,Khalid,Khalid — 2024 Tour,R&B / Pop,Mid-Tier Touring Artist,2024-04-18,2024,4,April,Thursday,False,Spring,Seattle,United States,North America,Tier 2 Major Regional Market,47.6062,-122.3321,Seattle Arena,Arena,,0,3113,5570,55.89,False,137376.69,44.13,Budget (<$75),1,False,Synthetic (Industry Model)
SYN-09362,Khalid,Khalid — 2024 Tour,R&B / Pop,Mid-Tier Touring Artist,2024-05-04,2024,5,May,Saturday,True,Spring,Paris,France,Europe,Tier 1 Global Mega-City,48.8566,2.3522,Paris Arena,Large Arena,Opener 2,1,11902,12627,94.26,False,1073203.34,90.17,Standard ($75-$150),1,False,Synthetic (Industry Model)
SYN-09363,Khalid,Khalid — 2024 Tour,R&B / Pop,Mid-Tier Touring Artist,2024-05-22,2024,5,May,Wednesday,False,Spring,Columbus,United States,North America,Tier 3 Emerging / Secondary Market,39.9612,-82.9988,Columbus Arena,Large Arena,Opener 3,2,10229,15774,64.85,False,896162.69,87.61,Standard ($75-$150),1,False,Synthetic (Industry Model)
SYN-09364,Khalid,Khalid — 2024 Tour,R&B / Pop,Mid-Tier Touring Artist,2024-05-27,2024,5,May,Monday,False,Spring,Philadelphia,United States,North America,Tier 2 Major Regional Market,39.9526,-75.1652,Philadelphia Arena,Large Arena,,0,13901,16726,83.11,False,1349648.09,97.09,Standard ($75-$150),1,False,Synthetic (Industry Model)
SYN-09365,Khalid,Khalid — 2024 Tour,R&B / Pop,Mid-Tier Touring Artist,2024-04-14,2024,4,April,Sunday,True,Fall,Auckland,New Zealand,Oceania,Tier 2 Major Regional Market,-36.8485,174.7633,Auckland Arena,Arena,Opener 2,1,5788,7766,74.53,False,355498.96,61.42,Budget (<$75),1,False,Synthetic (Industry Model)
SYN-09366,Khalid,Khalid — 2024 Tour,R&B / Pop,Mid-Tier Touring Artist,2024-04-16,2024,4,April,Tuesday,False,Spring,Columbus,United States,North America,Tier 3 Emerging / Secondary Market,39.9612,-82.9988,Columbus Arena,Arena,,0,4797,8480,56.57,False,269687.34,56.22,Budget (<$75),2,True,Synthetic (Industry Model)
SYN-09367,Khalid,Khalid — 2024 Tour,R&B / Pop,Mid-Tier Touring Artist,2024-05-06,2024,5,May,Monday,False,Spring,Lisbon,Portugal,Europe,Tier 2 Major Regional Market,38.7223,-9.1393,Lisbon Arena,Arena,,0,3476,6950,50.02,False,196185.44,56.44,Budget (<$75),2,True,Synthetic (Industry Model)
SYN-09368,Khalid,Khalid — 2024 Tour,R&B / Pop,Mid-Tier Touring Artist,2024-05-09,2024,5,May,Thursday,False,Fall,Brisbane,Australia,Oceania,Tier 2 Major Regional Market,-27.4698,153.0251,Brisbane Arena,Arena,Opener 2,1,8298,8298,100.0,True,425106.54,51.23,Budget (<$75),1,False,Synthetic (Industry Model)
SYN-09369,Khalid,Khalid — 2024 Tour,R&B / Pop,Mid-Tier Touring Artist,2024-06-01,2024,6,June,Saturday,True,Summer,Richmond,United States,North America,Tier 3 Emerging / Secondary Market,37.5407,-77.436,Richmond Arena,Arena,Opener 3,1,6516,9922,65.67,False,441133.2,67.7,Budget (<$75),1,False,Synthetic (Industry Model)
SYN-09370,Khalid,Khalid — 2024 Tour,R&B / Pop,Mid-Tier Touring Artist,2024-04-24,2024,4,April,Wednesday,False,Spring,Salt Lake City,United States,North America,Tier 3 Emerging / Secondary Market,40.7608,-111.891,Salt Lake City Arena,Arena,Opener 1,2,6575,10607,61.99,False,477279.25,72.59,Budget (<$75),1,False,Synthetic (Industry Model)
SYN-09371,Khalid,Khalid — 2024 Tour,R&B / Pop,Mid-Tier Touring Artist,2024-07-01,2024,7,July,Monday,False,Summer,Nashville,United States,North America,Tier 2 Major Regional Market,36.1627,-86.7816,Nashville Arena,Arena,,0,5935,7748,76.6,False,256392.0,43.2,Budget (<$75),1,False,Synthetic (Industry Model)
SYN-09372,Khalid,Khalid — 2024 Tour,R&B / Pop,Mid-Tier Touring Artist,2024-04-28,2024,4,April,Sunday,True,Spring,Toronto,Canada,North America,Tier 1 Global Mega-City,43.6532,-79.3832,Toronto Arena,Large Arena,Opener 3,1,13672,15970,85.61,False,1207647.76,88.33,Standard ($75-$150),1,False,Synthetic (Industry Model)
SYN-09373,Khalid,Khalid — 2024 Tour,R&B / Pop,Mid-Tier Touring Artist,2024-05-24,2024,5,May,Friday,True,Spring,Houston,United States,North America,Tier 2 Major Regional Market,29.7604,-95.3698,Houston Arena,Arena,,0,6961,9000,77.34,False,479821.73,68.93,Budget (<$75),1,False,Synthetic (Industry Model)
SYN-09374,Khalid,Khalid — 2024 Tour,R&B / Pop,Mid-Tier Touring Artist,2024-05-02,2024,5,May,Thursday,False,Spring,Salt Lake City,United States,North America,Tier 3 Emerging / Secondary Market,40.7608,-111.891,Salt Lake City Arena,Arena,Opener 2,2,3832,7962,48.13,False,203939.04,53.22,Budget (<$75),2,True,Synthetic (Industry Model)
SYN-09375,Khalid,Khalid — 2024 Tour,R&B / Pop,Mid-Tier Touring Artist,2024-07-21,2024,7,July,Sunday,True,Summer,London,United Kingdom,Europe,Tier 1 Global Mega-City,51.5074,-0.1278,London Arena,Arena,Opener 3,1,7405,10937,67.71,False,579959.6,78.32,Standard ($75-$150),1,False,Synthetic (Industry Model)
SYN-09376,Khalid,Khalid — 2024 Tour,R&B / Pop,Mid-Tier Touring Artist,2024-05-06,2024,5,May,Monday,False,Spring,Brussels,Belgium,Europe,Tier 2 Major Regional Market,50.8503,4.3517,Brussels Arena,Arena,,0,4807,7296,65.88,False,307455.72,63.96,Budget (<$75),2,True,Synthetic (Industry Model)
SYN-09377,Khalid,Khalid — 2024 Tour,R&B / Pop,Mid-Tier Touring Artist,2024-06-05,2024,6,June,Wednesday,False,Summer,Salt Lake City,United States,North America,Tier 3 Emerging / Secondary Market,40.7608,-111.891,Salt Lake City Arena,Arena,,0,4501,8828,50.98,False,306878.18,68.18,Budget (<$75),3,True,Synthetic (Industry Model)
SYN-09378,Khalid,Khalid — 2024 Tour,R&B / Pop,Mid-Tier Touring Artist,2024-08-05,2024,8,August,Monday,False,Summer,Oslo,Norway,Europe,Tier 2 Major Regional Market,59.9139,10.7522,Oslo Arena,Arena,,0,5179,6077,85.23,False,314417.09,60.71,Budget (<$75),3,True,Synthetic (Industry Model)
SYN-09379,Khalid,Khalid — 2024 Tour,R&B / Pop,Mid-Tier Touring Artist,2024-07-11,2024,7,July,Thursday,False,Summer,Los Angeles,United States,North America,Tier 1 Global Mega-City,34.0522,-118.2437,Los Angeles Arena,Large Arena,,0,13782,14799,93.13,False,1073204.34,77.87,Standard ($75-$150),1,False,Synthetic (Industry Model)
SYN-09380,Khalid,Khalid — 2024 Tour,R&B / Pop,Mid-Tier Touring Artist,2024-07-15,2024,7,July,Monday,False,Summer,Toronto,Canada,North America,Tier 1 Global Mega-City,43.6532,-79.3832,Toronto Arena,Large Arena,Opener 2,1,12363,13475,91.75,False,1153838.79,93.33,Standard ($75-$150),2,True,Synthetic (Industry Model)
SYN-09381,Khalid,Khalid — 2024 Tour,R&B / Pop,Mid-Tier Touring Artist,2024-08-20,2024,8,August,Tuesday,False,Summer,Miami,United States,North America,Tier 2 Major Regional Market,25.7617,-80.1918,Miami Arena,Arena,Opener 3,1,4887,6066,80.57,False,226170.36,46.28,Budget (<$75),2,True,Synthetic (Industry Model)
SYN-09382,Troye Sivan,Troye Sivan — 2024 Tour,Pop,Mid-Tier Touring Artist,2024-09-07,2024,9,September,Saturday,True,Spring,Auckland,New Zealand,Oceania,Tier 2 Major Regional Market,-36.8485,174.7633,Auckland Arena,Large Arena,Opener 1,2,11867,12562,94.47,False,1110751.2,93.6,Standard ($75-$150),1,False,Synthetic (Industry Model)
SYN-09383,Troye Sivan,Troye Sivan — 2024 Tour,Pop,Mid-Tier Touring Artist,2024-09-11,2024,9,September,Wednesday,False,Fall,Miami,United States,North America,Tier 2 Major Regional Market,25.7617,-80.1918,Miami Arena,Arena,Opener 2,2,4716,8087,58.31,False,400011.12,84.82,Standard ($75-$150),1,False,Synthetic (Industry Model)
SYN-09384,Troye Sivan,Troye Sivan — 2024 Tour,Pop,Mid-Tier Touring Artist,2024-09-17,2024,9,September,Tuesday,False,Fall,Berlin,Germany,Europe,Tier 1 Global Mega-City,52.52,13.405,Berlin Arena,Arena,,0,6398,10036,63.75,False,493989.58,77.21,Standard ($75-$150),1,False,Synthetic (Industry Model)
SYN-09385,Troye Sivan,Troye Sivan — 2024 Tour,Pop,Mid-Tier Touring Artist,2024-09-22,2024,9,September,Sunday,True,Fall,Kansas City,United States,North America,Tier 3 Emerging / Secondary Market,39.0997,-94.5786,Kansas City Arena,Large Arena,Opener 1,2,10963,15948,68.74,False,1204066.29,109.83,Standard ($75-$150),1,False,Synthetic (Industry Model)
SYN-09386,Troye Sivan,Troye Sivan — 2024 Tour,Pop,Mid-Tier Touring Artist,2024-09-27,2024,9,September,Friday,True,Spring,Melbourne,Australia,Oceania,Tier 2 Major Regional Market,-37.8136,144.9631,Melbourne Arena,Arena,Opener 2,2,7025,7733,90.84,False,425293.5,60.54,Budget (<$75),1,False,Synthetic (Industry Model)
SYN-09387,Troye Sivan,Troye Sivan — 2024 Tour,Pop,Mid-Tier Touring Artist,2024-09-22,2024,9,September,Sunday,True,Fall,London,United Kingdom,Europe,Tier 1 Global Mega-City,51.5074,-0.1278,London Arena,Large Arena,Opener 3,1,15310,15651,97.82,True,1876087.4,122.54,Standard ($75-$150),1,False,Synthetic (Industry Model)
SYN-09388,Troye Sivan,Troye Sivan — 2024 Tour,Pop,Mid-Tier Touring Artist,2024-10-07,2024,10,October,Monday,False,Fall,Madrid,Spain,Europe,Tier 2 Major Regional Market,40.4168,-3.7038,Madrid Arena,Arena,Opener 1,1,4773,5873,81.27,False,248196.0,52.0,Budget (<$75),1,False,Synthetic (Industry Model)
SYN-09389,Troye Sivan,Troye Sivan — 2024 Tour,Pop,Mid-Tier Touring Artist,2024-09-21,2024,9,September,Saturday,True,Fall,Madrid,Spain,Europe,Tier 2 Major Regional Market,40.4168,-3.7038,Madrid Arena,Arena,,0,4889,6633,73.71,False,333820.92,68.28,Budget (<$75),2,True,Synthetic (Industry Model)
SYN-09390,Troye Sivan,Troye Sivan — 2024 Tour,Pop,Mid-Tier Touring Artist,2024-10-01,2024,10,October,Tuesday,False,Fall,Philadelphia,United States,North America,Tier 2 Major Regional Market,39.9526,-75.1652,Philadelphia Arena,Arena,Opener 3,1,4741,6242,75.95,False,337606.61,71.21,Budget (<$75),1,False,Synthetic (Industry Model)
SYN-09391,Troye Sivan,Troye Sivan — 2024 Tour,Pop,Mid-Tier Touring Artist,2024-10-13,2024,10,October,Sunday,True,Fall,Warsaw,Poland,Europe,Tier 3 Emerging / Secondary Market,52.2297,21.0122,Warsaw Arena,Arena,Opener 1,1,8155,10669,76.44,False,727996.85,89.27,Standard ($75-$150),1,False,Synthetic (Industry Model)
SYN-09392,Troye Sivan,Troye Sivan — 2024 Tour,Pop,Mid-Tier Touring Artist,2024-09-27,2024,9,September,Friday,True,Fall,Salt Lake City,United States,North America,Tier 3 Emerging / Secondary Market,40.7608,-111.891,Salt Lake City Arena,Large Arena,,0,10705,14056,76.16,False,1102722.05,103.01,Standard ($75-$150),1,False,Synthetic (Industry Model)
SYN-09393,Troye Sivan,Troye Sivan — 2024 Tour,Pop,Mid-Tier Touring Artist,2024-11-01,2024,11,November,Friday,True,Spring,Melbourne,Australia,Oceania,Tier 2 Major Regional Market,-37.8136,144.9631,Melbourne Arena,Large Arena,Opener 3,1,11119,13095,84.91,False,1068980.66,96.14,Standard ($75-$150),2,True,Synthetic (Industry Model)
SYN-09394,Troye Sivan,Troye Sivan — 2024 Tour,Pop,Mid-Tier Touring Artist,2024-10-01,2024,10,October,Tuesday,False,Fall,London,United Kingdom,Europe,Tier 1 Global Mega-City,51.5074,-0.1278,London Arena,Large Arena,,0,9145,12723,71.88,False,762510.1,83.38,Standard ($75-$150),2,True,Synthetic (Industry Model)
SYN-09395,Troye Sivan,Troye Sivan — 2024 Tour,Pop,Mid-Tier Touring Artist,2024-11-11,2024,11,November,Monday,False,Fall,Lisbon,Portugal,Europe,Tier 2 Major Regional Market,38.7223,-9.1393,Lisbon Arena,Large Arena,Opener 2,2,14298,14298,100.0,True,1648845.36,115.32,Standard ($75-$150),1,False,Synthetic (Industry Model)
SYN-09396,Troye Sivan,Troye Sivan — 2024 Tour,Pop,Mid-Tier Touring Artist,2024-10-05,2024,10,October,Saturday,True,Fall,Philadelphia,United States,North America,Tier 2 Major Regional Market,39.9526,-75.1652,Philadelphia Arena,Large Arena,,0,12008,14086,85.25,False,1230459.76,102.47,Standard ($75-$150),2,True,Synthetic (Industry Model)
SYN-09397,Troye Sivan,Troye Sivan — 2024 Tour,Pop,Mid-Tier Touring Artist,2024-10-22,2024,10,October,Tuesday,False,Fall,Denver,United States,North America,Tier 2 Major Regional Market,39.7392,-104.9903,Denver Arena,Arena,Opener 1,1,4382,6627,66.13,False,277073.86,63.23,Budget (<$75),1,False,Synthetic (Industry Model)
SYN-09398,Troye Sivan,Troye Sivan — 2024 Tour,Pop,Mid-Tier Touring Artist,2024-11-26,2024,11,November,Tuesday,False,Fall,Amsterdam,Netherlands,Europe,Tier 1 Global Mega-City,52.3676,4.9041,Amsterdam Arena,Large Arena,,0,10278,13541,75.9,False,914330.88,88.96,Standard ($75-$150),1,False,Synthetic (Industry Model)
SYN-09399,Troye Sivan,Troye Sivan — 2024 Tour,Pop,Mid-Tier Touring Artist,2024-10-28,2024,10,October,Monday,False,Spring,Auckland,New Zealand,Oceania,Tier 2 Major Regional Market,-36.8485,174.7633,Auckland Arena,Arena,,0,4074,5662,71.96,False,239510.46,58.79,Budget (<$75),2,True,Synthetic (Industry Model)
SYN-09400,Troye Sivan,Troye Sivan — 2024 Tour,Pop,Mid-Tier Touring Artist,2024-10-13,2024,10,October,Sunday,True,Fall,London,United Kingdom,Europe,Tier 1 Global Mega-City,51.5074,-0.1278,London Arena,Arena,Opener 1,2,6036,6334,95.29,True,369765.36,61.26,Budget (<$75),3,True,Synthetic (Industry Model)
SYN-09401,Troye Sivan,Troye Sivan — 2024 Tour,Pop,Mid-Tier Touring Artist,2024-12-11,2024,12,December,Wednesday,False,Winter,Houston,United States,North America,Tier 2 Major Regional Market,29.7604,-95.3698,Houston Arena,Large Arena,,0,10879,15166,71.73,False,1307764.59,120.21,Standard ($75-$150),1,False,Synthetic (Industry Model)
SYN-09402,Troye Sivan,Troye Sivan — 2024 Tour,Pop,Mid-Tier Touring Artist,2024-11-26,2024,11,November,Tuesday,False,Fall,Paris,France,Europe,Tier 1 Global Mega-City,48.8566,2.3522,Paris Arena,Arena,Opener 3,1,9285,11356,81.76,False,806587.95,86.87,Standard ($75-$150),1,False,Synthetic (Industry Model)
SYN-09403,Troye Sivan,Troye Sivan — 2024 Tour,Pop,Mid-Tier Touring Artist,2024-11-30,2024,11,November,Saturday,True,Fall,Vancouver,Canada,North America,Tier 2 Major Regional Market,49.2827,-123.1207,Vancouver Arena,Arena,Opener 1,2,11300,11300,100.0,True,981405.0,86.85,Standard ($75-$150),1,False,Synthetic (Industry Model)
SYN-09404,Troye Sivan,Troye Sivan — 2024 Tour,Pop,Mid-Tier Touring Artist,2024-12-26,2024,12,December,Thursday,False,Winter,Berlin,Germany,Europe,Tier 1 Global Mega-City,52.52,13.405,Berlin Arena,Arena,Opener 2,1,7995,9565,83.59,False,553014.15,69.17,Budget (<$75),2,True,Synthetic (Industry Model)
SYN-09405,Troye Sivan,Troye Sivan — 2024 Tour,Pop,Mid-Tier Touring Artist,2024-10-23,2024,10,October,Wednesday,False,Fall,Berlin,Germany,Europe,Tier 1 Global Mega-City,52.52,13.405,Berlin Arena,Arena,,0,4393,7006,62.7,False,259450.58,59.06,Budget (<$75),3,True,Synthetic (Industry Model)
SYN-09406,Troye Sivan,Troye Sivan — 2024 Tour,Pop,Mid-Tier Touring Artist,2024-12-12,2024,12,December,Thursday,False,Winter,Columbus,United States,North America,Tier 3 Emerging / Secondary Market,39.9612,-82.9988,Columbus Arena,Arena,Opener 1,1,7112,9919,71.7,False,595132.16,83.68,Standard ($75-$150),1,False,Synthetic (Industry Model)
SYN-09407,Troye Sivan,Troye Sivan — 2024 Tour,Pop,Mid-Tier Touring Artist,2024-12-28,2024,12,December,Saturday,True,Winter,Nashville,United States,North America,Tier 2 Major Regional Market,36.1627,-86.7816,Nashville Arena,Arena,Opener 2,1,6728,8778,76.65,False,400988.8,59.6,Budget (<$75),1,False,Synthetic (Industry Model)
SYN-09408,Troye Sivan,Troye Sivan — 2024 Tour,Pop,Mid-Tier Touring Artist,2024-12-20,2024,12,December,Friday,True,Winter,Seattle,United States,North America,Tier 2 Major Regional Market,47.6062,-122.3321,Seattle Arena,Arena,,0,6577,7087,92.8,False,482751.8,73.4,Budget (<$75),1,False,Synthetic (Industry Model)
SYN-09409,Troye Sivan,Troye Sivan — 2024 Tour,Pop,Mid-Tier Touring Artist,2024-12-28,2024,12,December,Saturday,True,Winter,Stockholm,Sweden,Europe,Tier 2 Major Regional Market,59.3293,18.0686,Stockholm Arena,Arena,,0,6064,6719,90.25,False,435395.2,71.8,Budget (<$75),1,False,Synthetic (Industry Model)
SYN-09410,Troye Sivan,Troye Sivan — 2024 Tour,Pop,Mid-Tier Touring Artist,2024-11-02,2024,11,November,Saturday,True,Fall,Amsterdam,Netherlands,Europe,Tier 1 Global Mega-City,52.3676,4.9041,Amsterdam Arena,Large Arena,,0,12206,14230,85.78,False,1152124.34,94.39,Standard ($75-$150),2,True,Synthetic (Industry Model)
SYN-09411,Troye Sivan,Troye Sivan — 2024 Tour,Pop,Mid-Tier Touring Artist,2024-11-04,2024,11,November,Monday,False,Fall,Miami,United States,North America,Tier 2 Major Regional Market,25.7617,-80.1918,Miami Arena,Arena,Opener 3,1,5081,7037,72.21,False,345203.14,67.94,Budget (<$75),2,True,Synthetic (Industry Model)
SYN-09412,Conan Gray,Conan Gray — 2022 Tour,Indie Pop,Mid-Tier Touring Artist,2022-05-11,2022,5,May,Wednesday,False,Spring,Dublin,Ireland,Europe,Tier 2 Major Regional Market,53.3498,-6.2603,Dublin Arena,Large Arena,Opener 1,2,8505,12269,69.32,False,828301.95,97.39,Standard ($75-$150),1,False,Synthetic (Industry Model)
SYN-09413,Conan Gray,Conan Gray — 2022 Tour,Indie Pop,Mid-Tier Touring Artist,2022-05-16,2022,5,May,Monday,False,Fall,Melbourne,Australia,Oceania,Tier 2 Major Regional Market,-37.8136,144.9631,Melbourne Arena,Large Arena,Opener 2,1,6419,12394,51.79,False,556013.78,86.62,Standard ($75-$150),1,False,Synthetic (Industry Model)
SYN-09414,Conan Gray,Conan Gray — 2022 Tour,Indie Pop,Mid-Tier Touring Artist,2022-05-19,2022,5,May,Thursday,False,Fall,Auckland,New Zealand,Oceania,Tier 2 Major Regional Market,-36.8485,174.7633,Auckland Arena,Arena,Opener 3,2,9095,11894,76.47,False,752702.2,82.76,Standard ($75-$150),1,False,Synthetic (Industry Model)
SYN-09415,Conan Gray,Conan Gray — 2022 Tour,Indie Pop,Mid-Tier Touring Artist,2022-05-20,2022,5,May,Friday,True,Spring,Oslo,Norway,Europe,Tier 2 Major Regional Market,59.9139,10.7522,Oslo Arena,Large Arena,Opener 1,1,11846,14167,83.62,False,1118854.7,94.45,Standard ($75-$150),1,False,Synthetic (Industry Model)
SYN-09416,Conan Gray,Conan Gray — 2022 Tour,Indie Pop,Mid-Tier Touring Artist,2022-05-19,2022,5,May,Thursday,False,Spring,Columbus,United States,North America,Tier 3 Emerging / Secondary Market,39.9612,-82.9988,Columbus Arena,Arena,Opener 2,2,3111,4386,70.92,False,161305.35,51.85,Budget (<$75),1,False,Synthetic (Industry Model)
SYN-09417,Conan Gray,Conan Gray — 2022 Tour,Indie Pop,Mid-Tier Touring Artist,2022-06-05,2022,6,June,Sunday,True,Summer,Toronto,Canada,North America,Tier 1 Global Mega-City,43.6532,-79.3832,Toronto Arena,Arena,Opener 3,1,5941,8708,68.22,False,387531.43,65.23,Budget (<$75),1,False,Synthetic (Industry Model)
SYN-09418,Conan Gray,Conan Gray — 2022 Tour,Indie Pop,Mid-Tier Touring Artist,2022-06-04,2022,6,June,Saturday,True,Summer,Dublin,Ireland,Europe,Tier 2 Major Regional Market,53.3498,-6.2603,Dublin Arena,Large Arena,Opener 1,2,9849,12495,78.82,False,836574.06,84.94,Standard ($75-$150),2,True,Synthetic (Industry Model)
SYN-09419,Conan Gray,Conan Gray — 2022 Tour,Indie Pop,Mid-Tier Touring Artist,2022-06-08,2022,6,June,Wednesday,False,Summer,Madrid,Spain,Europe,Tier 2 Major Regional Market,40.4168,-3.7038,Madrid Arena,Arena,Opener 2,2,3841,5760,66.69,False,224736.91,58.51,Budget (<$75),1,False,Synthetic (Industry Model)
SYN-09420,Conan Gray,Conan Gray — 2022 Tour,Indie Pop,Mid-Tier Touring Artist,2022-06-20,2022,6,June,Monday,False,Summer,Columbus,United States,North America,Tier 3 Emerging / Secondary Market,39.9612,-82.9988,Columbus Arena,Arena,Opener 3,2,4480,7956,56.31,False,281568.0,62.85,Budget (<$75),2,True,Synthetic (Industry Model)
SYN-09421,Conan Gray,Conan Gray — 2022 Tour,Indie Pop,Mid-Tier Touring Artist,2022-06-16,2022,6,June,Thursday,False,Summer,Stockholm,Sweden,Europe,Tier 2 Major Regional Market,59.3293,18.0686,Stockholm Arena,Arena,,0,7721,11502,67.13,False,572666.57,74.17,Budget (<$75),1,False,Synthetic (Industry Model)
SYN-09422,Conan Gray,Conan Gray — 2022 Tour,Indie Pop,Mid-Tier Touring Artist,2022-06-30,2022,6,June,Thursday,False,Winter,Sydney,Australia,Oceania,Tier 2 Major Regional Market,-33.8688,151.2093,Sydney Arena,Arena,Opener 2,1,4527,7769,58.27,False,230514.84,50.92,Budget (<$75),1,False,Synthetic (Industry Model)
SYN-09423,Conan Gray,Conan Gray — 2022 Tour,Indie Pop,Mid-Tier Touring Artist,2022-06-24,2022,6,June,Friday,True,Summer,Los Angeles,United States,North America,Tier 1 Global Mega-City,34.0522,-118.2437,Los Angeles Arena,Arena,Opener 3,2,10705,11089,96.54,True,875240.8,81.76,Standard ($75-$150),1,False,Synthetic (Industry Model)
SYN-09424,Conan Gray,Conan Gray — 2022 Tour,Indie Pop,Mid-Tier Touring Artist,2022-06-16,2022,6,June,Thursday,False,Summer,Warsaw,Poland,Europe,Tier 3 Emerging / Secondary Market,52.2297,21.0122,Warsaw Arena,Arena,Opener 1,1,5001,8543,58.54,False,396029.19,79.19,Standard ($75-$150),1,False,Synthetic (Industry Model)
SYN-09425,Conan Gray,Conan Gray — 2022 Tour,Indie Pop,Mid-Tier Touring Artist,2022-07-15,2022,7,July,Friday,True,Summer,Denver,United States,North America,Tier 2 Major Regional Market,39.7392,-104.9903,Denver Arena,Arena,Opener 2,2,10232,11181,91.51,False,870845.52,85.11,Standard ($75-$150),1,False,Synthetic (Industry Model)
SYN-09426,Conan Gray,Conan Gray — 2022 Tour,Indie Pop,Mid-Tier Touring Artist,2022-07-20,2022,7,July,Wednesday,False,Summer,Kansas City,United States,North America,Tier 3 Emerging / Secondary Market,39.0997,-94.5786,Kansas City Arena,Large Arena,Opener 3,1,9644,14448,66.75,False,852240.28,88.37,Standard ($75-$150),1,False,Synthetic (Industry Model)
SYN-09427,Conan Gray,Conan Gray — 2022 Tour,Indie Pop,Mid-Tier Touring Artist,2022-06-10,2022,6,June,Friday,True,Summer,Houston,United States,North America,Tier 2 Major Regional Market,29.7604,-95.3698,Houston Arena,Large Arena,Opener 1,2,11073,12566,88.12,False,913190.31,82.47,Standard ($75-$150),1,False,Synthetic (Industry Model)
SYN-09428,Conan Gray,Conan Gray — 2022 Tour,Indie Pop,Mid-Tier Touring Artist,2022-06-28,2022,6,June,Tuesday,False,Summer,Paris,France,Europe,Tier 1 Global Mega-City,48.8566,2.3522,Paris Arena,Large Arena,Opener 2,2,11337,13474,84.14,False,1022370.66,90.18,Standard ($75-$150),1,False,Synthetic (Industry Model)
SYN-09429,Conan Gray,Conan Gray — 2022 Tour,Indie Pop,Mid-Tier Touring Artist,2022-08-04,2022,8,August,Thursday,False,Summer,Berlin,Germany,Europe,Tier 1 Global Mega-City,52.52,13.405,Berlin Arena,Arena,,0,2630,4035,65.17,False,165321.8,62.86,Budget (<$75),1,False,Synthetic (Industry Model)
SYN-09430,Conan Gray,Conan Gray — 2022 Tour,Indie Pop,Mid-Tier Touring Artist,2022-07-22,2022,7,July,Friday,True,Summer,Warsaw,Poland,Europe,Tier 3 Emerging / Secondary Market,52.2297,21.0122,Warsaw Arena,Arena,,0,7176,9014,79.61,False,623881.44,86.94,Standard ($75-$150),2,True,Synthetic (Industry Model)
SYN-09431,Conan Gray,Conan Gray — 2022 Tour,Indie Pop,Mid-Tier Touring Artist,2022-07-26,2022,7,July,Tuesday,False,Summer,Houston,United States,North America,Tier 2 Major Regional Market,29.7604,-95.3698,Houston Arena,Large Arena,Opener 2,1,9521,14869,64.03,False,1079776.61,113.41,Standard ($75-$150),2,True,Synthetic (Industry Model)
SYN-09432,Conan Gray,Conan Gray — 2022 Tour,Indie Pop,Mid-Tier Touring Artist,2022-07-30,2022,7,July,Saturday,True,Summer,Chicago,United States,North America,Tier 1 Global Mega-City,41.8781,-87.6298,Chicago Arena,Large Arena,Opener 3,2,14244,14244,100.0,True,1388362.68,97.47,Standard ($75-$150),1,False,Synthetic (Industry Model)
SYN-09433,Conan Gray,Conan Gray — 2022 Tour,Indie Pop,Mid-Tier Touring Artist,2022-06-22,2022,6,June,Wednesday,False,Summer,Madrid,Spain,Europe,Tier 2 Major Regional Market,40.4168,-3.7038,Madrid Arena,Arena,,0,7787,10893,71.49,False,825577.74,106.02,Standard ($75-$150),2,True,Synthetic (Industry Model)
SYN-09434,Conan Gray,Conan Gray — 2022 Tour,Indie Pop,Mid-Tier Touring Artist,2022-08-29,2022,8,August,Monday,False,Summer,Manchester,United Kingdom,Europe,Tier 2 Major Regional Market,53.4808,-2.2426,Manchester Arena,Arena,Opener 2,1,8573,10285,83.35,False,617684.65,72.05,Budget (<$75),1,False,Synthetic (Industry Model)
SYN-09435,Conan Gray,Conan Gray — 2022 Tour,Indie Pop,Mid-Tier Touring Artist,2022-08-11,2022,8,August,Thursday,False,Summer,Miami,United States,North America,Tier 2 Major Regional Market,25.7617,-80.1918,Miami Arena,Arena,Opener 3,1,3578,4112,87.01,False,163264.14,45.63,Budget (<$75),1,False,Synthetic (Industry Model)
SYN-09436,Conan Gray,Conan Gray — 2022 Tour,Indie Pop,Mid-Tier Touring Artist,2022-06-28,2022,6,June,Tuesday,False,Winter,Sydney,Australia,Oceania,Tier 2 Major Regional Market,-33.8688,151.2093,Sydney Arena,Arena,Opener 1,1,6607,9547,69.2,False,538404.43,81.49,Standard ($75-$150),2,True,Synthetic (Industry Model)
SYN-09437,Conan Gray,Conan Gray — 2022 Tour,Indie Pop,Mid-Tier Touring Artist,2022-06-30,2022,6,June,Thursday,False,Summer,Houston,United States,North America,Tier 2 Major Regional Market,29.7604,-95.3698,Houston Arena,Arena,Opener 2,1,5781,7718,74.9,False,391951.8,67.8,Budget (<$75),3,True,Synthetic (Industry Model)
SYN-09438,Conan Gray,Conan Gray — 2022 Tour,Indie Pop,Mid-Tier Touring Artist,2022-09-18,2022,9,September,Sunday,True,Fall,Richmond,United States,North America,Tier 3 Emerging / Secondary Market,37.5407,-77.436,Richmond Arena,Large Arena,,0,9507,12458,76.31,False,862094.76,90.68,Standard ($75-$150),1,False,Synthetic (Industry Model)
SYN-09439,Conan Gray,Conan Gray — 2022 Tour,Indie Pop,Mid-Tier Touring Artist,2022-08-27,2022,8,August,Saturday,True,Summer,Miami,United States,North America,Tier 2 Major Regional Market,25.7617,-80.1918,Miami Arena,Arena,Opener 1,2,6348,7386,85.95,False,307941.48,48.51,Budget (<$75),2,True,Synthetic (Industry Model)
SYN-09440,Gracie Abrams,Gracie Abrams — 2022 Tour,Indie Pop,Mid-Tier Touring Artist,2022-09-08,2022,9,September,Thursday,False,Fall,Manchester,United Kingdom,Europe,Tier 2 Major Regional Market,53.4808,-2.2426,Manchester Arena,Arena,Opener 1,2,2467,3701,66.65,False,94264.07,38.21,Budget (<$75),1,False,Synthetic (Industry Model)
SYN-09441,Gracie Abrams,Gracie Abrams — 2022 Tour,Indie Pop,Mid-Tier Touring Artist,2022-09-12,2022,9,September,Monday,False,Fall,Vancouver,Canada,North America,Tier 2 Major Regional Market,49.2827,-123.1207,Vancouver Arena,Arena,,0,3424,5184,66.05,False,183012.8,53.45,Budget (<$75),1,False,Synthetic (Industry Model)
SYN-09442,Gracie Abrams,Gracie Abrams — 2022 Tour,Indie Pop,Mid-Tier Touring Artist,2022-09-12,2022,9,September,Monday,False,Fall,Dublin,Ireland,Europe,Tier 2 Major Regional Market,53.3498,-6.2603,Dublin Arena,Arena,Opener 3,2,8466,8466,100.0,True,556554.84,65.74,Budget (<$75),1,False,Synthetic (Industry Model)
SYN-09443,Gracie Abrams,Gracie Abrams — 2022 Tour,Indie Pop,Mid-Tier Touring Artist,2022-09-23,2022,9,September,Friday,True,Fall,Manchester,United Kingdom,Europe,Tier 2 Major Regional Market,53.4808,-2.2426,Manchester Arena,Arena,,0,5563,7563,73.56,False,310248.51,55.77,Budget (<$75),2,True,Synthetic (Industry Model)
SYN-09444,Gracie Abrams,Gracie Abrams — 2022 Tour,Indie Pop,Mid-Tier Touring Artist,2022-09-16,2022,9,September,Friday,True,Fall,Brussels,Belgium,Europe,Tier 2 Major Regional Market,50.8503,4.3517,Brussels Arena,Arena,Opener 2,1,5896,7570,77.89,False,364785.52,61.87,Budget (<$75),1,False,Synthetic (Industry Model)
SYN-09445,Gracie Abrams,Gracie Abrams — 2022 Tour,Indie Pop,Mid-Tier Touring Artist,2022-09-23,2022,9,September,Friday,True,Fall,Copenhagen,Denmark,Europe,Tier 2 Major Regional Market,55.6761,12.5683,Copenhagen Arena,Arena,,0,4172,7365,56.65,False,282402.68,67.69,Budget (<$75),1,False,Synthetic (Industry Model)
SYN-09446,Gracie Abrams,Gracie Abrams — 2022 Tour,Indie Pop,Mid-Tier Touring Artist,2022-09-26,2022,9,September,Monday,False,Fall,Brussels,Belgium,Europe,Tier 2 Major Regional Market,50.8503,4.3517,Brussels Arena,Arena,Opener 1,1,1681,3572,47.05,False,86033.58,51.18,Budget (<$75),2,True,Synthetic (Industry Model)
SYN-09447,Gracie Abrams,Gracie Abrams — 2022 Tour,Indie Pop,Mid-Tier Touring Artist,2022-10-13,2022,10,October,Thursday,False,Fall,Barcelona,Spain,Europe,Tier 2 Major Regional Market,41.3851,2.1734,Barcelona Arena,Arena,Opener 2,1,4063,5580,72.81,False,166095.44,40.88,Budget (<$75),1,False,Synthetic (Industry Model)
SYN-09448,Gracie Abrams,Gracie Abrams — 2022 Tour,Indie Pop,Mid-Tier Touring Artist,2022-10-10,2022,10,October,Monday,False,Fall,Manchester,United Kingdom,Europe,Tier 2 Major Regional Market,53.4808,-2.2426,Manchester Arena,Arena,,0,7336,11011,66.62,False,621139.12,84.67,Standard ($75-$150),3,True,Synthetic (Industry Model)
SYN-09449,Gracie Abrams,Gracie Abrams — 2022 Tour,Indie Pop,Mid-Tier Touring Artist,2022-09-26,2022,9,September,Monday,False,Spring,Sydney,Australia,Oceania,Tier 2 Major Regional Market,-33.8688,151.2093,Sydney Arena,Arena,,0,3518,4651,75.64,False,176849.86,50.27,Budget (<$75),1,False,Synthetic (Industry Model)
SYN-09450,Gracie Abrams,Gracie Abrams — 2022 Tour,Indie Pop,Mid-Tier Touring Artist,2022-10-28,2022,10,October,Friday,True,Fall,Dublin,Ireland,Europe,Tier 2 Major Regional Market,53.3498,-6.2603,Dublin Arena,Arena,Opener 2,2,3586,6064,59.13,False,216522.68,60.38,Budget (<$75),2,True,Synthetic (Industry Model)
SYN-09451,Gracie Abrams,Gracie Abrams — 2022 Tour,Indie Pop,Mid-Tier Touring Artist,2022-09-30,2022,9,September,Friday,True,Fall,Denver,United States,North America,Tier 2 Major Regional Market,39.7392,-104.9903,Denver Arena,Arena,Opener 3,2,3539,4394,80.55,False,144532.76,40.84,Budget (<$75),1,False,Synthetic (Industry Model)
SYN-09452,Gracie Abrams,Gracie Abrams — 2022 Tour,Indie Pop,Mid-Tier Touring Artist,2022-10-26,2022,10,October,Wednesday,False,Fall,Columbus,United States,North America,Tier 3 Emerging / Secondary Market,39.9612,-82.9988,Columbus Arena,Arena,Opener 1,2,2817,6516,43.23,False,147103.74,52.22,Budget (<$75),1,False,Synthetic (Industry Model)
SYN-09453,Gracie Abrams,Gracie Abrams — 2022 Tour,Indie Pop,Mid-Tier Touring Artist,2022-10-04,2022,10,October,Tuesday,False,Fall,Amsterdam,Netherlands,Europe,Tier 1 Global Mega-City,52.3676,4.9041,Amsterdam Arena,Arena,,0,5262,6986,75.32,False,386283.42,73.41,Budget (<$75),1,False,Synthetic (Industry Model)
SYN-09454,Gracie Abrams,Gracie Abrams — 2022 Tour,Indie Pop,Mid-Tier Touring Artist,2022-11-17,2022,11,November,Thursday,False,Fall,Copenhagen,Denmark,Europe,Tier 2 Major Regional Market,55.6761,12.5683,Copenhagen Arena,Arena,Opener 3,1,3624,5390,67.24,False,126803.76,34.99,Budget (<$75),2,True,Synthetic (Industry Model)
SYN-09455,Gracie Abrams,Gracie Abrams — 2022 Tour,Indie Pop,Mid-Tier Touring Artist,2022-11-07,2022,11,November,Monday,False,Fall,Toronto,Canada,North America,Tier 1 Global Mega-City,43.6532,-79.3832,Toronto Arena,Arena,Opener 1,2,6816,10441,65.28,False,511745.28,75.08,Standard ($75-$150),1,False,Synthetic (Industry Model)
SYN-09456,Gracie Abrams,Gracie Abrams — 2022 Tour,Indie Pop,Mid-Tier Touring Artist,2022-11-11,2022,11,November,Friday,True,Fall,Denver,United States,North America,Tier 2 Major Regional Market,39.7392,-104.9903,Denver Arena,Arena,Opener 2,1,5614,6922,81.1,False,335997.9,59.85,Budget (<$75),2,True,Synthetic (Industry Model)
SYN-09457,Gracie Abrams,Gracie Abrams — 2022 Tour,Indie Pop,Mid-Tier Touring Artist,2022-12-02,2022,12,December,Friday,True,Winter,Oslo,Norway,Europe,Tier 2 Major Regional Market,59.9139,10.7522,Oslo Arena,Arena,,0,2890,4195,68.9,False,133489.1,46.19,Budget (<$75),1,False,Synthetic (Industry Model)
SYN-09458,Gracie Abrams,Gracie Abrams — 2022 Tour,Indie Pop,Mid-Tier Touring Artist,2022-11-19,2022,11,November,Saturday,True,Fall,Seattle,United States,North America,Tier 2 Major Regional Market,47.6062,-122.3321,Seattle Arena,Arena,Opener 1,2,3330,4406,75.58,False,147818.7,44.39,Budget (<$75),1,False,Synthetic (Industry Model)
SYN-09459,Gracie Abrams,Gracie Abrams — 2022 Tour,Indie Pop,Mid-Tier Touring Artist,2022-10-16,2022,10,October,Sunday,True,Fall,Atlanta,United States,North America,Tier 2 Major Regional Market,33.749,-84.388,Atlanta Arena,Arena,Opener 2,2,3939,7954,49.52,False,285222.99,72.41,Budget (<$75),1,False,Synthetic (Industry Model)
SYN-09460,Gracie Abrams,Gracie Abrams — 2022 Tour,Indie Pop,Mid-Tier Touring Artist,2022-11-07,2022,11,November,Monday,False,Fall,Paris,France,Europe,Tier 1 Global Mega-City,48.8566,2.3522,Paris Arena,Arena,Opener 3,1,9021,10708,84.25,False,778331.88,86.28,Standard ($75-$150),1,False,Synthetic (Industry Model)
SYN-09461,Gracie Abrams,Gracie Abrams — 2022 Tour,Indie Pop,Mid-Tier Touring Artist,2022-12-22,2022,12,December,Thursday,False,Summer,Auckland,New Zealand,Oceania,Tier 2 Major Regional Market,-36.8485,174.7633,Auckland Arena,Arena,Opener 1,2,2715,4443,61.11,False,132519.15,48.81,Budget (<$75),1,False,Synthetic (Industry Model)
SYN-09462,Gracie Abrams,Gracie Abrams — 2022 Tour,Indie Pop,Mid-Tier Touring Artist,2022-10-22,2022,10,October,Saturday,True,Fall,Paris,France,Europe,Tier 1 Global Mega-City,48.8566,2.3522,Paris Arena,Arena,,0,3038,3866,78.58,False,127474.48,41.96,Budget (<$75),2,True,Synthetic (Industry Model)
SYN-09463,Gracie Abrams,Gracie Abrams — 2022 Tour,Indie Pop,Mid-Tier Touring Artist,2022-12-09,2022,12,December,Friday,True,Summer,Sydney,Australia,Oceania,Tier 2 Major Regional Market,-33.8688,151.2093,Sydney Arena,Arena,,0,5035,6972,72.22,False,310055.3,61.58,Budget (<$75),2,True,Synthetic (Industry Model)
SYN-09464,Gracie Abrams,Gracie Abrams — 2022 Tour,Indie Pop,Mid-Tier Touring Artist,2022-11-19,2022,11,November,Saturday,True,Fall,Barcelona,Spain,Europe,Tier 2 Major Regional Market,41.3851,2.1734,Barcelona Arena,Arena,,0,6934,9677,71.65,False,542654.84,78.26,Standard ($75-$150),2,True,Synthetic (Industry Model)
SYN-09465,Gracie Abrams,Gracie Abrams — 2022 Tour,Indie Pop,Mid-Tier Touring Artist,2022-10-28,2022,10,October,Friday,True,Fall,Miami,United States,North America,Tier 2 Major Regional Market,25.7617,-80.1918,Miami Arena,Arena,Opener 2,2,4016,5011,80.14,False,188711.84,46.99,Budget (<$75),1,False,Synthetic (Industry Model)
SYN-09466,Dua Lipa,Dua Lipa — 2024 Tour,Pop / Dance,Major Touring Artist,2024-09-04,2024,9,September,Wednesday,False,Fall,Singapore,Singapore,Asia,Tier 2 Major Regional Market,1.3521,103.8198,Singapore Stadium,Stadium,Opener 1,1,26125,30220,86.45,False,4082292.5,156.26,Premium ($150-$250),1,False,Synthetic (Industry Model)
SYN-09467,Dua Lipa,Dua Lipa — 2024 Tour,Pop / Dance,Major Touring Artist,2024-09-07,2024,9,September,Saturday,True,Spring,Mexico City,Mexico,Latin America,Tier 1 Global Mega-City,19.4326,-99.1332,Mexico City Arena,Large Arena,,0,17186,17186,100.0,True,1984811.14,115.49,Standard ($75-$150),1,False,Synthetic (Industry Model)
SYN-09468,Dua Lipa,Dua Lipa — 2024 Tour,Pop / Dance,Major Touring Artist,2024-09-08,2024,9,September,Sunday,True,Fall,Kansas City,United States,North America,Tier 3 Emerging / Secondary Market,39.0997,-94.5786,Kansas City Arena,Large Arena,Opener 3,2,13693,15754,86.92,False,1564151.39,114.23,Standard ($75-$150),1,False,Synthetic (Industry Model)
SYN-09469,Dua Lipa,Dua Lipa — 2024 Tour,Pop / Dance,Major Touring Artist,2024-09-16,2024,9,September,Monday,False,Fall,Paris,France,Europe,Tier 1 Global Mega-City,48.8566,2.3522,Paris Stadium,Stadium,Opener 1,1,25290,26976,93.75,False,3836998.8,151.72,Premium ($150-$250),1,False,Synthetic (Industry Model)
SYN-09470,Dua Lipa,Dua Lipa — 2024 Tour,Pop / Dance,Major Touring Artist,2024-09-16,2024,9,September,Monday,False,Fall,Seattle,United States,North America,Tier 2 Major Regional Market,47.6062,-122.3321,Seattle Arena,Large Arena,,0,20872,21326,97.87,True,2485855.2,119.1,Standard ($75-$150),1,False,Synthetic (Industry Model)
SYN-09471,Dua Lipa,Dua Lipa — 2024 Tour,Pop / Dance,Major Touring Artist,2024-09-19,2024,9,September,Thursday,False,Spring,Sao Paulo,Brazil,Latin America,Tier 1 Global Mega-City,-23.5505,-46.6333,Sao Paulo Arena,Large Arena,Opener 3,2,13023,13023,100.0,True,1229631.66,94.42,Standard ($75-$150),1,False,Synthetic (Industry Model)
SYN-09472,Dua Lipa,Dua Lipa — 2024 Tour,Pop / Dance,Major Touring Artist,2024-09-28,2024,9,September,Saturday,True,Fall,Kansas City,United States,North America,Tier 3 Emerging / Secondary Market,39.0997,-94.5786,Kansas City Arena,Large Arena,Opener 1,2,9514,12086,78.72,False,846365.44,88.96,Standard ($75-$150),2,True,Synthetic (Industry Model)
SYN-09473,Dua Lipa,Dua Lipa — 2024 Tour,Pop / Dance,Major Touring Artist,2024-09-25,2024,9,September,Wednesday,False,Fall,Dublin,Ireland,Europe,Tier 2 Major Regional Market,53.3498,-6.2603,Dublin Arena,Large Arena,Opener 2,1,18895,19902,94.94,False,2181427.75,115.45,Standard ($75-$150),1,False,Synthetic (Industry Model)
SYN-09474,Dua Lipa,Dua Lipa — 2024 Tour,Pop / Dance,Major Touring Artist,2024-09-20,2024,9,September,Friday,True,Fall,Atlanta,United States,North America,Tier 2 Major Regional Market,33.749,-84.388,Atlanta Arena,Large Arena,Opener 3,1,21183,23012,92.05,False,2658466.5,125.5,Standard ($75-$150),1,False,Synthetic (Industry Model)
SYN-09475,Dua Lipa,Dua Lipa — 2024 Tour,Pop / Dance,Major Touring Artist,2024-09-22,2024,9,September,Sunday,True,Fall,Manila,Philippines,Asia,Tier 3 Emerging / Secondary Market,14.5995,120.9842,Manila Arena,Large Arena,,0,17199,22118,77.76,False,2139211.62,124.38,Standard ($75-$150),1,False,Synthetic (Industry Model)
SYN-09476,Dua Lipa,Dua Lipa — 2024 Tour,Pop / Dance,Major Touring Artist,2024-10-04,2024,10,October,Friday,True,Fall,Seattle,United States,North America,Tier 2 Major Regional Market,47.6062,-122.3321,Seattle Arena,Large Arena,Opener 2,2,15870,17110,92.75,False,1851394.2,116.66,Standard ($75-$150),2,True,Synthetic (Industry Model)
SYN-09477,Dua Lipa,Dua Lipa — 2024 Tour,Pop / Dance,Major Touring Artist,2024-09-26,2024,9,September,Thursday,False,Fall,Amsterdam,Netherlands,Europe,Tier 1 Global Mega-City,52.3676,4.9041,Amsterdam Stadium,Stadium,Opener 3,2,33720,35361,95.36,True,5791072.8,171.74,Premium ($150-$250),1,False,Synthetic (Industry Model)
SYN-09478,Dua Lipa,Dua Lipa — 2024 Tour,Pop / Dance,Major Touring Artist,2024-10-22,2024,10,October,Tuesday,False,Fall,Madrid,Spain,Europe,Tier 2 Major Regional Market,40.4168,-3.7038,Madrid Arena,Large Arena,Opener 1,1,16989,22433,75.73,False,1973951.91,116.19,Standard ($75-$150),1,False,Synthetic (Industry Model)
SYN-09479,Dua Lipa,Dua Lipa — 2024 Tour,Pop / Dance,Major Touring Artist,2024-10-13,2024,10,October,Sunday,True,Spring,Brisbane,Australia,Oceania,Tier 2 Major Regional Market,-27.4698,153.0251,Brisbane Arena,Large Arena,,0,14707,16603,88.58,False,1663949.98,113.14,Standard ($75-$150),1,False,Synthetic (Industry Model)
SYN-09480,Dua Lipa,Dua Lipa — 2024 Tour,Pop / Dance,Major Touring Artist,2024-10-30,2024,10,October,Wednesday,False,Spring,Sao Paulo,Brazil,Latin America,Tier 1 Global Mega-City,-23.5505,-46.6333,Sao Paulo Arena,Large Arena,,0,21559,22644,95.21,True,2755455.79,127.81,Standard ($75-$150),2,True,Synthetic (Industry Model)
SYN-09481,Dua Lipa,Dua Lipa — 2024 Tour,Pop / Dance,Major Touring Artist,2024-10-04,2024,10,October,Friday,True,Fall,Paris,France,Europe,Tier 1 Global Mega-City,48.8566,2.3522,Paris Arena,Large Arena,,0,12046,12046,100.0,True,1133287.68,94.08,Standard ($75-$150),2,True,Synthetic (Industry Model)
SYN-09482,Dua Lipa,Dua Lipa — 2024 Tour,Pop / Dance,Major Touring Artist,2024-10-22,2024,10,October,Tuesday,False,Spring,Brisbane,Australia,Oceania,Tier 2 Major Regional Market,-27.4698,153.0251,Brisbane Arena,Large Arena,Opener 2,1,12086,14009,86.27,False,1198085.18,99.13,Standard ($75-$150),2,True,Synthetic (Industry Model)
SYN-09483,Dua Lipa,Dua Lipa — 2024 Tour,Pop / Dance,Major Touring Artist,2024-11-11,2024,11,November,Monday,False,Fall,Seattle,United States,North America,Tier 2 Major Regional Market,47.6062,-122.3321,Seattle Stadium,Stadium,Opener 3,1,25323,26802,94.48,False,3618909.93,142.91,Standard ($75-$150),3,True,Synthetic (Industry Model)
SYN-09484,Dua Lipa,Dua Lipa — 2024 Tour,Pop / Dance,Major Touring Artist,2024-10-10,2024,10,October,Thursday,False,Fall,Paris,France,Europe,Tier 1 Global Mega-City,48.8566,2.3522,Paris Stadium,Stadium,Opener 1,2,35512,35512,100.0,True,6137894.08,172.84,Premium ($150-$250),3,True,Synthetic (Industry Model)
SYN-09485,Dua Lipa,Dua Lipa — 2024 Tour,Pop / Dance,Major Touring Artist,2024-10-31,2024,10,October,Thursday,False,Fall,Atlanta,United States,North America,Tier 2 Major Regional Market,33.749,-84.388,Atlanta Stadium,Stadium,Opener 2,2,34874,34874,100.0,True,5364318.68,153.82,Premium ($150-$250),2,True,Synthetic (Industry Model)
SYN-09486,Dua Lipa,Dua Lipa — 2024 Tour,Pop / Dance,Major Touring Artist,2024-12-13,2024,12,December,Friday,True,Winter,Dublin,Ireland,Europe,Tier 2 Major Regional Market,53.3498,-6.2603,Dublin Stadium,Stadium,,0,32907,35498,92.7,False,5711009.85,173.55,Premium ($150-$250),2,True,Synthetic (Industry Model)
SYN-09487,Dua Lipa,Dua Lipa — 2024 Tour,Pop / Dance,Major Touring Artist,2024-10-16,2024,10,October,Wednesday,False,Fall,Paris,France,Europe,Tier 1 Global Mega-City,48.8566,2.3522,Paris Stadium,Stadium,Opener 1,1,31093,31093,100.0,True,4635344.44,149.08,Standard ($75-$150),4,True,Synthetic (Industry Model)
SYN-09488,Dua Lipa,Dua Lipa — 2024 Tour,Pop / Dance,Major Touring Artist,2024-10-18,2024,10,October,Friday,True,Spring,Sao Paulo,Brazil,Latin America,Tier 1 Global Mega-City,-23.5505,-46.6333,Sao Paulo Stadium,Stadium,Opener 2,1,38091,38091,100.0,True,6652593.15,174.65,Premium ($150-$250),3,True,Synthetic (Industry Model)
SYN-09489,Dua Lipa,Dua Lipa — 2024 Tour,Pop / Dance,Major Touring Artist,2024-12-28,2024,12,December,Saturday,True,Winter,Los Angeles,United States,North America,Tier 1 Global Mega-City,34.0522,-118.2437,Los Angeles Stadium,Stadium,Opener 3,1,30166,30412,99.19,True,4598806.7,152.45,Premium ($150-$250),1,False,Synthetic (Industry Model)
SYN-09490,Dua Lipa,Dua Lipa — 2024 Tour,Pop / Dance,Major Touring Artist,2024-12-28,2024,12,December,Saturday,True,Winter,Richmond,United States,North America,Tier 3 Emerging / Secondary Market,37.5407,-77.436,Richmond Stadium,Stadium,Opener 1,2,21336,29845,71.49,False,3488009.28,163.48,Premium ($150-$250),1,False,Synthetic (Industry Model)
SYN-09491,Dua Lipa,Dua Lipa — 2024 Tour,Pop / Dance,Major Touring Artist,2024-12-13,2024,12,December,Friday,True,Winter,Berlin,Germany,Europe,Tier 1 Global Mega-City,52.52,13.405,Berlin Arena,Large Arena,Opener 2,2,17513,17898,97.85,True,1786150.87,101.99,Standard ($75-$150),1,False,Synthetic (Industry Model)
SYN-09492,Dua Lipa,Dua Lipa — 2024 Tour,Pop / Dance,Major Touring Artist,2024-10-26,2024,10,October,Saturday,True,Spring,Sao Paulo,Brazil,Latin America,Tier 1 Global Mega-City,-23.5505,-46.6333,Sao Paulo Arena,Large Arena,Opener 3,1,20041,20041,100.0,True,2344797.0,117.0,Standard ($75-$150),4,True,Synthetic (Industry Model)
SYN-09493,Dua Lipa,Dua Lipa — 2024 Tour,Pop / Dance,Major Touring Artist,2024-12-28,2024,12,December,Saturday,True,Winter,Bangkok,Thailand,Asia,Tier 2 Major Regional Market,13.7563,100.5018,Bangkok Stadium,Stadium,Opener 1,2,27474,27474,100.0,True,3858723.3,140.45,Standard ($75-$150),1,False,Synthetic (Industry Model)
SYN-09494,Dua Lipa,Dua Lipa — 2024 Tour,Pop / Dance,Major Touring Artist,2024-11-27,2024,11,November,Wednesday,False,Fall,Atlanta,United States,North America,Tier 2 Major Regional Market,33.749,-84.388,Atlanta Stadium,Stadium,,0,35527,36588,97.1,True,6423992.14,180.82,Premium ($150-$250),3,True,Synthetic (Industry Model)
SYN-09495,Dua Lipa,Dua Lipa — 2024 Tour,Pop / Dance,Major Touring Artist,2024-11-01,2024,11,November,Friday,True,Fall,Madrid,Spain,Europe,Tier 2 Major Regional Market,40.4168,-3.7038,Madrid Stadium,Stadium,,0,33623,34341,97.91,True,5498705.42,163.54,Premium ($150-$250),2,True,Synthetic (Industry Model)
SYN-09496,Dua Lipa,Dua Lipa — 2024 Tour,Pop / Dance,Major Touring Artist,2024-12-28,2024,12,December,Saturday,True,Winter,Stockholm,Sweden,Europe,Tier 2 Major Regional Market,59.3293,18.0686,Stockholm Stadium,Stadium,Opener 1,1,32508,34054,95.46,True,5416157.88,166.61,Premium ($150-$250),1,False,Synthetic (Industry Model)
SYN-09497,Dua Lipa,Dua Lipa — 2024 Tour,Pop / Dance,Major Touring Artist,2024-12-28,2024,12,December,Saturday,True,Summer,Santiago,Chile,Latin America,Tier 2 Major Regional Market,-33.4569,-70.6483,Santiago Arena,Large Arena,Opener 2,2,16289,16289,100.0,True,1572702.95,96.55,Standard ($75-$150),1,False,Synthetic (Industry Model)
SYN-09498,Dua Lipa,Dua Lipa — 2024 Tour,Pop / Dance,Major Touring Artist,2024-11-07,2024,11,November,Thursday,False,Fall,Richmond,United States,North America,Tier 3 Emerging / Secondary Market,37.5407,-77.436,Richmond Arena,Large Arena,Opener 3,2,19787,23590,83.88,False,2733771.92,138.16,Standard ($75-$150),2,True,Synthetic (Industry Model)
SYN-09499,Dua Lipa,Dua Lipa — 2024 Tour,Pop / Dance,Major Touring Artist,2024-11-09,2024,11,November,Saturday,True,Fall,London,United Kingdom,Europe,Tier 1 Global Mega-City,51.5074,-0.1278,London Arena,Large Arena,Opener 1,1,20481,20481,100.0,True,2200478.64,107.44,Standard ($75-$150),1,False,Synthetic (Industry Model)
SYN-09500,Dua Lipa,Dua Lipa — 2024 Tour,Pop / Dance,Major Touring Artist,2024-12-28,2024,12,December,Saturday,True,Winter,Miami,United States,North America,Tier 2 Major Regional Market,25.7617,-80.1918,Miami Arena,Large Arena,Opener 2,1,14039,14039,100.0,True,1412604.18,100.62,Standard ($75-$150),1,False,Synthetic (Industry Model)
SYN-09501,Dua Lipa,Dua Lipa — 2024 Tour,Pop / Dance,Major Touring Artist,2024-12-28,2024,12,December,Saturday,True,Winter,Houston,United States,North America,Tier 2 Major Regional Market,29.7604,-95.3698,Houston Stadium,Stadium,Opener 3,1,25345,26716,94.87,False,3593160.65,141.77,Standard ($75-$150),1,False,Synthetic (Industry Model)
SYN-09502,Dua Lipa,Dua Lipa — 2024 Tour,Pop / Dance,Major Touring Artist,2024-12-28,2024,12,December,Saturday,True,Winter,Bangkok,Thailand,Asia,Tier 2 Major Regional Market,13.7563,100.5018,Bangkok Arena,Large Arena,Opener 1,2,14539,14539,100.0,True,1477307.79,101.61,Standard ($75-$150),2,True,Synthetic (Industry Model)
SYN-09503,Dua Lipa,Dua Lipa — 2024 Tour,Pop / Dance,Major Touring Artist,2024-11-17,2024,11,November,Sunday,True,Fall,Amsterdam,Netherlands,Europe,Tier 1 Global Mega-City,52.3676,4.9041,Amsterdam Stadium,Stadium,,0,26756,28343,94.4,False,3591190.32,134.22,Standard ($75-$150),2,True,Synthetic (Industry Model)
SYN-09504,Dua Lipa,Dua Lipa — 2024 Tour,Pop / Dance,Major Touring Artist,2024-12-28,2024,12,December,Saturday,True,Winter,Barcelona,Spain,Europe,Tier 2 Major Regional Market,41.3851,2.1734,Barcelona Arena,Large Arena,Opener 3,2,20110,20110,100.0,True,2314661.0,115.1,Standard ($75-$150),1,False,Synthetic (Industry Model)
SYN-09505,Dua Lipa,Dua Lipa — 2024 Tour,Pop / Dance,Major Touring Artist,2024-12-28,2024,12,December,Saturday,True,Winter,Lisbon,Portugal,Europe,Tier 2 Major Regional Market,38.7223,-9.1393,Lisbon Stadium,Stadium,Opener 1,1,33027,33027,100.0,True,5558774.37,168.31,Premium ($150-$250),1,False,Synthetic (Industry Model)
SYN-09506,Dua Lipa,Dua Lipa — 2024 Tour,Pop / Dance,Major Touring Artist,2024-11-23,2024,11,November,Saturday,True,Fall,Oslo,Norway,Europe,Tier 2 Major Regional Market,59.9139,10.7522,Oslo Arena,Large Arena,Opener 2,2,22113,22113,100.0,True,3066409.71,138.67,Standard ($75-$150),1,False,Synthetic (Industry Model)
SYN-09507,Dua Lipa,Dua Lipa — 2024 Tour,Pop / Dance,Major Touring Artist,2024-11-25,2024,11,November,Monday,False,Fall,New York,United States,North America,Tier 1 Global Mega-City,40.7128,-74.006,New York Stadium,Stadium,Opener 3,2,32572,32572,100.0,True,5176342.24,158.92,Premium ($150-$250),1,False,Synthetic (Industry Model)
SYN-09508,Dua Lipa,Dua Lipa — 2024 Tour,Pop / Dance,Major Touring Artist,2024-12-28,2024,12,December,Saturday,True,Winter,Tokyo,Japan,Asia,Tier 1 Global Mega-City,35.6762,139.6503,Tokyo Stadium,Stadium,Opener 1,1,37041,37041,100.0,True,6708125.1,181.1,Premium ($150-$250),1,False,Synthetic (Industry Model)
SYN-09509,Dua Lipa,Dua Lipa — 2024 Tour,Pop / Dance,Major Touring Artist,2024-12-28,2024,12,December,Saturday,True,Winter,Denver,United States,North America,Tier 2 Major Regional Market,39.7392,-104.9903,Denver Stadium,Stadium,Opener 2,1,26538,28508,93.09,False,3902678.28,147.06,Standard ($75-$150),1,False,Synthetic (Industry Model)
SYN-09510,Dua Lipa,Dua Lipa — 2024 Tour,Pop / Dance,Major Touring Artist,2024-12-01,2024,12,December,Sunday,True,Winter,Houston,United States,North America,Tier 2 Major Regional Market,29.7604,-95.3698,Houston Arena,Large Arena,Opener 3,1,20600,21252,96.93,True,2490952.0,120.92,Standard ($75-$150),2,True,Synthetic (Industry Model)
SYN-09511,Dua Lipa,Dua Lipa — 2024 Tour,Pop / Dance,Major Touring Artist,2024-12-28,2024,12,December,Saturday,True,Winter,Copenhagen,Denmark,Europe,Tier 2 Major Regional Market,55.6761,12.5683,Copenhagen Arena,Large Arena,Opener 1,1,23276,23276,100.0,True,2908103.44,124.94,Standard ($75-$150),1,False,Synthetic (Industry Model)
SYN-09512,Dua Lipa,Dua Lipa — 2024 Tour,Pop / Dance,Major Touring Artist,2024-12-28,2024,12,December,Saturday,True,Winter,Toronto,Canada,North America,Tier 1 Global Mega-City,43.6532,-79.3832,Toronto Stadium,Stadium,Opener 2,1,25002,25002,100.0,True,3353768.28,134.14,Standard ($75-$150),1,False,Synthetic (Industry Model)
SYN-09513,Dua Lipa,Dua Lipa — 2024 Tour,Pop / Dance,Major Touring Artist,2024-12-28,2024,12,December,Saturday,True,Summer,Auckland,New Zealand,Oceania,Tier 2 Major Regional Market,-36.8485,174.7633,Auckland Stadium,Stadium,,0,31819,35163,90.49,False,5534915.05,173.95,Premium ($150-$250),1,False,Synthetic (Industry Model)
SYN-09514,Dua Lipa,Dua Lipa — 2024 Tour,Pop / Dance,Major Touring Artist,2024-12-28,2024,12,December,Saturday,True,Winter,Philadelphia,United States,North America,Tier 2 Major Regional Market,39.9526,-75.1652,Philadelphia Arena,Large Arena,Opener 1,1,15207,15676,97.01,True,1650263.64,108.52,Standard ($75-$150),1,False,Synthetic (Industry Model)
SYN-09515,Dua Lipa,Dua Lipa — 2024 Tour,Pop / Dance,Major Touring Artist,2024-12-28,2024,12,December,Saturday,True,Winter,Philadelphia,United States,North America,Tier 2 Major Regional Market,39.9526,-75.1652,Philadelphia Arena,Large Arena,,0,20208,20541,98.38,True,2204692.8,109.1,Standard ($75-$150),2,True,Synthetic (Industry Model)
SYN-09516,Post Malone,Post Malone — 2023 Tour,Hip-Hop / Pop,Major Touring Artist,2023-03-13,2023,3,March,Monday,False,Spring,Dublin,Ireland,Europe,Tier 2 Major Regional Market,53.3498,-6.2603,Dublin Stadium,Stadium,,0,27848,30125,92.44,False,4021808.16,144.42,Standard ($75-$150),1,False,Synthetic (Industry Model)
SYN-09517,Post Malone,Post Malone — 2023 Tour,Hip-Hop / Pop,Major Touring Artist,2023-03-16,2023,3,March,Thursday,False,Spring,Berlin,Germany,Europe,Tier 1 Global Mega-City,52.52,13.405,Berlin Stadium,Stadium,Opener 2,2,27030,33494,80.7,False,4095585.6,151.52,Premium ($150-$250),1,False,Synthetic (Industry Model)
SYN-09518,Post Malone,Post Malone — 2023 Tour,Hip-Hop / Pop,Major Touring Artist,2023-03-23,2023,3,March,Thursday,False,Spring,Tokyo,Japan,Asia,Tier 1 Global Mega-City,35.6762,139.6503,Tokyo Stadium,Stadium,Opener 3,2,32831,32831,100.0,True,5188611.24,158.04,Premium ($150-$250),1,False,Synthetic (Industry Model)
SYN-09519,Post Malone,Post Malone — 2023 Tour,Hip-Hop / Pop,Major Touring Artist,2023-03-19,2023,3,March,Sunday,True,Spring,Houston,United States,North America,Tier 2 Major Regional Market,29.7604,-95.3698,Houston Stadium,Stadium,,0,24346,31779,76.61,False,3684767.1,151.35,Premium ($150-$250),1,False,Synthetic (Industry Model)
SYN-09520,Post Malone,Post Malone — 2023 Tour,Hip-Hop / Pop,Major Touring Artist,2023-03-29,2023,3,March,Wednesday,False,Spring,Barcelona,Spain,Europe,Tier 2 Major Regional Market,41.3851,2.1734,Barcelona Arena,Large Arena,,0,12670,17013,74.47,False,1350115.2,106.56,Standard ($75-$150),1,False,Synthetic (Industry Model)
SYN-09521,Post Malone,Post Malone — 2023 Tour,Hip-Hop / Pop,Major Touring Artist,2023-03-23,2023,3,March,Thursday,False,Spring,Manila,Philippines,Asia,Tier 3 Emerging / Secondary Market,14.5995,120.9842,Manila Stadium,Stadium,Opener 3,2,22180,32860,67.5,False,3570980.0,161.0,Premium ($150-$250),1,False,Synthetic (Industry Model)
SYN-09522,Post Malone,Post Malone — 2023 Tour,Hip-Hop / Pop,Major Touring Artist,2023-03-31,2023,3,March,Friday,True,Spring,Stockholm,Sweden,Europe,Tier 2 Major Regional Market,59.3293,18.0686,Stockholm Stadium,Stadium,Opener 1,1,30634,34015,90.06,False,4435496.86,144.79,Standard ($75-$150),1,False,Synthetic (Industry Model)
SYN-09523,Post Malone,Post Malone — 2023 Tour,Hip-Hop / Pop,Major Touring Artist,2023-04-10,2023,4,April,Monday,False,Spring,Bangkok,Thailand,Asia,Tier 2 Major Regional Market,13.7563,100.5018,Bangkok Stadium,Stadium,Opener 2,2,25686,29228,87.88,False,3286009.98,127.93,Standard ($75-$150),1,False,Synthetic (Industry Model)
SYN-09524,Post Malone,Post Malone — 2023 Tour,Hip-Hop / Pop,Major Touring Artist,2023-04-14,2023,4,April,Friday,True,Spring,Berlin,Germany,Europe,Tier 1 Global Mega-City,52.52,13.405,Berlin Stadium,Stadium,,0,27378,28638,95.6,True,3924088.74,143.33,Standard ($75-$150),2,True,Synthetic (Industry Model)
SYN-09525,Post Malone,Post Malone — 2023 Tour,Hip-Hop / Pop,Major Touring Artist,2023-04-18,2023,4,April,Tuesday,False,Spring,Manila,Philippines,Asia,Tier 3 Emerging / Secondary Market,14.5995,120.9842,Manila Arena,Arena,,0,7266,11603,62.62,False,689906.7,94.95,Standard ($75-$150),2,True,Synthetic (Industry Model)
SYN-09526,Post Malone,Post Malone — 2023 Tour,Hip-Hop / Pop,Major Touring Artist,2023-04-22,2023,4,April,Saturday,True,Spring,Paris,France,Europe,Tier 1 Global Mega-City,48.8566,2.3522,Paris Arena,Large Arena,Opener 2,1,22097,22987,96.13,True,2654954.55,120.15,Standard ($75-$150),1,False,Synthetic (Industry Model)
SYN-09527,Post Malone,Post Malone — 2023 Tour,Hip-Hop / Pop,Major Touring Artist,2023-04-04,2023,4,April,Tuesday,False,Spring,Singapore,Singapore,Asia,Tier 2 Major Regional Market,1.3521,103.8198,Singapore Arena,Large Arena,,0,16724,23612,70.83,False,2041331.44,122.06,Standard ($75-$150),1,False,Synthetic (Industry Model)
SYN-09528,Post Malone,Post Malone — 2023 Tour,Hip-Hop / Pop,Major Touring Artist,2023-04-18,2023,4,April,Tuesday,False,Spring,London,United Kingdom,Europe,Tier 1 Global Mega-City,51.5074,-0.1278,London Stadium,Stadium,Opener 1,2,23318,27520,84.73,False,3438472.28,147.46,Standard ($75-$150),1,False,Synthetic (Industry Model)
SYN-09529,Post Malone,Post Malone — 2023 Tour,Hip-Hop / Pop,Major Touring Artist,2023-04-21,2023,4,April,Friday,True,Fall,Melbourne,Australia,Oceania,Tier 2 Major Regional Market,-37.8136,144.9631,Melbourne Arena,Large Arena,Opener 2,1,16191,19064,84.93,False,1898556.66,117.26,Standard ($75-$150),1,False,Synthetic (Industry Model)
SYN-09530,Post Malone,Post Malone — 2023 Tour,Hip-Hop / Pop,Major Touring Artist,2023-05-22,2023,5,May,Monday,False,Spring,Salt Lake City,United States,North America,Tier 3 Emerging / Secondary Market,40.7608,-111.891,Salt Lake City Stadium,Stadium,Opener 3,2,22480,31183,72.09,False,3245662.4,144.38,Standard ($75-$150),1,False,Synthetic (Industry Model)
SYN-09531,Post Malone,Post Malone — 2023 Tour,Hip-Hop / Pop,Major Touring Artist,2023-04-12,2023,4,April,Wednesday,False,Spring,Salt Lake City,United States,North America,Tier 3 Emerging / Secondary Market,40.7608,-111.891,Salt Lake City Stadium,Stadium,Opener 1,1,18407,31416,58.59,False,2915668.8,158.4,Premium ($150-$250),2,True,Synthetic (Industry Model)
SYN-09532,Post Malone,Post Malone — 2023 Tour,Hip-Hop / Pop,Major Touring Artist,2023-04-30,2023,4,April,Sunday,True,Spring,Nashville,United States,North America,Tier 2 Major Regional Market,36.1627,-86.7816,Nashville Arena,Large Arena,Opener 2,1,20871,21069,99.06,True,2327951.34,111.54,Standard ($75-$150),1,False,Synthetic (Industry Model)
SYN-09533,Post Malone,Post Malone — 2023 Tour,Hip-Hop / Pop,Major Touring Artist,2023-04-16,2023,4,April,Sunday,True,Fall,Sao Paulo,Brazil,Latin America,Tier 1 Global Mega-City,-23.5505,-46.6333,Sao Paulo Stadium,Stadium,,0,30229,30229,100.0,True,4367485.92,144.48,Standard ($75-$150),1,False,Synthetic (Industry Model)
SYN-09534,Post Malone,Post Malone — 2023 Tour,Hip-Hop / Pop,Major Touring Artist,2023-04-18,2023,4,April,Tuesday,False,Spring,Madrid,Spain,Europe,Tier 2 Major Regional Market,40.4168,-3.7038,Madrid Stadium,Stadium,Opener 1,2,28434,33862,83.97,False,4364334.66,153.49,Premium ($150-$250),1,False,Synthetic (Industry Model)
SYN-09535,Post Malone,Post Malone — 2023 Tour,Hip-Hop / Pop,Major Touring Artist,2023-05-09,2023,5,May,Tuesday,False,Spring,Manchester,United Kingdom,Europe,Tier 2 Major Regional Market,53.4808,-2.2426,Manchester Stadium,Stadium,Opener 2,2,28446,33403,85.16,False,4256659.44,149.64,Standard ($75-$150),1,False,Synthetic (Industry Model)
SYN-09536,Post Malone,Post Malone — 2023 Tour,Hip-Hop / Pop,Major Touring Artist,2023-06-21,2023,6,June,Wednesday,False,Summer,Atlanta,United States,North America,Tier 2 Major Regional Market,33.749,-84.388,Atlanta Stadium,Stadium,Opener 3,2,31291,34919,89.61,False,5181789.6,165.6,Premium ($150-$250),1,False,Synthetic (Industry Model)
SYN-09537,Post Malone,Post Malone — 2023 Tour,Hip-Hop / Pop,Major Touring Artist,2023-06-26,2023,6,June,Monday,False,Summer,Toronto,Canada,North America,Tier 1 Global Mega-City,43.6532,-79.3832,Toronto Arena,Large Arena,Opener 1,1,11709,12631,92.7,False,912482.37,77.93,Standard ($75-$150),1,False,Synthetic (Industry Model)
SYN-09538,Post Malone,Post Malone — 2023 Tour,Hip-Hop / Pop,Major Touring Artist,2023-07-01,2023,7,July,Saturday,True,Summer,Berlin,Germany,Europe,Tier 1 Global Mega-City,52.52,13.405,Berlin Stadium,Stadium,,0,27496,27496,100.0,True,3868412.24,140.69,Standard ($75-$150),3,True,Synthetic (Industry Model)
SYN-09539,Post Malone,Post Malone — 2023 Tour,Hip-Hop / Pop,Major Touring Artist,2023-06-13,2023,6,June,Tuesday,False,Winter,Brisbane,Australia,Oceania,Tier 2 Major Regional Market,-27.4698,153.0251,Brisbane Stadium,Stadium,,0,19996,25845,77.37,False,2695860.72,134.82,Standard ($75-$150),1,False,Synthetic (Industry Model)
SYN-09540,Post Malone,Post Malone — 2023 Tour,Hip-Hop / Pop,Major Touring Artist,2023-05-24,2023,5,May,Wednesday,False,Spring,Richmond,United States,North America,Tier 3 Emerging / Secondary Market,37.5407,-77.436,Richmond Arena,Large Arena,Opener 1,1,16964,21544,78.74,False,2002091.28,118.02,Standard ($75-$150),1,False,Synthetic (Industry Model)
SYN-09541,Post Malone,Post Malone — 2023 Tour,Hip-Hop / Pop,Major Touring Artist,2023-06-21,2023,6,June,Wednesday,False,Summer,Houston,United States,North America,Tier 2 Major Regional Market,29.7604,-95.3698,Houston Arena,Large Arena,,0,14800,17160,86.25,False,1490212.0,100.69,Standard ($75-$150),2,True,Synthetic (Industry Model)
SYN-09542,Post Malone,Post Malone — 2023 Tour,Hip-Hop / Pop,Major Touring Artist,2023-06-25,2023,6,June,Sunday,True,Summer,Chicago,United States,North America,Tier 1 Global Mega-City,41.8781,-87.6298,Chicago Arena,Large Arena,Opener 3,2,17137,17267,99.25,True,1705988.35,99.55,Standard ($75-$150),1,False,Synthetic (Industry Model)
SYN-09543,Post Malone,Post Malone — 2023 Tour,Hip-Hop / Pop,Major Touring Artist,2023-06-29,2023,6,June,Thursday,False,Winter,Bogota,Colombia,Latin America,Tier 2 Major Regional Market,4.711,-74.0721,Bogota Arena,Large Arena,,0,18451,19150,96.35,True,1891781.03,102.53,Standard ($75-$150),1,False,Synthetic (Industry Model)
SYN-09544,Post Malone,Post Malone — 2023 Tour,Hip-Hop / Pop,Major Touring Artist,2023-05-08,2023,5,May,Monday,False,Spring,Copenhagen,Denmark,Europe,Tier 2 Major Regional Market,55.6761,12.5683,Copenhagen Arena,Large Arena,Opener 2,2,20764,21362,97.2,True,2703265.16,130.19,Standard ($75-$150),1,False,Synthetic (Industry Model)
SYN-09545,Post Malone,Post Malone — 2023 Tour,Hip-Hop / Pop,Major Touring Artist,2023-05-10,2023,5,May,Wednesday,False,Spring,Madrid,Spain,Europe,Tier 2 Major Regional Market,40.4168,-3.7038,Madrid Arena,Large Arena,,0,13525,15863,85.26,False,1330319.0,98.36,Standard ($75-$150),2,True,Synthetic (Industry Model)
SYN-09546,Post Malone,Post Malone — 2023 Tour,Hip-Hop / Pop,Major Touring Artist,2023-06-11,2023,6,June,Sunday,True,Summer,Paris,France,Europe,Tier 1 Global Mega-City,48.8566,2.3522,Paris Stadium,Stadium,,0,25123,25123,100.0,True,3255438.34,129.58,Standard ($75-$150),2,True,Synthetic (Industry Model)
SYN-09547,Post Malone,Post Malone — 2023 Tour,Hip-Hop / Pop,Major Touring Artist,2023-06-14,2023,6,June,Wednesday,False,Summer,Manila,Philippines,Asia,Tier 3 Emerging / Secondary Market,14.5995,120.9842,Manila Arena,Large Arena,Opener 2,2,17890,21265,84.13,False,1985790.0,111.0,Standard ($75-$150),3,True,Synthetic (Industry Model)
SYN-09548,Post Malone,Post Malone — 2023 Tour,Hip-Hop / Pop,Major Touring Artist,2023-05-16,2023,5,May,Tuesday,False,Fall,Sao Paulo,Brazil,Latin America,Tier 1 Global Mega-City,-23.5505,-46.6333,Sao Paulo Stadium,Stadium,,0,29334,33648,87.18,False,5014940.64,170.96,Premium ($150-$250),2,True,Synthetic (Industry Model)
SYN-09549,Post Malone,Post Malone — 2023 Tour,Hip-Hop / Pop,Major Touring Artist,2023-05-18,2023,5,May,Thursday,False,Spring,Berlin,Germany,Europe,Tier 1 Global Mega-City,52.52,13.405,Berlin Arena,Large Arena,Opener 1,1,19456,20027,97.15,True,2128486.4,109.4,Standard ($75-$150),4,True,Synthetic (Industry Model)
SYN-09550,Post Malone,Post Malone — 2023 Tour,Hip-Hop / Pop,Major Touring Artist,2023-07-27,2023,7,July,Thursday,False,Winter,Buenos Aires,Argentina,Latin America,Tier 2 Major Regional Market,-34.6037,-58.3816,Buenos Aires Arena,Large Arena,Opener 2,2,15953,17241,92.53,False,1700111.21,106.57,Standard ($75-$150),1,False,Synthetic (Industry Model)
SYN-09551,Post Malone,Post Malone — 2023 Tour,Hip-Hop / Pop,Major Touring Artist,2023-09-04,2023,9,September,Monday,False,Fall,Chicago,United States,North America,Tier 1 Global Mega-City,41.8781,-87.6298,Chicago Stadium,Stadium,,0,28152,33462,84.13,False,4595250.96,163.23,Premium ($150-$250),2,True,Synthetic (Industry Model)
SYN-09552,Post Malone,Post Malone — 2023 Tour,Hip-Hop / Pop,Major Touring Artist,2023-09-09,2023,9,September,Saturday,True,Fall,Vancouver,Canada,North America,Tier 2 Major Regional Market,49.2827,-123.1207,Vancouver Arena,Large Arena,,0,15915,16236,98.02,True,1624762.35,102.09,Standard ($75-$150),1,False,Synthetic (Industry Model)
SYN-09553,Post Malone,Post Malone — 2023 Tour,Hip-Hop / Pop,Major Touring Artist,2023-09-14,2023,9,September,Thursday,False,Fall,Salt Lake City,United States,North America,Tier 3 Emerging / Secondary Market,40.7608,-111.891,Salt Lake City Arena,Large Arena,Opener 2,1,11339,15590,72.73,False,995790.98,87.82,Standard ($75-$150),3,True,Synthetic (Industry Model)
SYN-09554,Post Malone,Post Malone — 2023 Tour,Hip-Hop / Pop,Major Touring Artist,2023-09-19,2023,9,September,Tuesday,False,Fall,Atlanta,United States,North America,Tier 2 Major Regional Market,33.749,-84.388,Atlanta Stadium,Stadium,Opener 3,2,23415,27772,84.31,False,3410394.75,145.65,Standard ($75-$150),2,True,Synthetic (Industry Model)
SYN-09555,Post Malone,Post Malone — 2023 Tour,Hip-Hop / Pop,Major Touring Artist,2023-09-24,2023,9,September,Sunday,True,Fall,Dublin,Ireland,Europe,Tier 2 Major Regional Market,53.3498,-6.2603,Dublin Arena,Large Arena,Opener 1,1,12958,13893,93.27,False,1146394.26,88.47,Standard ($75-$150),2,True,Synthetic (Industry Model)
SYN-09556,Post Malone,Post Malone — 2023 Tour,Hip-Hop / Pop,Major Touring Artist,2023-08-20,2023,8,August,Sunday,True,Summer,Seattle,United States,North America,Tier 2 Major Regional Market,47.6062,-122.3321,Seattle Arena,Large Arena,Opener 2,1,16091,16091,100.0,True,1722863.37,107.07,Standard ($75-$150),1,False,Synthetic (Industry Model)
SYN-09557,Post Malone,Post Malone — 2023 Tour,Hip-Hop / Pop,Major Touring Artist,2023-07-14,2023,7,July,Friday,True,Summer,Manchester,United Kingdom,Europe,Tier 2 Major Regional Market,53.4808,-2.2426,Manchester Stadium,Stadium,Opener 3,1,29912,29912,100.0,True,4260964.4,142.45,Standard ($75-$150),2,True,Synthetic (Industry Model)
SYN-09558,Post Malone,Post Malone — 2023 Tour,Hip-Hop / Pop,Major Touring Artist,2023-06-05,2023,6,June,Monday,False,Summer,Bangkok,Thailand,Asia,Tier 2 Major Regional Market,13.7563,100.5018,Bangkok Arena,Arena,Opener 1,2,9041,10594,85.34,False,736660.68,81.48,Standard ($75-$150),2,True,Synthetic (Industry Model)
SYN-09559,Post Malone,Post Malone — 2023 Tour,Hip-Hop / Pop,Major Touring Artist,2023-09-01,2023,9,September,Friday,True,Fall,Columbus,United States,North America,Tier 3 Emerging / Secondary Market,39.9612,-82.9988,Columbus Arena,Large Arena,,0,11616,12649,91.83,False,1079823.36,92.96,Standard ($75-$150),1,False,Synthetic (Industry Model)
SYN-09560,Post Malone,Post Malone — 2023 Tour,Hip-Hop / Pop,Major Touring Artist,2023-10-19,2023,10,October,Thursday,False,Fall,Copenhagen,Denmark,Europe,Tier 2 Major Regional Market,55.6761,12.5683,Copenhagen Arena,Large Arena,Opener 3,2,9977,12956,77.01,False,997600.23,99.99,Standard ($75-$150),2,True,Synthetic (Industry Model)
SYN-09561,Billie Eilish,Billie Eilish — 2022 Tour,Alt Pop,Major Touring Artist,2022-07-11,2022,7,July,Monday,False,Summer,Vancouver,Canada,North America,Tier 2 Major Regional Market,49.2827,-123.1207,Vancouver Arena,Large Arena,Opener 1,1,20485,22315,91.8,False,2685378.65,131.09,Standard ($75-$150),1,False,Synthetic (Industry Model)
SYN-09562,Billie Eilish,Billie Eilish — 2022 Tour,Alt Pop,Major Touring Artist,2022-07-14,2022,7,July,Thursday,False,Summer,Madrid,Spain,Europe,Tier 2 Major Regional Market,40.4168,-3.7038,Madrid Arena,Large Arena,,0,18660,19879,93.87,False,2261592.0,121.2,Standard ($75-$150),1,False,Synthetic (Industry Model)
SYN-09563,Billie Eilish,Billie Eilish — 2022 Tour,Alt Pop,Major Touring Artist,2022-07-19,2022,7,July,Tuesday,False,Summer,Manchester,United Kingdom,Europe,Tier 2 Major Regional Market,53.4808,-2.2426,Manchester Stadium,Stadium,Opener 3,1,33839,35367,95.68,True,6115722.47,180.73,Premium ($150-$250),1,False,Synthetic (Industry Model)
SYN-09564,Billie Eilish,Billie Eilish — 2022 Tour,Alt Pop,Major Touring Artist,2022-07-23,2022,7,July,Saturday,True,Summer,Madrid,Spain,Europe,Tier 2 Major Regional Market,40.4168,-3.7038,Madrid Stadium,Stadium,Opener 1,2,33073,33073,100.0,True,5297302.41,160.17,Premium ($150-$250),2,True,Synthetic (Industry Model)
SYN-09565,Billie Eilish,Billie Eilish — 2022 Tour,Alt Pop,Major Touring Artist,2022-07-23,2022,7,July,Saturday,True,Summer,Chicago,United States,North America,Tier 1 Global Mega-City,41.8781,-87.6298,Chicago Stadium,Stadium,Opener 2,1,40222,40222,100.0,True,8046411.1,200.05,Premium ($150-$250),1,False,Synthetic (Industry Model)
SYN-09566,Billie Eilish,Billie Eilish — 2022 Tour,Alt Pop,Major Touring Artist,2022-07-26,2022,7,July,Tuesday,False,Summer,London,United Kingdom,Europe,Tier 1 Global Mega-City,51.5074,-0.1278,London Arena,Large Arena,Opener 3,2,20222,20586,98.23,True,2376489.44,117.52,Standard ($75-$150),1,False,Synthetic (Industry Model)
SYN-09567,Billie Eilish,Billie Eilish — 2022 Tour,Alt Pop,Major Touring Artist,2022-07-23,2022,7,July,Saturday,True,Summer,Oslo,Norway,Europe,Tier 2 Major Regional Market,59.9139,10.7522,Oslo Arena,Large Arena,Opener 1,1,18590,18687,99.48,True,2056983.5,110.65,Standard ($75-$150),1,False,Synthetic (Industry Model)
SYN-09568,Billie Eilish,Billie Eilish — 2022 Tour,Alt Pop,Major Touring Artist,2022-08-01,2022,8,August,Monday,False,Summer,New York,United States,North America,Tier 1 Global Mega-City,40.7128,-74.006,New York Arena,Large Arena,,0,20368,21487,94.79,False,2519725.28,123.71,Standard ($75-$150),1,False,Synthetic (Industry Model)
SYN-09569,Billie Eilish,Billie Eilish — 2022 Tour,Alt Pop,Major Touring Artist,2022-08-12,2022,8,August,Friday,True,Summer,Kansas City,United States,North America,Tier 3 Emerging / Secondary Market,39.0997,-94.5786,Kansas City Stadium,Stadium,,0,31994,39641,80.71,False,6023190.44,188.26,Premium ($150-$250),1,False,Synthetic (Industry Model)
SYN-09570,Billie Eilish,Billie Eilish — 2022 Tour,Alt Pop,Major Touring Artist,2022-08-07,2022,8,August,Sunday,True,Summer,Philadelphia,United States,North America,Tier 2 Major Regional Market,39.9526,-75.1652,Philadelphia Arena,Large Arena,Opener 1,1,21632,22620,95.63,True,2583293.44,119.42,Standard ($75-$150),1,False,Synthetic (Industry Model)
SYN-09571,Billie Eilish,Billie Eilish — 2022 Tour,Alt Pop,Major Touring Artist,2022-08-10,2022,8,August,Wednesday,False,Summer,Seattle,United States,North America,Tier 2 Major Regional Market,47.6062,-122.3321,Seattle Stadium,Stadium,,0,26890,28281,95.08,True,3995316.2,148.58,Standard ($75-$150),1,False,Synthetic (Industry Model)
SYN-09572,Billie Eilish,Billie Eilish — 2022 Tour,Alt Pop,Major Touring Artist,2022-08-13,2022,8,August,Saturday,True,Summer,Nashville,United States,North America,Tier 2 Major Regional Market,36.1627,-86.7816,Nashville Arena,Large Arena,Opener 3,1,15697,16431,95.53,True,1604704.31,102.23,Standard ($75-$150),1,False,Synthetic (Industry Model)
SYN-09573,Billie Eilish,Billie Eilish — 2022 Tour,Alt Pop,Major Touring Artist,2022-08-04,2022,8,August,Thursday,False,Summer,Salt Lake City,United States,North America,Tier 3 Emerging / Secondary Market,40.7608,-111.891,Salt Lake City Arena,Large Arena,,0,13757,16767,82.05,False,1419997.54,103.22,Standard ($75-$150),1,False,Synthetic (Industry Model)
SYN-09574,Billie Eilish,Billie Eilish — 2022 Tour,Alt Pop,Major Touring Artist,2022-08-19,2022,8,August,Friday,True,Summer,New York,United States,North America,Tier 1 Global Mega-City,40.7128,-74.006,New York Stadium,Stadium,Opener 2,2,34909,34909,100.0,True,6025991.58,172.62,Premium ($150-$250),2,True,Synthetic (Industry Model)
SYN-09575,Billie Eilish,Billie Eilish — 2022 Tour,Alt Pop,Major Touring Artist,2022-09-19,2022,9,September,Monday,False,Spring,Brisbane,Australia,Oceania,Tier 2 Major Regional Market,-27.4698,153.0251,Brisbane Arena,Large Arena,,0,14557,14737,98.78,True,1178825.86,80.98,Standard ($75-$150),1,False,Synthetic (Industry Model)
SYN-09576,Billie Eilish,Billie Eilish — 2022 Tour,Alt Pop,Major Touring Artist,2022-09-24,2022,9,September,Saturday,True,Fall,Boston,United States,North America,Tier 2 Major Regional Market,42.3601,-71.0589,Boston Arena,Large Arena,Opener 1,2,20525,21515,95.4,True,2485167.0,121.08,Standard ($75-$150),1,False,Synthetic (Industry Model)
SYN-09577,Billie Eilish,Billie Eilish — 2022 Tour,Alt Pop,Major Touring Artist,2022-09-29,2022,9,September,Thursday,False,Fall,London,United Kingdom,Europe,Tier 1 Global Mega-City,51.5074,-0.1278,London Stadium,Stadium,Opener 2,2,26734,26734,100.0,True,4111956.54,153.81,Premium ($150-$250),2,True,Synthetic (Industry Model)
SYN-09578,Billie Eilish,Billie Eilish — 2022 Tour,Alt Pop,Major Touring Artist,2022-09-17,2022,9,September,Saturday,True,Spring,Sydney,Australia,Oceania,Tier 2 Major Regional Market,-33.8688,151.2093,Sydney Stadium,Stadium,Opener 3,1,23528,25855,91.0,False,3523553.28,149.76,Standard ($75-$150),1,False,Synthetic (Industry Model)
SYN-09579,Billie Eilish,Billie Eilish — 2022 Tour,Alt Pop,Major Touring Artist,2022-09-21,2022,9,September,Wednesday,False,Fall,Dublin,Ireland,Europe,Tier 2 Major Regional Market,53.3498,-6.2603,Dublin Stadium,Stadium,,0,26197,30451,86.03,False,4112667.03,156.99,Premium ($150-$250),1,False,Synthetic (Industry Model)
SYN-09580,Billie Eilish,Billie Eilish — 2022 Tour,Alt Pop,Major Touring Artist,2022-09-06,2022,9,September,Tuesday,False,Fall,Singapore,Singapore,Asia,Tier 2 Major Regional Market,1.3521,103.8198,Singapore Arena,Large Arena,Opener 2,1,17846,19641,90.86,False,2073348.28,116.18,Standard ($75-$150),1,False,Synthetic (Industry Model)
SYN-09581,Billie Eilish,Billie Eilish — 2022 Tour,Alt Pop,Major Touring Artist,2022-10-19,2022,10,October,Wednesday,False,Fall,Seoul,South Korea,Asia,Tier 1 Global Mega-City,37.5665,126.978,Seoul Stadium,Stadium,Opener 3,1,29684,34002,87.3,False,4495641.8,151.45,Premium ($150-$250),1,False,Synthetic (Industry Model)
SYN-09582,Billie Eilish,Billie Eilish — 2022 Tour,Alt Pop,Major Touring Artist,2022-08-22,2022,8,August,Monday,False,Summer,Toronto,Canada,North America,Tier 1 Global Mega-City,43.6532,-79.3832,Toronto Stadium,Stadium,,0,24820,25524,97.24,True,3322653.4,133.87,Standard ($75-$150),1,False,Synthetic (Industry Model)
SYN-09583,Billie Eilish,Billie Eilish — 2022 Tour,Alt Pop,Major Touring Artist,2022-10-29,2022,10,October,Saturday,True,Fall,Bangkok,Thailand,Asia,Tier 2 Major Regional Market,13.7563,100.5018,Bangkok Stadium,Stadium,Opener 2,2,32163,32163,100.0,True,5423646.69,168.63,Premium ($150-$250),1,False,Synthetic (Industry Model)
SYN-09584,Billie Eilish,Billie Eilish — 2022 Tour,Alt Pop,Major Touring Artist,2022-11-03,2022,11,November,Thursday,False,Fall,Los Angeles,United States,North America,Tier 1 Global Mega-City,34.0522,-118.2437,Los Angeles Stadium,Stadium,,0,31464,35273,89.2,False,5402368.8,171.7,Premium ($150-$250),1,False,Synthetic (Industry Model)
SYN-09585,Billie Eilish,Billie Eilish — 2022 Tour,Alt Pop,Major Touring Artist,2022-10-15,2022,10,October,Saturday,True,Fall,New York,United States,North America,Tier 1 Global Mega-City,40.7128,-74.006,New York Arena,Large Arena,,0,18544,18544,100.0,True,2230472.32,120.28,Standard ($75-$150),3,True,Synthetic (Industry Model)
SYN-09586,Billie Eilish,Billie Eilish — 2022 Tour,Alt Pop,Major Touring Artist,2022-10-19,2022,10,October,Wednesday,False,Spring,Buenos Aires,Argentina,Latin America,Tier 2 Major Regional Market,-34.6037,-58.3816,Buenos Aires Arena,Large Arena,Opener 2,1,13156,15711,83.74,False,1435582.72,109.12,Standard ($75-$150),1,False,Synthetic (Industry Model)
SYN-09587,Billie Eilish,Billie Eilish — 2022 Tour,Alt Pop,Major Touring Artist,2022-09-01,2022,9,September,Thursday,False,Fall,Bangkok,Thailand,Asia,Tier 2 Major Regional Market,13.7563,100.5018,Bangkok Stadium,Stadium,,0,37404,37904,98.68,True,6738330.6,180.15,Premium ($150-$250),2,True,Synthetic (Industry Model)
SYN-09588,Billie Eilish,Billie Eilish — 2022 Tour,Alt Pop,Major Touring Artist,2022-10-27,2022,10,October,Thursday,False,Fall,Copenhagen,Denmark,Europe,Tier 2 Major Regional Market,55.6761,12.5683,Copenhagen Arena,Large Arena,Opener 1,1,17217,19028,90.48,False,1975478.58,114.74,Standard ($75-$150),1,False,Synthetic (Industry Model)
SYN-09589,Billie Eilish,Billie Eilish — 2022 Tour,Alt Pop,Major Touring Artist,2022-09-05,2022,9,September,Monday,False,Fall,Copenhagen,Denmark,Europe,Tier 2 Major Regional Market,55.6761,12.5683,Copenhagen Arena,Large Arena,Opener 2,2,16812,19142,87.83,False,2119488.84,126.07,Standard ($75-$150),2,True,Synthetic (Industry Model)
SYN-09590,Billie Eilish,Billie Eilish — 2022 Tour,Alt Pop,Major Touring Artist,2022-11-04,2022,11,November,Friday,True,Spring,Sydney,Australia,Oceania,Tier 2 Major Regional Market,-33.8688,151.2093,Sydney Stadium,Stadium,Opener 3,2,40760,40760,100.0,True,7500247.6,184.01,Premium ($150-$250),2,True,Synthetic (Industry Model)
SYN-09591,Billie Eilish,Billie Eilish — 2022 Tour,Alt Pop,Major Touring Artist,2022-12-08,2022,12,December,Thursday,False,Winter,Paris,France,Europe,Tier 1 Global Mega-City,48.8566,2.3522,Paris Stadium,Stadium,,0,28103,31281,89.84,False,4409360.7,156.9,Premium ($150-$250),1,False,Synthetic (Industry Model)
SYN-09592,Billie Eilish,Billie Eilish — 2022 Tour,Alt Pop,Major Touring Artist,2022-12-13,2022,12,December,Tuesday,False,Winter,Houston,United States,North America,Tier 2 Major Regional Market,29.7604,-95.3698,Houston Stadium,Stadium,,0,36519,40505,90.16,False,6658874.46,182.34,Premium ($150-$250),1,False,Synthetic (Industry Model)
SYN-09593,Billie Eilish,Billie Eilish — 2022 Tour,Alt Pop,Major Touring Artist,2022-09-13,2022,9,September,Tuesday,False,Fall,New York,United States,North America,Tier 1 Global Mega-City,40.7128,-74.006,New York Arena,Large Arena,Opener 3,1,13640,14180,96.19,True,1211095.6,88.79,Standard ($75-$150),4,True,Synthetic (Industry Model)
SYN-09594,Billie Eilish,Billie Eilish — 2022 Tour,Alt Pop,Major Touring Artist,2022-09-15,2022,9,September,Thursday,False,Fall,Salt Lake City,United States,North America,Tier 3 Emerging / Secondary Market,40.7608,-111.891,Salt Lake City Arena,Large Arena,Opener 1,2,21058,24751,85.08,False,3153014.34,149.73,Standard ($75-$150),2,True,Synthetic (Industry Model)
SYN-09595,Billie Eilish,Billie Eilish — 2022 Tour,Alt Pop,Major Touring Artist,2022-11-24,2022,11,November,Thursday,False,Fall,Seoul,South Korea,Asia,Tier 1 Global Mega-City,37.5665,126.978,Seoul Stadium,Stadium,,0,24850,26996,92.05,False,3499625.5,140.83,Standard ($75-$150),2,True,Synthetic (Industry Model)
SYN-09596,Billie Eilish,Billie Eilish — 2022 Tour,Alt Pop,Major Touring Artist,2022-11-28,2022,11,November,Monday,False,Fall,Warsaw,Poland,Europe,Tier 3 Emerging / Secondary Market,52.2297,21.0122,Warsaw Stadium,Stadium,Opener 3,1,29205,40067,72.89,False,5183595.45,177.49,Premium ($150-$250),1,False,Synthetic (Industry Model)
SYN-09597,Billie Eilish,Billie Eilish — 2022 Tour,Alt Pop,Major Touring Artist,2022-09-21,2022,9,September,Wednesday,False,Fall,Singapore,Singapore,Asia,Tier 2 Major Regional Market,1.3521,103.8198,Singapore Stadium,Stadium,,0,26887,31337,85.8,False,4087630.61,152.03,Premium ($150-$250),2,True,Synthetic (Industry Model)
SYN-09598,Billie Eilish,Billie Eilish — 2022 Tour,Alt Pop,Major Touring Artist,2022-09-23,2022,9,September,Friday,True,Spring,Buenos Aires,Argentina,Latin America,Tier 2 Major Regional Market,-34.6037,-58.3816,Buenos Aires Arena,Large Arena,Opener 2,2,18863,21240,88.81,False,2062669.05,109.35,Standard ($75-$150),2,True,Synthetic (Industry Model)
SYN-09599,Billie Eilish,Billie Eilish — 2022 Tour,Alt Pop,Major Touring Artist,2022-12-28,2022,12,December,Wednesday,False,Winter,Toronto,Canada,North America,Tier 1 Global Mega-City,43.6532,-79.3832,Toronto Arena,Large Arena,Opener 3,1,19449,23759,81.86,False,2582632.71,132.79,Standard ($75-$150),2,True,Synthetic (Industry Model)
SYN-09600,Billie Eilish,Billie Eilish — 2022 Tour,Alt Pop,Major Touring Artist,2022-12-28,2022,12,December,Wednesday,False,Winter,Bangkok,Thailand,Asia,Tier 2 Major Regional Market,13.7563,100.5018,Bangkok Stadium,Stadium,,0,28416,35129,80.89,False,5045829.12,177.57,Premium ($150-$250),3,True,Synthetic (Industry Model)
SYN-09601,Billie Eilish,Billie Eilish — 2022 Tour,Alt Pop,Major Touring Artist,2022-09-29,2022,9,September,Thursday,False,Fall,Denver,United States,North America,Tier 2 Major Regional Market,39.7392,-104.9903,Denver Arena,Large Arena,,0,15974,18549,86.12,False,1899308.6,118.9,Standard ($75-$150),1,False,Synthetic (Industry Model)
SYN-09602,Billie Eilish,Billie Eilish — 2022 Tour,Alt Pop,Major Touring Artist,2022-12-28,2022,12,December,Wednesday,False,Winter,Oslo,Norway,Europe,Tier 2 Major Regional Market,59.9139,10.7522,Oslo Stadium,Stadium,Opener 3,2,28952,31903,90.75,False,4840774.4,167.2,Premium ($150-$250),2,True,Synthetic (Industry Model)
SYN-09603,Billie Eilish,Billie Eilish — 2022 Tour,Alt Pop,Major Touring Artist,2022-11-14,2022,11,November,Monday,False,Fall,Brussels,Belgium,Europe,Tier 2 Major Regional Market,50.8503,4.3517,Brussels Arena,Large Arena,,0,21397,24145,88.62,False,2611075.91,122.03,Standard ($75-$150),1,False,Synthetic (Industry Model)
SYN-09604,Billie Eilish,Billie Eilish — 2022 Tour,Alt Pop,Major Touring Artist,2022-12-30,2022,12,December,Friday,True,Winter,London,United Kingdom,Europe,Tier 1 Global Mega-City,51.5074,-0.1278,London Stadium,Stadium,Opener 2,2,30748,30748,100.0,True,4942126.04,160.73,Premium ($150-$250),3,True,Synthetic (Industry Model)
SYN-09605,Billie Eilish,Billie Eilish — 2022 Tour,Alt Pop,Major Touring Artist,2022-12-28,2022,12,December,Wednesday,False,Winter,Kansas City,United States,North America,Tier 3 Emerging / Secondary Market,39.0997,-94.5786,Kansas City Stadium,Stadium,,0,22601,35789,63.15,False,3968283.58,175.58,Premium ($150-$250),2,True,Synthetic (Industry Model)
SYN-09606,Billie Eilish,Billie Eilish — 2022 Tour,Alt Pop,Major Touring Artist,2022-11-23,2022,11,November,Wednesday,False,Fall,Columbus,United States,North America,Tier 3 Emerging / Secondary Market,39.9612,-82.9988,Columbus Arena,Large Arena,Opener 1,1,11161,16661,66.99,False,1261639.44,113.04,Standard ($75-$150),1,False,Synthetic (Industry Model)
SYN-09607,Billie Eilish,Billie Eilish — 2022 Tour,Alt Pop,Major Touring Artist,2022-10-11,2022,10,October,Tuesday,False,Fall,Salt Lake City,United States,North America,Tier 3 Emerging / Secondary Market,40.7608,-111.891,Salt Lake City Stadium,Stadium,Opener 2,2,27070,37534,72.12,False,5122997.5,189.25,Premium ($150-$250),3,True,Synthetic (Industry Model)
SYN-09608,Billie Eilish,Billie Eilish — 2022 Tour,Alt Pop,Major Touring Artist,2022-12-28,2022,12,December,Wednesday,False,Winter,Boston,United States,North America,Tier 2 Major Regional Market,42.3601,-71.0589,Boston Arena,Large Arena,,0,18763,23521,79.77,False,2746715.57,146.39,Standard ($75-$150),2,True,Synthetic (Industry Model)
SYN-09609,Olivia Rodrigo,Olivia Rodrigo — 2022 Tour,Pop / Alt Pop,Major Touring Artist,2022-08-11,2022,8,August,Thursday,False,Summer,Seoul,South Korea,Asia,Tier 1 Global Mega-City,37.5665,126.978,Seoul Stadium,Stadium,,0,28917,28917,100.0,True,4153059.54,143.62,Standard ($75-$150),1,False,Synthetic (Industry Model)
SYN-09610,Olivia Rodrigo,Olivia Rodrigo — 2022 Tour,Pop / Alt Pop,Major Touring Artist,2022-08-16,2022,8,August,Tuesday,False,Summer,Singapore,Singapore,Asia,Tier 2 Major Regional Market,1.3521,103.8198,Singapore Arena,Large Arena,,0,13874,15809,87.76,False,1311093.0,94.5,Standard ($75-$150),1,False,Synthetic (Industry Model)
SYN-09611,Olivia Rodrigo,Olivia Rodrigo — 2022 Tour,Pop / Alt Pop,Major Touring Artist,2022-08-19,2022,8,August,Friday,True,Winter,Santiago,Chile,Latin America,Tier 2 Major Regional Market,-33.4569,-70.6483,Santiago Stadium,Stadium,,0,26907,27442,98.05,True,3813529.11,141.73,Standard ($75-$150),1,False,Synthetic (Industry Model)
SYN-09612,Olivia Rodrigo,Olivia Rodrigo — 2022 Tour,Pop / Alt Pop,Major Touring Artist,2022-08-17,2022,8,August,Wednesday,False,Summer,Toronto,Canada,North America,Tier 1 Global Mega-City,43.6532,-79.3832,Toronto Stadium,Stadium,,0,29555,30643,96.45,True,4626539.7,156.54,Premium ($150-$250),1,False,Synthetic (Industry Model)
SYN-09613,Olivia Rodrigo,Olivia Rodrigo — 2022 Tour,Pop / Alt Pop,Major Touring Artist,2022-08-27,2022,8,August,Saturday,True,Summer,Barcelona,Spain,Europe,Tier 2 Major Regional Market,41.3851,2.1734,Barcelona Stadium,Stadium,Opener 2,2,34546,34546,100.0,True,5743963.42,166.27,Premium ($150-$250),1,False,Synthetic (Industry Model)
SYN-09614,Olivia Rodrigo,Olivia Rodrigo — 2022 Tour,Pop / Alt Pop,Major Touring Artist,2022-08-31,2022,8,August,Wednesday,False,Summer,Los Angeles,United States,North America,Tier 1 Global Mega-City,34.0522,-118.2437,Los Angeles Stadium,Stadium,Opener 3,1,24388,25314,96.34,True,3189462.64,130.78,Standard ($75-$150),1,False,Synthetic (Industry Model)
SYN-09615,Olivia Rodrigo,Olivia Rodrigo — 2022 Tour,Pop / Alt Pop,Major Touring Artist,2022-08-29,2022,8,August,Monday,False,Winter,Sydney,Australia,Oceania,Tier 2 Major Regional Market,-33.8688,151.2093,Sydney Stadium,Stadium,Opener 1,1,29528,30755,96.01,True,4728909.2,160.15,Premium ($150-$250),1,False,Synthetic (Industry Model)
SYN-09616,Olivia Rodrigo,Olivia Rodrigo — 2022 Tour,Pop / Alt Pop,Major Touring Artist,2022-09-01,2022,9,September,Thursday,False,Spring,Santiago,Chile,Latin America,Tier 2 Major Regional Market,-33.4569,-70.6483,Santiago Stadium,Stadium,Opener 2,1,41980,42881,97.9,True,8325473.6,198.32,Premium ($150-$250),2,True,Synthetic (Industry Model)
SYN-09617,Olivia Rodrigo,Olivia Rodrigo — 2022 Tour,Pop / Alt Pop,Major Touring Artist,2022-09-12,2022,9,September,Monday,False,Fall,Brussels,Belgium,Europe,Tier 2 Major Regional Market,50.8503,4.3517,Brussels Stadium,Stadium,Opener 3,2,39034,39034,100.0,True,7120582.28,182.42,Premium ($150-$250),1,False,Synthetic (Industry Model)
SYN-09618,Olivia Rodrigo,Olivia Rodrigo — 2022 Tour,Pop / Alt Pop,Major Touring Artist,2022-09-25,2022,9,September,Sunday,True,Fall,Warsaw,Poland,Europe,Tier 3 Emerging / Secondary Market,52.2297,21.0122,Warsaw Stadium,Stadium,,0,28927,35983,80.39,False,4799278.57,165.91,Premium ($150-$250),1,False,Synthetic (Industry Model)
SYN-09619,Olivia Rodrigo,Olivia Rodrigo — 2022 Tour,Pop / Alt Pop,Major Touring Artist,2022-09-10,2022,9,September,Saturday,True,Fall,Richmond,United States,North America,Tier 3 Emerging / Secondary Market,37.5407,-77.436,Richmond Arena,Large Arena,,0,13694,16525,82.87,False,1199457.46,87.59,Standard ($75-$150),1,False,Synthetic (Industry Model)
SYN-09620,Olivia Rodrigo,Olivia Rodrigo — 2022 Tour,Pop / Alt Pop,Major Touring Artist,2022-09-13,2022,9,September,Tuesday,False,Spring,Buenos Aires,Argentina,Latin America,Tier 2 Major Regional Market,-34.6037,-58.3816,Buenos Aires Stadium,Stadium,,0,24558,27220,90.22,False,3816558.78,155.41,Premium ($150-$250),1,False,Synthetic (Industry Model)
SYN-09621,Olivia Rodrigo,Olivia Rodrigo — 2022 Tour,Pop / Alt Pop,Major Touring Artist,2022-09-16,2022,9,September,Friday,True,Fall,London,United Kingdom,Europe,Tier 1 Global Mega-City,51.5074,-0.1278,London Stadium,Stadium,Opener 1,2,43879,43879,100.0,True,9487078.59,216.21,Premium ($150-$250),1,False,Synthetic (Industry Model)
SYN-09622,Olivia Rodrigo,Olivia Rodrigo — 2022 Tour,Pop / Alt Pop,Major Touring Artist,2022-09-19,2022,9,September,Monday,False,Spring,Auckland,New Zealand,Oceania,Tier 2 Major Regional Market,-36.8485,174.7633,Auckland Stadium,Stadium,Opener 2,1,35760,35760,100.0,True,6521908.8,182.38,Premium ($150-$250),1,False,Synthetic (Industry Model)
SYN-09623,Olivia Rodrigo,Olivia Rodrigo — 2022 Tour,Pop / Alt Pop,Major Touring Artist,2022-09-08,2022,9,September,Thursday,False,Fall,Madrid,Spain,Europe,Tier 2 Major Regional Market,40.4168,-3.7038,Madrid Stadium,Stadium,,0,22849,28278,80.8,False,3493155.12,152.88,Premium ($150-$250),1,False,Synthetic (Industry Model)
SYN-09624,Olivia Rodrigo,Olivia Rodrigo — 2022 Tour,Pop / Alt Pop,Major Touring Artist,2022-10-10,2022,10,October,Monday,False,Fall,Chicago,United States,North America,Tier 1 Global Mega-City,41.8781,-87.6298,Chicago Arena,Large Arena,,0,15347,16869,90.98,False,1569077.28,102.24,Standard ($75-$150),1,False,Synthetic (Industry Model)
SYN-09625,Olivia Rodrigo,Olivia Rodrigo — 2022 Tour,Pop / Alt Pop,Major Touring Artist,2022-09-12,2022,9,September,Monday,False,Fall,Lisbon,Portugal,Europe,Tier 2 Major Regional Market,38.7223,-9.1393,Lisbon Arena,Large Arena,Opener 2,1,15811,17591,89.88,False,1802928.33,114.03,Standard ($75-$150),1,False,Synthetic (Industry Model)
SYN-09626,Olivia Rodrigo,Olivia Rodrigo — 2022 Tour,Pop / Alt Pop,Major Touring Artist,2022-09-14,2022,9,September,Wednesday,False,Fall,Columbus,United States,North America,Tier 3 Emerging / Secondary Market,39.9612,-82.9988,Columbus Stadium,Stadium,,0,29369,42749,68.7,False,5661168.44,192.76,Premium ($150-$250),1,False,Synthetic (Industry Model)
SYN-09627,Olivia Rodrigo,Olivia Rodrigo — 2022 Tour,Pop / Alt Pop,Major Touring Artist,2022-10-22,2022,10,October,Saturday,True,Fall,Salt Lake City,United States,North America,Tier 3 Emerging / Secondary Market,40.7608,-111.891,Salt Lake City Arena,Large Arena,Opener 1,1,21349,24781,86.15,False,2915419.44,136.56,Standard ($75-$150),1,False,Synthetic (Industry Model)
SYN-09628,Olivia Rodrigo,Olivia Rodrigo — 2022 Tour,Pop / Alt Pop,Major Touring Artist,2022-10-07,2022,10,October,Friday,True,Fall,Copenhagen,Denmark,Europe,Tier 2 Major Regional Market,55.6761,12.5683,Copenhagen Stadium,Stadium,Opener 2,1,35126,39159,89.7,False,6401362.24,182.24,Premium ($150-$250),1,False,Synthetic (Industry Model)
SYN-09629,Olivia Rodrigo,Olivia Rodrigo — 2022 Tour,Pop / Alt Pop,Major Touring Artist,2022-11-19,2022,11,November,Saturday,True,Fall,London,United Kingdom,Europe,Tier 1 Global Mega-City,51.5074,-0.1278,London Stadium,Stadium,,0,29105,29105,100.0,True,4548529.4,156.28,Premium ($150-$250),2,True,Synthetic (Industry Model)
SYN-09630,Olivia Rodrigo,Olivia Rodrigo — 2022 Tour,Pop / Alt Pop,Major Touring Artist,2022-10-13,2022,10,October,Thursday,False,Fall,Nashville,United States,North America,Tier 2 Major Regional Market,36.1627,-86.7816,Nashville Arena,Large Arena,,0,18976,21505,88.24,False,2585859.52,136.27,Standard ($75-$150),1,False,Synthetic (Industry Model)
SYN-09631,Olivia Rodrigo,Olivia Rodrigo — 2022 Tour,Pop / Alt Pop,Major Touring Artist,2022-10-16,2022,10,October,Sunday,True,Fall,Bangkok,Thailand,Asia,Tier 2 Major Regional Market,13.7563,100.5018,Bangkok Stadium,Stadium,Opener 2,2,38956,38956,100.0,True,7005457.48,179.83,Premium ($150-$250),1,False,Synthetic (Industry Model)
SYN-09632,Olivia Rodrigo,Olivia Rodrigo — 2022 Tour,Pop / Alt Pop,Major Touring Artist,2022-10-19,2022,10,October,Wednesday,False,Spring,Bogota,Colombia,Latin America,Tier 2 Major Regional Market,4.711,-74.0721,Bogota Stadium,Stadium,Opener 3,1,30590,32322,94.64,False,4872069.3,159.27,Premium ($150-$250),1,False,Synthetic (Industry Model)
SYN-09633,Olivia Rodrigo,Olivia Rodrigo — 2022 Tour,Pop / Alt Pop,Major Touring Artist,2022-10-22,2022,10,October,Saturday,True,Fall,Warsaw,Poland,Europe,Tier 3 Emerging / Secondary Market,52.2297,21.0122,Warsaw Stadium,Stadium,Opener 1,1,25186,28191,89.34,False,3750447.26,148.91,Standard ($75-$150),2,True,Synthetic (Industry Model)
SYN-09634,Olivia Rodrigo,Olivia Rodrigo — 2022 Tour,Pop / Alt Pop,Major Touring Artist,2022-12-14,2022,12,December,Wednesday,False,Winter,Seattle,United States,North America,Tier 2 Major Regional Market,47.6062,-122.3321,Seattle Stadium,Stadium,Opener 2,2,22661,26371,85.93,False,2883159.03,127.23,Standard ($75-$150),1,False,Synthetic (Industry Model)
SYN-09635,Olivia Rodrigo,Olivia Rodrigo — 2022 Tour,Pop / Alt Pop,Major Touring Artist,2022-10-02,2022,10,October,Sunday,True,Fall,Toronto,Canada,North America,Tier 1 Global Mega-City,43.6532,-79.3832,Toronto Stadium,Stadium,Opener 3,1,36915,36915,100.0,True,6197290.2,167.88,Premium ($150-$250),2,True,Synthetic (Industry Model)
SYN-09636,Olivia Rodrigo,Olivia Rodrigo — 2022 Tour,Pop / Alt Pop,Major Touring Artist,2022-12-24,2022,12,December,Saturday,True,Winter,Barcelona,Spain,Europe,Tier 2 Major Regional Market,41.3851,2.1734,Barcelona Arena,Large Arena,Opener 1,1,21918,23128,94.77,False,3111040.92,141.94,Standard ($75-$150),2,True,Synthetic (Industry Model)
SYN-09637,Olivia Rodrigo,Olivia Rodrigo — 2022 Tour,Pop / Alt Pop,Major Touring Artist,2022-12-01,2022,12,December,Thursday,False,Summer,Buenos Aires,Argentina,Latin America,Tier 2 Major Regional Market,-34.6037,-58.3816,Buenos Aires Stadium,Stadium,Opener 2,1,26511,26511,100.0,True,3834020.82,144.62,Standard ($75-$150),2,True,Synthetic (Industry Model)
SYN-09638,Olivia Rodrigo,Olivia Rodrigo — 2022 Tour,Pop / Alt Pop,Major Touring Artist,2022-11-06,2022,11,November,Sunday,True,Fall,Kansas City,United States,North America,Tier 3 Emerging / Secondary Market,39.0997,-94.5786,Kansas City Stadium,Stadium,Opener 3,1,18558,25513,72.74,False,2477864.16,133.52,Standard ($75-$150),1,False,Synthetic (Industry Model)
SYN-09639,Olivia Rodrigo,Olivia Rodrigo — 2022 Tour,Pop / Alt Pop,Major Touring Artist,2022-12-28,2022,12,December,Wednesday,False,Winter,Barcelona,Spain,Europe,Tier 2 Major Regional Market,41.3851,2.1734,Barcelona Stadium,Stadium,Opener 1,1,33932,44108,76.93,False,7004243.44,206.42,Premium ($150-$250),3,True,Synthetic (Industry Model)
SYN-09640,Olivia Rodrigo,Olivia Rodrigo — 2022 Tour,Pop / Alt Pop,Major Touring Artist,2022-12-13,2022,12,December,Tuesday,False,Winter,Barcelona,Spain,Europe,Tier 2 Major Regional Market,41.3851,2.1734,Barcelona Stadium,Stadium,,0,26716,30964,86.28,False,4132430.88,154.68,Premium ($150-$250),4,True,Synthetic (Industry Model)
SYN-09641,Olivia Rodrigo,Olivia Rodrigo — 2022 Tour,Pop / Alt Pop,Major Touring Artist,2022-12-28,2022,12,December,Wednesday,False,Winter,Houston,United States,North America,Tier 2 Major Regional Market,29.7604,-95.3698,Houston Stadium,Stadium,Opener 3,2,26870,30019,89.51,False,4187689.5,155.85,Premium ($150-$250),1,False,Synthetic (Industry Model)
SYN-09642,Olivia Rodrigo,Olivia Rodrigo — 2022 Tour,Pop / Alt Pop,Major Touring Artist,2022-11-18,2022,11,November,Friday,True,Spring,Sydney,Australia,Oceania,Tier 2 Major Regional Market,-33.8688,151.2093,Sydney Stadium,Stadium,,0,40039,40898,97.9,True,7662663.82,191.38,Premium ($150-$250),2,True,Synthetic (Industry Model)
SYN-09643,Olivia Rodrigo,Olivia Rodrigo — 2022 Tour,Pop / Alt Pop,Major Touring Artist,2022-11-21,2022,11,November,Monday,False,Fall,Toronto,Canada,North America,Tier 1 Global Mega-City,43.6532,-79.3832,Toronto Stadium,Stadium,Opener 2,2,36337,37745,96.27,True,6630412.39,182.47,Premium ($150-$250),3,True,Synthetic (Industry Model)
SYN-09644,Olivia Rodrigo,Olivia Rodrigo — 2022 Tour,Pop / Alt Pop,Major Touring Artist,2022-12-29,2022,12,December,Thursday,False,Winter,Copenhagen,Denmark,Europe,Tier 2 Major Regional Market,55.6761,12.5683,Copenhagen Stadium,Stadium,Opener 3,2,29767,30786,96.69,True,4857379.06,163.18,Premium ($150-$250),2,True,Synthetic (Industry Model)
SYN-09645,Olivia Rodrigo,Olivia Rodrigo — 2022 Tour,Pop / Alt Pop,Major Touring Artist,2022-12-28,2022,12,December,Wednesday,False,Winter,Lisbon,Portugal,Europe,Tier 2 Major Regional Market,38.7223,-9.1393,Lisbon Arena,Large Arena,Opener 1,1,15999,20444,78.26,False,1995235.29,124.71,Standard ($75-$150),2,True,Synthetic (Industry Model)
SYN-09646,Olivia Rodrigo,Olivia Rodrigo — 2022 Tour,Pop / Alt Pop,Major Touring Artist,2022-11-30,2022,11,November,Wednesday,False,Fall,Salt Lake City,United States,North America,Tier 3 Emerging / Secondary Market,40.7608,-111.891,Salt Lake City Stadium,Stadium,,0,28725,44771,64.16,False,6341331.0,220.76,Premium ($150-$250),2,True,Synthetic (Industry Model)
SYN-09647,Olivia Rodrigo,Olivia Rodrigo — 2022 Tour,Pop / Alt Pop,Major Touring Artist,2022-12-28,2022,12,December,Wednesday,False,Winter,Houston,United States,North America,Tier 2 Major Regional Market,29.7604,-95.3698,Houston Stadium,Stadium,Opener 3,1,35097,40416,86.84,False,6885329.46,196.18,Premium ($150-$250),2,True,Synthetic (Industry Model)
SYN-09648,Olivia Rodrigo,Olivia Rodrigo — 2022 Tour,Pop / Alt Pop,Major Touring Artist,2022-12-28,2022,12,December,Wednesday,False,Summer,Sydney,Australia,Oceania,Tier 2 Major Regional Market,-33.8688,151.2093,Sydney Stadium,Stadium,Opener 1,1,37834,42640,88.73,False,7624686.02,201.53,Premium ($150-$250),3,True,Synthetic (Industry Model)
SYN-09649,SZA,SZA — 2023 Tour,R&B / Neo Soul,Major Touring Artist,2023-07-01,2023,7,July,Saturday,True,Winter,Auckland,New Zealand,Oceania,Tier 2 Major Regional Market,-36.8485,174.7633,Auckland Stadium,Stadium,,0,27101,28032,96.68,True,4158919.46,153.46,Premium ($150-$250),1,False,Synthetic (Industry Model)
SYN-09650,SZA,SZA — 2023 Tour,R&B / Neo Soul,Major Touring Artist,2023-07-03,2023,7,July,Monday,False,Summer,Tokyo,Japan,Asia,Tier 1 Global Mega-City,35.6762,139.6503,Tokyo Stadium,Stadium,Opener 2,1,35750,35750,100.0,True,5915552.5,165.47,Premium ($150-$250),1,False,Synthetic (Industry Model)
SYN-09651,SZA,SZA — 2023 Tour,R&B / Neo Soul,Major Touring Artist,2023-07-09,2023,7,July,Sunday,True,Summer,Dublin,Ireland,Europe,Tier 2 Major Regional Market,53.3498,-6.2603,Dublin Arena,Large Arena,Opener 3,2,19009,20725,91.72,False,1859840.56,97.84,Standard ($75-$150),1,False,Synthetic (Industry Model)
SYN-09652,SZA,SZA — 2023 Tour,R&B / Neo Soul,Major Touring Artist,2023-07-10,2023,7,July,Monday,False,Summer,Paris,France,Europe,Tier 1 Global Mega-City,48.8566,2.3522,Paris Arena,Large Arena,Opener 1,1,18226,18226,100.0,True,2058079.92,112.92,Standard ($75-$150),1,False,Synthetic (Industry Model)
SYN-09653,SZA,SZA — 2023 Tour,R&B / Neo Soul,Major Touring Artist,2023-07-13,2023,7,July,Thursday,False,Summer,Boston,United States,North America,Tier 2 Major Regional Market,42.3601,-71.0589,Boston Arena,Large Arena,,0,23756,23756,100.0,True,3033641.2,127.7,Standard ($75-$150),1,False,Synthetic (Industry Model)
SYN-09654,SZA,SZA — 2023 Tour,R&B / Neo Soul,Major Touring Artist,2023-07-26,2023,7,July,Wednesday,False,Summer,Miami,United States,North America,Tier 2 Major Regional Market,25.7617,-80.1918,Miami Stadium,Stadium,,0,30525,36344,83.99,False,5161167.0,169.08,Premium ($150-$250),1,False,Synthetic (Industry Model)
SYN-09655,SZA,SZA — 2023 Tour,R&B / Neo Soul,Major Touring Artist,2023-07-13,2023,7,July,Thursday,False,Summer,Warsaw,Poland,Europe,Tier 3 Emerging / Secondary Market,52.2297,21.0122,Warsaw Stadium,Stadium,Opener 1,1,26916,37698,71.4,False,4859683.8,180.55,Premium ($150-$250),1,False,Synthetic (Industry Model)
SYN-09656,SZA,SZA — 2023 Tour,R&B / Neo Soul,Major Touring Artist,2023-07-29,2023,7,July,Saturday,True,Summer,Manila,Philippines,Asia,Tier 3 Emerging / Secondary Market,14.5995,120.9842,Manila Arena,Large Arena,,0,10451,13515,77.33,False,906415.23,86.73,Standard ($75-$150),1,False,Synthetic (Industry Model)
SYN-09657,SZA,SZA — 2023 Tour,R&B / Neo Soul,Major Touring Artist,2023-07-25,2023,7,July,Tuesday,False,Summer,Chicago,United States,North America,Tier 1 Global Mega-City,41.8781,-87.6298,Chicago Arena,Large Arena,Opener 3,2,23303,23303,100.0,True,2495518.27,107.09,Standard ($75-$150),1,False,Synthetic (Industry Model)
SYN-09658,SZA,SZA — 2023 Tour,R&B / Neo Soul,Major Touring Artist,2023-08-06,2023,8,August,Sunday,True,Summer,Manchester,United Kingdom,Europe,Tier 2 Major Regional Market,53.4808,-2.2426,Manchester Arena,Large Arena,Opener 1,1,16397,17586,93.24,False,1821706.7,111.1,Standard ($75-$150),1,False,Synthetic (Industry Model)
SYN-09659,SZA,SZA — 2023 Tour,R&B / Neo Soul,Major Touring Artist,2023-07-21,2023,7,July,Friday,True,Summer,Richmond,United States,North America,Tier 3 Emerging / Secondary Market,37.5407,-77.436,Richmond Arena,Large Arena,Opener 2,2,12457,13994,89.02,False,1078900.77,86.61,Standard ($75-$150),1,False,Synthetic (Industry Model)
SYN-09660,SZA,SZA — 2023 Tour,R&B / Neo Soul,Major Touring Artist,2023-07-23,2023,7,July,Sunday,True,Winter,Sao Paulo,Brazil,Latin America,Tier 1 Global Mega-City,-23.5505,-46.6333,Sao Paulo Stadium,Stadium,,0,32867,34140,96.27,True,5058888.64,153.92,Premium ($150-$250),1,False,Synthetic (Industry Model)
SYN-09661,SZA,SZA — 2023 Tour,R&B / Neo Soul,Major Touring Artist,2023-08-06,2023,8,August,Sunday,True,Winter,Melbourne,Australia,Oceania,Tier 2 Major Regional Market,-37.8136,144.9631,Melbourne Stadium,Stadium,Opener 1,2,37017,37017,100.0,True,5734673.64,154.92,Premium ($150-$250),1,False,Synthetic (Industry Model)
SYN-09662,SZA,SZA — 2023 Tour,R&B / Neo Soul,Major Touring Artist,2023-09-04,2023,9,September,Monday,False,Fall,Brussels,Belgium,Europe,Tier 2 Major Regional Market,50.8503,4.3517,Brussels Arena,Large Arena,Opener 2,2,22039,22132,99.58,True,2779117.9,126.1,Standard ($75-$150),1,False,Synthetic (Industry Model)
SYN-09663,SZA,SZA — 2023 Tour,R&B / Neo Soul,Major Touring Artist,2023-09-09,2023,9,September,Saturday,True,Fall,Houston,United States,North America,Tier 2 Major Regional Market,29.7604,-95.3698,Houston Arena,Large Arena,Opener 3,1,18356,18356,100.0,True,1599908.96,87.16,Standard ($75-$150),1,False,Synthetic (Industry Model)
SYN-09664,SZA,SZA — 2023 Tour,R&B / Neo Soul,Major Touring Artist,2023-07-31,2023,7,July,Monday,False,Summer,Toronto,Canada,North America,Tier 1 Global Mega-City,43.6532,-79.3832,Toronto Stadium,Stadium,Opener 1,1,30965,30965,100.0,True,4970192.15,160.51,Premium ($150-$250),1,False,Synthetic (Industry Model)
SYN-09665,SZA,SZA — 2023 Tour,R&B / Neo Soul,Major Touring Artist,2023-08-02,2023,8,August,Wednesday,False,Summer,Boston,United States,North America,Tier 2 Major Regional Market,42.3601,-71.0589,Boston Stadium,Stadium,Opener 2,1,32351,36309,89.1,False,5382235.87,166.37,Premium ($150-$250),2,True,Synthetic (Industry Model)
SYN-09666,SZA,SZA — 2023 Tour,R&B / Neo Soul,Major Touring Artist,2023-09-24,2023,9,September,Sunday,True,Fall,Amsterdam,Netherlands,Europe,Tier 1 Global Mega-City,52.3676,4.9041,Amsterdam Arena,Large Arena,,0,13839,15348,90.17,False,1425832.17,103.03,Standard ($75-$150),1,False,Synthetic (Industry Model)
SYN-09667,SZA,SZA — 2023 Tour,R&B / Neo Soul,Major Touring Artist,2023-08-06,2023,8,August,Sunday,True,Summer,Brussels,Belgium,Europe,Tier 2 Major Regional Market,50.8503,4.3517,Brussels Arena,Large Arena,Opener 1,2,16954,17751,95.51,True,1833405.56,108.14,Standard ($75-$150),2,True,Synthetic (Industry Model)
SYN-09668,SZA,SZA — 2023 Tour,R&B / Neo Soul,Major Touring Artist,2023-08-27,2023,8,August,Sunday,True,Summer,Singapore,Singapore,Asia,Tier 2 Major Regional Market,1.3521,103.8198,Singapore Stadium,Stadium,,0,28471,30359,93.78,False,4647606.04,163.24,Premium ($150-$250),1,False,Synthetic (Industry Model)
SYN-09669,SZA,SZA — 2023 Tour,R&B / Neo Soul,Major Touring Artist,2023-08-30,2023,8,August,Wednesday,False,Summer,Atlanta,United States,North America,Tier 2 Major Regional Market,33.749,-84.388,Atlanta Arena,Large Arena,,0,10712,13717,78.09,False,1006392.4,93.95,Standard ($75-$150),1,False,Synthetic (Industry Model)
SYN-09670,SZA,SZA — 2023 Tour,R&B / Neo Soul,Major Touring Artist,2023-09-23,2023,9,September,Saturday,True,Spring,Mexico City,Mexico,Latin America,Tier 1 Global Mega-City,19.4326,-99.1332,Mexico City Stadium,Stadium,Opener 1,1,25168,25168,100.0,True,3526036.8,140.1,Standard ($75-$150),1,False,Synthetic (Industry Model)
SYN-09671,SZA,SZA — 2023 Tour,R&B / Neo Soul,Major Touring Artist,2023-10-19,2023,10,October,Thursday,False,Fall,Seoul,South Korea,Asia,Tier 1 Global Mega-City,37.5665,126.978,Seoul Stadium,Stadium,,0,23494,27073,86.78,False,3117418.86,132.69,Standard ($75-$150),1,False,Synthetic (Industry Model)
SYN-09672,SZA,SZA — 2023 Tour,R&B / Neo Soul,Major Touring Artist,2023-08-16,2023,8,August,Wednesday,False,Summer,Manila,Philippines,Asia,Tier 3 Emerging / Secondary Market,14.5995,120.9842,Manila Arena,Large Arena,Opener 3,1,11735,14953,78.48,False,970719.2,82.72,Standard ($75-$150),2,True,Synthetic (Industry Model)
SYN-09673,SZA,SZA — 2023 Tour,R&B / Neo Soul,Major Touring Artist,2023-10-05,2023,10,October,Thursday,False,Spring,Buenos Aires,Argentina,Latin America,Tier 2 Major Regional Market,-34.6037,-58.3816,Buenos Aires Arena,Large Arena,,0,14472,15545,93.1,False,1519704.72,105.01,Standard ($75-$150),1,False,Synthetic (Industry Model)
SYN-09674,SZA,SZA — 2023 Tour,R&B / Neo Soul,Major Touring Artist,2023-09-14,2023,9,September,Thursday,False,Fall,Paris,France,Europe,Tier 1 Global Mega-City,48.8566,2.3522,Paris Stadium,Stadium,Opener 2,1,36785,36988,99.45,True,5841090.15,158.79,Premium ($150-$250),2,True,Synthetic (Industry Model)
SYN-09675,SZA,SZA — 2023 Tour,R&B / Neo Soul,Major Touring Artist,2023-11-08,2023,11,November,Wednesday,False,Fall,London,United Kingdom,Europe,Tier 1 Global Mega-City,51.5074,-0.1278,London Arena,Large Arena,,0,18264,23631,77.29,False,2396236.8,131.2,Standard ($75-$150),1,False,Synthetic (Industry Model)
SYN-09676,SZA,SZA — 2023 Tour,R&B / Neo Soul,Major Touring Artist,2023-09-20,2023,9,September,Wednesday,False,Fall,Richmond,United States,North America,Tier 3 Emerging / Secondary Market,37.5407,-77.436,Richmond Arena,Large Arena,Opener 1,1,15175,24799,61.19,False,1831774.25,120.71,Standard ($75-$150),2,True,Synthetic (Industry Model)
SYN-09677,SZA,SZA — 2023 Tour,R&B / Neo Soul,Major Touring Artist,2023-08-26,2023,8,August,Saturday,True,Summer,London,United Kingdom,Europe,Tier 1 Global Mega-City,51.5074,-0.1278,London Stadium,Stadium,Opener 2,2,25313,25313,100.0,True,3372704.12,133.24,Standard ($75-$150),2,True,Synthetic (Industry Model)
SYN-09678,SZA,SZA — 2023 Tour,R&B / Neo Soul,Major Touring Artist,2023-10-25,2023,10,October,Wednesday,False,Fall,Toronto,Canada,North America,Tier 1 Global Mega-City,43.6532,-79.3832,Toronto Arena,Large Arena,Opener 3,2,16876,17839,94.6,False,2026638.84,120.09,Standard ($75-$150),2,True,Synthetic (Industry Model)
SYN-09679,SZA,SZA — 2023 Tour,R&B / Neo Soul,Major Touring Artist,2023-08-30,2023,8,August,Wednesday,False,Summer,Denver,United States,North America,Tier 2 Major Regional Market,39.7392,-104.9903,Denver Arena,Large Arena,,0,16505,18374,89.83,False,1854006.65,112.33,Standard ($75-$150),1,False,Synthetic (Industry Model)
SYN-09680,SZA,SZA — 2023 Tour,R&B / Neo Soul,Major Touring Artist,2023-09-01,2023,9,September,Friday,True,Fall,Salt Lake City,United States,North America,Tier 3 Emerging / Secondary Market,40.7608,-111.891,Salt Lake City Stadium,Stadium,Opener 2,2,28222,37760,74.74,False,4867166.12,172.46,Premium ($150-$250),1,False,Synthetic (Industry Model)
SYN-09681,SZA,SZA — 2023 Tour,R&B / Neo Soul,Major Touring Artist,2023-12-08,2023,12,December,Friday,True,Winter,Atlanta,United States,North America,Tier 2 Major Regional Market,33.749,-84.388,Atlanta Arena,Large Arena,Opener 3,1,19933,21355,93.34,False,2408105.73,120.81,Standard ($75-$150),2,True,Synthetic (Industry Model)
SYN-09682,SZA,SZA — 2023 Tour,R&B / Neo Soul,Major Touring Artist,2023-12-13,2023,12,December,Wednesday,False,Summer,Melbourne,Australia,Oceania,Tier 2 Major Regional Market,-37.8136,144.9631,Melbourne Arena,Large Arena,,0,14811,21475,68.97,False,1682233.38,113.58,Standard ($75-$150),2,True,Synthetic (Industry Model)
SYN-09683,SZA,SZA — 2023 Tour,R&B / Neo Soul,Major Touring Artist,2023-09-07,2023,9,September,Thursday,False,Fall,Columbus,United States,North America,Tier 3 Emerging / Secondary Market,39.9612,-82.9988,Columbus Arena,Large Arena,Opener 2,2,18056,21603,83.58,False,2468616.32,136.72,Standard ($75-$150),1,False,Synthetic (Industry Model)
SYN-09684,SZA,SZA — 2023 Tour,R&B / Neo Soul,Major Touring Artist,2023-12-23,2023,12,December,Saturday,True,Winter,Seattle,United States,North America,Tier 2 Major Regional Market,47.6062,-122.3321,Seattle Stadium,Stadium,,0,26468,29179,90.71,False,3668729.48,138.61,Standard ($75-$150),1,False,Synthetic (Industry Model)
SYN-09685,SZA,SZA — 2023 Tour,R&B / Neo Soul,Major Touring Artist,2023-11-22,2023,11,November,Wednesday,False,Fall,Los Angeles,United States,North America,Tier 1 Global Mega-City,34.0522,-118.2437,Los Angeles Stadium,Stadium,,0,22925,26173,87.59,False,3053380.75,133.19,Standard ($75-$150),1,False,Synthetic (Industry Model)
SYN-09686,SZA,SZA — 2023 Tour,R&B / Neo Soul,Major Touring Artist,2023-11-26,2023,11,November,Sunday,True,Spring,Buenos Aires,Argentina,Latin America,Tier 2 Major Regional Market,-34.6037,-58.3816,Buenos Aires Arena,Large Arena,,0,22046,22106,99.73,True,2744286.08,124.48,Standard ($75-$150),2,True,Synthetic (Industry Model)
SYN-09687,SZA,SZA — 2023 Tour,R&B / Neo Soul,Major Touring Artist,2023-09-15,2023,9,September,Friday,True,Fall,Manchester,United Kingdom,Europe,Tier 2 Major Regional Market,53.4808,-2.2426,Manchester Stadium,Stadium,Opener 3,2,31806,31806,100.0,True,4973822.28,156.38,Premium ($150-$250),2,True,Synthetic (Industry Model)
SYN-09688,SZA,SZA — 2023 Tour,R&B / Neo Soul,Major Touring Artist,2023-12-04,2023,12,December,Monday,False,Winter,Singapore,Singapore,Asia,Tier 2 Major Regional Market,1.3521,103.8198,Singapore Arena,Large Arena,Opener 1,2,11102,12123,91.58,False,989854.32,89.16,Standard ($75-$150),2,True,Synthetic (Industry Model)
SYN-09689,SZA,SZA — 2023 Tour,R&B / Neo Soul,Major Touring Artist,2023-09-19,2023,9,September,Tuesday,False,Spring,Auckland,New Zealand,Oceania,Tier 2 Major Regional Market,-36.8485,174.7633,Auckland Stadium,Stadium,Opener 2,1,26142,30777,84.94,False,3815163.48,145.94,Standard ($75-$150),2,True,Synthetic (Industry Model)
SYN-09690,SZA,SZA — 2023 Tour,R&B / Neo Soul,Major Touring Artist,2023-12-12,2023,12,December,Tuesday,False,Winter,Manchester,United Kingdom,Europe,Tier 2 Major Regional Market,53.4808,-2.2426,Manchester Stadium,Stadium,Opener 3,1,27199,34653,78.49,False,4389374.62,161.38,Premium ($150-$250),3,True,Synthetic (Industry Model)
SYN-09691,Arctic Monkeys,Arctic Monkeys — 2022 Tour,Indie Rock,Major Touring Artist,2022-03-07,2022,3,March,Monday,False,Fall,Melbourne,Australia,Oceania,Tier 2 Major Regional Market,-37.8136,144.9631,Melbourne Stadium,Stadium,Opener 1,1,42750,42750,100.0,True,6783997.5,158.69,Premium ($150-$250),1,False,Synthetic (Industry Model)
SYN-09692,Arctic Monkeys,Arctic Monkeys — 2022 Tour,Indie Rock,Major Touring Artist,2022-03-11,2022,3,March,Friday,True,Spring,Lisbon,Portugal,Europe,Tier 2 Major Regional Market,38.7223,-9.1393,Lisbon Arena,Large Arena,Opener 2,2,20039,21025,95.31,True,2051793.21,102.39,Standard ($75-$150),1,False,Synthetic (Industry Model)
SYN-09693,Arctic Monkeys,Arctic Monkeys — 2022 Tour,Indie Rock,Major Touring Artist,2022-03-15,2022,3,March,Tuesday,False,Fall,Auckland,New Zealand,Oceania,Tier 2 Major Regional Market,-36.8485,174.7633,Auckland Stadium,Stadium,,0,36026,42695,84.38,False,5556289.98,154.23,Premium ($150-$250),1,False,Synthetic (Industry Model)
SYN-09694,Arctic Monkeys,Arctic Monkeys — 2022 Tour,Indie Rock,Major Touring Artist,2022-03-13,2022,3,March,Sunday,True,Fall,Brisbane,Australia,Oceania,Tier 2 Major Regional Market,-27.4698,153.0251,Brisbane Arena,Large Arena,Opener 1,2,21620,21927,98.6,True,2344472.8,108.44,Standard ($75-$150),1,False,Synthetic (Industry Model)
SYN-09695,Arctic Monkeys,Arctic Monkeys — 2022 Tour,Indie Rock,Major Touring Artist,2022-03-15,2022,3,March,Tuesday,False,Spring,Salt Lake City,United States,North America,Tier 3 Emerging / Secondary Market,40.7608,-111.891,Salt Lake City Stadium,Stadium,Opener 2,2,27069,38588,70.15,False,4015144.77,148.33,Standard ($75-$150),1,False,Synthetic (Industry Model)
SYN-09696,Arctic Monkeys,Arctic Monkeys — 2022 Tour,Indie Rock,Major Touring Artist,2022-03-27,2022,3,March,Sunday,True,Spring,Los Angeles,United States,North America,Tier 1 Global Mega-City,34.0522,-118.2437,Los Angeles Stadium,Stadium,Opener 3,2,32211,33928,94.94,False,4358148.3,135.3,Standard ($75-$150),1,False,Synthetic (Industry Model)
SYN-09697,Arctic Monkeys,Arctic Monkeys — 2022 Tour,Indie Rock,Major Touring Artist,2022-03-31,2022,3,March,Thursday,False,Spring,Stockholm,Sweden,Europe,Tier 2 Major Regional Market,59.3293,18.0686,Stockholm Stadium,Stadium,Opener 1,2,34190,36669,93.24,False,4201267.2,122.88,Standard ($75-$150),1,False,Synthetic (Industry Model)
SYN-09698,Arctic Monkeys,Arctic Monkeys — 2022 Tour,Indie Rock,Major Touring Artist,2022-04-04,2022,4,April,Monday,False,Spring,Seoul,South Korea,Asia,Tier 1 Global Mega-City,37.5665,126.978,Seoul Stadium,Stadium,,0,36114,36923,97.81,True,5030319.06,139.29,Standard ($75-$150),1,False,Synthetic (Industry Model)
SYN-09699,Arctic Monkeys,Arctic Monkeys — 2022 Tour,Indie Rock,Major Touring Artist,2022-04-16,2022,4,April,Saturday,True,Spring,Boston,United States,North America,Tier 2 Major Regional Market,42.3601,-71.0589,Boston Stadium,Stadium,Opener 3,1,25507,25507,100.0,True,2765979.08,108.44,Standard ($75-$150),1,False,Synthetic (Industry Model)
SYN-09700,Arctic Monkeys,Arctic Monkeys — 2022 Tour,Indie Rock,Major Touring Artist,2022-04-21,2022,4,April,Thursday,False,Spring,Tokyo,Japan,Asia,Tier 1 Global Mega-City,35.6762,139.6503,Tokyo Stadium,Stadium,Opener 1,2,47086,48789,96.51,True,8412855.62,178.67,Premium ($150-$250),1,False,Synthetic (Industry Model)
SYN-09701,Arctic Monkeys,Arctic Monkeys — 2022 Tour,Indie Rock,Major Touring Artist,2022-04-06,2022,4,April,Wednesday,False,Spring,Amsterdam,Netherlands,Europe,Tier 1 Global Mega-City,52.3676,4.9041,Amsterdam Stadium,Stadium,Opener 2,2,28278,30328,93.24,False,2728261.44,96.48,Standard ($75-$150),1,False,Synthetic (Industry Model)
SYN-09702,Arctic Monkeys,Arctic Monkeys — 2022 Tour,Indie Rock,Major Touring Artist,2022-05-01,2022,5,May,Sunday,True,Fall,Sydney,Australia,Oceania,Tier 2 Major Regional Market,-33.8688,151.2093,Sydney Stadium,Stadium,Opener 3,1,25062,30983,80.89,False,3001926.36,119.78,Standard ($75-$150),1,False,Synthetic (Industry Model)
SYN-09703,Arctic Monkeys,Arctic Monkeys — 2022 Tour,Indie Rock,Major Touring Artist,2022-04-24,2022,4,April,Sunday,True,Spring,Lisbon,Portugal,Europe,Tier 2 Major Regional Market,38.7223,-9.1393,Lisbon Arena,Large Arena,Opener 1,1,20805,24797,83.9,False,2204289.75,105.95,Standard ($75-$150),2,True,Synthetic (Industry Model)
SYN-09704,Arctic Monkeys,Arctic Monkeys — 2022 Tour,Indie Rock,Major Touring Artist,2022-05-11,2022,5,May,Wednesday,False,Spring,Seoul,South Korea,Asia,Tier 1 Global Mega-City,37.5665,126.978,Seoul Arena,Large Arena,,0,18113,18992,95.37,True,1477477.41,81.57,Standard ($75-$150),2,True,Synthetic (Industry Model)
SYN-09705,Arctic Monkeys,Arctic Monkeys — 2022 Tour,Indie Rock,Major Touring Artist,2022-04-04,2022,4,April,Monday,False,Spring,Chicago,United States,North America,Tier 1 Global Mega-City,41.8781,-87.6298,Chicago Stadium,Stadium,Opener 3,2,34556,34887,99.05,True,4278378.36,123.81,Standard ($75-$150),1,False,Synthetic (Industry Model)
SYN-09706,Arctic Monkeys,Arctic Monkeys — 2022 Tour,Indie Rock,Major Touring Artist,2022-05-06,2022,5,May,Friday,True,Fall,Auckland,New Zealand,Oceania,Tier 2 Major Regional Market,-36.8485,174.7633,Auckland Arena,Large Arena,Opener 1,2,21564,21777,99.02,True,2355867.0,109.25,Standard ($75-$150),2,True,Synthetic (Industry Model)
SYN-09707,Arctic Monkeys,Arctic Monkeys — 2022 Tour,Indie Rock,Major Touring Artist,2022-05-26,2022,5,May,Thursday,False,Spring,Amsterdam,Netherlands,Europe,Tier 1 Global Mega-City,52.3676,4.9041,Amsterdam Arena,Large Arena,,0,16694,18036,92.56,False,1527501.0,91.5,Standard ($75-$150),2,True,Synthetic (Industry Model)
SYN-09708,Arctic Monkeys,Arctic Monkeys — 2022 Tour,Indie Rock,Major Touring Artist,2022-05-14,2022,5,May,Saturday,True,Spring,Kansas City,United States,North America,Tier 3 Emerging / Secondary Market,39.0997,-94.5786,Kansas City Stadium,Stadium,,0,30772,45113,68.21,False,5302938.76,172.33,Premium ($150-$250),1,False,Synthetic (Industry Model)
SYN-09709,Arctic Monkeys,Arctic Monkeys — 2022 Tour,Indie Rock,Major Touring Artist,2022-04-12,2022,4,April,Tuesday,False,Spring,Los Angeles,United States,North America,Tier 1 Global Mega-City,34.0522,-118.2437,Los Angeles Stadium,Stadium,,0,38957,43639,89.27,False,5928476.26,152.18,Premium ($150-$250),2,True,Synthetic (Industry Model)
SYN-09710,Arctic Monkeys,Arctic Monkeys — 2022 Tour,Indie Rock,Major Touring Artist,2022-04-14,2022,4,April,Thursday,False,Spring,Miami,United States,North America,Tier 2 Major Regional Market,25.7617,-80.1918,Miami Stadium,Stadium,Opener 2,2,34934,38250,91.33,False,4489368.34,128.51,Standard ($75-$150),1,False,Synthetic (Industry Model)
SYN-09711,Arctic Monkeys,Arctic Monkeys — 2022 Tour,Indie Rock,Major Touring Artist,2022-06-15,2022,6,June,Wednesday,False,Summer,Los Angeles,United States,North America,Tier 1 Global Mega-City,34.0522,-118.2437,Los Angeles Arena,Large Arena,,0,14051,16422,85.56,False,1138974.06,81.06,Standard ($75-$150),3,True,Synthetic (Industry Model)
SYN-09712,Arctic Monkeys,Arctic Monkeys — 2022 Tour,Indie Rock,Major Touring Artist,2022-05-30,2022,5,May,Monday,False,Fall,Sao Paulo,Brazil,Latin America,Tier 1 Global Mega-City,-23.5505,-46.6333,Sao Paulo Stadium,Stadium,,0,24098,27437,87.83,False,2603788.9,108.05,Standard ($75-$150),1,False,Synthetic (Industry Model)
SYN-09713,Arctic Monkeys,Arctic Monkeys — 2022 Tour,Indie Rock,Major Touring Artist,2022-05-12,2022,5,May,Thursday,False,Spring,Brussels,Belgium,Europe,Tier 2 Major Regional Market,50.8503,4.3517,Brussels Arena,Large Arena,,0,16006,20194,79.26,False,1583153.46,98.91,Standard ($75-$150),1,False,Synthetic (Industry Model)
SYN-09714,Arctic Monkeys,Arctic Monkeys — 2022 Tour,Indie Rock,Major Touring Artist,2022-04-22,2022,4,April,Friday,True,Fall,Santiago,Chile,Latin America,Tier 2 Major Regional Market,-33.4569,-70.6483,Santiago Stadium,Stadium,Opener 3,2,27752,27752,100.0,True,3274736.0,118.0,Standard ($75-$150),1,False,Synthetic (Industry Model)
SYN-09715,Arctic Monkeys,Arctic Monkeys — 2022 Tour,Indie Rock,Major Touring Artist,2022-05-18,2022,5,May,Wednesday,False,Spring,Stockholm,Sweden,Europe,Tier 2 Major Regional Market,59.3293,18.0686,Stockholm Stadium,Stadium,Opener 1,1,29793,38103,78.19,False,4275593.43,143.51,Standard ($75-$150),2,True,Synthetic (Industry Model)
SYN-09716,Arctic Monkeys,Arctic Monkeys — 2022 Tour,Indie Rock,Major Touring Artist,2022-07-10,2022,7,July,Sunday,True,Summer,Nashville,United States,North America,Tier 2 Major Regional Market,36.1627,-86.7816,Nashville Stadium,Stadium,Opener 2,2,27732,32761,84.65,False,3979819.32,143.51,Standard ($75-$150),1,False,Synthetic (Industry Model)
SYN-09717,Arctic Monkeys,Arctic Monkeys — 2022 Tour,Indie Rock,Major Touring Artist,2022-04-28,2022,4,April,Thursday,False,Fall,Brisbane,Australia,Oceania,Tier 2 Major Regional Market,-27.4698,153.0251,Brisbane Stadium,Stadium,Opener 3,2,36458,37816,96.41,True,5423492.08,148.76,Standard ($75-$150),2,True,Synthetic (Industry Model)
SYN-09718,Arctic Monkeys,Arctic Monkeys — 2022 Tour,Indie Rock,Major Touring Artist,2022-05-27,2022,5,May,Friday,True,Spring,Miami,United States,North America,Tier 2 Major Regional Market,25.7617,-80.1918,Miami Arena,Large Arena,Opener 1,1,16354,19465,84.02,False,1384529.64,84.66,Standard ($75-$150),2,True,Synthetic (Industry Model)
SYN-09719,Arctic Monkeys,Arctic Monkeys — 2022 Tour,Indie Rock,Major Touring Artist,2022-05-02,2022,5,May,Monday,False,Spring,Richmond,United States,North America,Tier 3 Emerging / Secondary Market,37.5407,-77.436,Richmond Stadium,Stadium,,0,23787,31518,75.47,False,3102776.28,130.44,Standard ($75-$150),1,False,Synthetic (Industry Model)
SYN-09720,Arctic Monkeys,Arctic Monkeys — 2022 Tour,Indie Rock,Major Touring Artist,2022-06-02,2022,6,June,Thursday,False,Summer,Tokyo,Japan,Asia,Tier 1 Global Mega-City,35.6762,139.6503,Tokyo Stadium,Stadium,Opener 3,2,35847,36732,97.59,True,4879135.17,136.11,Standard ($75-$150),2,True,Synthetic (Industry Model)
SYN-09721,Arctic Monkeys,Arctic Monkeys — 2022 Tour,Indie Rock,Major Touring Artist,2022-07-05,2022,7,July,Tuesday,False,Summer,Bangkok,Thailand,Asia,Tier 2 Major Regional Market,13.7563,100.5018,Bangkok Stadium,Stadium,Opener 1,2,21359,26395,80.92,False,2298869.17,107.63,Standard ($75-$150),1,False,Synthetic (Industry Model)
SYN-09722,Arctic Monkeys,Arctic Monkeys — 2022 Tour,Indie Rock,Major Touring Artist,2022-07-09,2022,7,July,Saturday,True,Summer,Salt Lake City,United States,North America,Tier 3 Emerging / Secondary Market,40.7608,-111.891,Salt Lake City Stadium,Stadium,,0,23150,29805,77.67,False,2992832.0,129.28,Standard ($75-$150),2,True,Synthetic (Industry Model)
SYN-09723,Arctic Monkeys,Arctic Monkeys — 2022 Tour,Indie Rock,Major Touring Artist,2022-08-14,2022,8,August,Sunday,True,Summer,Houston,United States,North America,Tier 2 Major Regional Market,29.7604,-95.3698,Houston Arena,Large Arena,Opener 3,1,19686,21496,91.58,False,1760125.26,89.41,Standard ($75-$150),1,False,Synthetic (Industry Model)
SYN-09724,Arctic Monkeys,Arctic Monkeys — 2022 Tour,Indie Rock,Major Touring Artist,2022-05-12,2022,5,May,Thursday,False,Spring,Richmond,United States,North America,Tier 3 Emerging / Secondary Market,37.5407,-77.436,Richmond Arena,Large Arena,Opener 1,1,15654,20673,75.72,False,1596081.84,101.96,Standard ($75-$150),2,True,Synthetic (Industry Model)
SYN-09725,Arctic Monkeys,Arctic Monkeys — 2022 Tour,Indie Rock,Major Touring Artist,2022-06-17,2022,6,June,Friday,True,Winter,Mexico City,Mexico,Latin America,Tier 1 Global Mega-City,19.4326,-99.1332,Mexico City Stadium,Stadium,Opener 2,2,36843,41867,88.0,False,5712507.15,155.05,Premium ($150-$250),1,False,Synthetic (Industry Model)
SYN-09726,Arctic Monkeys,Arctic Monkeys — 2022 Tour,Indie Rock,Major Touring Artist,2022-08-29,2022,8,August,Monday,False,Winter,Brisbane,Australia,Oceania,Tier 2 Major Regional Market,-27.4698,153.0251,Brisbane Stadium,Stadium,Opener 3,2,35938,40029,89.78,False,4920990.34,136.93,Standard ($75-$150),3,True,Synthetic (Industry Model)
SYN-09727,Arctic Monkeys,Arctic Monkeys — 2022 Tour,Indie Rock,Major Touring Artist,2022-07-29,2022,7,July,Friday,True,Winter,Mexico City,Mexico,Latin America,Tier 1 Global Mega-City,19.4326,-99.1332,Mexico City Stadium,Stadium,,0,42900,43776,98.0,True,6045039.0,140.91,Standard ($75-$150),2,True,Synthetic (Industry Model)
SYN-09728,Arctic Monkeys,Arctic Monkeys — 2022 Tour,Indie Rock,Major Touring Artist,2022-08-02,2022,8,August,Tuesday,False,Summer,London,United Kingdom,Europe,Tier 1 Global Mega-City,51.5074,-0.1278,London Stadium,Stadium,Opener 2,1,29433,33588,87.63,False,3741817.29,127.13,Standard ($75-$150),1,False,Synthetic (Industry Model)
SYN-09729,Arctic Monkeys,Arctic Monkeys — 2022 Tour,Indie Rock,Major Touring Artist,2022-09-13,2022,9,September,Tuesday,False,Spring,Bogota,Colombia,Latin America,Tier 2 Major Regional Market,4.711,-74.0721,Bogota Stadium,Stadium,Opener 3,1,39739,47786,83.16,False,5589687.74,140.66,Standard ($75-$150),1,False,Synthetic (Industry Model)
SYN-09730,Arctic Monkeys,Arctic Monkeys — 2022 Tour,Indie Rock,Major Touring Artist,2022-05-24,2022,5,May,Tuesday,False,Spring,Dublin,Ireland,Europe,Tier 2 Major Regional Market,53.3498,-6.2603,Dublin Arena,Large Arena,Opener 1,1,15085,18464,81.7,False,1476368.95,97.87,Standard ($75-$150),1,False,Synthetic (Industry Model)
SYN-09731,Arctic Monkeys,Arctic Monkeys — 2022 Tour,Indie Rock,Major Touring Artist,2022-07-05,2022,7,July,Tuesday,False,Summer,Dublin,Ireland,Europe,Tier 2 Major Regional Market,53.3498,-6.2603,Dublin Stadium,Stadium,Opener 2,1,39609,47261,83.81,False,6568756.56,165.84,Premium ($150-$250),2,True,Synthetic (Industry Model)
SYN-09732,Arctic Monkeys,Arctic Monkeys — 2022 Tour,Indie Rock,Major Touring Artist,2022-08-18,2022,8,August,Thursday,False,Winter,Buenos Aires,Argentina,Latin America,Tier 2 Major Regional Market,-34.6037,-58.3816,Buenos Aires Stadium,Stadium,Opener 3,1,39313,40688,96.62,True,6194156.28,157.56,Premium ($150-$250),1,False,Synthetic (Industry Model)
SYN-09733,Arctic Monkeys,Arctic Monkeys — 2022 Tour,Indie Rock,Major Touring Artist,2022-10-03,2022,10,October,Monday,False,Fall,Brussels,Belgium,Europe,Tier 2 Major Regional Market,50.8503,4.3517,Brussels Stadium,Stadium,Opener 1,1,35230,40189,87.66,False,5181980.7,147.09,Standard ($75-$150),2,True,Synthetic (Industry Model)
SYN-09734,Arctic Monkeys,Arctic Monkeys — 2022 Tour,Indie Rock,Major Touring Artist,2022-08-26,2022,8,August,Friday,True,Summer,Seoul,South Korea,Asia,Tier 1 Global Mega-City,37.5665,126.978,Seoul Stadium,Stadium,Opener 2,2,35926,35926,100.0,True,5243040.44,145.94,Standard ($75-$150),3,True,Synthetic (Industry Model)
SYN-09735,Arctic Monkeys,Arctic Monkeys — 2022 Tour,Indie Rock,Major Touring Artist,2022-08-30,2022,8,August,Tuesday,False,Winter,Melbourne,Australia,Oceania,Tier 2 Major Regional Market,-37.8136,144.9631,Melbourne Stadium,Stadium,Opener 3,2,27083,32303,83.84,False,3243189.25,119.75,Standard ($75-$150),2,True,Synthetic (Industry Model)
SYN-09736,Kendrick Lamar,Kendrick Lamar — 2022 Tour,Hip-Hop,Major Touring Artist,2022-06-01,2022,6,June,Wednesday,False,Winter,Bogota,Colombia,Latin America,Tier 2 Major Regional Market,4.711,-74.0721,Bogota Stadium,Stadium,,0,31112,38668,80.46,False,5158369.6,165.8,Premium ($150-$250),1,False,Synthetic (Industry Model)
SYN-09737,Kendrick Lamar,Kendrick Lamar — 2022 Tour,Hip-Hop,Major Touring Artist,2022-06-05,2022,6,June,Sunday,True,Summer,Los Angeles,United States,North America,Tier 1 Global Mega-City,34.0522,-118.2437,Los Angeles Stadium,Stadium,Opener 2,1,38416,38749,99.14,True,6100460.8,158.8,Premium ($150-$250),1,False,Synthetic (Industry Model)
SYN-09738,Kendrick Lamar,Kendrick Lamar — 2022 Tour,Hip-Hop,Major Touring Artist,2022-06-11,2022,6,June,Saturday,True,Summer,Miami,United States,North America,Tier 2 Major Regional Market,25.7617,-80.1918,Miami Stadium,Stadium,Opener 3,1,43943,44812,98.06,True,7884692.49,179.43,Premium ($150-$250),1,False,Synthetic (Industry Model)
SYN-09739,Kendrick Lamar,Kendrick Lamar — 2022 Tour,Hip-Hop,Major Touring Artist,2022-06-10,2022,6,June,Friday,True,Summer,Brussels,Belgium,Europe,Tier 2 Major Regional Market,50.8503,4.3517,Brussels Arena,Large Arena,Opener 1,2,20171,21372,94.38,False,2219616.84,110.04,Standard ($75-$150),1,False,Synthetic (Industry Model)
SYN-09740,Kendrick Lamar,Kendrick Lamar — 2022 Tour,Hip-Hop,Major Touring Artist,2022-06-09,2022,6,June,Thursday,False,Winter,Buenos Aires,Argentina,Latin America,Tier 2 Major Regional Market,-34.6037,-58.3816,Buenos Aires Arena,Large Arena,Opener 2,1,22968,24954,92.04,False,2825523.36,123.02,Standard ($75-$150),1,False,Synthetic (Industry Model)
SYN-09741,Kendrick Lamar,Kendrick Lamar — 2022 Tour,Hip-Hop,Major Touring Artist,2022-06-11,2022,6,June,Saturday,True,Summer,Houston,United States,North America,Tier 2 Major Regional Market,29.7604,-95.3698,Houston Stadium,Stadium,Opener 3,2,40590,40675,99.79,True,6575985.9,162.01,Premium ($150-$250),1,False,Synthetic (Industry Model)
SYN-09742,Kendrick Lamar,Kendrick Lamar — 2022 Tour,Hip-Hop,Major Touring Artist,2022-06-25,2022,6,June,Saturday,True,Winter,Auckland,New Zealand,Oceania,Tier 2 Major Regional Market,-36.8485,174.7633,Auckland Stadium,Stadium,Opener 1,1,36957,38262,96.59,True,6067230.69,164.17,Premium ($150-$250),1,False,Synthetic (Industry Model)
SYN-09743,Kendrick Lamar,Kendrick Lamar — 2022 Tour,Hip-Hop,Major Touring Artist,2022-07-06,2022,7,July,Wednesday,False,Winter,Sydney,Australia,Oceania,Tier 2 Major Regional Market,-33.8688,151.2093,Sydney Stadium,Stadium,Opener 2,2,28258,35760,79.02,False,4329973.34,153.23,Premium ($150-$250),1,False,Synthetic (Industry Model)
SYN-09744,Kendrick Lamar,Kendrick Lamar — 2022 Tour,Hip-Hop,Major Touring Artist,2022-07-11,2022,7,July,Monday,False,Summer,Philadelphia,United States,North America,Tier 2 Major Regional Market,39.9526,-75.1652,Philadelphia Arena,Large Arena,Opener 3,2,16506,16506,100.0,True,1381222.08,83.68,Standard ($75-$150),1,False,Synthetic (Industry Model)
SYN-09745,Kendrick Lamar,Kendrick Lamar — 2022 Tour,Hip-Hop,Major Touring Artist,2022-07-16,2022,7,July,Saturday,True,Summer,Warsaw,Poland,Europe,Tier 3 Emerging / Secondary Market,52.2297,21.0122,Warsaw Stadium,Stadium,,0,24633,32570,75.63,False,3180120.3,129.1,Standard ($75-$150),1,False,Synthetic (Industry Model)
SYN-09746,Kendrick Lamar,Kendrick Lamar — 2022 Tour,Hip-Hop,Major Touring Artist,2022-07-21,2022,7,July,Thursday,False,Winter,Sydney,Australia,Oceania,Tier 2 Major Regional Market,-33.8688,151.2093,Sydney Stadium,Stadium,,0,24761,26539,93.3,False,3317231.17,133.97,Standard ($75-$150),2,True,Synthetic (Industry Model)
SYN-09747,Kendrick Lamar,Kendrick Lamar — 2022 Tour,Hip-Hop,Major Touring Artist,2022-06-23,2022,6,June,Thursday,False,Winter,Santiago,Chile,Latin America,Tier 2 Major Regional Market,-33.4569,-70.6483,Santiago Stadium,Stadium,Opener 3,1,25525,27340,93.36,False,2790137.75,109.31,Standard ($75-$150),1,False,Synthetic (Industry Model)
SYN-09748,Kendrick Lamar,Kendrick Lamar — 2022 Tour,Hip-Hop,Major Touring Artist,2022-07-07,2022,7,July,Thursday,False,Summer,Philadelphia,United States,North America,Tier 2 Major Regional Market,39.9526,-75.1652,Philadelphia Arena,Large Arena,Opener 1,2,19445,22412,86.76,False,2161506.2,111.16,Standard ($75-$150),2,True,Synthetic (Industry Model)
SYN-09749,Kendrick Lamar,Kendrick Lamar — 2022 Tour,Hip-Hop,Major Touring Artist,2022-07-23,2022,7,July,Saturday,True,Summer,Seattle,United States,North America,Tier 2 Major Regional Market,47.6062,-122.3321,Seattle Stadium,Stadium,,0,32495,33587,96.75,True,4376101.65,134.67,Standard ($75-$150),1,False,Synthetic (Industry Model)
SYN-09750,Kendrick Lamar,Kendrick Lamar — 2022 Tour,Hip-Hop,Major Touring Artist,2022-06-29,2022,6,June,Wednesday,False,Summer,Toronto,Canada,North America,Tier 1 Global Mega-City,43.6532,-79.3832,Toronto Stadium,Stadium,,0,37395,41481,90.15,False,6876566.55,183.89,Premium ($150-$250),1,False,Synthetic (Industry Model)
SYN-09751,Kendrick Lamar,Kendrick Lamar — 2022 Tour,Hip-Hop,Major Touring Artist,2022-08-15,2022,8,August,Monday,False,Summer,Boston,United States,North America,Tier 2 Major Regional Market,42.3601,-71.0589,Boston Stadium,Stadium,,0,26576,28040,94.78,False,3561715.52,134.02,Standard ($75-$150),1,False,Synthetic (Industry Model)
SYN-09752,Kendrick Lamar,Kendrick Lamar — 2022 Tour,Hip-Hop,Major Touring Artist,2022-08-20,2022,8,August,Saturday,True,Winter,Melbourne,Australia,Oceania,Tier 2 Major Regional Market,-37.8136,144.9631,Melbourne Arena,Large Arena,Opener 2,2,19344,21238,91.08,False,2157629.76,111.54,Standard ($75-$150),1,False,Synthetic (Industry Model)
SYN-09753,Kendrick Lamar,Kendrick Lamar — 2022 Tour,Hip-Hop,Major Touring Artist,2022-08-08,2022,8,August,Monday,False,Winter,Santiago,Chile,Latin America,Tier 2 Major Regional Market,-33.4569,-70.6483,Santiago Arena,Large Arena,Opener 3,2,19974,20592,97.0,True,2006787.78,100.47,Standard ($75-$150),2,True,Synthetic (Industry Model)
SYN-09754,Kendrick Lamar,Kendrick Lamar — 2022 Tour,Hip-Hop,Major Touring Artist,2022-07-25,2022,7,July,Monday,False,Summer,Seoul,South Korea,Asia,Tier 1 Global Mega-City,37.5665,126.978,Seoul Stadium,Stadium,Opener 1,1,38212,39792,96.03,True,5889997.68,154.14,Premium ($150-$250),1,False,Synthetic (Industry Model)
SYN-09755,Kendrick Lamar,Kendrick Lamar — 2022 Tour,Hip-Hop,Major Touring Artist,2022-07-28,2022,7,July,Thursday,False,Winter,Bogota,Colombia,Latin America,Tier 2 Major Regional Market,4.711,-74.0721,Bogota Stadium,Stadium,,0,34584,41473,83.39,False,5936343.6,171.65,Premium ($150-$250),2,True,Synthetic (Industry Model)
SYN-09756,Kendrick Lamar,Kendrick Lamar — 2022 Tour,Hip-Hop,Major Touring Artist,2022-07-31,2022,7,July,Sunday,True,Winter,Santiago,Chile,Latin America,Tier 2 Major Regional Market,-33.4569,-70.6483,Santiago Arena,Large Arena,,0,21981,23196,94.76,False,2520121.65,114.65,Standard ($75-$150),3,True,Synthetic (Industry Model)
SYN-09757,Kendrick Lamar,Kendrick Lamar — 2022 Tour,Hip-Hop,Major Touring Artist,2022-09-14,2022,9,September,Wednesday,False,Fall,Madrid,Spain,Europe,Tier 2 Major Regional Market,40.4168,-3.7038,Madrid Stadium,Stadium,Opener 1,1,30621,38334,79.88,False,4658678.94,152.14,Premium ($150-$250),1,False,Synthetic (Industry Model)
SYN-09758,Kendrick Lamar,Kendrick Lamar — 2022 Tour,Hip-Hop,Major Touring Artist,2022-07-15,2022,7,July,Friday,True,Winter,Sydney,Australia,Oceania,Tier 2 Major Regional Market,-33.8688,151.2093,Sydney Arena,Large Arena,,0,19787,19918,99.34,True,1900937.09,96.07,Standard ($75-$150),3,True,Synthetic (Industry Model)
SYN-09759,Kendrick Lamar,Kendrick Lamar — 2022 Tour,Hip-Hop,Major Touring Artist,2022-07-17,2022,7,July,Sunday,True,Summer,Stockholm,Sweden,Europe,Tier 2 Major Regional Market,59.3293,18.0686,Stockholm Arena,Large Arena,Opener 3,2,21896,22928,95.5,True,2295138.72,104.82,Standard ($75-$150),1,False,Synthetic (Industry Model)
SYN-09760,Kendrick Lamar,Kendrick Lamar — 2022 Tour,Hip-Hop,Major Touring Artist,2022-08-12,2022,8,August,Friday,True,Summer,Kansas City,United States,North America,Tier 3 Emerging / Secondary Market,39.0997,-94.5786,Kansas City Arena,Large Arena,Opener 1,2,17269,18597,92.86,False,1579250.05,91.45,Standard ($75-$150),1,False,Synthetic (Industry Model)
SYN-09761,Kendrick Lamar,Kendrick Lamar — 2022 Tour,Hip-Hop,Major Touring Artist,2022-09-09,2022,9,September,Friday,True,Fall,Kansas City,United States,North America,Tier 3 Emerging / Secondary Market,39.0997,-94.5786,Kansas City Stadium,Stadium,Opener 2,2,23555,29499,79.85,False,3037181.7,128.94,Standard ($75-$150),2,True,Synthetic (Industry Model)
SYN-09762,Kendrick Lamar,Kendrick Lamar — 2022 Tour,Hip-Hop,Major Touring Artist,2022-08-18,2022,8,August,Thursday,False,Summer,Boston,United States,North America,Tier 2 Major Regional Market,42.3601,-71.0589,Boston Stadium,Stadium,Opener 3,1,25909,26208,98.86,True,3280338.49,126.61,Standard ($75-$150),2,True,Synthetic (Industry Model)
SYN-09763,Kendrick Lamar,Kendrick Lamar — 2022 Tour,Hip-Hop,Major Touring Artist,2022-08-21,2022,8,August,Sunday,True,Winter,Sydney,Australia,Oceania,Tier 2 Major Regional Market,-33.8688,151.2093,Sydney Arena,Large Arena,Opener 1,1,21079,22634,93.13,False,2468772.48,117.12,Standard ($75-$150),4,True,Synthetic (Industry Model)
SYN-09764,Kendrick Lamar,Kendrick Lamar — 2022 Tour,Hip-Hop,Major Touring Artist,2022-09-21,2022,9,September,Wednesday,False,Spring,Sydney,Australia,Oceania,Tier 2 Major Regional Market,-33.8688,151.2093,Sydney Stadium,Stadium,,0,33148,38729,85.59,False,5355390.88,161.56,Premium ($150-$250),5,True,Synthetic (Industry Model)
SYN-09765,Kendrick Lamar,Kendrick Lamar — 2022 Tour,Hip-Hop,Major Touring Artist,2022-08-27,2022,8,August,Saturday,True,Summer,Boston,United States,North America,Tier 2 Major Regional Market,42.3601,-71.0589,Boston Arena,Large Arena,,0,19705,20764,94.9,False,2138583.65,108.53,Standard ($75-$150),3,True,Synthetic (Industry Model)
SYN-09766,Kendrick Lamar,Kendrick Lamar — 2022 Tour,Hip-Hop,Major Touring Artist,2022-09-29,2022,9,September,Thursday,False,Fall,Richmond,United States,North America,Tier 3 Emerging / Secondary Market,37.5407,-77.436,Richmond Stadium,Stadium,,0,18583,27061,68.67,False,2433072.19,130.93,Standard ($75-$150),1,False,Synthetic (Industry Model)
SYN-09767,Kendrick Lamar,Kendrick Lamar — 2022 Tour,Hip-Hop,Major Touring Artist,2022-10-03,2022,10,October,Monday,False,Fall,Denver,United States,North America,Tier 2 Major Regional Market,39.7392,-104.9903,Denver Stadium,Stadium,,0,36123,38133,94.73,False,5206046.76,144.12,Standard ($75-$150),1,False,Synthetic (Industry Model)
SYN-09768,Kendrick Lamar,Kendrick Lamar — 2022 Tour,Hip-Hop,Major Touring Artist,2022-08-04,2022,8,August,Thursday,False,Winter,Santiago,Chile,Latin America,Tier 2 Major Regional Market,-33.4569,-70.6483,Santiago Stadium,Stadium,,0,41055,44727,91.79,False,7462156.8,181.76,Premium ($150-$250),4,True,Synthetic (Industry Model)
SYN-09769,Kendrick Lamar,Kendrick Lamar — 2022 Tour,Hip-Hop,Major Touring Artist,2022-10-11,2022,10,October,Tuesday,False,Fall,Tokyo,Japan,Asia,Tier 1 Global Mega-City,35.6762,139.6503,Tokyo Arena,Large Arena,Opener 1,2,13835,16948,81.63,False,1472044.0,106.4,Standard ($75-$150),1,False,Synthetic (Industry Model)
SYN-09770,Kendrick Lamar,Kendrick Lamar — 2022 Tour,Hip-Hop,Major Touring Artist,2022-09-11,2022,9,September,Sunday,True,Fall,Denver,United States,North America,Tier 2 Major Regional Market,39.7392,-104.9903,Denver Stadium,Stadium,Opener 2,1,34088,35739,95.38,True,4682668.56,137.37,Standard ($75-$150),2,True,Synthetic (Industry Model)
SYN-09771,Tyler the Creator,Tyler the Creator — 2024 Tour,Hip-Hop / Alternative,Major Touring Artist,2024-05-12,2024,5,May,Sunday,True,Fall,Bogota,Colombia,Latin America,Tier 2 Major Regional Market,4.711,-74.0721,Bogota Stadium,Stadium,Opener 1,2,22939,25590,89.64,False,2360193.71,102.89,Standard ($75-$150),1,False,Synthetic (Industry Model)
SYN-09772,Tyler the Creator,Tyler the Creator — 2024 Tour,Hip-Hop / Alternative,Major Touring Artist,2024-05-17,2024,5,May,Friday,True,Spring,Vancouver,Canada,North America,Tier 2 Major Regional Market,49.2827,-123.1207,Vancouver Arena,Large Arena,Opener 2,2,21027,21027,100.0,True,2287317.06,108.78,Standard ($75-$150),1,False,Synthetic (Industry Model)
SYN-09773,Tyler the Creator,Tyler the Creator — 2024 Tour,Hip-Hop / Alternative,Major Touring Artist,2024-05-18,2024,5,May,Saturday,True,Spring,Lisbon,Portugal,Europe,Tier 2 Major Regional Market,38.7223,-9.1393,Lisbon Arena,Large Arena,Opener 3,2,22428,22607,99.21,True,2780399.16,123.97,Standard ($75-$150),1,False,Synthetic (Industry Model)
SYN-09774,Tyler the Creator,Tyler the Creator — 2024 Tour,Hip-Hop / Alternative,Major Touring Artist,2024-05-24,2024,5,May,Friday,True,Spring,Warsaw,Poland,Europe,Tier 3 Emerging / Secondary Market,52.2297,21.0122,Warsaw Stadium,Stadium,,0,23492,29006,80.99,False,3158734.32,134.46,Standard ($75-$150),1,False,Synthetic (Industry Model)
SYN-09775,Tyler the Creator,Tyler the Creator — 2024 Tour,Hip-Hop / Alternative,Major Touring Artist,2024-05-20,2024,5,May,Monday,False,Spring,Atlanta,United States,North America,Tier 2 Major Regional Market,33.749,-84.388,Atlanta Arena,Large Arena,Opener 2,1,21206,24516,86.5,False,2680226.34,126.39,Standard ($75-$150),1,False,Synthetic (Industry Model)
SYN-09776,Tyler the Creator,Tyler the Creator — 2024 Tour,Hip-Hop / Alternative,Major Touring Artist,2024-06-01,2024,6,June,Saturday,True,Summer,Lisbon,Portugal,Europe,Tier 2 Major Regional Market,38.7223,-9.1393,Lisbon Arena,Large Arena,Opener 3,1,20557,22298,92.19,False,2401674.31,116.83,Standard ($75-$150),2,True,Synthetic (Industry Model)
SYN-09777,Tyler the Creator,Tyler the Creator — 2024 Tour,Hip-Hop / Alternative,Major Touring Artist,2024-05-30,2024,5,May,Thursday,False,Spring,Oslo,Norway,Europe,Tier 2 Major Regional Market,59.9139,10.7522,Oslo Stadium,Stadium,Opener 1,1,26693,29087,91.77,False,3383604.68,126.76,Standard ($75-$150),1,False,Synthetic (Industry Model)
SYN-09778,Tyler the Creator,Tyler the Creator — 2024 Tour,Hip-Hop / Alternative,Major Touring Artist,2024-06-16,2024,6,June,Sunday,True,Summer,Oslo,Norway,Europe,Tier 2 Major Regional Market,59.9139,10.7522,Oslo Stadium,Stadium,,0,29871,34738,85.99,False,4375802.79,146.49,Standard ($75-$150),2,True,Synthetic (Industry Model)
SYN-09779,Tyler the Creator,Tyler the Creator — 2024 Tour,Hip-Hop / Alternative,Major Touring Artist,2024-05-28,2024,5,May,Tuesday,False,Spring,Boston,United States,North America,Tier 2 Major Regional Market,42.3601,-71.0589,Boston Arena,Large Arena,Opener 3,2,11816,14919,79.2,False,912667.84,77.24,Standard ($75-$150),1,False,Synthetic (Industry Model)
SYN-09780,Tyler the Creator,Tyler the Creator — 2024 Tour,Hip-Hop / Alternative,Major Touring Artist,2024-06-17,2024,6,June,Monday,False,Summer,Lisbon,Portugal,Europe,Tier 2 Major Regional Market,38.7223,-9.1393,Lisbon Stadium,Stadium,Opener 1,2,25226,29264,86.2,False,3753124.28,148.78,Standard ($75-$150),3,True,Synthetic (Industry Model)
SYN-09781,Tyler the Creator,Tyler the Creator — 2024 Tour,Hip-Hop / Alternative,Major Touring Artist,2024-07-01,2024,7,July,Monday,False,Winter,Mexico City,Mexico,Latin America,Tier 1 Global Mega-City,19.4326,-99.1332,Mexico City Arena,Large Arena,Opener 2,2,11899,12963,91.79,False,1085188.8,91.2,Standard ($75-$150),1,False,Synthetic (Industry Model)
SYN-09782,Tyler the Creator,Tyler the Creator — 2024 Tour,Hip-Hop / Alternative,Major Touring Artist,2024-06-14,2024,6,June,Friday,True,Summer,Columbus,United States,North America,Tier 3 Emerging / Secondary Market,39.9612,-82.9988,Columbus Arena,Large Arena,Opener 3,1,12033,13204,91.13,False,1015705.53,84.41,Standard ($75-$150),1,False,Synthetic (Industry Model)
SYN-09783,Tyler the Creator,Tyler the Creator — 2024 Tour,Hip-Hop / Alternative,Major Touring Artist,2024-06-17,2024,6,June,Monday,False,Winter,Buenos Aires,Argentina,Latin America,Tier 2 Major Regional Market,-34.6037,-58.3816,Buenos Aires Stadium,Stadium,Opener 1,1,29244,30555,95.71,True,4061406.72,138.88,Standard ($75-$150),1,False,Synthetic (Industry Model)
SYN-09784,Tyler the Creator,Tyler the Creator — 2024 Tour,Hip-Hop / Alternative,Major Touring Artist,2024-06-07,2024,6,June,Friday,True,Summer,Los Angeles,United States,North America,Tier 1 Global Mega-City,34.0522,-118.2437,Los Angeles Arena,Large Arena,Opener 2,1,20796,20796,100.0,True,2144483.52,103.12,Standard ($75-$150),1,False,Synthetic (Industry Model)
SYN-09785,Tyler the Creator,Tyler the Creator — 2024 Tour,Hip-Hop / Alternative,Major Touring Artist,2024-06-09,2024,6,June,Sunday,True,Summer,Bangkok,Thailand,Asia,Tier 2 Major Regional Market,13.7563,100.5018,Bangkok Stadium,Stadium,,0,23792,25365,93.8,False,3029435.36,127.33,Standard ($75-$150),1,False,Synthetic (Industry Model)
SYN-09786,Tyler the Creator,Tyler the Creator — 2024 Tour,Hip-Hop / Alternative,Major Touring Artist,2024-07-11,2024,7,July,Thursday,False,Summer,Toronto,Canada,North America,Tier 1 Global Mega-City,43.6532,-79.3832,Toronto Arena,Large Arena,,0,13665,15589,87.66,False,1190084.85,87.09,Standard ($75-$150),1,False,Synthetic (Industry Model)
SYN-09787,Tyler the Creator,Tyler the Creator — 2024 Tour,Hip-Hop / Alternative,Major Touring Artist,2024-07-31,2024,7,July,Wednesday,False,Winter,Sao Paulo,Brazil,Latin America,Tier 1 Global Mega-City,-23.5505,-46.6333,Sao Paulo Stadium,Stadium,Opener 2,2,25735,25735,100.0,True,3150736.05,122.43,Standard ($75-$150),1,False,Synthetic (Industry Model)
SYN-09788,Tyler the Creator,Tyler the Creator — 2024 Tour,Hip-Hop / Alternative,Major Touring Artist,2024-08-05,2024,8,August,Monday,False,Winter,Auckland,New Zealand,Oceania,Tier 2 Major Regional Market,-36.8485,174.7633,Auckland Arena,Arena,Opener 3,2,10864,11485,94.59,False,811866.72,74.73,Budget (<$75),1,False,Synthetic (Industry Model)
SYN-09789,Tyler the Creator,Tyler the Creator — 2024 Tour,Hip-Hop / Alternative,Major Touring Artist,2024-07-05,2024,7,July,Friday,True,Summer,Nashville,United States,North America,Tier 2 Major Regional Market,36.1627,-86.7816,Nashville Stadium,Stadium,,0,22881,26774,85.46,False,3085502.85,134.85,Standard ($75-$150),1,False,Synthetic (Industry Model)
SYN-09790,Tyler the Creator,Tyler the Creator — 2024 Tour,Hip-Hop / Alternative,Major Touring Artist,2024-07-08,2024,7,July,Monday,False,Summer,Philadelphia,United States,North America,Tier 2 Major Regional Market,39.9526,-75.1652,Philadelphia Arena,Large Arena,Opener 2,2,15641,15641,100.0,True,1437095.08,91.88,Standard ($75-$150),1,False,Synthetic (Industry Model)
SYN-09791,Tyler the Creator,Tyler the Creator — 2024 Tour,Hip-Hop / Alternative,Major Touring Artist,2024-07-31,2024,7,July,Wednesday,False,Summer,Copenhagen,Denmark,Europe,Tier 2 Major Regional Market,55.6761,12.5683,Copenhagen Stadium,Stadium,Opener 3,2,24693,33034,74.75,False,3699752.19,149.83,Standard ($75-$150),1,False,Synthetic (Industry Model)
SYN-09792,Tyler the Creator,Tyler the Creator — 2024 Tour,Hip-Hop / Alternative,Major Touring Artist,2024-08-04,2024,8,August,Sunday,True,Summer,Warsaw,Poland,Europe,Tier 3 Emerging / Secondary Market,52.2297,21.0122,Warsaw Arena,Large Arena,Opener 1,2,15100,17485,86.36,False,1355678.0,89.78,Standard ($75-$150),2,True,Synthetic (Industry Model)
SYN-09793,Tyler the Creator,Tyler the Creator — 2024 Tour,Hip-Hop / Alternative,Major Touring Artist,2024-07-17,2024,7,July,Wednesday,False,Summer,Los Angeles,United States,North America,Tier 1 Global Mega-City,34.0522,-118.2437,Los Angeles Arena,Large Arena,,0,18583,20507,90.62,False,1924083.82,103.54,Standard ($75-$150),2,True,Synthetic (Industry Model)
SYN-09794,Tyler the Creator,Tyler the Creator — 2024 Tour,Hip-Hop / Alternative,Major Touring Artist,2024-07-20,2024,7,July,Saturday,True,Winter,Mexico City,Mexico,Latin America,Tier 1 Global Mega-City,19.4326,-99.1332,Mexico City Arena,Large Arena,Opener 3,2,17308,18555,93.28,False,1794320.36,103.67,Standard ($75-$150),2,True,Synthetic (Industry Model)
SYN-09795,Tyler the Creator,Tyler the Creator — 2024 Tour,Hip-Hop / Alternative,Major Touring Artist,2024-09-09,2024,9,September,Monday,False,Fall,Stockholm,Sweden,Europe,Tier 2 Major Regional Market,59.3293,18.0686,Stockholm Arena,Arena,Opener 1,1,8796,10133,86.81,False,551773.08,62.73,Budget (<$75),1,False,Synthetic (Industry Model)
SYN-09796,Tyler the Creator,Tyler the Creator — 2024 Tour,Hip-Hop / Alternative,Major Touring Artist,2024-09-14,2024,9,September,Saturday,True,Fall,Lisbon,Portugal,Europe,Tier 2 Major Regional Market,38.7223,-9.1393,Lisbon Stadium,Stadium,,0,25572,27488,93.03,False,3303902.4,129.2,Standard ($75-$150),4,True,Synthetic (Industry Model)
SYN-09797,Tyler the Creator,Tyler the Creator — 2024 Tour,Hip-Hop / Alternative,Major Touring Artist,2024-09-19,2024,9,September,Thursday,False,Fall,Kansas City,United States,North America,Tier 3 Emerging / Secondary Market,39.0997,-94.5786,Kansas City Stadium,Stadium,Opener 3,2,18425,25208,73.09,False,2276593.0,123.56,Standard ($75-$150),1,False,Synthetic (Industry Model)
SYN-09798,Tyler the Creator,Tyler the Creator — 2024 Tour,Hip-Hop / Alternative,Major Touring Artist,2024-08-28,2024,8,August,Wednesday,False,Summer,Nashville,United States,North America,Tier 2 Major Regional Market,36.1627,-86.7816,Nashville Stadium,Stadium,Opener 1,2,26877,28447,94.48,False,3330866.61,123.93,Standard ($75-$150),2,True,Synthetic (Industry Model)
SYN-09799,Tyler the Creator,Tyler the Creator — 2024 Tour,Hip-Hop / Alternative,Major Touring Artist,2024-09-29,2024,9,September,Sunday,True,Fall,Seoul,South Korea,Asia,Tier 1 Global Mega-City,37.5665,126.978,Seoul Stadium,Stadium,,0,26694,26915,99.18,True,3666687.84,137.36,Standard ($75-$150),1,False,Synthetic (Industry Model)
SYN-09800,Tyler the Creator,Tyler the Creator — 2024 Tour,Hip-Hop / Alternative,Major Touring Artist,2024-07-09,2024,7,July,Tuesday,False,Summer,Paris,France,Europe,Tier 1 Global Mega-City,48.8566,2.3522,Paris Arena,Large Arena,Opener 3,2,16293,19087,85.36,False,1740744.12,106.84,Standard ($75-$150),1,False,Synthetic (Industry Model)
SYN-09801,Tyler the Creator,Tyler the Creator — 2024 Tour,Hip-Hop / Alternative,Major Touring Artist,2024-07-11,2024,7,July,Thursday,False,Summer,Amsterdam,Netherlands,Europe,Tier 1 Global Mega-City,52.3676,4.9041,Amsterdam Arena,Large Arena,,0,14422,15221,94.75,False,1304902.56,90.48,Standard ($75-$150),1,False,Synthetic (Industry Model)
SYN-09802,Tyler the Creator,Tyler the Creator — 2024 Tour,Hip-Hop / Alternative,Major Touring Artist,2024-10-14,2024,10,October,Monday,False,Fall,Madrid,Spain,Europe,Tier 2 Major Regional Market,40.4168,-3.7038,Madrid Stadium,Stadium,Opener 2,2,25685,28222,91.01,False,3279717.65,127.69,Standard ($75-$150),1,False,Synthetic (Industry Model)
SYN-09803,Tyler the Creator,Tyler the Creator — 2024 Tour,Hip-Hop / Alternative,Major Touring Artist,2024-10-19,2024,10,October,Saturday,True,Fall,Boston,United States,North America,Tier 2 Major Regional Market,42.3601,-71.0589,Boston Arena,Large Arena,Opener 3,1,11883,13508,87.97,False,870548.58,73.26,Budget (<$75),2,True,Synthetic (Industry Model)
SYN-09804,Tyler the Creator,Tyler the Creator — 2024 Tour,Hip-Hop / Alternative,Major Touring Artist,2024-08-19,2024,8,August,Monday,False,Summer,Paris,France,Europe,Tier 1 Global Mega-City,48.8566,2.3522,Paris Arena,Large Arena,Opener 1,1,13906,13906,100.0,True,1321626.24,95.04,Standard ($75-$150),2,True,Synthetic (Industry Model)
SYN-09805,Tyler the Creator,Tyler the Creator — 2024 Tour,Hip-Hop / Alternative,Major Touring Artist,2024-08-22,2024,8,August,Thursday,False,Summer,Amsterdam,Netherlands,Europe,Tier 1 Global Mega-City,52.3676,4.9041,Amsterdam Arena,Large Arena,,0,14320,14320,100.0,True,1219777.6,85.18,Standard ($75-$150),2,True,Synthetic (Industry Model)
SYN-09806,Tyler the Creator,Tyler the Creator — 2024 Tour,Hip-Hop / Alternative,Major Touring Artist,2024-09-29,2024,9,September,Sunday,True,Fall,Columbus,United States,North America,Tier 3 Emerging / Secondary Market,39.9612,-82.9988,Columbus Arena,Large Arena,Opener 3,1,16735,20882,80.14,False,1649066.9,98.54,Standard ($75-$150),2,True,Synthetic (Industry Model)
SYN-09807,Tyler the Creator,Tyler the Creator — 2024 Tour,Hip-Hop / Alternative,Major Touring Artist,2024-07-23,2024,7,July,Tuesday,False,Summer,Seattle,United States,North America,Tier 2 Major Regional Market,47.6062,-122.3321,Seattle Arena,Large Arena,Opener 1,1,21283,23161,91.89,False,2368372.24,111.28,Standard ($75-$150),1,False,Synthetic (Industry Model)
SYN-09808,Tyler the Creator,Tyler the Creator — 2024 Tour,Hip-Hop / Alternative,Major Touring Artist,2024-07-25,2024,7,July,Thursday,False,Summer,Bangkok,Thailand,Asia,Tier 2 Major Regional Market,13.7563,100.5018,Bangkok Arena,Large Arena,Opener 2,2,10797,13356,80.84,False,964819.92,89.36,Standard ($75-$150),2,True,Synthetic (Industry Model)
SYN-09809,Sabrina Carpenter,Sabrina Carpenter — 2023 Tour,Pop,Major Touring Artist,2023-05-15,2023,5,May,Monday,False,Spring,Dublin,Ireland,Europe,Tier 2 Major Regional Market,53.3498,-6.2603,Dublin Stadium,Stadium,Opener 1,1,28027,30273,92.58,False,4545138.59,162.17,Premium ($150-$250),1,False,Synthetic (Industry Model)
SYN-09810,Sabrina Carpenter,Sabrina Carpenter — 2023 Tour,Pop,Major Touring Artist,2023-05-18,2023,5,May,Thursday,False,Spring,Manila,Philippines,Asia,Tier 3 Emerging / Secondary Market,14.5995,120.9842,Manila Arena,Large Arena,,0,11519,14002,82.27,False,1078293.59,93.61,Standard ($75-$150),1,False,Synthetic (Industry Model)
SYN-09811,Sabrina Carpenter,Sabrina Carpenter — 2023 Tour,Pop,Major Touring Artist,2023-05-25,2023,5,May,Thursday,False,Spring,Barcelona,Spain,Europe,Tier 2 Major Regional Market,41.3851,2.1734,Barcelona Arena,Large Arena,Opener 3,2,13736,14435,95.16,True,1548871.36,112.76,Standard ($75-$150),1,False,Synthetic (Industry Model)
SYN-09812,Sabrina Carpenter,Sabrina Carpenter — 2023 Tour,Pop,Major Touring Artist,2023-05-27,2023,5,May,Saturday,True,Spring,Manchester,United Kingdom,Europe,Tier 2 Major Regional Market,53.4808,-2.2426,Manchester Arena,Large Arena,Opener 1,1,23593,23593,100.0,True,2949832.79,125.03,Standard ($75-$150),1,False,Synthetic (Industry Model)
SYN-09813,Sabrina Carpenter,Sabrina Carpenter — 2023 Tour,Pop,Major Touring Artist,2023-05-31,2023,5,May,Wednesday,False,Spring,Stockholm,Sweden,Europe,Tier 2 Major Regional Market,59.3293,18.0686,Stockholm Arena,Large Arena,,0,15737,16865,93.31,False,1939427.88,123.24,Standard ($75-$150),1,False,Synthetic (Industry Model)
SYN-09814,Sabrina Carpenter,Sabrina Carpenter — 2023 Tour,Pop,Major Touring Artist,2023-06-09,2023,6,June,Friday,True,Summer,Bangkok,Thailand,Asia,Tier 2 Major Regional Market,13.7563,100.5018,Bangkok Arena,Large Arena,,0,18161,18663,97.31,True,2185857.96,120.36,Standard ($75-$150),1,False,Synthetic (Industry Model)
SYN-09815,Sabrina Carpenter,Sabrina Carpenter — 2023 Tour,Pop,Major Touring Artist,2023-06-08,2023,6,June,Thursday,False,Summer,Berlin,Germany,Europe,Tier 1 Global Mega-City,52.52,13.405,Berlin Arena,Large Arena,Opener 1,2,17929,17929,100.0,True,2027769.9,113.1,Standard ($75-$150),1,False,Synthetic (Industry Model)
SYN-09816,Sabrina Carpenter,Sabrina Carpenter — 2023 Tour,Pop,Major Touring Artist,2023-06-19,2023,6,June,Monday,False,Summer,Manila,Philippines,Asia,Tier 3 Emerging / Secondary Market,14.5995,120.9842,Manila Stadium,Stadium,,0,22773,29819,76.37,False,3566707.26,156.62,Premium ($150-$250),2,True,Synthetic (Industry Model)
SYN-09817,Sabrina Carpenter,Sabrina Carpenter — 2023 Tour,Pop,Major Touring Artist,2023-05-31,2023,5,May,Wednesday,False,Fall,Melbourne,Australia,Oceania,Tier 2 Major Regional Market,-37.8136,144.9631,Melbourne Arena,Large Arena,,0,12889,15319,84.14,False,1385309.72,107.48,Standard ($75-$150),1,False,Synthetic (Industry Model)
SYN-09818,Sabrina Carpenter,Sabrina Carpenter — 2023 Tour,Pop,Major Touring Artist,2023-06-20,2023,6,June,Tuesday,False,Winter,Auckland,New Zealand,Oceania,Tier 2 Major Regional Market,-36.8485,174.7633,Auckland Arena,Large Arena,Opener 1,2,11844,12661,93.55,False,1203587.28,101.62,Standard ($75-$150),1,False,Synthetic (Industry Model)
SYN-09819,Sabrina Carpenter,Sabrina Carpenter — 2023 Tour,Pop,Major Touring Artist,2023-06-24,2023,6,June,Saturday,True,Summer,Richmond,United States,North America,Tier 3 Emerging / Secondary Market,37.5407,-77.436,Richmond Stadium,Stadium,,0,34007,38039,89.4,False,5909736.46,173.78,Premium ($150-$250),1,False,Synthetic (Industry Model)
SYN-09820,Sabrina Carpenter,Sabrina Carpenter — 2023 Tour,Pop,Major Touring Artist,2023-06-06,2023,6,June,Tuesday,False,Summer,Paris,France,Europe,Tier 1 Global Mega-City,48.8566,2.3522,Paris Stadium,Stadium,Opener 3,1,29697,29697,100.0,True,4517507.64,152.12,Premium ($150-$250),1,False,Synthetic (Industry Model)
SYN-09821,Sabrina Carpenter,Sabrina Carpenter — 2023 Tour,Pop,Major Touring Artist,2023-07-14,2023,7,July,Friday,True,Summer,Copenhagen,Denmark,Europe,Tier 2 Major Regional Market,55.6761,12.5683,Copenhagen Arena,Large Arena,,0,14282,14381,99.31,True,1483614.16,103.88,Standard ($75-$150),1,False,Synthetic (Industry Model)
SYN-09822,Sabrina Carpenter,Sabrina Carpenter — 2023 Tour,Pop,Major Touring Artist,2023-07-06,2023,7,July,Thursday,False,Summer,Miami,United States,North America,Tier 2 Major Regional Market,25.7617,-80.1918,Miami Arena,Large Arena,Opener 2,2,24137,24137,100.0,True,3566241.75,147.75,Standard ($75-$150),1,False,Synthetic (Industry Model)
SYN-09823,Sabrina Carpenter,Sabrina Carpenter — 2023 Tour,Pop,Major Touring Artist,2023-06-12,2023,6,June,Monday,False,Summer,Stockholm,Sweden,Europe,Tier 2 Major Regional Market,59.3293,18.0686,Stockholm Arena,Large Arena,Opener 3,2,22939,22996,99.75,True,3287846.87,143.33,Standard ($75-$150),2,True,Synthetic (Industry Model)
SYN-09824,Sabrina Carpenter,Sabrina Carpenter — 2023 Tour,Pop,Major Touring Artist,2023-07-29,2023,7,July,Saturday,True,Summer,Toronto,Canada,North America,Tier 1 Global Mega-City,43.6532,-79.3832,Toronto Arena,Large Arena,Opener 1,2,18948,18948,100.0,True,2511367.92,132.54,Standard ($75-$150),1,False,Synthetic (Industry Model)
SYN-09825,Sabrina Carpenter,Sabrina Carpenter — 2023 Tour,Pop,Major Touring Artist,2023-07-18,2023,7,July,Tuesday,False,Summer,Dublin,Ireland,Europe,Tier 2 Major Regional Market,53.3498,-6.2603,Dublin Stadium,Stadium,,0,23360,26645,87.67,False,3642524.8,155.93,Premium ($150-$250),2,True,Synthetic (Industry Model)
SYN-09826,Sabrina Carpenter,Sabrina Carpenter — 2023 Tour,Pop,Major Touring Artist,2023-07-05,2023,7,July,Wednesday,False,Winter,Auckland,New Zealand,Oceania,Tier 2 Major Regional Market,-36.8485,174.7633,Auckland Stadium,Stadium,,0,24214,27161,89.15,False,3450495.0,142.5,Standard ($75-$150),2,True,Synthetic (Industry Model)
SYN-09827,Sabrina Carpenter,Sabrina Carpenter — 2023 Tour,Pop,Major Touring Artist,2023-06-20,2023,6,June,Tuesday,False,Summer,Vancouver,Canada,North America,Tier 2 Major Regional Market,49.2827,-123.1207,Vancouver Stadium,Stadium,Opener 1,2,26590,27055,98.28,True,3952071.7,148.63,Standard ($75-$150),1,False,Synthetic (Industry Model)
SYN-09828,Sabrina Carpenter,Sabrina Carpenter — 2023 Tour,Pop,Major Touring Artist,2023-08-18,2023,8,August,Friday,True,Winter,Santiago,Chile,Latin America,Tier 2 Major Regional Market,-33.4569,-70.6483,Santiago Arena,Large Arena,Opener 2,2,15409,15409,100.0,True,1785132.65,115.85,Standard ($75-$150),1,False,Synthetic (Industry Model)
SYN-09829,Sabrina Carpenter,Sabrina Carpenter — 2023 Tour,Pop,Major Touring Artist,2023-07-14,2023,7,July,Friday,True,Summer,Madrid,Spain,Europe,Tier 2 Major Regional Market,40.4168,-3.7038,Madrid Arena,Large Arena,Opener 3,2,14966,14966,100.0,True,1696845.08,113.38,Standard ($75-$150),1,False,Synthetic (Industry Model)
SYN-09830,Sabrina Carpenter,Sabrina Carpenter — 2023 Tour,Pop,Major Touring Artist,2023-08-28,2023,8,August,Monday,False,Summer,Houston,United States,North America,Tier 2 Major Regional Market,29.7604,-95.3698,Houston Arena,Large Arena,Opener 1,2,12933,13588,95.18,True,1280884.32,99.04,Standard ($75-$150),1,False,Synthetic (Industry Model)
SYN-09831,Sabrina Carpenter,Sabrina Carpenter — 2023 Tour,Pop,Major Touring Artist,2023-07-20,2023,7,July,Thursday,False,Winter,Bogota,Colombia,Latin America,Tier 2 Major Regional Market,4.711,-74.0721,Bogota Stadium,Stadium,Opener 2,2,39567,39567,100.0,True,7813691.16,197.48,Premium ($150-$250),1,False,Synthetic (Industry Model)
SYN-09832,Sabrina Carpenter,Sabrina Carpenter — 2023 Tour,Pop,Major Touring Artist,2023-07-23,2023,7,July,Sunday,True,Summer,London,United Kingdom,Europe,Tier 1 Global Mega-City,51.5074,-0.1278,London Arena,Large Arena,Opener 3,2,16441,16514,99.56,True,1766256.63,107.43,Standard ($75-$150),1,False,Synthetic (Industry Model)
SYN-09833,Sabrina Carpenter,Sabrina Carpenter — 2023 Tour,Pop,Major Touring Artist,2023-07-02,2023,7,July,Sunday,True,Summer,Tokyo,Japan,Asia,Tier 1 Global Mega-City,35.6762,139.6503,Tokyo Arena,Large Arena,,0,23193,23861,97.2,True,2908866.06,125.42,Standard ($75-$150),1,False,Synthetic (Industry Model)
SYN-09834,Sabrina Carpenter,Sabrina Carpenter — 2023 Tour,Pop,Major Touring Artist,2023-07-04,2023,7,July,Tuesday,False,Summer,Columbus,United States,North America,Tier 3 Emerging / Secondary Market,39.9612,-82.9988,Columbus Arena,Large Arena,Opener 2,1,14599,20643,70.72,False,1823561.09,124.91,Standard ($75-$150),1,False,Synthetic (Industry Model)
SYN-09835,Sabrina Carpenter,Sabrina Carpenter — 2023 Tour,Pop,Major Touring Artist,2023-08-01,2023,8,August,Tuesday,False,Winter,Sao Paulo,Brazil,Latin America,Tier 1 Global Mega-City,-23.5505,-46.6333,Sao Paulo Stadium,Stadium,Opener 3,1,25548,26144,97.72,True,3681211.32,144.09,Standard ($75-$150),1,False,Synthetic (Industry Model)
SYN-09836,Sabrina Carpenter,Sabrina Carpenter — 2023 Tour,Pop,Major Touring Artist,2023-07-08,2023,7,July,Saturday,True,Winter,Brisbane,Australia,Oceania,Tier 2 Major Regional Market,-27.4698,153.0251,Brisbane Stadium,Stadium,Opener 1,2,35300,35300,100.0,True,6147848.0,174.16,Premium ($150-$250),1,False,Synthetic (Industry Model)
SYN-09837,Sabrina Carpenter,Sabrina Carpenter — 2023 Tour,Pop,Major Touring Artist,2023-10-02,2023,10,October,Monday,False,Fall,Miami,United States,North America,Tier 2 Major Regional Market,25.7617,-80.1918,Miami Stadium,Stadium,,0,31879,34349,92.81,False,5709847.69,179.11,Premium ($150-$250),2,True,Synthetic (Industry Model)
SYN-09838,Sabrina Carpenter,Sabrina Carpenter — 2023 Tour,Pop,Major Touring Artist,2023-09-08,2023,9,September,Friday,True,Fall,Dublin,Ireland,Europe,Tier 2 Major Regional Market,53.3498,-6.2603,Dublin Arena,Large Arena,Opener 3,2,19199,20106,95.49,True,2343429.94,122.06,Standard ($75-$150),3,True,Synthetic (Industry Model)
SYN-09839,Sabrina Carpenter,Sabrina Carpenter — 2023 Tour,Pop,Major Touring Artist,2023-10-12,2023,10,October,Thursday,False,Fall,Dublin,Ireland,Europe,Tier 2 Major Regional Market,53.3498,-6.2603,Dublin Stadium,Stadium,,0,32419,34309,94.49,False,5763449.82,177.78,Premium ($150-$250),4,True,Synthetic (Industry Model)
SYN-09840,Sabrina Carpenter,Sabrina Carpenter — 2023 Tour,Pop,Major Touring Artist,2023-08-16,2023,8,August,Wednesday,False,Summer,Chicago,United States,North America,Tier 1 Global Mega-City,41.8781,-87.6298,Chicago Arena,Large Arena,Opener 2,2,24706,24706,100.0,True,3616711.34,146.39,Standard ($75-$150),1,False,Synthetic (Industry Model)
SYN-09841,Sabrina Carpenter,Sabrina Carpenter — 2023 Tour,Pop,Major Touring Artist,2023-10-22,2023,10,October,Sunday,True,Fall,Seattle,United States,North America,Tier 2 Major Regional Market,47.6062,-122.3321,Seattle Stadium,Stadium,Opener 3,2,34081,34798,97.94,True,6663517.12,195.52,Premium ($150-$250),1,False,Synthetic (Industry Model)
SYN-09842,Sabrina Carpenter,Sabrina Carpenter — 2023 Tour,Pop,Major Touring Artist,2023-08-22,2023,8,August,Tuesday,False,Summer,Salt Lake City,United States,North America,Tier 3 Emerging / Secondary Market,40.7608,-111.891,Salt Lake City Arena,Large Arena,Opener 1,1,15477,22984,67.34,False,2064786.57,133.41,Standard ($75-$150),1,False,Synthetic (Industry Model)
SYN-09843,Sabrina Carpenter,Sabrina Carpenter — 2023 Tour,Pop,Major Touring Artist,2023-11-01,2023,11,November,Wednesday,False,Fall,Manchester,United Kingdom,Europe,Tier 2 Major Regional Market,53.4808,-2.2426,Manchester Stadium,Stadium,Opener 2,1,26750,30460,87.82,False,4559805.0,170.46,Premium ($150-$250),2,True,Synthetic (Industry Model)
SYN-09844,Sabrina Carpenter,Sabrina Carpenter — 2023 Tour,Pop,Major Touring Artist,2023-11-06,2023,11,November,Monday,False,Fall,Amsterdam,Netherlands,Europe,Tier 1 Global Mega-City,52.3676,4.9041,Amsterdam Arena,Large Arena,,0,16628,18219,91.27,False,1978732.0,119.0,Standard ($75-$150),1,False,Synthetic (Industry Model)
SYN-09845,Sabrina Carpenter,Sabrina Carpenter — 2023 Tour,Pop,Major Touring Artist,2023-07-26,2023,7,July,Wednesday,False,Summer,Warsaw,Poland,Europe,Tier 3 Emerging / Secondary Market,52.2297,21.0122,Warsaw Stadium,Stadium,Opener 1,2,21132,29236,72.28,False,3355972.92,158.81,Premium ($150-$250),1,False,Synthetic (Industry Model)
SYN-09846,Sabrina Carpenter,Sabrina Carpenter — 2023 Tour,Pop,Major Touring Artist,2023-09-03,2023,9,September,Sunday,True,Fall,Brussels,Belgium,Europe,Tier 2 Major Regional Market,50.8503,4.3517,Brussels Stadium,Stadium,Opener 2,2,24580,26464,92.88,False,3587205.2,145.94,Standard ($75-$150),1,False,Synthetic (Industry Model)
SYN-09847,Chappell Roan,Chappell Roan — 2024 Tour,Pop / Camp Pop,Major Touring Artist,2024-09-06,2024,9,September,Friday,True,Fall,Philadelphia,United States,North America,Tier 2 Major Regional Market,39.9526,-75.1652,Philadelphia Arena,Large Arena,Opener 1,2,21136,22642,93.35,False,2874284.64,135.99,Standard ($75-$150),1,False,Synthetic (Industry Model)
SYN-09848,Chappell Roan,Chappell Roan — 2024 Tour,Pop / Camp Pop,Major Touring Artist,2024-09-10,2024,9,September,Tuesday,False,Fall,Salt Lake City,United States,North America,Tier 3 Emerging / Secondary Market,40.7608,-111.891,Salt Lake City Stadium,Stadium,,0,17285,26719,64.69,False,2564748.3,148.38,Standard ($75-$150),1,False,Synthetic (Industry Model)
SYN-09849,Chappell Roan,Chappell Roan — 2024 Tour,Pop / Camp Pop,Major Touring Artist,2024-09-10,2024,9,September,Tuesday,False,Fall,Barcelona,Spain,Europe,Tier 2 Major Regional Market,41.3851,2.1734,Barcelona Arena,Large Arena,Opener 3,1,12560,12979,96.77,True,1338644.8,106.58,Standard ($75-$150),1,False,Synthetic (Industry Model)
SYN-09850,Chappell Roan,Chappell Roan — 2024 Tour,Pop / Camp Pop,Major Touring Artist,2024-09-18,2024,9,September,Wednesday,False,Fall,Brussels,Belgium,Europe,Tier 2 Major Regional Market,50.8503,4.3517,Brussels Arena,Large Arena,Opener 1,1,12431,15059,82.55,False,1251304.46,100.66,Standard ($75-$150),1,False,Synthetic (Industry Model)
SYN-09851,Chappell Roan,Chappell Roan — 2024 Tour,Pop / Camp Pop,Major Touring Artist,2024-09-14,2024,9,September,Saturday,True,Fall,Salt Lake City,United States,North America,Tier 3 Emerging / Secondary Market,40.7608,-111.891,Salt Lake City Stadium,Stadium,,0,24413,30751,79.39,False,3742757.03,153.31,Premium ($150-$250),2,True,Synthetic (Industry Model)
SYN-09852,Chappell Roan,Chappell Roan — 2024 Tour,Pop / Camp Pop,Major Touring Artist,2024-09-26,2024,9,September,Thursday,False,Fall,Boston,United States,North America,Tier 2 Major Regional Market,42.3601,-71.0589,Boston Stadium,Stadium,Opener 3,2,29482,30029,98.18,True,4667295.42,158.31,Premium ($150-$250),1,False,Synthetic (Industry Model)
SYN-09853,Chappell Roan,Chappell Roan — 2024 Tour,Pop / Camp Pop,Major Touring Artist,2024-10-06,2024,10,October,Sunday,True,Spring,Buenos Aires,Argentina,Latin America,Tier 2 Major Regional Market,-34.6037,-58.3816,Buenos Aires Arena,Large Arena,Opener 1,1,20761,22530,92.15,False,2685850.57,129.37,Standard ($75-$150),1,False,Synthetic (Industry Model)
SYN-09854,Chappell Roan,Chappell Roan — 2024 Tour,Pop / Camp Pop,Major Touring Artist,2024-10-04,2024,10,October,Friday,True,Fall,Columbus,United States,North America,Tier 3 Emerging / Secondary Market,39.9612,-82.9988,Columbus Arena,Large Arena,Opener 2,1,16266,18859,86.25,False,1893525.06,116.41,Standard ($75-$150),1,False,Synthetic (Industry Model)
SYN-09855,Chappell Roan,Chappell Roan — 2024 Tour,Pop / Camp Pop,Major Touring Artist,2024-10-16,2024,10,October,Wednesday,False,Fall,Columbus,United States,North America,Tier 3 Emerging / Secondary Market,39.9612,-82.9988,Columbus Stadium,Stadium,,0,14558,26010,55.97,False,2131436.78,146.41,Standard ($75-$150),2,True,Synthetic (Industry Model)
SYN-09856,Chappell Roan,Chappell Roan — 2024 Tour,Pop / Camp Pop,Major Touring Artist,2024-10-03,2024,10,October,Thursday,False,Spring,Auckland,New Zealand,Oceania,Tier 2 Major Regional Market,-36.8485,174.7633,Auckland Arena,Large Arena,Opener 1,2,17097,17993,95.02,True,1935380.4,113.2,Standard ($75-$150),1,False,Synthetic (Industry Model)
SYN-09857,Chappell Roan,Chappell Roan — 2024 Tour,Pop / Camp Pop,Major Touring Artist,2024-10-06,2024,10,October,Sunday,True,Spring,Melbourne,Australia,Oceania,Tier 2 Major Regional Market,-37.8136,144.9631,Melbourne Arena,Large Arena,Opener 2,2,16182,16636,97.27,True,1798467.48,111.14,Standard ($75-$150),1,False,Synthetic (Industry Model)
SYN-09858,Chappell Roan,Chappell Roan — 2024 Tour,Pop / Camp Pop,Major Touring Artist,2024-10-20,2024,10,October,Sunday,True,Fall,Lisbon,Portugal,Europe,Tier 2 Major Regional Market,38.7223,-9.1393,Lisbon Arena,Large Arena,Opener 3,2,20031,20595,97.26,True,2463412.38,122.98,Standard ($75-$150),1,False,Synthetic (Industry Model)
SYN-09859,Chappell Roan,Chappell Roan — 2024 Tour,Pop / Camp Pop,Major Touring Artist,2024-10-24,2024,10,October,Thursday,False,Spring,Sydney,Australia,Oceania,Tier 2 Major Regional Market,-33.8688,151.2093,Sydney Arena,Large Arena,,0,13977,15150,92.26,False,1538727.93,110.09,Standard ($75-$150),1,False,Synthetic (Industry Model)
SYN-09860,Chappell Roan,Chappell Roan — 2024 Tour,Pop / Camp Pop,Major Touring Artist,2024-10-15,2024,10,October,Tuesday,False,Fall,Warsaw,Poland,Europe,Tier 3 Emerging / Secondary Market,52.2297,21.0122,Warsaw Arena,Large Arena,Opener 2,2,12099,17829,67.86,False,1643770.14,135.86,Standard ($75-$150),1,False,Synthetic (Industry Model)
SYN-09861,Chappell Roan,Chappell Roan — 2024 Tour,Pop / Camp Pop,Major Touring Artist,2024-10-04,2024,10,October,Friday,True,Fall,Miami,United States,North America,Tier 2 Major Regional Market,25.7617,-80.1918,Miami Stadium,Stadium,,0,27093,27093,100.0,True,4151460.39,153.23,Premium ($150-$250),1,False,Synthetic (Industry Model)
SYN-09862,Chappell Roan,Chappell Roan — 2024 Tour,Pop / Camp Pop,Major Touring Artist,2024-10-21,2024,10,October,Monday,False,Fall,Nashville,United States,North America,Tier 2 Major Regional Market,36.1627,-86.7816,Nashville Arena,Large Arena,Opener 1,2,15543,16169,96.13,True,1658282.67,106.69,Standard ($75-$150),1,False,Synthetic (Industry Model)
SYN-09863,Chappell Roan,Chappell Roan — 2024 Tour,Pop / Camp Pop,Major Touring Artist,2024-10-24,2024,10,October,Thursday,False,Fall,Copenhagen,Denmark,Europe,Tier 2 Major Regional Market,55.6761,12.5683,Copenhagen Arena,Arena,Opener 2,1,9614,10590,90.78,False,683651.54,71.11,Budget (<$75),1,False,Synthetic (Industry Model)
SYN-09864,Chappell Roan,Chappell Roan — 2024 Tour,Pop / Camp Pop,Major Touring Artist,2024-10-10,2024,10,October,Thursday,False,Fall,Denver,United States,North America,Tier 2 Major Regional Market,39.7392,-104.9903,Denver Stadium,Stadium,Opener 3,1,30152,30273,99.6,True,5389670.0,178.75,Premium ($150-$250),1,False,Synthetic (Industry Model)
SYN-09865,Chappell Roan,Chappell Roan — 2024 Tour,Pop / Camp Pop,Major Touring Artist,2024-10-30,2024,10,October,Wednesday,False,Spring,Bogota,Colombia,Latin America,Tier 2 Major Regional Market,4.711,-74.0721,Bogota Arena,Arena,Opener 1,1,9589,10954,87.54,False,893311.24,93.16,Standard ($75-$150),1,False,Synthetic (Industry Model)
SYN-09866,Chappell Roan,Chappell Roan — 2024 Tour,Pop / Camp Pop,Major Touring Artist,2024-11-02,2024,11,November,Saturday,True,Fall,Kansas City,United States,North America,Tier 3 Emerging / Secondary Market,39.0997,-94.5786,Kansas City Arena,Large Arena,,0,12441,15451,80.52,False,1326583.83,106.63,Standard ($75-$150),1,False,Synthetic (Industry Model)
SYN-09867,Chappell Roan,Chappell Roan — 2024 Tour,Pop / Camp Pop,Major Touring Artist,2024-10-16,2024,10,October,Wednesday,False,Fall,Kansas City,United States,North America,Tier 3 Emerging / Secondary Market,39.0997,-94.5786,Kansas City Stadium,Stadium,Opener 3,2,18258,28093,64.99,False,2503902.12,137.14,Standard ($75-$150),2,True,Synthetic (Industry Model)
SYN-09868,Chappell Roan,Chappell Roan — 2024 Tour,Pop / Camp Pop,Major Touring Artist,2024-10-18,2024,10,October,Friday,True,Fall,Philadelphia,United States,North America,Tier 2 Major Regional Market,39.9526,-75.1652,Philadelphia Stadium,Stadium,Opener 1,1,29791,31313,95.14,True,4960797.32,166.52,Premium ($150-$250),2,True,Synthetic (Industry Model)
SYN-09869,Chappell Roan,Chappell Roan — 2024 Tour,Pop / Camp Pop,Major Touring Artist,2024-12-25,2024,12,December,Wednesday,False,Summer,Sydney,Australia,Oceania,Tier 2 Major Regional Market,-33.8688,151.2093,Sydney Arena,Large Arena,Opener 2,2,13468,14314,94.09,False,1409964.92,104.69,Standard ($75-$150),2,True,Synthetic (Industry Model)
SYN-09870,Chappell Roan,Chappell Roan — 2024 Tour,Pop / Camp Pop,Major Touring Artist,2024-12-07,2024,12,December,Saturday,True,Winter,Salt Lake City,United States,North America,Tier 3 Emerging / Secondary Market,40.7608,-111.891,Salt Lake City Arena,Large Arena,Opener 3,2,22296,24272,91.86,False,3049869.84,136.79,Standard ($75-$150),3,True,Synthetic (Industry Model)
SYN-09871,Chappell Roan,Chappell Roan — 2024 Tour,Pop / Camp Pop,Major Touring Artist,2024-12-28,2024,12,December,Saturday,True,Winter,Columbus,United States,North America,Tier 3 Emerging / Secondary Market,39.9612,-82.9988,Columbus Stadium,Stadium,,0,21811,27870,78.26,False,3136639.91,143.81,Standard ($75-$150),3,True,Synthetic (Industry Model)
SYN-09872,Chappell Roan,Chappell Roan — 2024 Tour,Pop / Camp Pop,Major Touring Artist,2024-10-26,2024,10,October,Saturday,True,Spring,Sao Paulo,Brazil,Latin America,Tier 1 Global Mega-City,-23.5505,-46.6333,Sao Paulo Arena,Arena,,0,11196,11196,100.0,True,904636.8,80.8,Standard ($75-$150),1,False,Synthetic (Industry Model)
SYN-09873,Chappell Roan,Chappell Roan — 2024 Tour,Pop / Camp Pop,Major Touring Artist,2024-11-23,2024,11,November,Saturday,True,Fall,Tokyo,Japan,Asia,Tier 1 Global Mega-City,35.6762,139.6503,Tokyo Arena,Large Arena,,0,17130,17130,100.0,True,2220390.6,129.62,Standard ($75-$150),1,False,Synthetic (Industry Model)
SYN-09874,Chappell Roan,Chappell Roan — 2024 Tour,Pop / Camp Pop,Major Touring Artist,2024-10-30,2024,10,October,Wednesday,False,Fall,Vancouver,Canada,North America,Tier 2 Major Regional Market,49.2827,-123.1207,Vancouver Arena,Arena,,0,8629,10104,85.4,False,765133.43,88.67,Standard ($75-$150),1,False,Synthetic (Industry Model)
SYN-09875,Chappell Roan,Chappell Roan — 2024 Tour,Pop / Camp Pop,Major Touring Artist,2024-11-29,2024,11,November,Friday,True,Fall,Houston,United States,North America,Tier 2 Major Regional Market,29.7604,-95.3698,Houston Arena,Large Arena,Opener 2,2,20087,20670,97.18,True,2476325.36,123.28,Standard ($75-$150),1,False,Synthetic (Industry Model)
SYN-09876,Chappell Roan,Chappell Roan — 2024 Tour,Pop / Camp Pop,Major Touring Artist,2024-12-28,2024,12,December,Saturday,True,Winter,Madrid,Spain,Europe,Tier 2 Major Regional Market,40.4168,-3.7038,Madrid Arena,Arena,Opener 3,2,10040,10040,100.0,True,883018.0,87.95,Standard ($75-$150),1,False,Synthetic (Industry Model)
SYN-09877,Chappell Roan,Chappell Roan — 2024 Tour,Pop / Camp Pop,Major Touring Artist,2024-12-28,2024,12,December,Saturday,True,Winter,London,United Kingdom,Europe,Tier 1 Global Mega-City,51.5074,-0.1278,London Arena,Large Arena,Opener 1,2,17824,17824,100.0,True,2078100.16,116.59,Standard ($75-$150),1,False,Synthetic (Industry Model)
SYN-09878,Chappell Roan,Chappell Roan — 2024 Tour,Pop / Camp Pop,Major Touring Artist,2024-12-28,2024,12,December,Saturday,True,Summer,Santiago,Chile,Latin America,Tier 2 Major Regional Market,-33.4569,-70.6483,Santiago Arena,Large Arena,Opener 2,1,17292,18560,93.17,False,1868573.52,108.06,Standard ($75-$150),1,False,Synthetic (Industry Model)
