artist,tour,genre,date_str,city,country,venue,opening_acts,attendance_raw,revenue_raw,source
Coldplay,Music of the Spheres World Tour,Alternative Rock,18 March 2022,San José,Costa Rica,Estadio Nacional de Costa Rica,H.E.R. MishCatt,"86,199 / 86,199","$5,687,127",Wikipedia / Billboard Boxscore
Coldplay,Music of the Spheres World Tour,Alternative Rock,19 March 2022,San José,Costa Rica,Estadio Nacional de Costa Rica,H.E.R. MishCatt,"86,199 / 86,199","$5,687,127",Wikipedia / Billboard Boxscore
Coldplay,Music of the Spheres World Tour,Alternative Rock,22 March 2022,Santo Domingo,Dominican Republic,Estadio Olímpico Félix Sánchez,H.E.R. La Marimba,"30,524 / 30,524","$2,571,873",Wikipedia / Billboard Boxscore
Coldplay,Music of the Spheres World Tour,Alternative Rock,25 March 2022,Guadalupe,Mexico,Estadio BBVA,Carla Morrison DannyLux,"112,262 / 112,262","$8,996,432",Wikipedia / Billboard Boxscore
Coldplay,Music of the Spheres World Tour,Alternative Rock,26 March 2022,Guadalupe,Mexico,Estadio BBVA,Carla Morrison DannyLux,"112,262 / 112,262","$8,996,432",Wikipedia / Billboard Boxscore
Coldplay,Music of the Spheres World Tour,Alternative Rock,29 March 2022,Zapopan,Mexico,Estadio Akron,Carla Morrison DannyLux,"90,153 / 90,153","$8,190,681",Wikipedia / Billboard Boxscore
Coldplay,Music of the Spheres World Tour,Alternative Rock,30 March 2022,Zapopan,Mexico,Estadio Akron,Carla Morrison DannyLux,"90,153 / 90,153","$8,190,681",Wikipedia / Billboard Boxscore
Coldplay,Music of the Spheres World Tour,Alternative Rock,3 April 2022,Mexico City,Mexico,Foro Sol,Carla Morrison DannyLux,"259,591 / 259,591","$19,544,924",Wikipedia / Billboard Boxscore
Coldplay,Music of the Spheres World Tour,Alternative Rock,4 April 2022,Mexico City,Mexico,Foro Sol,Carla Morrison DannyLux,"259,591 / 259,591","$19,544,924",Wikipedia / Billboard Boxscore
Coldplay,Music of the Spheres World Tour,Alternative Rock,6 April 2022,Mexico City,Mexico,Foro Sol,Carla Morrison DannyLux,"259,591 / 259,591","$19,544,924",Wikipedia / Billboard Boxscore
Coldplay,Music of the Spheres World Tour,Alternative Rock,7 April 2022,Mexico City,Mexico,Foro Sol,Carla Morrison DannyLux,"259,591 / 259,591","$19,544,924",Wikipedia / Billboard Boxscore
Coldplay,Music of the Spheres World Tour,Alternative Rock,6 May 2022,Dallas,United States,Cotton Bowl,H.E.R. Leila Pari,"58,669 / 58,669","$6,065,763",Wikipedia / Billboard Boxscore
Coldplay,Music of the Spheres World Tour,Alternative Rock,8 May 2022,Houston,United States,NRG Stadium,H.E.R. Alaina Castillo,"46,959 / 46,959","$5,413,072",Wikipedia / Billboard Boxscore
Coldplay,Music of the Spheres World Tour,Alternative Rock,12 May 2022,Glendale,United States,State Farm Stadium,H.E.R. Kacy Hill,"42,849 / 42,849","$3,542,528",Wikipedia / Billboard Boxscore
Coldplay,Music of the Spheres World Tour,Alternative Rock,15 May 2022,Santa Clara,United States,Levi's Stadium,H.E.R. Bobby Gonz,"50,791 / 50,791","$5,861,025",Wikipedia / Billboard Boxscore
Coldplay,Music of the Spheres World Tour,Alternative Rock,28 May 2022,Chicago,United States,Soldier Field,H.E.R. Drama,"107,072 / 107,072","$10,969,930",Wikipedia / Billboard Boxscore
Coldplay,Music of the Spheres World Tour,Alternative Rock,29 May 2022,Chicago,United States,Soldier Field,H.E.R. Drama,"107,072 / 107,072","$10,969,930",Wikipedia / Billboard Boxscore
Coldplay,Music of the Spheres World Tour,Alternative Rock,1 June 2022,Landover,United States,FedExField,H.E.R. Shaed,"47,133 / 47,133","$5,196,389",Wikipedia / Billboard Boxscore
Coldplay,Music of the Spheres World Tour,Alternative Rock,4 June 2022,East Rutherford,United States,MetLife Stadium,H.E.R. Bea Miller,"117,240 / 117,240","$13,153,892",Wikipedia / Billboard Boxscore
Coldplay,Music of the Spheres World Tour,Alternative Rock,5 June 2022,East Rutherford,United States,MetLife Stadium,H.E.R. Bea Miller,"117,240 / 117,240","$13,153,892",Wikipedia / Billboard Boxscore
Coldplay,Music of the Spheres World Tour,Alternative Rock,8 June 2022,Philadelphia,United States,Lincoln Financial Field,H.E.R. Lizzy McAlpine,"57,415 / 57,415","$5,606,712",Wikipedia / Billboard Boxscore
Coldplay,Music of the Spheres World Tour,Alternative Rock,11 June 2022,Atlanta,United States,Mercedes-Benz Stadium,H.E.R. Mariah the Scientist,"54,059 / 54,059","$5,913,613",Wikipedia / Billboard Boxscore
Coldplay,Music of the Spheres World Tour,Alternative Rock,14 June 2022,Tampa,United States,Raymond James Stadium,H.E.R. Gigi,"55,980 / 55,980","$6,300,175",Wikipedia / Billboard Boxscore
Coldplay,Music of the Spheres World Tour,Alternative Rock,2 July 2022,Frankfurt,Germany,Deutsche Bank Park,H.E.R. Alli Neumann,"138,282 / 138,282","$13,745,935",Wikipedia / Billboard Boxscore
Coldplay,Music of the Spheres World Tour,Alternative Rock,3 July 2022,Frankfurt,Germany,Deutsche Bank Park,H.E.R. Alli Neumann,"138,282 / 138,282","$13,745,935",Wikipedia / Billboard Boxscore
Coldplay,Music of the Spheres World Tour,Alternative Rock,5 July 2022,Frankfurt,Germany,Deutsche Bank Park,London Grammar Alli Neumann,"138,282 / 138,282","$13,745,935",Wikipedia / Billboard Boxscore
Coldplay,Music of the Spheres World Tour,Alternative Rock,8 July 2022,Warsaw,Poland,PGE Narodowy,H.E.R. Mery Spolsky,"57,574 / 57,574","$4,576,813",Wikipedia / Billboard Boxscore
Coldplay,Music of the Spheres World Tour,Alternative Rock,10 July 2022,Berlin,Germany,Olympiastadion,London Grammar Alli Neumann,"216,535 / 216,535","$20,389,783",Wikipedia / Billboard Boxscore
Coldplay,Music of the Spheres World Tour,Alternative Rock,12 July 2022,Berlin,Germany,Olympiastadion,H.E.R. Alli Neumann,"216,535 / 216,535","$20,389,783",Wikipedia / Billboard Boxscore
Coldplay,Music of the Spheres World Tour,Alternative Rock,13 July 2022,Berlin,Germany,Olympiastadion,H.E.R. Alli Neumann,"216,535 / 216,535","$20,389,783",Wikipedia / Billboard Boxscore
Coldplay,Music of the Spheres World Tour,Alternative Rock,16 July 2022,Saint-Denis,France,Stade de France,H.E.R. Gaumar,"318,331 / 318,331","$28,035,164",Wikipedia / Billboard Boxscore
Coldplay,Music of the Spheres World Tour,Alternative Rock,17 July 2022,Saint-Denis,France,Stade de France,H.E.R. Gaumar,"318,331 / 318,331","$28,035,164",Wikipedia / Billboard Boxscore
Coldplay,Music of the Spheres World Tour,Alternative Rock,19 July 2022,Saint-Denis,France,Stade de France,London Grammar Lous and the Yakuza,"318,331 / 318,331","$28,035,164",Wikipedia / Billboard Boxscore
Coldplay,Music of the Spheres World Tour,Alternative Rock,20 July 2022,Saint-Denis,France,Stade de France,London Grammar Lous and the Yakuza,"318,331 / 318,331","$28,035,164",Wikipedia / Billboard Boxscore
Coldplay,Music of the Spheres World Tour,Alternative Rock,5 August 2022,Brussels,Belgium,King Baudouin Stadium,H.E.R. Lous and the Yakuza,"224,719 / 224,719","$20,007,105",Wikipedia / Billboard Boxscore
Coldplay,Music of the Spheres World Tour,Alternative Rock,6 August 2022,Brussels,Belgium,King Baudouin Stadium,H.E.R. Lous and the Yakuza,"224,719 / 224,719","$20,007,105",Wikipedia / Billboard Boxscore
Coldplay,Music of the Spheres World Tour,Alternative Rock,8 August 2022,Brussels,Belgium,King Baudouin Stadium,London Grammar Lous and the Yakuza,"224,719 / 224,719","$20,007,105",Wikipedia / Billboard Boxscore
Coldplay,Music of the Spheres World Tour,Alternative Rock,9 August 2022,Brussels,Belgium,King Baudouin Stadium,London Grammar Lous and the Yakuza,"224,719 / 224,719","$20,007,105",Wikipedia / Billboard Boxscore
Coldplay,Music of the Spheres World Tour,Alternative Rock,12 August 2022,London,England,Wembley Stadium,H.E.R. Griff,"464,839 / 464,839","$49,209,920",Wikipedia / Billboard Boxscore
Coldplay,Music of the Spheres World Tour,Alternative Rock,13 August 2022,London,England,Wembley Stadium,H.E.R. Griff,"464,839 / 464,839","$49,209,920",Wikipedia / Billboard Boxscore
Coldplay,Music of the Spheres World Tour,Alternative Rock,16 August 2022,London,England,Wembley Stadium,London Grammar Ibibio Sound Machine,"464,839 / 464,839","$49,209,920",Wikipedia / Billboard Boxscore
Coldplay,Music of the Spheres World Tour,Alternative Rock,17 August 2022,London,England,Wembley Stadium,H.E.R. Ibibio Sound Machine,"464,839 / 464,839","$49,209,920",Wikipedia / Billboard Boxscore
Coldplay,Music of the Spheres World Tour,Alternative Rock,20 August 2022,London,England,Wembley Stadium,London Grammar Laura Mvula,"464,839 / 464,839","$49,209,920",Wikipedia / Billboard Boxscore
Coldplay,Music of the Spheres World Tour,Alternative Rock,21 August 2022,London,England,Wembley Stadium,London Grammar Laura Mvula,"464,839 / 464,839","$49,209,920",Wikipedia / Billboard Boxscore
Coldplay,Music of the Spheres World Tour,Alternative Rock,23 August 2022,Glasgow,Scotland,Hampden Park,H.E.R. Nina Nesbitt,"106,209 / 106,209","$10,402,757",Wikipedia / Billboard Boxscore
Coldplay,Music of the Spheres World Tour,Alternative Rock,24 August 2022,Glasgow,Scotland,Hampden Park,London Grammar Nina Nesbitt,"106,209 / 106,209","$10,402,757",Wikipedia / Billboard Boxscore
Coldplay,Music of the Spheres World Tour,Alternative Rock,13 September 2022,Lima,Peru,Estadio Nacional del Perú,Camila Cabello Andrea Martinez,"85,845 / 85,845","$9,242,799",Wikipedia / Billboard Boxscore
Coldplay,Music of the Spheres World Tour,Alternative Rock,14 September 2022,Lima,Peru,Estadio Nacional del Perú,Camila Cabello Andrea Martinez,"85,845 / 85,845","$9,242,799",Wikipedia / Billboard Boxscore
Coldplay,Music of the Spheres World Tour,Alternative Rock,16 September 2022,Bogotá,Colombia,Estadio El Campín,Camila Cabello Mabiland,"89,825 / 89,825","$8,062,927",Wikipedia / Billboard Boxscore
Coldplay,Music of the Spheres World Tour,Alternative Rock,17 September 2022,Bogotá,Colombia,Estadio El Campín,Camila Cabello Mabiland,"89,825 / 89,825","$8,062,927",Wikipedia / Billboard Boxscore
Coldplay,Music of the Spheres World Tour,Alternative Rock,20 September 2022,Santiago,Chile,Estadio Nacional de Chile,Camila Cabello Princesa Alba,"256,916 / 256,916","$15,886,887",Wikipedia / Billboard Boxscore
Coldplay,Music of the Spheres World Tour,Alternative Rock,21 September 2022,Santiago,Chile,Estadio Nacional de Chile,Camila Cabello Princesa Alba,"256,916 / 256,916","$15,886,887",Wikipedia / Billboard Boxscore
Coldplay,Music of the Spheres World Tour,Alternative Rock,23 September 2022,Santiago,Chile,Estadio Nacional de Chile,Camila Cabello Princesa Alba,"256,916 / 256,916","$15,886,887",Wikipedia / Billboard Boxscore
Coldplay,Music of the Spheres World Tour,Alternative Rock,24 September 2022,Santiago,Chile,Estadio Nacional de Chile,Camila Cabello Princesa Alba,"256,916 / 256,916","$15,886,887",Wikipedia / Billboard Boxscore
Coldplay,Music of the Spheres World Tour,Alternative Rock,25 October 2022,Buenos Aires,Argentina,Estadio River Plate,H.E.R. Zoe Gotusso,"626,841 / 626,841","$49,695,814",Wikipedia / Billboard Boxscore
Coldplay,Music of the Spheres World Tour,Alternative Rock,26 October 2022,Buenos Aires,Argentina,Estadio River Plate,H.E.R. Zoe Gotusso,"626,841 / 626,841","$49,695,814",Wikipedia / Billboard Boxscore
Coldplay,Music of the Spheres World Tour,Alternative Rock,28 October 2022,Buenos Aires,Argentina,Estadio River Plate,H.E.R. Zoe Gotusso,"626,841 / 626,841","$49,695,814",Wikipedia / Billboard Boxscore
Coldplay,Music of the Spheres World Tour,Alternative Rock,29 October 2022,Buenos Aires,Argentina,Estadio River Plate,H.E.R. Zoe Gotusso,"626,841 / 626,841","$49,695,814",Wikipedia / Billboard Boxscore
Coldplay,Music of the Spheres World Tour,Alternative Rock,1 November 2022,Buenos Aires,Argentina,Estadio River Plate,H.E.R. Zoe Gotusso,"626,841 / 626,841","$49,695,814",Wikipedia / Billboard Boxscore
Coldplay,Music of the Spheres World Tour,Alternative Rock,2 November 2022,Buenos Aires,Argentina,Estadio River Plate,H.E.R. Clara Cava,"626,841 / 626,841","$49,695,814",Wikipedia / Billboard Boxscore
Coldplay,Music of the Spheres World Tour,Alternative Rock,4 November 2022,Buenos Aires,Argentina,Estadio River Plate,H.E.R. Zoe Gotusso,"626,841 / 626,841","$49,695,814",Wikipedia / Billboard Boxscore
Coldplay,Music of the Spheres World Tour,Alternative Rock,5 November 2022,Buenos Aires,Argentina,Estadio River Plate,H.E.R. Zoe Gotusso,"626,841 / 626,841","$49,695,814",Wikipedia / Billboard Boxscore
Coldplay,Music of the Spheres World Tour,Alternative Rock,7 November 2022,Buenos Aires,Argentina,Estadio River Plate,H.E.R. Zoe Gotusso,"626,841 / 626,841","$49,695,814",Wikipedia / Billboard Boxscore
Coldplay,Music of the Spheres World Tour,Alternative Rock,8 November 2022,Buenos Aires,Argentina,Estadio River Plate,H.E.R. Zoe Gotusso,"626,841 / 626,841","$49,695,814",Wikipedia / Billboard Boxscore
Coldplay,Music of the Spheres World Tour,Alternative Rock,10 March 2023,São Paulo,Brazil,Estádio do Morumbi,Chvrches Elana Dara,"439,651 / 439,651","$40,104,881",Wikipedia / Billboard Boxscore
Coldplay,Music of the Spheres World Tour,Alternative Rock,11 March 2023,São Paulo,Brazil,Estádio do Morumbi,Chvrches Elana Dara,"439,651 / 439,651","$40,104,881",Wikipedia / Billboard Boxscore
Coldplay,Music of the Spheres World Tour,Alternative Rock,13 March 2023,São Paulo,Brazil,Estádio do Morumbi,Chvrches Elana Dara,"439,651 / 439,651","$40,104,881",Wikipedia / Billboard Boxscore
Coldplay,Music of the Spheres World Tour,Alternative Rock,14 March 2023,São Paulo,Brazil,Estádio do Morumbi,Chvrches Elana Dara,"439,651 / 439,651","$40,104,881",Wikipedia / Billboard Boxscore
Coldplay,Music of the Spheres World Tour,Alternative Rock,17 March 2023,São Paulo,Brazil,Estádio do Morumbi,Chvrches Elana Dara,"439,651 / 439,651","$40,104,881",Wikipedia / Billboard Boxscore
Coldplay,Music of the Spheres World Tour,Alternative Rock,18 March 2023,São Paulo,Brazil,Estádio do Morumbi,Chvrches Elana Dara,"439,651 / 439,651","$40,104,881",Wikipedia / Billboard Boxscore
Coldplay,Music of the Spheres World Tour,Alternative Rock,21 March 2023,Curitiba,Brazil,Estádio Couto Pereira,Chvrches Clara x Sofia,"85,776 / 85,776","$8,126,841",Wikipedia / Billboard Boxscore
Coldplay,Music of the Spheres World Tour,Alternative Rock,22 March 2023,Curitiba,Brazil,Estádio Couto Pereira,Chvrches Clara x Sofia,"85,776 / 85,776","$8,126,841",Wikipedia / Billboard Boxscore
Coldplay,Music of the Spheres World Tour,Alternative Rock,25 March 2023,Rio de Janeiro,Brazil,Estádio Olímpico Nilton Santos,Chvrches Clara x Sofia,"211,012 / 211,012","$17,204,664",Wikipedia / Billboard Boxscore
Coldplay,Music of the Spheres World Tour,Alternative Rock,26 March 2023,Rio de Janeiro,Brazil,Estádio Olímpico Nilton Santos,Chvrches Clara x Sofia,"211,012 / 211,012","$17,204,664",Wikipedia / Billboard Boxscore
Coldplay,Music of the Spheres World Tour,Alternative Rock,28 March 2023,Rio de Janeiro,Brazil,Estádio Olímpico Nilton Santos,Chvrches Clara x Sofia,"211,012 / 211,012","$17,204,664",Wikipedia / Billboard Boxscore
Coldplay,Music of the Spheres World Tour,Alternative Rock,17 May 2023,Coimbra,Portugal,Estádio Cidade de Coimbra,Griff Bárbara Bandeira,"208,284 / 208,284","$21,473,885",Wikipedia / Billboard Boxscore
Coldplay,Music of the Spheres World Tour,Alternative Rock,18 May 2023,Coimbra,Portugal,Estádio Cidade de Coimbra,Griff Bárbara Bandeira,"208,284 / 208,284","$21,473,885",Wikipedia / Billboard Boxscore
Coldplay,Music of the Spheres World Tour,Alternative Rock,20 May 2023,Coimbra,Portugal,Estádio Cidade de Coimbra,Griff Bárbara Bandeira,"208,284 / 208,284","$21,473,885",Wikipedia / Billboard Boxscore
Coldplay,Music of the Spheres World Tour,Alternative Rock,21 May 2023,Coimbra,Portugal,Estádio Cidade de Coimbra,Griff Bárbara Bandeira,"208,284 / 208,284","$21,473,885",Wikipedia / Billboard Boxscore
Coldplay,Music of the Spheres World Tour,Alternative Rock,24 May 2023,Barcelona,Spain,Estadi Olímpic Lluís Companys,Chvrches Hinds,"224,761 / 224,761","$27,262,896",Wikipedia / Billboard Boxscore
Coldplay,Music of the Spheres World Tour,Alternative Rock,25 May 2023,Barcelona,Spain,Estadi Olímpic Lluís Companys,Chvrches Hinds,"224,761 / 224,761","$27,262,896",Wikipedia / Billboard Boxscore
Coldplay,Music of the Spheres World Tour,Alternative Rock,27 May 2023,Barcelona,Spain,Estadi Olímpic Lluís Companys,Chvrches Ona Mafalda,"224,761 / 224,761","$27,262,896",Wikipedia / Billboard Boxscore
Coldplay,Music of the Spheres World Tour,Alternative Rock,28 May 2023,Barcelona,Spain,Estadi Olímpic Lluís Companys,Chvrches Ona Mafalda,"224,761 / 224,761","$27,262,896",Wikipedia / Billboard Boxscore
Coldplay,Music of the Spheres World Tour,Alternative Rock,31 May 2023,Manchester,England,Etihad Stadium,Chvrches Porij,"195,874 / 195,874","$24,164,085",Wikipedia / Billboard Boxscore
Coldplay,Music of the Spheres World Tour,Alternative Rock,1 June 2023,Manchester,England,Etihad Stadium,Chvrches Porij,"195,874 / 195,874","$24,164,085",Wikipedia / Billboard Boxscore
Coldplay,Music of the Spheres World Tour,Alternative Rock,3 June 2023,Manchester,England,Etihad Stadium,Chvrches Porij,"195,874 / 195,874","$24,164,085",Wikipedia / Billboard Boxscore
Coldplay,Music of the Spheres World Tour,Alternative Rock,4 June 2023,Manchester,England,Etihad Stadium,Chvrches Porij,"195,874 / 195,874","$24,164,085",Wikipedia / Billboard Boxscore
Coldplay,Music of the Spheres World Tour,Alternative Rock,6 June 2023,Cardiff,Wales,Principality Stadium,Chvrches Hana Lili,"119,280 / 119,280","$14,151,135",Wikipedia / Billboard Boxscore
Coldplay,Music of the Spheres World Tour,Alternative Rock,7 June 2023,Cardiff,Wales,Principality Stadium,Chvrches Hana Lili,"119,280 / 119,280","$14,151,135",Wikipedia / Billboard Boxscore
Coldplay,Music of the Spheres World Tour,Alternative Rock,21 June 2023,Naples,Italy,Stadio Diego Armando Maradona,Chvrches Laila al Habash,"93,341 / 93,341","$9,856,532",Wikipedia / Billboard Boxscore
Coldplay,Music of the Spheres World Tour,Alternative Rock,22 June 2023,Naples,Italy,Stadio Diego Armando Maradona,Chvrches Laila al Habash,"93,341 / 93,341","$9,856,532",Wikipedia / Billboard Boxscore
Coldplay,Music of the Spheres World Tour,Alternative Rock,25 June 2023,Milan,Italy,San Siro,Chvrches Mara Sattei,"249,560 / 249,560","$29,439,180",Wikipedia / Billboard Boxscore
Coldplay,Music of the Spheres World Tour,Alternative Rock,26 June 2023,Milan,Italy,San Siro,Chvrches Mara Sattei,"249,560 / 249,560","$29,439,180",Wikipedia / Billboard Boxscore
Coldplay,Music of the Spheres World Tour,Alternative Rock,28 June 2023,Milan,Italy,San Siro,Chvrches Mara Sattei,"249,560 / 249,560","$29,439,180",Wikipedia / Billboard Boxscore
Coldplay,Music of the Spheres World Tour,Alternative Rock,29 June 2023,Milan,Italy,San Siro,Chvrches Mara Sattei,"249,560 / 249,560","$29,439,180",Wikipedia / Billboard Boxscore
Coldplay,Music of the Spheres World Tour,Alternative Rock,1 July 2023,Zurich,Switzerland,Letzigrund,Griff Caroline Alves,"95,055 / 95,055","$14,972,413",Wikipedia / Billboard Boxscore
Coldplay,Music of the Spheres World Tour,Alternative Rock,2 July 2023,Zurich,Switzerland,Letzigrund,Griff Caroline Alves,"95,055 / 95,055","$14,972,413",Wikipedia / Billboard Boxscore
Coldplay,Music of the Spheres World Tour,Alternative Rock,5 July 2023,Copenhagen,Denmark,Parken Stadium,Griff Oh Land,"98,646 / 98,646","$12,230,710",Wikipedia / Billboard Boxscore
Coldplay,Music of the Spheres World Tour,Alternative Rock,6 July 2023,Copenhagen,Denmark,Parken Stadium,Griff Oh Land,"98,646 / 98,646","$12,230,710",Wikipedia / Billboard Boxscore
Coldplay,Music of the Spheres World Tour,Alternative Rock,8 July 2023,Gothenburg,Sweden,Ullevi,Griff Luciia,"267,180 / 267,180","$26,242,821",Wikipedia / Billboard Boxscore
Coldplay,Music of the Spheres World Tour,Alternative Rock,9 July 2023,Gothenburg,Sweden,Ullevi,Griff Luciia,"267,180 / 267,180","$26,242,821",Wikipedia / Billboard Boxscore
Coldplay,Music of the Spheres World Tour,Alternative Rock,11 July 2023,Gothenburg,Sweden,Ullevi,Griff Luciia,"267,180 / 267,180","$26,242,821",Wikipedia / Billboard Boxscore
Coldplay,Music of the Spheres World Tour,Alternative Rock,12 July 2023,Gothenburg,Sweden,Ullevi,Griff Luciia,"267,180 / 267,180","$26,242,821",Wikipedia / Billboard Boxscore
Coldplay,Music of the Spheres World Tour,Alternative Rock,15 July 2023,Amsterdam,Netherlands,Johan Cruyff Arena,Griff Zoë Tauran,"217,609 / 217,609","$30,322,573",Wikipedia / Billboard Boxscore
Coldplay,Music of the Spheres World Tour,Alternative Rock,16 July 2023,Amsterdam,Netherlands,Johan Cruyff Arena,Griff Zoë Tauran,"217,609 / 217,609","$30,322,573",Wikipedia / Billboard Boxscore
Coldplay,Music of the Spheres World Tour,Alternative Rock,18 July 2023,Amsterdam,Netherlands,Johan Cruyff Arena,Griff Zoë Tauran,"217,609 / 217,609","$30,322,573",Wikipedia / Billboard Boxscore
Coldplay,Music of the Spheres World Tour,Alternative Rock,19 July 2023,Amsterdam,Netherlands,Johan Cruyff Arena,Griff Zoë Tauran,"217,609 / 217,609","$30,322,573",Wikipedia / Billboard Boxscore
Coldplay,Music of the Spheres World Tour,Alternative Rock,20 September 2023,Seattle,United States,Lumen Field,H.E.R. 070 Shake Bobby Gonz,"60,342 / 60,342","$8,124,415",Wikipedia / Billboard Boxscore
Coldplay,Music of the Spheres World Tour,Alternative Rock,22 September 2023,Vancouver,Canada,BC Place,H.E.R. 070 Shake Bobby Gonz,"89,645 / 89,645","$12,405,572",Wikipedia / Billboard Boxscore
Coldplay,Music of the Spheres World Tour,Alternative Rock,23 September 2023,Vancouver,Canada,BC Place,H.E.R. 070 Shake Bobby Gonz,"89,645 / 89,645","$12,405,572",Wikipedia / Billboard Boxscore
Coldplay,Music of the Spheres World Tour,Alternative Rock,27 September 2023,San Diego,United States,Snapdragon Stadium,H.E.R. 070 Shake Bobby Gonz,"64,130 / 64,130","$10,355,147",Wikipedia / Billboard Boxscore
Coldplay,Music of the Spheres World Tour,Alternative Rock,28 September 2023,San Diego,United States,Snapdragon Stadium,H.E.R. 070 Shake Bobby Gonz,"64,130 / 64,130","$10,355,147",Wikipedia / Billboard Boxscore
Coldplay,Music of the Spheres World Tour,Alternative Rock,30 September 2023,Pasadena,United States,Rose Bowl,H.E.R. 070 Shake Bobby Gonz,"136,043 / 136,043","$19,019,116",Wikipedia / Billboard Boxscore
Coldplay,Music of the Spheres World Tour,Alternative Rock,1 October 2023,Pasadena,United States,Rose Bowl,H.E.R. 070 Shake Bobby Gonz,"136,043 / 136,043","$19,019,116",Wikipedia / Billboard Boxscore
Coldplay,Music of the Spheres World Tour,Alternative Rock,6 November 2023,Tokyo,Japan,Tokyo Dome,Yoasobi,"97,267 / 97,267","$13,726,445",Wikipedia / Billboard Boxscore
Coldplay,Music of the Spheres World Tour,Alternative Rock,7 November 2023,Tokyo,Japan,Tokyo Dome,Yoasobi,"97,267 / 97,267","$13,726,445",Wikipedia / Billboard Boxscore
Coldplay,Music of the Spheres World Tour,Alternative Rock,11 November 2023,Kaohsiung,Taiwan,Kaohsiung National Stadium,Accusefive,"102,949 / 102,949","$15,159,017",Wikipedia / Billboard Boxscore
Coldplay,Music of the Spheres World Tour,Alternative Rock,12 November 2023,Kaohsiung,Taiwan,Kaohsiung National Stadium,Accusefive,"102,949 / 102,949","$15,159,017",Wikipedia / Billboard Boxscore
Coldplay,Music of the Spheres World Tour,Alternative Rock,15 November 2023,Jakarta,Indonesia,Gelora Bung Karno Stadium,Rahmania Astrini,"78,541 / 78,541","$13,893,822",Wikipedia / Billboard Boxscore
Coldplay,Music of the Spheres World Tour,Alternative Rock,18 November 2023,Perth,Australia,Optus Stadium,Amy Shark Thelma Plum Adrian Dzvuke,"125,035 / 125,035","$13,911,419",Wikipedia / Billboard Boxscore
Coldplay,Music of the Spheres World Tour,Alternative Rock,19 November 2023,Perth,Australia,Optus Stadium,Tash Sultana Thelma Plum King Ibis,"125,035 / 125,035","$13,911,419",Wikipedia / Billboard Boxscore
Coldplay,Music of the Spheres World Tour,Alternative Rock,22 November 2023,Kuala Lumpur,Malaysia,Bukit Jalil National Stadium,Bunga,"81,387 / 81,387","$10,918,567",Wikipedia / Billboard Boxscore
Coldplay,Music of the Spheres World Tour,Alternative Rock,19 January 2024,Bocaue,Philippines,Philippine Arena,Jikamarie,"96,079 / 96,079","$15,425,466",Wikipedia / Billboard Boxscore
Coldplay,Music of the Spheres World Tour,Alternative Rock,20 January 2024,Bocaue,Philippines,Philippine Arena,Jikamarie,"96,079 / 96,079","$15,425,466",Wikipedia / Billboard Boxscore
Coldplay,Music of the Spheres World Tour,Alternative Rock,23 January 2024,Singapore,Singapore,Singapore National Stadium,Jasmine Sokko Jinan Laetitia,"321,113 / 321,113","$43,362,248",Wikipedia / Billboard Boxscore
Coldplay,Music of the Spheres World Tour,Alternative Rock,24 January 2024,Singapore,Singapore,Singapore National Stadium,Jasmine Sokko Jinan Laetitia,"321,113 / 321,113","$43,362,248",Wikipedia / Billboard Boxscore
Coldplay,Music of the Spheres World Tour,Alternative Rock,26 January 2024,Singapore,Singapore,Singapore National Stadium,Jasmine Sokko Jinan Laetitia,"321,113 / 321,113","$43,362,248",Wikipedia / Billboard Boxscore
Coldplay,Music of the Spheres World Tour,Alternative Rock,27 January 2024,Singapore,Singapore,Singapore National Stadium,Rriley Jinan Laetitia,"321,113 / 321,113","$43,362,248",Wikipedia / Billboard Boxscore
Coldplay,Music of the Spheres World Tour,Alternative Rock,30 January 2024,Singapore,Singapore,Singapore National Stadium,Rriley Jinan Laetitia,"321,113 / 321,113","$43,362,248",Wikipedia / Billboard Boxscore
Coldplay,Music of the Spheres World Tour,Alternative Rock,31 January 2024,Singapore,Singapore,Singapore National Stadium,Rriley Jinan Laetitia,"321,113 / 321,113","$43,362,248",Wikipedia / Billboard Boxscore
Coldplay,Music of the Spheres World Tour,Alternative Rock,3 February 2024,Bangkok,Thailand,Rajamangala Stadium,Valentina Ploy,"106,027 / 106,027","$16,878,888",Wikipedia / Billboard Boxscore
Coldplay,Music of the Spheres World Tour,Alternative Rock,4 February 2024,Bangkok,Thailand,Rajamangala Stadium,Valentina Ploy,"106,027 / 106,027","$16,878,888",Wikipedia / Billboard Boxscore
Coldplay,Music of the Spheres World Tour,Alternative Rock,8 June 2024,Athens,Greece,Olympic Stadium,Maisie Peters Antonia Kaouri,"139,459 / 139,459","$14,659,813",Wikipedia / Billboard Boxscore
Coldplay,Music of the Spheres World Tour,Alternative Rock,9 June 2024,Athens,Greece,Olympic Stadium,Maisie Peters Antonia Kaouri,"139,459 / 139,459","$14,659,813",Wikipedia / Billboard Boxscore
Coldplay,Music of the Spheres World Tour,Alternative Rock,12 June 2024,Bucharest,Romania,Arena Națională,Maisie Peters Emaa,"105,420 / 105,420","$11,516,677",Wikipedia / Billboard Boxscore
Coldplay,Music of the Spheres World Tour,Alternative Rock,13 June 2024,Bucharest,Romania,Arena Națională,Maisie Peters Emaa,"105,420 / 105,420","$11,516,677",Wikipedia / Billboard Boxscore
Coldplay,Music of the Spheres World Tour,Alternative Rock,16 June 2024,Budapest,Hungary,Puskás Aréna,Maisie Peters Solére,"166,771 / 166,771","$17,042,753",Wikipedia / Billboard Boxscore
Coldplay,Music of the Spheres World Tour,Alternative Rock,18 June 2024,Budapest,Hungary,Puskás Aréna,Maisie Peters Solére,"166,771 / 166,771","$17,042,753",Wikipedia / Billboard Boxscore
Coldplay,Music of the Spheres World Tour,Alternative Rock,19 June 2024,Budapest,Hungary,Puskás Aréna,Maisie Peters Solére,"166,771 / 166,771","$17,042,753",Wikipedia / Billboard Boxscore
Coldplay,Music of the Spheres World Tour,Alternative Rock,22 June 2024,Décines-Charpieu,France,Groupama Stadium,Janelle Monáe Ronisia,"164,641 / 164,641","$21,581,208",Wikipedia / Billboard Boxscore
Coldplay,Music of the Spheres World Tour,Alternative Rock,23 June 2024,Décines-Charpieu,France,Groupama Stadium,Janelle Monáe Ronisia,"164,641 / 164,641","$21,581,208",Wikipedia / Billboard Boxscore
Coldplay,Music of the Spheres World Tour,Alternative Rock,25 June 2024,Décines-Charpieu,France,Groupama Stadium,Janelle Monáe Ronisia,"164,641 / 164,641","$21,581,208",Wikipedia / Billboard Boxscore
Coldplay,Music of the Spheres World Tour,Alternative Rock,12 July 2024,Rome,Italy,Stadio Olimpico,Janelle Monáe Rose Villain,"251,771 / 251,771","$29,378,307",Wikipedia / Billboard Boxscore
Coldplay,Music of the Spheres World Tour,Alternative Rock,13 July 2024,Rome,Italy,Stadio Olimpico,Janelle Monáe Rose Villain,"251,771 / 251,771","$29,378,307",Wikipedia / Billboard Boxscore
Coldplay,Music of the Spheres World Tour,Alternative Rock,15 July 2024,Rome,Italy,Stadio Olimpico,Janelle Monáe Rose Villain,"251,771 / 251,771","$29,378,307",Wikipedia / Billboard Boxscore
Coldplay,Music of the Spheres World Tour,Alternative Rock,16 July 2024,Rome,Italy,Stadio Olimpico,Janelle Monáe Rose Villain,"251,771 / 251,771","$29,378,307",Wikipedia / Billboard Boxscore
Coldplay,Music of the Spheres World Tour,Alternative Rock,20 July 2024,Düsseldorf,Germany,Merkur Spiel-Arena,Janelle Monáe Zoe Wees,"145,402 / 145,402","$19,465,043",Wikipedia / Billboard Boxscore
Coldplay,Music of the Spheres World Tour,Alternative Rock,21 July 2024,Düsseldorf,Germany,Merkur Spiel-Arena,Janelle Monáe Zoe Wees,"145,402 / 145,402","$19,465,043",Wikipedia / Billboard Boxscore
Coldplay,Music of the Spheres World Tour,Alternative Rock,23 July 2024,Düsseldorf,Germany,Merkur Spiel-Arena,Janelle Monáe Zoe Wees,"145,402 / 145,402","$19,465,043",Wikipedia / Billboard Boxscore
Coldplay,Music of the Spheres World Tour,Alternative Rock,27 July 2024,Helsinki,Finland,Helsinki Olympic Stadium,Maisie Peters Alma,"178,033 / 178,033","$23,311,075",Wikipedia / Billboard Boxscore
Coldplay,Music of the Spheres World Tour,Alternative Rock,28 July 2024,Helsinki,Finland,Helsinki Olympic Stadium,Maisie Peters Alma,"178,033 / 178,033","$23,311,075",Wikipedia / Billboard Boxscore
Coldplay,Music of the Spheres World Tour,Alternative Rock,30 July 2024,Helsinki,Finland,Helsinki Olympic Stadium,Maisie Peters Alma,"178,033 / 178,033","$23,311,075",Wikipedia / Billboard Boxscore
Coldplay,Music of the Spheres World Tour,Alternative Rock,31 July 2024,Helsinki,Finland,Helsinki Olympic Stadium,Maisie Peters Alma,"178,033 / 178,033","$23,311,075",Wikipedia / Billboard Boxscore
Coldplay,Music of the Spheres World Tour,Alternative Rock,15 August 2024,Munich,Germany,Olympiastadion,Maggie Rogers Wilhelmine,"210,192 / 210,192","$28,587,643",Wikipedia / Billboard Boxscore
Coldplay,Music of the Spheres World Tour,Alternative Rock,17 August 2024,Munich,Germany,Olympiastadion,Maggie Rogers Wilhelmine,"210,192 / 210,192","$28,587,643",Wikipedia / Billboard Boxscore
Coldplay,Music of the Spheres World Tour,Alternative Rock,18 August 2024,Munich,Germany,Olympiastadion,Maggie Rogers Wilhelmine,"210,192 / 210,192","$28,587,643",Wikipedia / Billboard Boxscore
Coldplay,Music of the Spheres World Tour,Alternative Rock,21 August 2024,Vienna,Austria,Ernst-Happel-Stadion,Maggie Rogers Oska,"251,399 / 251,399","$33,030,164",Wikipedia / Billboard Boxscore
Coldplay,Music of the Spheres World Tour,Alternative Rock,22 August 2024,Vienna,Austria,Ernst-Happel-Stadion,Maggie Rogers Oska,"251,399 / 251,399","$33,030,164",Wikipedia / Billboard Boxscore
Coldplay,Music of the Spheres World Tour,Alternative Rock,24 August 2024,Vienna,Austria,Ernst-Happel-Stadion,Maggie Rogers Oska,"251,399 / 251,399","$33,030,164",Wikipedia / Billboard Boxscore
Coldplay,Music of the Spheres World Tour,Alternative Rock,25 August 2024,Vienna,Austria,Ernst-Happel-Stadion,Maggie Rogers Oska,"251,399 / 251,399","$33,030,164",Wikipedia / Billboard Boxscore
Coldplay,Music of the Spheres World Tour,Alternative Rock,29 August 2024,Dublin,Ireland,Croke Park,Maggie Rogers Aby Coulibaly,"329,200 / 329,200","$49,520,804",Wikipedia / Billboard Boxscore
Coldplay,Music of the Spheres World Tour,Alternative Rock,30 August 2024,Dublin,Ireland,Croke Park,Maggie Rogers Aby Coulibaly,"329,200 / 329,200","$49,520,804",Wikipedia / Billboard Boxscore
Coldplay,Music of the Spheres World Tour,Alternative Rock,1 September 2024,Dublin,Ireland,Croke Park,Maggie Rogers Aby Coulibaly,"329,200 / 329,200","$49,520,804",Wikipedia / Billboard Boxscore
Coldplay,Music of the Spheres World Tour,Alternative Rock,2 September 2024,Dublin,Ireland,Croke Park,Maggie Rogers Aby Coulibaly,"329,200 / 329,200","$49,520,804",Wikipedia / Billboard Boxscore
Coldplay,Music of the Spheres World Tour,Alternative Rock,30 October 2024,Melbourne,Australia,Marvel Stadium,Ayra Starr Emmanuel Kelly Shone,"229,120 / 229,120","$28,849,369",Wikipedia / Billboard Boxscore
Coldplay,Music of the Spheres World Tour,Alternative Rock,31 October 2024,Melbourne,Australia,Marvel Stadium,Ayra Starr Emmanuel Kelly Shone,"229,120 / 229,120","$28,849,369",Wikipedia / Billboard Boxscore
Coldplay,Music of the Spheres World Tour,Alternative Rock,2 November 2024,Melbourne,Australia,Marvel Stadium,Ayra Starr Emmanuel Kelly Shone,"229,120 / 229,120","$28,849,369",Wikipedia / Billboard Boxscore
Coldplay,Music of the Spheres World Tour,Alternative Rock,3 November 2024,Melbourne,Australia,Marvel Stadium,Ayra Starr Emmanuel Kelly Shone,"229,120 / 229,120","$28,849,369",Wikipedia / Billboard Boxscore
Coldplay,Music of the Spheres World Tour,Alternative Rock,6 November 2024,Sydney,Australia,Accor Stadium,Ayra Starr Emmanuel Kelly Shone,"325,072 / 325,072","$37,848,426",Wikipedia / Billboard Boxscore
Coldplay,Music of the Spheres World Tour,Alternative Rock,7 November 2024,Sydney,Australia,Accor Stadium,Ayra Starr Emmanuel Kelly Shone,"325,072 / 325,072","$37,848,426",Wikipedia / Billboard Boxscore
Coldplay,Music of the Spheres World Tour,Alternative Rock,9 November 2024,Sydney,Australia,Accor Stadium,Ayra Starr Emmanuel Kelly Shone,"325,072 / 325,072","$37,848,426",Wikipedia / Billboard Boxscore
Coldplay,Music of the Spheres World Tour,Alternative Rock,10 November 2024,Sydney,Australia,Accor Stadium,Ayra Starr Emmanuel Kelly Shone,"325,072 / 325,072","$37,848,426",Wikipedia / Billboard Boxscore
Coldplay,Music of the Spheres World Tour,Alternative Rock,13 November 2024,Auckland,New Zealand,Eden Park,Ayra Starr Emmanuel Kelly Shone,"169,079 / 169,079","$19,276,353",Wikipedia / Billboard Boxscore
Coldplay,Music of the Spheres World Tour,Alternative Rock,15 November 2024,Auckland,New Zealand,Eden Park,Ayra Starr Emmanuel Kelly Shone,"169,079 / 169,079","$19,276,353",Wikipedia / Billboard Boxscore
Coldplay,Music of the Spheres World Tour,Alternative Rock,16 November 2024,Auckland,New Zealand,Eden Park,Ayra Starr Emmanuel Kelly Shone,"169,079 / 169,079","$19,276,353",Wikipedia / Billboard Boxscore
Coldplay,Music of the Spheres World Tour,Alternative Rock,9 January 2025,Abu Dhabi,United Arab Emirates,Zayed Sports City Stadium,Elyanna Shone,"203,160 / 203,160","$28,081,406",Wikipedia / Billboard Boxscore
Coldplay,Music of the Spheres World Tour,Alternative Rock,11 January 2025,Abu Dhabi,United Arab Emirates,Zayed Sports City Stadium,Elyanna Shone,"203,160 / 203,160","$28,081,406",Wikipedia / Billboard Boxscore
Coldplay,Music of the Spheres World Tour,Alternative Rock,12 January 2025,Abu Dhabi,United Arab Emirates,Zayed Sports City Stadium,Elyanna Shone,"203,160 / 203,160","$28,081,406",Wikipedia / Billboard Boxscore
Coldplay,Music of the Spheres World Tour,Alternative Rock,14 January 2025,Abu Dhabi,United Arab Emirates,Zayed Sports City Stadium,Elyanna Shone,"203,160 / 203,160","$28,081,406",Wikipedia / Billboard Boxscore
Coldplay,Music of the Spheres World Tour,Alternative Rock,18 January 2025,Navi Mumbai,India,DY Patil Stadium,Jasleen Royal Elyanna Shone,"163,711 / 163,711","$12,819,848",Wikipedia / Billboard Boxscore
Coldplay,Music of the Spheres World Tour,Alternative Rock,19 January 2025,Navi Mumbai,India,DY Patil Stadium,Jasleen Royal Elyanna Shone,"163,711 / 163,711","$12,819,848",Wikipedia / Billboard Boxscore
Coldplay,Music of the Spheres World Tour,Alternative Rock,21 January 2025,Navi Mumbai,India,DY Patil Stadium,Jasleen Royal Elyanna Shone,"163,711 / 163,711","$12,819,848",Wikipedia / Billboard Boxscore
Coldplay,Music of the Spheres World Tour,Alternative Rock,25 January 2025,Ahmedabad,India,Narendra Modi Stadium,Jasleen Royal Elyanna Shone,"223,570 / 223,570","$15,696,814",Wikipedia / Billboard Boxscore
Coldplay,Music of the Spheres World Tour,Alternative Rock,26 January 2025,Ahmedabad,India,Narendra Modi Stadium,Jasleen Royal Elyanna Shone,"223,570 / 223,570","$15,696,814",Wikipedia / Billboard Boxscore
Coldplay,Music of the Spheres World Tour,Alternative Rock,8 April 2025,Hong Kong,China,Kai Tak Stadium,Marf Elyanna,"183,980 / 183,980","$32,941,256",Wikipedia / Billboard Boxscore
Coldplay,Music of the Spheres World Tour,Alternative Rock,9 April 2025,Hong Kong,China,Kai Tak Stadium,Marf Elyanna,"183,980 / 183,980","$32,941,256",Wikipedia / Billboard Boxscore
Coldplay,Music of the Spheres World Tour,Alternative Rock,11 April 2025,Hong Kong,China,Kai Tak Stadium,Marf Elyanna,"183,980 / 183,980","$32,941,256",Wikipedia / Billboard Boxscore
Coldplay,Music of the Spheres World Tour,Alternative Rock,12 April 2025,Hong Kong,China,Kai Tak Stadium,Marf Elyanna,"183,980 / 183,980","$32,941,256",Wikipedia / Billboard Boxscore
Coldplay,Music of the Spheres World Tour,Alternative Rock,16 April 2025,Goyang,South Korea,Goyang Stadium,Twice Elyanna,"318,309 / 318,309","$34,448,581",Wikipedia / Billboard Boxscore
Coldplay,Music of the Spheres World Tour,Alternative Rock,18 April 2025,Goyang,South Korea,Goyang Stadium,Twice Elyanna,"318,309 / 318,309","$34,448,581",Wikipedia / Billboard Boxscore
Coldplay,Music of the Spheres World Tour,Alternative Rock,19 April 2025,Goyang,South Korea,Goyang Stadium,Twice Elyanna,"318,309 / 318,309","$34,448,581",Wikipedia / Billboard Boxscore
Coldplay,Music of the Spheres World Tour,Alternative Rock,22 April 2025,Goyang,South Korea,Goyang Stadium,Twice Elyanna,"318,309 / 318,309","$34,448,581",Wikipedia / Billboard Boxscore
Coldplay,Music of the Spheres World Tour,Alternative Rock,24 April 2025,Goyang,South Korea,Goyang Stadium,Twice Hanroro,"318,309 / 318,309","$34,448,581",Wikipedia / Billboard Boxscore
Coldplay,Music of the Spheres World Tour,Alternative Rock,25 April 2025,Goyang,South Korea,Goyang Stadium,Twice Hanroro,"318,309 / 318,309","$34,448,581",Wikipedia / Billboard Boxscore
Coldplay,Music of the Spheres World Tour,Alternative Rock,31 May 2025,Stanford,United States,Stanford Stadium,Willow Elyanna,"87,068 / 87,068","$13,349,713",Wikipedia / Billboard Boxscore
Coldplay,Music of the Spheres World Tour,Alternative Rock,1 June 2025,Stanford,United States,Stanford Stadium,Willow Elyanna,"87,068 / 87,068","$13,349,713",Wikipedia / Billboard Boxscore
Coldplay,Music of the Spheres World Tour,Alternative Rock,6 June 2025,Paradise,United States,Allegiant Stadium,Willow Elyanna,"100,335 / 100,335","$13,959,982",Wikipedia / Billboard Boxscore
Coldplay,Music of the Spheres World Tour,Alternative Rock,7 June 2025,Paradise,United States,Allegiant Stadium,Willow Elyanna,"100,335 / 100,335","$13,959,982",Wikipedia / Billboard Boxscore
Coldplay,Music of the Spheres World Tour,Alternative Rock,10 June 2025,Denver,United States,Empower Field at Mile High,Willow Elyanna,"62,580 / 62,580","$7,827,735",Wikipedia / Billboard Boxscore
Coldplay,Music of the Spheres World Tour,Alternative Rock,13 June 2025,El Paso,United States,Sun Bowl,Willow Elyanna Jim Ward,"93,816 / 93,816","$11,796,828",Wikipedia / Billboard Boxscore
Coldplay,Music of the Spheres World Tour,Alternative Rock,14 June 2025,El Paso,United States,Sun Bowl,Willow Elyanna Jim Ward,"93,816 / 93,816","$11,796,828",Wikipedia / Billboard Boxscore
Coldplay,Music of the Spheres World Tour,Alternative Rock,7 July 2025,Toronto,Canada,Rogers Stadium,Ayra Starr Elyanna,"207,412 / 207,412","$27,649,821",Wikipedia / Billboard Boxscore
Coldplay,Music of the Spheres World Tour,Alternative Rock,8 July 2025,Toronto,Canada,Rogers Stadium,Ayra Starr Elyanna,"207,412 / 207,412","$27,649,821",Wikipedia / Billboard Boxscore
Coldplay,Music of the Spheres World Tour,Alternative Rock,11 July 2025,Toronto,Canada,Rogers Stadium,Ayra Starr Elyanna,"207,412 / 207,412","$27,649,821",Wikipedia / Billboard Boxscore
Coldplay,Music of the Spheres World Tour,Alternative Rock,12 July 2025,Toronto,Canada,Rogers Stadium,Ayra Starr Elyanna,"207,412 / 207,412","$27,649,821",Wikipedia / Billboard Boxscore
Coldplay,Music of the Spheres World Tour,Alternative Rock,15 July 2025,Foxborough,United States,Gillette Stadium,Ayra Starr Elyanna,"112,462 / 112,462","$15,676,908",Wikipedia / Billboard Boxscore
Coldplay,Music of the Spheres World Tour,Alternative Rock,16 July 2025,Foxborough,United States,Gillette Stadium,Ayra Starr Elyanna,"112,462 / 112,462","$15,676,908",Wikipedia / Billboard Boxscore
Coldplay,Music of the Spheres World Tour,Alternative Rock,19 July 2025,Madison,United States,Camp Randall Stadium,Ayra Starr Elyanna Shone,"58,139 / 58,139","$7,536,623",Wikipedia / Billboard Boxscore
Coldplay,Music of the Spheres World Tour,Alternative Rock,22 July 2025,Nashville,United States,Nissan Stadium,Ayra Starr Elyanna Bobby Gonz,"55,663 / 55,663","$6,514,557",Wikipedia / Billboard Boxscore
Coldplay,Music of the Spheres World Tour,Alternative Rock,26 July 2025,Miami Gardens,United States,Hard Rock Stadium,Ayra Starr Elyanna Shone,"98,481 / 98,481","$13,167,393",Wikipedia / Billboard Boxscore
Coldplay,Music of the Spheres World Tour,Alternative Rock,27 July 2025,Miami Gardens,United States,Hard Rock Stadium,Ayra Starr Elyanna Shone,"98,481 / 98,481","$13,167,393",Wikipedia / Billboard Boxscore
Coldplay,Music of the Spheres World Tour,Alternative Rock,18 August 2025,Kingston upon Hull,England,Craven Park,Ayra Starr Chiedu Oraka,"46,000 / 46,000","$6,495,710",Wikipedia / Billboard Boxscore
Coldplay,Music of the Spheres World Tour,Alternative Rock,19 August 2025,Kingston upon Hull,England,Craven Park,Ayra Starr Chiedu Oraka,"46,000 / 46,000","$6,495,710",Wikipedia / Billboard Boxscore
Coldplay,Music of the Spheres World Tour,Alternative Rock,22 August 2025,London,England,Wembley Stadium,Ayra Starr Elyanna Gustavo Dudamel,"791,000 / 791,000","$131,389,430",Wikipedia / Billboard Boxscore
Coldplay,Music of the Spheres World Tour,Alternative Rock,23 August 2025,London,England,Wembley Stadium,Ayra Starr Elyanna Gustavo Dudamel,"791,000 / 791,000","$131,389,430",Wikipedia / Billboard Boxscore
Coldplay,Music of the Spheres World Tour,Alternative Rock,26 August 2025,London,England,Wembley Stadium,Elyanna Chloe Qisha Gustavo Dudamel,"791,000 / 791,000","$131,389,430",Wikipedia / Billboard Boxscore
Coldplay,Music of the Spheres World Tour,Alternative Rock,27 August 2025,London,England,Wembley Stadium,Elyanna Chloe Qisha Gustavo Dudamel,"791,000 / 791,000","$131,389,430",Wikipedia / Billboard Boxscore
Coldplay,Music of the Spheres World Tour,Alternative Rock,30 August 2025,London,England,Wembley Stadium,Beabadoobee Elyanna Gustavo Dudamel,"791,000 / 791,000","$131,389,430",Wikipedia / Billboard Boxscore
Coldplay,Music of the Spheres World Tour,Alternative Rock,31 August 2025,London,England,Wembley Stadium,Beabadoobee Elyanna Gustavo Dudamel,"791,000 / 791,000","$131,389,430",Wikipedia / Billboard Boxscore
Coldplay,Music of the Spheres World Tour,Alternative Rock,3 September 2025,London,England,Wembley Stadium,Tems Elyanna Gustavo Dudamel,"791,000 / 791,000","$131,389,430",Wikipedia / Billboard Boxscore
Coldplay,Music of the Spheres World Tour,Alternative Rock,4 September 2025,London,England,Wembley Stadium,Tems Elyanna Gustavo Dudamel,"791,000 / 791,000","$131,389,430",Wikipedia / Billboard Boxscore
Coldplay,Music of the Spheres World Tour,Alternative Rock,6 September 2025,London,England,Wembley Stadium,Tems Elyanna Gustavo Dudamel,"791,000 / 791,000","$131,389,430",Wikipedia / Billboard Boxscore
Coldplay,Music of the Spheres World Tour,Alternative Rock,12 September 2025,London,England,Wembley Stadium,Elyanna Chloe Qisha Andrés Ascanio,"791,000 / 791,000","$131,389,430",Wikipedia / Billboard Boxscore
Beyoncé,Renaissance World Tour,R&B / Pop,May 10 2023,Stockholm,Sweden,Friends Arena,,"90,169 / 90,169","$9,802,155",Wikipedia / Billboard Boxscore
Beyoncé,Renaissance World Tour,R&B / Pop,May 11 2023,Stockholm,Sweden,Friends Arena,,"90,169 / 90,169","$9,802,155",Wikipedia / Billboard Boxscore
Beyoncé,Renaissance World Tour,R&B / Pop,May 14 2023,Brussels,Belgium,King Baudouin Stadium,,"53,062 / 53,062","$6,529,627",Wikipedia / Billboard Boxscore
Beyoncé,Renaissance World Tour,R&B / Pop,May 17 2023,Cardiff,Wales,Principality Stadium,,"52,756 / 52,756","$6,967,662",Wikipedia / Billboard Boxscore
Beyoncé,Renaissance World Tour,R&B / Pop,May 20 2023,Edinburgh,Scotland,BT Murrayfield Stadium,,"55,834 / 55,834","$7,872,596",Wikipedia / Billboard Boxscore
Beyoncé,Renaissance World Tour,R&B / Pop,May 23 2023,Sunderland,England,Stadium of Light,,"44,790 / 44,790","$6,217,446",Wikipedia / Billboard Boxscore
Beyoncé,Renaissance World Tour,R&B / Pop,May 26 2023,Saint-Denis,France,Stade de France,,"68,624 / 68,624","$9,402,605",Wikipedia / Billboard Boxscore
Beyoncé,Renaissance World Tour,R&B / Pop,May 29 2023,London,England,Tottenham Hotspur Stadium,,"240,330 / 240,330","$38,986,169",Wikipedia / Billboard Boxscore
Beyoncé,Renaissance World Tour,R&B / Pop,May 30 2023,London,England,Tottenham Hotspur Stadium,,"240,330 / 240,330","$38,986,169",Wikipedia / Billboard Boxscore
Beyoncé,Renaissance World Tour,R&B / Pop,June 1 2023,London,England,Tottenham Hotspur Stadium,,"240,330 / 240,330","$38,986,169",Wikipedia / Billboard Boxscore
Beyoncé,Renaissance World Tour,R&B / Pop,June 3 2023,London,England,Tottenham Hotspur Stadium,,"240,330 / 240,330","$38,986,169",Wikipedia / Billboard Boxscore
Beyoncé,Renaissance World Tour,R&B / Pop,June 4 2023,London,England,Tottenham Hotspur Stadium,,"240,330 / 240,330","$38,986,169",Wikipedia / Billboard Boxscore
Beyoncé,Renaissance World Tour,R&B / Pop,June 8 2023,Barcelona,Spain,Estadi Olímpic Lluís Companys,,"52,889 / 52,889","$6,694,569",Wikipedia / Billboard Boxscore
Beyoncé,Renaissance World Tour,R&B / Pop,June 11 2023,Marseille,France,Orange Vélodrome,,"56,352 / 56,352","$7,070,570",Wikipedia / Billboard Boxscore
Beyoncé,Renaissance World Tour,R&B / Pop,June 15 2023,Cologne,Germany,RheinEnergieStadion,,"41,166 / 41,166","$5,437,729",Wikipedia / Billboard Boxscore
Beyoncé,Renaissance World Tour,R&B / Pop,June 17 2023,Amsterdam,Netherlands,Johan Cruyff Arena,,"97,657 / 97,657","$12,817,577",Wikipedia / Billboard Boxscore
Beyoncé,Renaissance World Tour,R&B / Pop,June 18 2023,Amsterdam,Netherlands,Johan Cruyff Arena,,"97,657 / 97,657","$12,817,577",Wikipedia / Billboard Boxscore
Beyoncé,Renaissance World Tour,R&B / Pop,June 21 2023,Hamburg,Germany,Volksparkstadion,,"43,335 / 43,335","$5,757,020",Wikipedia / Billboard Boxscore
Beyoncé,Renaissance World Tour,R&B / Pop,June 24 2023,Frankfurt,Germany,Deutsche Bank Park,,"42,280 / 42,280","$5,852,675",Wikipedia / Billboard Boxscore
Beyoncé,Renaissance World Tour,R&B / Pop,June 27 2023,Warsaw,Poland,PGE Narodowy,,"108,141 / 108,141","$12,378,058",Wikipedia / Billboard Boxscore
Beyoncé,Renaissance World Tour,R&B / Pop,June 28 2023,Warsaw,Poland,PGE Narodowy,,"108,141 / 108,141","$12,378,058",Wikipedia / Billboard Boxscore
Beyoncé,Renaissance World Tour,R&B / Pop,July 8 2023,Toronto,Canada,Rogers Centre,,"76,577 / 76,577","$18,340,330",Wikipedia / Billboard Boxscore
Beyoncé,Renaissance World Tour,R&B / Pop,July 9 2023,Toronto,Canada,Rogers Centre,,"76,577 / 76,577","$18,340,330",Wikipedia / Billboard Boxscore
Beyoncé,Renaissance World Tour,R&B / Pop,July 12 2023,Philadelphia,United States,Lincoln Financial Field,,"52,181 / 52,181","$11,976,831",Wikipedia / Billboard Boxscore
Beyoncé,Renaissance World Tour,R&B / Pop,July 15 2023,Nashville,United States,Nissan Stadium,,"44,742 / 44,742","$9,412,176",Wikipedia / Billboard Boxscore
Beyoncé,Renaissance World Tour,R&B / Pop,July 17 2023,Louisville,United States,L&N Federal Credit Union Stadium,,"41,818 / 41,818","$6,450,896",Wikipedia / Billboard Boxscore
Beyoncé,Renaissance World Tour,R&B / Pop,July 20 2023,Minneapolis,United States,Huntington Bank Stadium,,"39,415 / 39,415","$8,217,178",Wikipedia / Billboard Boxscore
Beyoncé,Renaissance World Tour,R&B / Pop,July 22 2023,Chicago,United States,Soldier Field,,"97,686 / 97,686","$30,115,863",Wikipedia / Billboard Boxscore
Beyoncé,Renaissance World Tour,R&B / Pop,July 23 2023,Chicago,United States,Soldier Field,,"97,686 / 97,686","$30,115,863",Wikipedia / Billboard Boxscore
Beyoncé,Renaissance World Tour,R&B / Pop,July 26 2023,Detroit,United States,Ford Field,,"44,554 / 44,554","$9,963,756",Wikipedia / Billboard Boxscore
Beyoncé,Renaissance World Tour,R&B / Pop,July 29 2023,East Rutherford,United States,MetLife Stadium,,"106,056 / 106,056","$33,082,997",Wikipedia / Billboard Boxscore
Beyoncé,Renaissance World Tour,R&B / Pop,July 30 2023,East Rutherford,United States,MetLife Stadium,,"106,056 / 106,056","$33,082,997",Wikipedia / Billboard Boxscore
Beyoncé,Renaissance World Tour,R&B / Pop,August 1 2023,Foxborough,United States,Gillette Stadium,,"49,740 / 49,740","$13,801,160",Wikipedia / Billboard Boxscore
Beyoncé,Renaissance World Tour,R&B / Pop,August 5 2023,Landover,United States,FedExField,,"97,909 / 97,909","$29,392,299",Wikipedia / Billboard Boxscore
Beyoncé,Renaissance World Tour,R&B / Pop,August 6 2023,Landover,United States,FedExField,,"97,909 / 97,909","$29,392,299",Wikipedia / Billboard Boxscore
Beyoncé,Renaissance World Tour,R&B / Pop,August 9 2023,Charlotte,United States,Bank of America Stadium,,"53,612 / 53,612","$12,227,012",Wikipedia / Billboard Boxscore
Beyoncé,Renaissance World Tour,R&B / Pop,August 11 2023,Atlanta,United States,Mercedes-Benz Stadium,,"156,317 / 156,317","$39,849,890",Wikipedia / Billboard Boxscore
Beyoncé,Renaissance World Tour,R&B / Pop,August 12 2023,Atlanta,United States,Mercedes-Benz Stadium,,"156,317 / 156,317","$39,849,890",Wikipedia / Billboard Boxscore
Beyoncé,Renaissance World Tour,R&B / Pop,August 14 2023,Atlanta,United States,Mercedes-Benz Stadium,,"156,317 / 156,317","$39,849,890",Wikipedia / Billboard Boxscore
Beyoncé,Renaissance World Tour,R&B / Pop,August 16 2023,Tampa,United States,Raymond James Stadium,,"55,408 / 55,408","$13,158,166",Wikipedia / Billboard Boxscore
Beyoncé,Renaissance World Tour,R&B / Pop,August 18 2023,Miami Gardens,United States,Hard Rock Stadium,,"47,487 / 47,487","$14,362,704",Wikipedia / Billboard Boxscore
Beyoncé,Renaissance World Tour,R&B / Pop,August 21 2023,St. Louis,United States,The Dome at America's Center,,"45,836 / 45,836","$7,064,451",Wikipedia / Billboard Boxscore
Beyoncé,Renaissance World Tour,R&B / Pop,August 24 2023,Glendale,United States,State Farm Stadium,,"54,705 / 54,705","$8,226,165",Wikipedia / Billboard Boxscore
Beyoncé,Renaissance World Tour,R&B / Pop,August 26 2023,Paradise,United States,Allegiant Stadium,,"86,465 / 86,465","$25,784,512",Wikipedia / Billboard Boxscore
Beyoncé,Renaissance World Tour,R&B / Pop,August 27 2023,Paradise,United States,Allegiant Stadium,,"86,465 / 86,465","$25,784,512",Wikipedia / Billboard Boxscore
Beyoncé,Renaissance World Tour,R&B / Pop,August 30 2023,Santa Clara,United States,Levi's Stadium,,"49,613 / 49,613","$15,402,846",Wikipedia / Billboard Boxscore
Beyoncé,Renaissance World Tour,R&B / Pop,September 1 2023,Inglewood,United States,SoFi Stadium,,"155,567 / 155,567","$45,540,402",Wikipedia / Billboard Boxscore
Beyoncé,Renaissance World Tour,R&B / Pop,September 2 2023,Inglewood,United States,SoFi Stadium,,"155,567 / 155,567","$45,540,402",Wikipedia / Billboard Boxscore
Beyoncé,Renaissance World Tour,R&B / Pop,September 4 2023,Inglewood,United States,SoFi Stadium,,"155,567 / 155,567","$45,540,402",Wikipedia / Billboard Boxscore
Beyoncé,Renaissance World Tour,R&B / Pop,September 11 2023,Vancouver,Canada,BC Place,,"38,342 / 38,342","$7,923,348",Wikipedia / Billboard Boxscore
Beyoncé,Renaissance World Tour,R&B / Pop,September 14 2023,Seattle,United States,Lumen Field,,"56,763 / 56,763","$12,459,518",Wikipedia / Billboard Boxscore
Beyoncé,Renaissance World Tour,R&B / Pop,September 21 2023,Arlington,United States,AT&T Stadium,,"52,953 / 52,953","$13,849,491",Wikipedia / Billboard Boxscore
Beyoncé,Renaissance World Tour,R&B / Pop,September 23 2023,Houston,United States,NRG Stadium,,"123,308 / 123,308","$31,332,332",Wikipedia / Billboard Boxscore
Beyoncé,Renaissance World Tour,R&B / Pop,September 24 2023,Houston,United States,NRG Stadium,,"123,308 / 123,308","$31,332,332",Wikipedia / Billboard Boxscore
Beyoncé,Renaissance World Tour,R&B / Pop,September 27 2023,New Orleans,United States,Caesars Superdome,,"49,265 / 49,265","$10,802,708",Wikipedia / Billboard Boxscore
Beyoncé,Renaissance World Tour,R&B / Pop,October 1 2023,Kansas City,United States,GEHA Field at Arrowhead Stadium,,"53,150 / 53,150","$9,290,057",Wikipedia / Billboard Boxscore
Harry Styles,Love on Tour,Pop Rock,4 September 2021,Paradise,United States,MGM Grand Garden Arena,Jenny Lewis,"13,413 / 13,413","$1,686,284",Wikipedia / Billboard Boxscore
Harry Styles,Love on Tour,Pop Rock,7 September 2021,Denver,United States,Ball Arena,Jenny Lewis,"17,347 / 17,347","$1,863,008",Wikipedia / Billboard Boxscore
Harry Styles,Love on Tour,Pop Rock,9 September 2021,San Antonio,United States,AT&T Center,Jenny Lewis,"17,298 / 17,298","$2,131,207",Wikipedia / Billboard Boxscore
Harry Styles,Love on Tour,Pop Rock,11 September 2021,Dallas,United States,American Airlines Center,Jenny Lewis,"17,682 / 17,682","$2,193,709",Wikipedia / Billboard Boxscore
Harry Styles,Love on Tour,Pop Rock,15 September 2021,St. Louis,United States,Enterprise Center,Jenny Lewis,"17,171 / 17,171","$2,745,557",Wikipedia / Billboard Boxscore
Harry Styles,Love on Tour,Pop Rock,17 September 2021,Philadelphia,United States,Wells Fargo Center,Jenny Lewis,"18,995 / 18,995","$2,319,947",Wikipedia / Billboard Boxscore
Harry Styles,Love on Tour,Pop Rock,18 September 2021,"Washington, D.C.",United States,Capital One Arena,Jenny Lewis,"18,903 / 18,903","$2,753,018",Wikipedia / Billboard Boxscore
Harry Styles,Love on Tour,Pop Rock,20 September 2021,Detroit,United States,Little Caesars Arena,Jenny Lewis,"18,204 / 18,204","$2,281,394",Wikipedia / Billboard Boxscore
Harry Styles,Love on Tour,Pop Rock,22 September 2021,Saint Paul,United States,Xcel Energy Center,Jenny Lewis,"18,114 / 18,114","$2,241,288",Wikipedia / Billboard Boxscore
Harry Styles,Love on Tour,Pop Rock,24 September 2021,Chicago,United States,United Center,Jenny Lewis,"39,387 / 39,387","$4,750,594",Wikipedia / Billboard Boxscore
Harry Styles,Love on Tour,Pop Rock,25 September 2021,Chicago,United States,United Center,Jenny Lewis,"39,387 / 39,387","$4,750,594",Wikipedia / Billboard Boxscore
Harry Styles,Love on Tour,Pop Rock,29 September 2021,Nashville,United States,Bridgestone Arena,Jenny Lewis,"32,627 / 32,627","$4,464,889",Wikipedia / Billboard Boxscore
Harry Styles,Love on Tour,Pop Rock,1 October 2021,Nashville,United States,Bridgestone Arena,Jenny Lewis,"32,627 / 32,627","$4,464,889",Wikipedia / Billboard Boxscore
Harry Styles,Love on Tour,Pop Rock,3 October 2021,New York City,United States,Madison Square Garden,Jenny Lewis,"56,392 / 56,392","$8,099,555",Wikipedia / Billboard Boxscore
Harry Styles,Love on Tour,Pop Rock,4 October 2021,New York City,United States,Madison Square Garden,Jenny Lewis,"56,392 / 56,392","$8,099,555",Wikipedia / Billboard Boxscore
Harry Styles,Love on Tour,Pop Rock,7 October 2021,Orlando,United States,Amway Center,Jenny Lewis,"16,898 / 16,898","$1,904,939",Wikipedia / Billboard Boxscore
Harry Styles,Love on Tour,Pop Rock,8 October 2021,Sunrise,United States,FLA Live Arena,Jenny Lewis,"18,176 / 18,176","$2,350,545",Wikipedia / Billboard Boxscore
Harry Styles,Love on Tour,Pop Rock,10 October 2021,Tampa,United States,Amalie Arena,Jenny Lewis,"18,183 / 18,183","$2,029,171",Wikipedia / Billboard Boxscore
Harry Styles,Love on Tour,Pop Rock,12 October 2021,Raleigh,United States,PNC Arena,Jenny Lewis,"18,616 / 18,616","$2,238,542",Wikipedia / Billboard Boxscore
Harry Styles,Love on Tour,Pop Rock,14 October 2021,Pittsburgh,United States,PPG Paints Arena,Jenny Lewis,"18,369 / 18,369","$2,137,752",Wikipedia / Billboard Boxscore
Harry Styles,Love on Tour,Pop Rock,18 October 2021,Cleveland,United States,Rocket Mortgage FieldHouse,Jenny Lewis,"17,786 / 17,786","$2,197,690",Wikipedia / Billboard Boxscore
Harry Styles,Love on Tour,Pop Rock,21 October 2021,Uncasville,United States,Mohegan Sun Arena,Jenny Lewis,"18,159 / 18,159","$2,165,968",Wikipedia / Billboard Boxscore
Harry Styles,Love on Tour,Pop Rock,23 October 2021,Uncasville,United States,Mohegan Sun Arena,Jenny Lewis,"18,159 / 18,159","$2,165,968",Wikipedia / Billboard Boxscore
Harry Styles,Love on Tour,Pop Rock,25 October 2021,Boston,United States,TD Garden,Jenny Lewis,"16,743 / 16,743","$2,306,243",Wikipedia / Billboard Boxscore
Harry Styles,Love on Tour,Pop Rock,27 October 2021,Atlanta,United States,State Farm Arena,Jenny Lewis,"31,146 / 31,146","$4,146,897",Wikipedia / Billboard Boxscore
Harry Styles,Love on Tour,Pop Rock,28 October 2021,Atlanta,United States,State Farm Arena,Jenny Lewis,"31,146 / 31,146","$4,146,897",Wikipedia / Billboard Boxscore
Harry Styles,Love on Tour,Pop Rock,30 October 2021,New York City,United States,Madison Square Garden,Madison Cunningham Orville Peck,"37,321 / 37,321","$5,714,220",Wikipedia / Billboard Boxscore
Harry Styles,Love on Tour,Pop Rock,31 October 2021,New York City,United States,Madison Square Garden,Madison Cunningham Orville Peck,"37,321 / 37,321","$5,714,220",Wikipedia / Billboard Boxscore
Harry Styles,Love on Tour,Pop Rock,3 November 2021,Milwaukee,United States,Fiserv Forum,Jenny Lewis,"16,881 / 16,881","$2,312,794",Wikipedia / Billboard Boxscore
Harry Styles,Love on Tour,Pop Rock,7 November 2021,Tacoma,United States,Tacoma Dome,Jenny Lewis,"21,469 / 21,469","$2,746,176",Wikipedia / Billboard Boxscore
Harry Styles,Love on Tour,Pop Rock,8 November 2021,Portland,United States,Moda Center,Jenny Lewis,"17,890 / 17,890","$2,125,697",Wikipedia / Billboard Boxscore
Harry Styles,Love on Tour,Pop Rock,10 November 2021,Sacramento,United States,Golden 1 Center,Jenny Lewis,"16,745 / 16,745","$2,292,473",Wikipedia / Billboard Boxscore
Harry Styles,Love on Tour,Pop Rock,11 November 2021,San Jose,United States,SAP Center,Jenny Lewis,"17,823 / 17,823","$2,244,533",Wikipedia / Billboard Boxscore
Harry Styles,Love on Tour,Pop Rock,13 November 2021,Glendale,United States,Gila River Arena,Jenny Lewis,"16,846 / 16,846","$2,036,487",Wikipedia / Billboard Boxscore
Harry Styles,Love on Tour,Pop Rock,15 November 2021,San Diego,United States,Pechanga Arena,Jenny Lewis,"13,728 / 13,728","$1,641,218",Wikipedia / Billboard Boxscore
Harry Styles,Love on Tour,Pop Rock,17 November 2021,Inglewood,United States,The Forum,Jenny Lewis,"50,739 / 50,739","$6,602,191",Wikipedia / Billboard Boxscore
Harry Styles,Love on Tour,Pop Rock,19 November 2021,Inglewood,United States,The Forum,Jenny Lewis,"50,739 / 50,739","$6,602,191",Wikipedia / Billboard Boxscore
Harry Styles,Love on Tour,Pop Rock,20 November 2021,Inglewood,United States,The Forum,Jenny Lewis,"50,739 / 50,739","$6,602,191",Wikipedia / Billboard Boxscore
Harry Styles,Love on Tour,Pop Rock,23 November 2021,Houston,United States,Toyota Center,— N/a,"16,541 / 16,541","$2,171,475",Wikipedia / Billboard Boxscore
Harry Styles,Love on Tour,Pop Rock,24 November 2021,North Little Rock,United States,Simmons Bank Arena,— N/a,"16,691 / 16,691","$2,525,863",Wikipedia / Billboard Boxscore
Harry Styles,Love on Tour,Pop Rock,28 November 2021,Elmont,United States,UBS Arena,— N/a,"16,777 / 16,777","$3,272,836",Wikipedia / Billboard Boxscore
Harry Styles,Love on Tour,Pop Rock,11 June 2022,Glasgow,Scotland,Ibrox Stadium,Mitski,"43,637 / 43,637","$4,229,885",Wikipedia / Billboard Boxscore
Harry Styles,Love on Tour,Pop Rock,15 June 2022,Manchester,England,Emirates Old Trafford,Mitski,"99,526 / 99,526","$9,179,139",Wikipedia / Billboard Boxscore
Harry Styles,Love on Tour,Pop Rock,16 June 2022,Manchester,England,Emirates Old Trafford,Mitski,"99,526 / 99,526","$9,179,139",Wikipedia / Billboard Boxscore
Harry Styles,Love on Tour,Pop Rock,18 June 2022,London,England,Wembley Stadium,Mitski,"147,269 / 147,269","$14,479,293",Wikipedia / Billboard Boxscore
Harry Styles,Love on Tour,Pop Rock,19 June 2022,London,England,Wembley Stadium,Mitski,"147,269 / 147,269","$14,479,293",Wikipedia / Billboard Boxscore
Harry Styles,Love on Tour,Pop Rock,22 June 2022,Dublin,Ireland,Aviva Stadium,Arlo Parks,"50,422 / 50,422","$5,006,395",Wikipedia / Billboard Boxscore
Harry Styles,Love on Tour,Pop Rock,26 June 2022,Hamburg,Germany,Volksparkstadion,Wolf Alice,"42,192 / 42,192","$3,494,578",Wikipedia / Billboard Boxscore
Harry Styles,Love on Tour,Pop Rock,29 June 2022,Stockholm,Sweden,Tele2 Arena,Wolf Alice,"36,282 / 36,282","$3,068,314",Wikipedia / Billboard Boxscore
Harry Styles,Love on Tour,Pop Rock,1 July 2022,Oslo,Norway,Telenor Arena,Wolf Alice,"23,784 / 23,784","$2,089,269",Wikipedia / Billboard Boxscore
Harry Styles,Love on Tour,Pop Rock,5 July 2022,Paris,France,Accor Arena,Wolf Alice,"14,598 / 14,598","$1,030,721",Wikipedia / Billboard Boxscore
Harry Styles,Love on Tour,Pop Rock,7 July 2022,Antwerp,Belgium,Sportpaleis,Wolf Alice,"18,245 / 18,245","$1,207,376",Wikipedia / Billboard Boxscore
Harry Styles,Love on Tour,Pop Rock,9 July 2022,Amsterdam,Netherlands,Ziggo Dome,Wolf Alice,"13,080 / 13,080","$1,056,199",Wikipedia / Billboard Boxscore
Harry Styles,Love on Tour,Pop Rock,11 July 2022,Munich,Germany,Olympiahalle,Wolf Alice,"13,027 / 13,027","$991,358",Wikipedia / Billboard Boxscore
Harry Styles,Love on Tour,Pop Rock,13 July 2022,Budapest,Hungary,Budapest Sports Arena,Wolf Alice,"12,070 / 12,070","$788,891",Wikipedia / Billboard Boxscore
Harry Styles,Love on Tour,Pop Rock,15 July 2022,Prague,Czech Republic,O 2 Arena,Wolf Alice,"15,616 / 15,616","$1,069,985",Wikipedia / Billboard Boxscore
Harry Styles,Love on Tour,Pop Rock,16 July 2022,Vienna,Austria,Wiener Stadthalle,Wolf Alice,"10,910 / 10,910","$811,841",Wikipedia / Billboard Boxscore
Harry Styles,Love on Tour,Pop Rock,18 July 2022,Kraków,Poland,Tauron Arena,Wolf Alice,"15,158 / 15,158","$1,654,068",Wikipedia / Billboard Boxscore
Harry Styles,Love on Tour,Pop Rock,20 July 2022,Berlin,Germany,Mercedes-Benz Arena,Wolf Alice,"12,853 / 12,853","$1,026,787",Wikipedia / Billboard Boxscore
Harry Styles,Love on Tour,Pop Rock,22 July 2022,Cologne,Germany,Lanxess Arena,Wolf Alice,"16,069 / 16,069","$1,211,191",Wikipedia / Billboard Boxscore
Harry Styles,Love on Tour,Pop Rock,25 July 2022,Bologna,Italy,Unipol Arena,Wolf Alice,"12,699 / 12,699","$912,467",Wikipedia / Billboard Boxscore
Harry Styles,Love on Tour,Pop Rock,26 July 2022,Turin,Italy,Pala Alpitour,Wolf Alice,"14,513 / 14,513","$923,185",Wikipedia / Billboard Boxscore
Harry Styles,Love on Tour,Pop Rock,29 July 2022,Madrid,Spain,WiZink Center,Wolf Alice,"13,990 / 13,990","$964,164",Wikipedia / Billboard Boxscore
Harry Styles,Love on Tour,Pop Rock,31 July 2022,Lisbon,Portugal,Altice Arena,Wolf Alice,"12,671 / 12,671","$747,179",Wikipedia / Billboard Boxscore
Harry Styles,Love on Tour,Pop Rock,15 August 2022,Toronto,Canada,Scotiabank Arena,Madi Diaz,"36,607 / 36,607","$6,864,299",Wikipedia / Billboard Boxscore
Harry Styles,Love on Tour,Pop Rock,16 August 2022,Toronto,Canada,Scotiabank Arena,Madi Diaz,"36,607 / 36,607","$6,864,299",Wikipedia / Billboard Boxscore
Harry Styles,Love on Tour,Pop Rock,20 August 2022,New York City,United States,Madison Square Garden,Blood Orange,"276,852 / 276,852","$63,102,676",Wikipedia / Billboard Boxscore
Harry Styles,Love on Tour,Pop Rock,21 August 2022,New York City,United States,Madison Square Garden,Blood Orange,"276,852 / 276,852","$63,102,676",Wikipedia / Billboard Boxscore
Harry Styles,Love on Tour,Pop Rock,22 August 2022,New York City,United States,Madison Square Garden,Blood Orange,"276,852 / 276,852","$63,102,676",Wikipedia / Billboard Boxscore
Harry Styles,Love on Tour,Pop Rock,26 August 2022,New York City,United States,Madison Square Garden,Blood Orange,"276,852 / 276,852","$63,102,676",Wikipedia / Billboard Boxscore
Harry Styles,Love on Tour,Pop Rock,27 August 2022,New York City,United States,Madison Square Garden,Blood Orange,"276,852 / 276,852","$63,102,676",Wikipedia / Billboard Boxscore
Harry Styles,Love on Tour,Pop Rock,28 August 2022,New York City,United States,Madison Square Garden,Blood Orange,"276,852 / 276,852","$63,102,676",Wikipedia / Billboard Boxscore
Harry Styles,Love on Tour,Pop Rock,1 September 2022,New York City,United States,Madison Square Garden,Blood Orange,"276,852 / 276,852","$63,102,676",Wikipedia / Billboard Boxscore
Harry Styles,Love on Tour,Pop Rock,2 September 2022,New York City,United States,Madison Square Garden,Blood Orange,"276,852 / 276,852","$63,102,676",Wikipedia / Billboard Boxscore
Harry Styles,Love on Tour,Pop Rock,3 September 2022,New York City,United States,Madison Square Garden,Blood Orange,"276,852 / 276,852","$63,102,676",Wikipedia / Billboard Boxscore
Harry Styles,Love on Tour,Pop Rock,7 September 2022,New York City,United States,Madison Square Garden,Blood Orange,"276,852 / 276,852","$63,102,676",Wikipedia / Billboard Boxscore
Harry Styles,Love on Tour,Pop Rock,8 September 2022,New York City,United States,Madison Square Garden,Blood Orange,"276,852 / 276,852","$63,102,676",Wikipedia / Billboard Boxscore
Harry Styles,Love on Tour,Pop Rock,10 September 2022,New York City,United States,Madison Square Garden,Blood Orange,"276,852 / 276,852","$63,102,676",Wikipedia / Billboard Boxscore
Harry Styles,Love on Tour,Pop Rock,14 September 2022,New York City,United States,Madison Square Garden,Blood Orange,"276,852 / 276,852","$63,102,676",Wikipedia / Billboard Boxscore
Harry Styles,Love on Tour,Pop Rock,15 September 2022,New York City,United States,Madison Square Garden,Blood Orange,"276,852 / 276,852","$63,102,676",Wikipedia / Billboard Boxscore
Harry Styles,Love on Tour,Pop Rock,21 September 2022,New York City,United States,Madison Square Garden,Blood Orange,"276,852 / 276,852","$63,102,676",Wikipedia / Billboard Boxscore
Harry Styles,Love on Tour,Pop Rock,25 September 2022,Austin,United States,Moody Center,Gabriels,"86,056 / 86,056","$19,175,231",Wikipedia / Billboard Boxscore
Harry Styles,Love on Tour,Pop Rock,26 September 2022,Austin,United States,Moody Center,Gabriels,"86,056 / 86,056","$19,175,231",Wikipedia / Billboard Boxscore
Harry Styles,Love on Tour,Pop Rock,28 September 2022,Austin,United States,Moody Center,Gabriels,"86,056 / 86,056","$19,175,231",Wikipedia / Billboard Boxscore
Harry Styles,Love on Tour,Pop Rock,29 September 2022,Austin,United States,Moody Center,Gabriels,"86,056 / 86,056","$19,175,231",Wikipedia / Billboard Boxscore
Harry Styles,Love on Tour,Pop Rock,2 October 2022,Austin,United States,Moody Center,Gabriels,"86,056 / 86,056","$19,175,231",Wikipedia / Billboard Boxscore
Harry Styles,Love on Tour,Pop Rock,3 October 2022,Austin,United States,Moody Center,Gabriels,"86,056 / 86,056","$19,175,231",Wikipedia / Billboard Boxscore
Harry Styles,Love on Tour,Pop Rock,8 October 2022,Chicago,United States,United Center,Jessie Ware,"112,400 / 112,400","$20,358,593",Wikipedia / Billboard Boxscore
Harry Styles,Love on Tour,Pop Rock,9 October 2022,Chicago,United States,United Center,Jessie Ware,"112,400 / 112,400","$20,358,593",Wikipedia / Billboard Boxscore
Harry Styles,Love on Tour,Pop Rock,10 October 2022,Chicago,United States,United Center,Jessie Ware,"112,400 / 112,400","$20,358,593",Wikipedia / Billboard Boxscore
Harry Styles,Love on Tour,Pop Rock,13 October 2022,Chicago,United States,United Center,Jessie Ware,"112,400 / 112,400","$20,358,593",Wikipedia / Billboard Boxscore
Harry Styles,Love on Tour,Pop Rock,14 October 2022,Chicago,United States,United Center,Jessie Ware,"112,400 / 112,400","$20,358,593",Wikipedia / Billboard Boxscore
Harry Styles,Love on Tour,Pop Rock,15 October 2022,Chicago,United States,United Center,Jessie Ware,"112,400 / 112,400","$20,358,593",Wikipedia / Billboard Boxscore
Harry Styles,Love on Tour,Pop Rock,23 October 2022,Inglewood,United States,Kia Forum,Ben Harper,"204,916 / 204,916","$38,132,528",Wikipedia / Billboard Boxscore
Harry Styles,Love on Tour,Pop Rock,24 October 2022,Inglewood,United States,Kia Forum,Ben Harper,"204,916 / 204,916","$38,132,528",Wikipedia / Billboard Boxscore
Harry Styles,Love on Tour,Pop Rock,26 October 2022,Inglewood,United States,Kia Forum,Ben Harper,"204,916 / 204,916","$38,132,528",Wikipedia / Billboard Boxscore
Harry Styles,Love on Tour,Pop Rock,28 October 2022,Inglewood,United States,Kia Forum,Ben Harper,"204,916 / 204,916","$38,132,528",Wikipedia / Billboard Boxscore
Harry Styles,Love on Tour,Pop Rock,29 October 2022,Inglewood,United States,Kia Forum,Ben Harper,"204,916 / 204,916","$38,132,528",Wikipedia / Billboard Boxscore
Harry Styles,Love on Tour,Pop Rock,31 October 2022,Inglewood,United States,Kia Forum,Ben Harper,"204,916 / 204,916","$38,132,528",Wikipedia / Billboard Boxscore
Harry Styles,Love on Tour,Pop Rock,2 November 2022,Inglewood,United States,Kia Forum,Ben Harper,"204,916 / 204,916","$38,132,528",Wikipedia / Billboard Boxscore
Harry Styles,Love on Tour,Pop Rock,9 November 2022,Inglewood,United States,Kia Forum,Ben Harper,"204,916 / 204,916","$38,132,528",Wikipedia / Billboard Boxscore
Harry Styles,Love on Tour,Pop Rock,11 November 2022,Inglewood,United States,Kia Forum,Ben Harper,"204,916 / 204,916","$38,132,528",Wikipedia / Billboard Boxscore
Harry Styles,Love on Tour,Pop Rock,12 November 2022,Inglewood,United States,Kia Forum,Ben Harper,"204,916 / 204,916","$38,132,528",Wikipedia / Billboard Boxscore
Harry Styles,Love on Tour,Pop Rock,14 November 2022,Inglewood,United States,Kia Forum,Ben Harper,"204,916 / 204,916","$38,132,528",Wikipedia / Billboard Boxscore
Harry Styles,Love on Tour,Pop Rock,15 November 2022,Inglewood,United States,Kia Forum,Ben Harper,"204,916 / 204,916","$38,132,528",Wikipedia / Billboard Boxscore
Harry Styles,Love on Tour,Pop Rock,20 November 2022,Guadalajara,Mexico,Arena VFG,Koffee,"12,812 / 12,812","$1,116,186",Wikipedia / Billboard Boxscore
Harry Styles,Love on Tour,Pop Rock,22 November 2022,Monterrey,Mexico,Arena Monterrey,Koffee,"11,316 / 11,316","$832,767",Wikipedia / Billboard Boxscore
Harry Styles,Love on Tour,Pop Rock,24 November 2022,Mexico City,Mexico,Foro Sol,Koffee,"117,363 / 117,363","$7,563,097",Wikipedia / Billboard Boxscore
Harry Styles,Love on Tour,Pop Rock,25 November 2022,Mexico City,Mexico,Foro Sol,Koffee,"117,363 / 117,363","$7,563,097",Wikipedia / Billboard Boxscore
Harry Styles,Love on Tour,Pop Rock,27 November 2022,Cota,Colombia,Coliseo Live,Koffee,"19,933 / 19,933","$1,418,653",Wikipedia / Billboard Boxscore
Harry Styles,Love on Tour,Pop Rock,29 November 2022,Lima,Peru,Estadio Nacional,Koffee,"40,927 / 40,927","$3,006,682",Wikipedia / Billboard Boxscore
Harry Styles,Love on Tour,Pop Rock,1 December 2022,Santiago,Chile,Estadio Bicentenario de La Florida,DJ Kamila Govorčin Koffee,"25,505 / 25,505","$1,795,373",Wikipedia / Billboard Boxscore
Harry Styles,Love on Tour,Pop Rock,3 December 2022,Buenos Aires,Argentina,Estadio River Plate,Koffee Anita B Queen,"123,942 / 123,942","$8,966,109",Wikipedia / Billboard Boxscore
Harry Styles,Love on Tour,Pop Rock,4 December 2022,Buenos Aires,Argentina,Estadio River Plate,Koffee Anita B Queen,"123,942 / 123,942","$8,966,109",Wikipedia / Billboard Boxscore
Harry Styles,Love on Tour,Pop Rock,6 December 2022,São Paulo,Brazil,Allianz Parque,Koffee,"137,009 / 137,009","$11,113,075",Wikipedia / Billboard Boxscore
Harry Styles,Love on Tour,Pop Rock,8 December 2022,Rio de Janeiro,Brazil,Jeunesse Arena,Koffee,"33,260 / 33,260","$2,362,813",Wikipedia / Billboard Boxscore
Harry Styles,Love on Tour,Pop Rock,10 December 2022,Curitiba,Brazil,Pedreira Paulo Leminski,Koffee,"23,466 / 23,466","$2,268,067",Wikipedia / Billboard Boxscore
Harry Styles,Love on Tour,Pop Rock,26 January 2023,Inglewood,United States,Kia Forum,Wet Leg,"51,342 / 51,342","$9,623,023",Wikipedia / Billboard Boxscore
Harry Styles,Love on Tour,Pop Rock,27 January 2023,Inglewood,United States,Kia Forum,Wet Leg,"51,342 / 51,342","$9,623,023",Wikipedia / Billboard Boxscore
Harry Styles,Love on Tour,Pop Rock,29 January 2023,Inglewood,United States,Kia Forum,Wet Leg,"51,342 / 51,342","$9,623,023",Wikipedia / Billboard Boxscore
Harry Styles,Love on Tour,Pop Rock,31 January 2023,Thousand Palms,United States,Acrisure Arena,Madi Diaz,"20,939 / 20,939","$5,577,876",Wikipedia / Billboard Boxscore
Harry Styles,Love on Tour,Pop Rock,1 February 2023,Thousand Palms,United States,Acrisure Arena,Madi Diaz,"20,939 / 20,939","$5,577,876",Wikipedia / Billboard Boxscore
Harry Styles,Love on Tour,Pop Rock,20 February 2023,Perth,Australia,HBF Park,Wet Leg,"30,849 / 30,849","$4,409,981",Wikipedia / Billboard Boxscore
Harry Styles,Love on Tour,Pop Rock,24 February 2023,Melbourne,Australia,Marvel Stadium,Wet Leg,"114,616 / 114,616","$15,042,107",Wikipedia / Billboard Boxscore
Harry Styles,Love on Tour,Pop Rock,25 February 2023,Melbourne,Australia,Marvel Stadium,Wet Leg,"114,616 / 114,616","$15,042,107",Wikipedia / Billboard Boxscore
Harry Styles,Love on Tour,Pop Rock,28 February 2023,Gold Coast,Australia,Metricon Stadium,Wet Leg,"48,177 / 48,177","$6,550,585",Wikipedia / Billboard Boxscore
Harry Styles,Love on Tour,Pop Rock,3 March 2023,Sydney,Australia,Accor Stadium,Wet Leg,"137,443 / 137,443","$16,445,460",Wikipedia / Billboard Boxscore
Harry Styles,Love on Tour,Pop Rock,4 March 2023,Sydney,Australia,Accor Stadium,Wet Leg,"137,443 / 137,443","$16,445,460",Wikipedia / Billboard Boxscore
Harry Styles,Love on Tour,Pop Rock,7 March 2023,Auckland,New Zealand,Mount Smart Stadium,Ny Oh Wet Leg,"41,979 / 41,979","$5,111,127",Wikipedia / Billboard Boxscore
Harry Styles,Love on Tour,Pop Rock,11 March 2023,Bangkok,Thailand,Rajamangala Stadium,—,"27,492 / 27,492","$2,860,607",Wikipedia / Billboard Boxscore
Harry Styles,Love on Tour,Pop Rock,14 March 2023,Bocaue,Philippines,Philippine Arena,—,"29,247 / 29,247","$3,337,289",Wikipedia / Billboard Boxscore
Harry Styles,Love on Tour,Pop Rock,17 March 2023,Singapore,Singapore,National Stadium,—,"25,654 / 25,654","$4,696,429",Wikipedia / Billboard Boxscore
Harry Styles,Love on Tour,Pop Rock,20 March 2023,Seoul,South Korea,KSPO Dome,—,"15,314 / 15,314","$1,949,014",Wikipedia / Billboard Boxscore
Harry Styles,Love on Tour,Pop Rock,24 March 2023,Tokyo,Japan,Ariake Arena,—,"24,325 / 24,325","$3,274,769",Wikipedia / Billboard Boxscore
Harry Styles,Love on Tour,Pop Rock,25 March 2023,Tokyo,Japan,Ariake Arena,—,"24,325 / 24,325","$3,274,769",Wikipedia / Billboard Boxscore
Harry Styles,Love on Tour,Pop Rock,17 May 2023,Munich,Germany,Olympiastadion,Wet Leg,"120,877 / 120,877","$12,496,890",Wikipedia / Billboard Boxscore
Harry Styles,Love on Tour,Pop Rock,18 May 2023,Munich,Germany,Olympiastadion,Wet Leg,"120,877 / 120,877","$12,496,890",Wikipedia / Billboard Boxscore
Harry Styles,Love on Tour,Pop Rock,22 May 2023,Coventry,England,Coventry Building Society Arena,Wet Leg,"72,026 / 72,026","$8,462,319",Wikipedia / Billboard Boxscore
Harry Styles,Love on Tour,Pop Rock,23 May 2023,Coventry,England,Coventry Building Society Arena,Wet Leg,"72,026 / 72,026","$8,462,319",Wikipedia / Billboard Boxscore
Harry Styles,Love on Tour,Pop Rock,26 May 2023,Edinburgh,Scotland,BT Murrayfield Stadium,Wet Leg,"128,838 / 128,838","$14,335,817",Wikipedia / Billboard Boxscore
Harry Styles,Love on Tour,Pop Rock,27 May 2023,Edinburgh,Scotland,BT Murrayfield Stadium,Wet Leg,"128,838 / 128,838","$14,335,817",Wikipedia / Billboard Boxscore
Harry Styles,Love on Tour,Pop Rock,1 June 2023,Saint-Denis,France,Stade de France,Wet Leg,"132,880 / 132,880","$14,079,140",Wikipedia / Billboard Boxscore
Harry Styles,Love on Tour,Pop Rock,2 June 2023,Saint-Denis,France,Stade de France,Wet Leg,"132,880 / 132,880","$14,079,140",Wikipedia / Billboard Boxscore
Harry Styles,Love on Tour,Pop Rock,4 June 2023,Amsterdam,Netherlands,Johan Cruijff Arena,Wet Leg,"154,903 / 154,903","$16,498,991",Wikipedia / Billboard Boxscore
Harry Styles,Love on Tour,Pop Rock,5 June 2023,Amsterdam,Netherlands,Johan Cruijff Arena,Wet Leg,"154,903 / 154,903","$16,498,991",Wikipedia / Billboard Boxscore
Harry Styles,Love on Tour,Pop Rock,6 June 2023,Amsterdam,Netherlands,Johan Cruijff Arena,Wet Leg,"154,903 / 154,903","$16,498,991",Wikipedia / Billboard Boxscore
Harry Styles,Love on Tour,Pop Rock,10 June 2023,Slane,Ireland,Slane Castle,Inhaler Annie Mac Mitch Rowland Wet Leg,"83,310 / 83,310","$10,367,213",Wikipedia / Billboard Boxscore
Harry Styles,Love on Tour,Pop Rock,13 June 2023,London,England,Wembley Stadium,Madi Diaz Wet Leg,"335,394 / 335,394","$37,341,665",Wikipedia / Billboard Boxscore
Harry Styles,Love on Tour,Pop Rock,14 June 2023,London,England,Wembley Stadium,Ariza Elin Wet Leg,"335,394 / 335,394","$37,341,665",Wikipedia / Billboard Boxscore
Harry Styles,Love on Tour,Pop Rock,16 June 2023,London,England,Wembley Stadium,Mitch Rowland Wet Leg,"335,394 / 335,394","$37,341,665",Wikipedia / Billboard Boxscore
Harry Styles,Love on Tour,Pop Rock,17 June 2023,London,England,Wembley Stadium,Pauli the PSM Wet Leg Yaffra,"335,394 / 335,394","$37,341,665",Wikipedia / Billboard Boxscore
Harry Styles,Love on Tour,Pop Rock,20 June 2023,Cardiff,Wales,Principality Stadium,Wet Leg,"115,047 / 115,047","$12,519,389",Wikipedia / Billboard Boxscore
Harry Styles,Love on Tour,Pop Rock,21 June 2023,Cardiff,Wales,Principality Stadium,Wet Leg,"115,047 / 115,047","$12,519,389",Wikipedia / Billboard Boxscore
Harry Styles,Love on Tour,Pop Rock,27 June 2023,Düsseldorf,Germany,Merkur Spiel-Arena,Wet Leg,"84,580 / 84,580","$9,808,564",Wikipedia / Billboard Boxscore
Harry Styles,Love on Tour,Pop Rock,28 June 2023,Düsseldorf,Germany,Merkur Spiel-Arena,Wet Leg,"84,580 / 84,580","$9,808,564",Wikipedia / Billboard Boxscore
Harry Styles,Love on Tour,Pop Rock,5 July 2023,Frankfurt,Germany,Deutsche Bank Park,Wet Leg,"90,976 / 90,976","$9,834,218",Wikipedia / Billboard Boxscore
Harry Styles,Love on Tour,Pop Rock,6 July 2023,Frankfurt,Germany,Deutsche Bank Park,Wet Leg,"90,976 / 90,976","$9,834,218",Wikipedia / Billboard Boxscore
The Weeknd,After Hours til Dawn Tour,R&B / Pop,July 14 2022,Philadelphia,United States,Lincoln Financial Field,Mike Dean Kaytranada,"46,486 / 46,486","$5,131,280",Wikipedia / Billboard Boxscore
The Weeknd,After Hours til Dawn Tour,R&B / Pop,July 16 2022,East Rutherford,United States,MetLife Stadium,Mike Dean Kaytranada,"54,703 / 54,703","$9,890,367",Wikipedia / Billboard Boxscore
The Weeknd,After Hours til Dawn Tour,R&B / Pop,July 21 2022,Foxborough,United States,Gillette Stadium,Mike Dean Kaytranada,"48,993 / 56,257","$6,278,792",Wikipedia / Billboard Boxscore
The Weeknd,After Hours til Dawn Tour,R&B / Pop,July 24 2022,Chicago,United States,Soldier Field,Mike Dean Kaytranada,"48,887 / 48,887","$7,691,796",Wikipedia / Billboard Boxscore
The Weeknd,After Hours til Dawn Tour,R&B / Pop,July 27 2022,Detroit,United States,Ford Field,Mike Dean Kaytranada,"45,609 / 45,609","$4,985,501",Wikipedia / Billboard Boxscore
The Weeknd,After Hours til Dawn Tour,R&B / Pop,July 30 2022,Landover,United States,FedExField,Mike Dean Kaytranada,"40,175 / 40,480","$5,929,459",Wikipedia / Billboard Boxscore
The Weeknd,After Hours til Dawn Tour,R&B / Pop,August 4 2022,Tampa,United States,Raymond James Stadium,Kaytranada,"49,941 / 49,941","$6,116,238",Wikipedia / Billboard Boxscore
The Weeknd,After Hours til Dawn Tour,R&B / Pop,August 6 2022,Miami Gardens,United States,Hard Rock Stadium,Mike Dean Kaytranada,"45,142 / 66,684","$6,470,071",Wikipedia / Billboard Boxscore
The Weeknd,After Hours til Dawn Tour,R&B / Pop,August 11 2022,Atlanta,United States,Mercedes-Benz Stadium,Mike Dean Snoh Aalegra,"46,836 / 46,836","$6,539,838",Wikipedia / Billboard Boxscore
The Weeknd,After Hours til Dawn Tour,R&B / Pop,August 14 2022,Arlington,United States,AT&T Stadium,Mike Dean Snoh Aalegra,"49,783 / 49,783","$8,043,625",Wikipedia / Billboard Boxscore
The Weeknd,After Hours til Dawn Tour,R&B / Pop,August 18 2022,Denver,United States,Empower Field at Mile High,Mike Dean Kaytranada,"51,472 / 51,472","$6,307,858",Wikipedia / Billboard Boxscore
The Weeknd,After Hours til Dawn Tour,R&B / Pop,August 20 2022,Paradise,United States,Allegiant Stadium,Mike Dean Kaytranada,"44,321 / 44,321","$8,267,750",Wikipedia / Billboard Boxscore
The Weeknd,After Hours til Dawn Tour,R&B / Pop,August 23 2022,Vancouver,Canada,BC Place,Mike Dean Kaytranada,"41,219 / 41,219","$4,898,517",Wikipedia / Billboard Boxscore
The Weeknd,After Hours til Dawn Tour,R&B / Pop,August 25 2022,Seattle,United States,Lumen Field,Mike Dean Snoh Aalegra,"51,556 / 51,556","$7,071,186",Wikipedia / Billboard Boxscore
The Weeknd,After Hours til Dawn Tour,R&B / Pop,August 27 2022,Santa Clara,United States,Levi's Stadium,Mike Dean Snoh Aalegra,"49,227 / 49,227","$9,599,671",Wikipedia / Billboard Boxscore
The Weeknd,After Hours til Dawn Tour,R&B / Pop,August 30 2022,Glendale,United States,State Farm Stadium,Mike Dean Kaytranada,"53,969 / 61,300","$6,200,909",Wikipedia / Billboard Boxscore
The Weeknd,After Hours til Dawn Tour,R&B / Pop,September 2 2022,Inglewood,United States,SoFi Stadium,Mike Dean Kaytranada,"49,324 / 49,324","$11,132,108",Wikipedia / Billboard Boxscore
The Weeknd,After Hours til Dawn Tour,R&B / Pop,September 22 2022,Toronto,Canada,Rogers Centre,Mike Dean Kaytranada,"87,101 / 87,101","$10,231,250",Wikipedia / Billboard Boxscore
The Weeknd,After Hours til Dawn Tour,R&B / Pop,September 23 2022,Toronto,Canada,Rogers Centre,Mike Dean Kaytranada,"87,101 / 87,101","$10,231,250",Wikipedia / Billboard Boxscore
The Weeknd,After Hours til Dawn Tour,R&B / Pop,November 26 2022,Inglewood,United States,SoFi Stadium,Mike Dean Kaytranada,"97,700 / 97,700","$17,620,145",Wikipedia / Billboard Boxscore
The Weeknd,After Hours til Dawn Tour,R&B / Pop,November 27 2022,Inglewood,United States,SoFi Stadium,Mike Dean Kaytranada,"97,700 / 97,700","$17,620,145",Wikipedia / Billboard Boxscore
The Weeknd,After Hours til Dawn Tour,R&B / Pop,June 6 2023,Algés,Portugal,Passeio Marítimo de Algés,Mike Dean Kaytranada,"59,928 / 59,928","$5,308,581",Wikipedia / Billboard Boxscore
The Weeknd,After Hours til Dawn Tour,R&B / Pop,June 10 2023,Manchester,England,Etihad Stadium,Mike Dean Kaytranada,"52,972 / 52,972","$5,293,048",Wikipedia / Billboard Boxscore
The Weeknd,After Hours til Dawn Tour,R&B / Pop,June 14 2023,Horsens,Denmark,Nordstern Arena,Mike Dean Kaytranada,"26,354 / 26,354","$3,616,107",Wikipedia / Billboard Boxscore
The Weeknd,After Hours til Dawn Tour,R&B / Pop,June 17 2023,Stockholm,Sweden,Tele2 Arena,Mike Dean Kaytranada,"70,130 / 70,130","$5,196,225",Wikipedia / Billboard Boxscore
The Weeknd,After Hours til Dawn Tour,R&B / Pop,June 18 2023,Stockholm,Sweden,Tele2 Arena,Mike Dean Kaytranada,"70,130 / 70,130","$5,196,225",Wikipedia / Billboard Boxscore
The Weeknd,After Hours til Dawn Tour,R&B / Pop,June 20 2023,Oslo,Norway,Telenor Arena,Mike Dean Kaytranada,"23,332 / 23,332","$1,919,784",Wikipedia / Billboard Boxscore
The Weeknd,After Hours til Dawn Tour,R&B / Pop,June 23 2023,Amsterdam,Netherlands,Johan Cruyff Arena,Mike Dean Kaytranada,"103,181 / 104,406","$10,066,993",Wikipedia / Billboard Boxscore
The Weeknd,After Hours til Dawn Tour,R&B / Pop,June 24 2023,Amsterdam,Netherlands,Johan Cruyff Arena,Mike Dean Kaytranada,"103,181 / 104,406","$10,066,993",Wikipedia / Billboard Boxscore
The Weeknd,After Hours til Dawn Tour,R&B / Pop,June 28 2023,Dublin,Ireland,Marlay Park,Mike Dean Kaytranada,"36,251 / 36,251","$3,468,512",Wikipedia / Billboard Boxscore
The Weeknd,After Hours til Dawn Tour,R&B / Pop,July 2 2023,Hamburg,Germany,Volksparkstadion,Mike Dean Kaytranada,"46,771 / 46,771","$4,191,685",Wikipedia / Billboard Boxscore
The Weeknd,After Hours til Dawn Tour,R&B / Pop,July 4 2023,Düsseldorf,Germany,Merkur Spiel-Arena,Mike Dean Kaytranada,"46,932 / 46,932","$4,346,049",Wikipedia / Billboard Boxscore
The Weeknd,After Hours til Dawn Tour,R&B / Pop,July 7 2023,London,England,London Stadium,Mike Dean Kaytranada,"159,574 / 159,574","$17,117,477",Wikipedia / Billboard Boxscore
The Weeknd,After Hours til Dawn Tour,R&B / Pop,July 8 2023,London,England,London Stadium,Mike Dean Kaytranada,"159,574 / 159,574","$17,117,477",Wikipedia / Billboard Boxscore
The Weeknd,After Hours til Dawn Tour,R&B / Pop,July 11 2023,Brussels,Belgium,King Baudouin Stadium,Mike Dean Kaytranada,"103,297 / 103,297","$8,983,571",Wikipedia / Billboard Boxscore
The Weeknd,After Hours til Dawn Tour,R&B / Pop,July 12 2023,Brussels,Belgium,King Baudouin Stadium,Mike Dean Kaytranada,"103,297 / 103,297","$8,983,571",Wikipedia / Billboard Boxscore
The Weeknd,After Hours til Dawn Tour,R&B / Pop,July 14 2023,Frankfurt,Germany,Deutsche Bank Park,Mike Dean Kaytranada,"47,169 / 47,169","$4,577,212",Wikipedia / Billboard Boxscore
The Weeknd,After Hours til Dawn Tour,R&B / Pop,July 18 2023,Madrid,Spain,Estádio Cívitas Metropolitano,Mike Dean Kaytranada,"54,568 / 54,568","$4,934,255",Wikipedia / Billboard Boxscore
The Weeknd,After Hours til Dawn Tour,R&B / Pop,July 20 2023,Barcelona,Spain,Estadi Olímpic Lluís Companys,Mike Dean Kaytranada,"54,017 / 54,017","$5,484,112",Wikipedia / Billboard Boxscore
The Weeknd,After Hours til Dawn Tour,R&B / Pop,July 22 2023,Nice,France,Allianz Riviera,Mike Dean Kaytranada,"69,200 / 69,200","$7,335,862",Wikipedia / Billboard Boxscore
The Weeknd,After Hours til Dawn Tour,R&B / Pop,July 23 2023,Nice,France,Allianz Riviera,Mike Dean Kaytranada,"69,200 / 69,200","$7,335,862",Wikipedia / Billboard Boxscore
The Weeknd,After Hours til Dawn Tour,R&B / Pop,July 26 2023,Milan,Italy,Ippodromo Snai La Maura,Mike Dean Kaytranada,"158,707 / 159,694","$12,908,985",Wikipedia / Billboard Boxscore
The Weeknd,After Hours til Dawn Tour,R&B / Pop,July 27 2023,Milan,Italy,Ippodromo Snai La Maura,Mike Dean Kaytranada,"158,707 / 159,694","$12,908,985",Wikipedia / Billboard Boxscore
The Weeknd,After Hours til Dawn Tour,R&B / Pop,July 29 2023,Saint-Denis,France,Stade de France,Mike Dean Kaytranada,"150,610 / 151,974","$15,858,996",Wikipedia / Billboard Boxscore
The Weeknd,After Hours til Dawn Tour,R&B / Pop,July 30 2023,Saint-Denis,France,Stade de France,Mike Dean Kaytranada,"150,610 / 151,974","$15,858,996",Wikipedia / Billboard Boxscore
The Weeknd,After Hours til Dawn Tour,R&B / Pop,August 1 2023,Bordeaux,France,Matmut Atlantique,Mike Dean Kaytranada,"38,251 / 38,251","$3,952,106",Wikipedia / Billboard Boxscore
The Weeknd,After Hours til Dawn Tour,R&B / Pop,August 4 2023,Munich,Germany,Olympiastadion,Mike Dean Kaytranada,"72,011 / 72,011","$6,338,259",Wikipedia / Billboard Boxscore
The Weeknd,After Hours til Dawn Tour,R&B / Pop,August 6 2023,Prague,Czech Republic,Letňany,Mike Dean Kaytranada,"60,714 / 60,714","$6,388,155",Wikipedia / Billboard Boxscore
The Weeknd,After Hours til Dawn Tour,R&B / Pop,August 9 2023,Warsaw,Poland,PGE Narodowy,Mike Dean Kaytranada,"62,007 / 62,007","$6,477,909",Wikipedia / Billboard Boxscore
The Weeknd,After Hours til Dawn Tour,R&B / Pop,August 12 2023,Tallinn,Estonia,Tallinn Song Festival Grounds,Mike Dean Kaytranada,"53,458 / 53,458","$5,086,827",Wikipedia / Billboard Boxscore
The Weeknd,After Hours til Dawn Tour,R&B / Pop,August 18 2023,London,England,Wembley Stadium,Mike Dean Kaytranada,"89,179 / 89,179","$9,250,620",Wikipedia / Billboard Boxscore
The Weeknd,After Hours til Dawn Tour,R&B / Pop,September 26 2023,Guadalupe,Mexico,Estadio BBVA,Mike Dean Kaytranada,"46,791 / 46,791","$5,689,051",Wikipedia / Billboard Boxscore
The Weeknd,After Hours til Dawn Tour,R&B / Pop,September 29 2023,Mexico City,Mexico,Foro Sol,Mike Dean Kaytranada,"129,707 / 129,707","$11,097,399",Wikipedia / Billboard Boxscore
The Weeknd,After Hours til Dawn Tour,R&B / Pop,September 30 2023,Mexico City,Mexico,Foro Sol,Mike Dean Kaytranada,"129,707 / 129,707","$11,097,399",Wikipedia / Billboard Boxscore
The Weeknd,After Hours til Dawn Tour,R&B / Pop,October 4 2023,Bogotá,Colombia,Estadio El Campín,Mike Dean Kaytranada,"35,386 / 35,386","$3,117,966",Wikipedia / Billboard Boxscore
The Weeknd,After Hours til Dawn Tour,R&B / Pop,October 7 2023,Rio de Janeiro,Brazil,Estádio Nilton Santos,Mike Dean Kaytranada,"71,363 / 71,363","$5,153,492",Wikipedia / Billboard Boxscore
The Weeknd,After Hours til Dawn Tour,R&B / Pop,October 10 2023,São Paulo,Brazil,Allianz Parque,Mike Dean Kaytranada,"97,892 / 97,892","$9,208,211",Wikipedia / Billboard Boxscore
The Weeknd,After Hours til Dawn Tour,R&B / Pop,October 11 2023,São Paulo,Brazil,Allianz Parque,Mike Dean Kaytranada,"97,892 / 97,892","$9,208,211",Wikipedia / Billboard Boxscore
The Weeknd,After Hours til Dawn Tour,R&B / Pop,October 15 2023,Santiago,Chile,Estadio Bicentenario de La Florida,Mike Dean Kaytranada Aerobica,"50,132 / 50,142","$5,062,150",Wikipedia / Billboard Boxscore
The Weeknd,After Hours til Dawn Tour,R&B / Pop,October 16 2023,Santiago,Chile,Estadio Bicentenario de La Florida,Mike Dean Kaytranada Aerobica,"50,132 / 50,142","$5,062,150",Wikipedia / Billboard Boxscore
The Weeknd,After Hours til Dawn Tour,R&B / Pop,October 18 2023,Buenos Aires,Argentina,Estadio River Plate,Mike Dean Kaytranada Tayhana,"116,694 / 116,694","$5,093,887",Wikipedia / Billboard Boxscore
The Weeknd,After Hours til Dawn Tour,R&B / Pop,October 19 2023,Buenos Aires,Argentina,Estadio River Plate,Mike Dean Kaytranada Tayhana,"116,694 / 116,694","$5,093,887",Wikipedia / Billboard Boxscore
The Weeknd,After Hours til Dawn Tour,R&B / Pop,October 22 2023,Lima,Peru,Estadio Universidad San Marcos,Mike Dean Kaytranada,"41,191 / 41,191","$4,032,616",Wikipedia / Billboard Boxscore
The Weeknd,After Hours til Dawn Tour,R&B / Pop,October 25 2023,Zapopan,Mexico,Estadio Akron,Mike Dean Kaytranada,"41,145 / 41,145","$5,935,783",Wikipedia / Billboard Boxscore
The Weeknd,After Hours til Dawn Tour,R&B / Pop,October 5 2024,Melbourne,Australia,Marvel Stadium,Mike Dean Chxrry22 Anna Lunoe,"92,092 / 92,092","$12,519,035",Wikipedia / Billboard Boxscore
The Weeknd,After Hours til Dawn Tour,R&B / Pop,October 6 2024,Melbourne,Australia,Marvel Stadium,Mike Dean Chxrry22 Anna Lunoe,"92,092 / 92,092","$12,519,035",Wikipedia / Billboard Boxscore
The Weeknd,After Hours til Dawn Tour,R&B / Pop,October 22 2024,Sydney,Australia,Accor Stadium,Mike Dean Chxrry22 Anna Lunoe,"118,968 / 118,968","$13,596,963",Wikipedia / Billboard Boxscore
The Weeknd,After Hours til Dawn Tour,R&B / Pop,October 23 2024,Sydney,Australia,Accor Stadium,Mike Dean Chxrry22 Anna Lunoe,"118,968 / 118,968","$13,596,963",Wikipedia / Billboard Boxscore
The Weeknd,After Hours til Dawn Tour,R&B / Pop,May 9 2025,Glendale,United States,State Farm Stadium,Playboi Carti Mike Dean,"58,209 / 58,209","$8,709,847",Wikipedia / Billboard Boxscore
The Weeknd,After Hours til Dawn Tour,R&B / Pop,May 24 2025,Detroit,United States,Ford Field,Playboi Carti Mike Dean,"78,144 / 78,144","$9,144,437",Wikipedia / Billboard Boxscore
The Weeknd,After Hours til Dawn Tour,R&B / Pop,May 25 2025,Detroit,United States,Ford Field,Playboi Carti Mike Dean,"78,144 / 78,144","$9,144,437",Wikipedia / Billboard Boxscore
The Weeknd,After Hours til Dawn Tour,R&B / Pop,May 30 2025,Chicago,United States,Soldier Field,Playboi Carti Mike Dean,"96,042 / 96,042","$16,694,072",Wikipedia / Billboard Boxscore
The Weeknd,After Hours til Dawn Tour,R&B / Pop,May 31 2025,Chicago,United States,Soldier Field,Playboi Carti Mike Dean,"96,042 / 96,042","$16,694,072",Wikipedia / Billboard Boxscore
The Weeknd,After Hours til Dawn Tour,R&B / Pop,June 5 2025,East Rutherford,United States,MetLife Stadium,Playboi Carti Mike Dean,"162,831 / 162,831","$29,796,461",Wikipedia / Billboard Boxscore
The Weeknd,After Hours til Dawn Tour,R&B / Pop,June 6 2025,East Rutherford,United States,MetLife Stadium,Playboi Carti Mike Dean,"162,831 / 162,831","$29,796,461",Wikipedia / Billboard Boxscore
The Weeknd,After Hours til Dawn Tour,R&B / Pop,June 7 2025,East Rutherford,United States,MetLife Stadium,Playboi Carti Mike Dean,"162,831 / 162,831","$29,796,461",Wikipedia / Billboard Boxscore
The Weeknd,After Hours til Dawn Tour,R&B / Pop,June 10 2025,Foxborough,United States,Gillette Stadium,Playboi Carti Mike Dean,"88,432 / 88,432","$11,498,903",Wikipedia / Billboard Boxscore
The Weeknd,After Hours til Dawn Tour,R&B / Pop,June 11 2025,Foxborough,United States,Gillette Stadium,Playboi Carti Mike Dean,"88,432 / 88,432","$11,498,903",Wikipedia / Billboard Boxscore
The Weeknd,After Hours til Dawn Tour,R&B / Pop,June 14 2025,Minneapolis,United States,U.S. Bank Stadium,Playboi Carti Mike Dean,"47,730 / 47,730","$5,818,152",Wikipedia / Billboard Boxscore
The Weeknd,After Hours til Dawn Tour,R&B / Pop,June 21 2025,Denver,United States,Empower Field at Mile High,Playboi Carti Mike Dean,"63,668 / 63,668","$8,885,868",Wikipedia / Billboard Boxscore
The Weeknd,After Hours til Dawn Tour,R&B / Pop,June 25 2025,Inglewood,United States,SoFi Stadium,Playboi Carti Mike Dean,"199,288 / 199,288","$34,039,630",Wikipedia / Billboard Boxscore
The Weeknd,After Hours til Dawn Tour,R&B / Pop,June 26 2025,Inglewood,United States,SoFi Stadium,Playboi Carti Mike Dean,"199,288 / 199,288","$34,039,630",Wikipedia / Billboard Boxscore
The Weeknd,After Hours til Dawn Tour,R&B / Pop,June 28 2025,Inglewood,United States,SoFi Stadium,Playboi Carti Mike Dean,"199,288 / 199,288","$34,039,630",Wikipedia / Billboard Boxscore
The Weeknd,After Hours til Dawn Tour,R&B / Pop,June 29 2025,Inglewood,United States,SoFi Stadium,Playboi Carti Mike Dean,"199,288 / 199,288","$34,039,630",Wikipedia / Billboard Boxscore
The Weeknd,After Hours til Dawn Tour,R&B / Pop,July 5 2025,Paradise,United States,Allegiant Stadium,Playboi Carti Mike Dean,"52,441 / 52,441","$10,041,464",Wikipedia / Billboard Boxscore
The Weeknd,After Hours til Dawn Tour,R&B / Pop,July 8 2025,Santa Clara,United States,Levi's Stadium,Playboi Carti Mike Dean,"100,230 / 100,230","$17,087,714",Wikipedia / Billboard Boxscore
The Weeknd,After Hours til Dawn Tour,R&B / Pop,July 9 2025,Santa Clara,United States,Levi's Stadium,Playboi Carti Mike Dean,"100,230 / 100,230","$17,087,714",Wikipedia / Billboard Boxscore
The Weeknd,After Hours til Dawn Tour,R&B / Pop,July 12 2025,Seattle,United States,Lumen Field,Playboi Carti Mike Dean,"62,483 / 62,483","$9,969,625",Wikipedia / Billboard Boxscore
The Weeknd,After Hours til Dawn Tour,R&B / Pop,July 15 2025,Vancouver,Canada,BC Place,Mike Dean,"83,252 / 83,252","$10,251,023",Wikipedia / Billboard Boxscore
The Weeknd,After Hours til Dawn Tour,R&B / Pop,July 16 2025,Vancouver,Canada,BC Place,Mike Dean,"83,252 / 83,252","$10,251,023",Wikipedia / Billboard Boxscore
The Weeknd,After Hours til Dawn Tour,R&B / Pop,July 19 2025,Edmonton,Canada,Commonwealth Stadium,Mike Dean,"54,076 / 54,076","$7,002,903",Wikipedia / Billboard Boxscore
The Weeknd,After Hours til Dawn Tour,R&B / Pop,July 24 2025,Montreal,Canada,Parc Jean-Drapeau,Kaytranada Mike Dean,"79,032 / 79,032","$9,992,306",Wikipedia / Billboard Boxscore
The Weeknd,After Hours til Dawn Tour,R&B / Pop,July 25 2025,Montreal,Canada,Parc Jean-Drapeau,Kaytranada Mike Dean,"79,032 / 79,032","$9,992,306",Wikipedia / Billboard Boxscore
The Weeknd,After Hours til Dawn Tour,R&B / Pop,July 27 2025,Toronto,Canada,Rogers Centre,Kaytranada Mike Dean,"158,324 / 158,324","$24,902,654",Wikipedia / Billboard Boxscore
The Weeknd,After Hours til Dawn Tour,R&B / Pop,July 28 2025,Toronto,Canada,Rogers Centre,Kaytranada Mike Dean,"158,324 / 158,324","$24,902,654",Wikipedia / Billboard Boxscore
The Weeknd,After Hours til Dawn Tour,R&B / Pop,July 30 2025,Philadelphia,United States,Lincoln Financial Field,Playboi Carti Mike Dean,"103,162 / 103,162","$12,793,172",Wikipedia / Billboard Boxscore
The Weeknd,After Hours til Dawn Tour,R&B / Pop,July 31 2025,Philadelphia,United States,Lincoln Financial Field,Playboi Carti,"103,162 / 103,162","$12,793,172",Wikipedia / Billboard Boxscore
The Weeknd,After Hours til Dawn Tour,R&B / Pop,August 2 2025,Landover,United States,Northwest Stadium,Playboi Carti Mike Dean,"43,625 / 43,625","$6,906,975",Wikipedia / Billboard Boxscore
The Weeknd,After Hours til Dawn Tour,R&B / Pop,August 12 2025,Nashville,United States,Nissan Stadium,Playboi Carti Mike Dean,"46,930 / 46,930","$5,361,232",Wikipedia / Billboard Boxscore
The Weeknd,After Hours til Dawn Tour,R&B / Pop,August 15 2025,Miami Gardens,United States,Hard Rock Stadium,Playboi Carti Mike Dean,"87,172 / 87,172","$13,628,869",Wikipedia / Billboard Boxscore
The Weeknd,After Hours til Dawn Tour,R&B / Pop,August 16 2025,Miami Gardens,United States,Hard Rock Stadium,Playboi Carti Mike Dean,"87,172 / 87,172","$13,628,869",Wikipedia / Billboard Boxscore
The Weeknd,After Hours til Dawn Tour,R&B / Pop,August 21 2025,Atlanta,United States,Mercedes-Benz Stadium,Playboi Carti Mike Dean,"49,695 / 49,695","$8,627,354",Wikipedia / Billboard Boxscore
The Weeknd,After Hours til Dawn Tour,R&B / Pop,August 24 2025,Orlando,United States,Camping World Stadium,Playboi Carti Mike Dean,"52,083 / 52,083","$9,062,680",Wikipedia / Billboard Boxscore
The Weeknd,After Hours til Dawn Tour,R&B / Pop,August 27 2025,Arlington,United States,AT&T Stadium,Playboi Carti Mike Dean,"89,608 / 89,608","$13,175,464",Wikipedia / Billboard Boxscore
The Weeknd,After Hours til Dawn Tour,R&B / Pop,August 28 2025,Arlington,United States,AT&T Stadium,Playboi Carti Mike Dean,"89,608 / 89,608","$13,175,464",Wikipedia / Billboard Boxscore
The Weeknd,After Hours til Dawn Tour,R&B / Pop,August 30 2025,Houston,United States,NRG Stadium,Playboi Carti Mike Dean,"97,042 / 97,042","$14,615,640",Wikipedia / Billboard Boxscore
The Weeknd,After Hours til Dawn Tour,R&B / Pop,August 31 2025,Houston,United States,NRG Stadium,Playboi Carti Mike Dean,"97,042 / 97,042","$14,615,640",Wikipedia / Billboard Boxscore
The Weeknd,After Hours til Dawn Tour,R&B / Pop,September 3 2025,San Antonio,United States,Alamodome,Playboi Carti Mike Dean,"51,796 / 51,796","$8,249,244",Wikipedia / Billboard Boxscore
U2,U2 360° Tour,Rock,Leg 1 — Europe,Leg 1 — Europe,Leg 1 — Europe,Leg 1 — Europe,Leg 1 — Europe,Leg 1 — Europe,Leg 1 — Europe,Wikipedia / Billboard Boxscore
U2,U2 360° Tour,Rock,30 June 2009,Barcelona,Spain,Camp Nou,Snow Patrol,"182,055 / 182,055","$19,825,497",Wikipedia / Billboard Boxscore
U2,U2 360° Tour,Rock,2 July 2009,Barcelona,Spain,Camp Nou,Snow Patrol,"182,055 / 182,055","$19,825,497",Wikipedia / Billboard Boxscore
U2,U2 360° Tour,Rock,7 July 2009,Milan,Italy,San Siro,Snow Patrol,"153,806 / 153,806","$15,168,799",Wikipedia / Billboard Boxscore
U2,U2 360° Tour,Rock,8 July 2009,Milan,Italy,San Siro,Snow Patrol,"153,806 / 153,806","$15,168,799",Wikipedia / Billboard Boxscore
U2,U2 360° Tour,Rock,11 July 2009,Saint-Denis,France,Stade de France,Kaiser Chiefs,"186,544 / 186,544","$20,902,760",Wikipedia / Billboard Boxscore
U2,U2 360° Tour,Rock,12 July 2009,Saint-Denis,France,Stade de France,Kaiser Chiefs,"186,544 / 186,544","$20,902,760",Wikipedia / Billboard Boxscore
U2,U2 360° Tour,Rock,15 July 2009,Nice,France,Stade Charles-Ehrmann,Snow Patrol,"55,641 / 55,641","$6,261,208",Wikipedia / Billboard Boxscore
U2,U2 360° Tour,Rock,18 July 2009,Berlin,Germany,Olympiastadion,Snow Patrol,"88,265 / 88,265","$9,169,830",Wikipedia / Billboard Boxscore
U2,U2 360° Tour,Rock,20 July 2009,Amsterdam,Netherlands,Amsterdam Arena,Snow Patrol,"125,866 / 125,866","$12,583,998",Wikipedia / Billboard Boxscore
U2,U2 360° Tour,Rock,21 July 2009,Amsterdam,Netherlands,Amsterdam Arena,Snow Patrol,"125,866 / 125,866","$12,583,998",Wikipedia / Billboard Boxscore
U2,U2 360° Tour,Rock,24 July 2009,Dublin,Ireland,Croke Park,Glasvegas Damien Dempsey,"243,198 / 243,198","$28,815,352",Wikipedia / Billboard Boxscore
U2,U2 360° Tour,Rock,25 July 2009,Dublin,Ireland,Croke Park,Kaiser Chiefs Republic of Loose,"243,198 / 243,198","$28,815,352",Wikipedia / Billboard Boxscore
U2,U2 360° Tour,Rock,27 July 2009,Dublin,Ireland,Croke Park,Bell X1 The Script,"243,198 / 243,198","$28,815,352",Wikipedia / Billboard Boxscore
U2,U2 360° Tour,Rock,31 July 2009,Gothenburg,Sweden,Ullevi,Snow Patrol,"119,297 / 119,297","$11,047,995",Wikipedia / Billboard Boxscore
U2,U2 360° Tour,Rock,1 August 2009,Gothenburg,Sweden,Ullevi,Snow Patrol,"119,297 / 119,297","$11,047,995",Wikipedia / Billboard Boxscore
U2,U2 360° Tour,Rock,3 August 2009,Gelsenkirchen,Germany,Veltins-Arena,Snow Patrol,"73,704 / 73,704","$7,292,826",Wikipedia / Billboard Boxscore
U2,U2 360° Tour,Rock,6 August 2009,Chorzów,Poland,Silesian Stadium,Snow Patrol,"75,180 / 75,180","$6,414,960",Wikipedia / Billboard Boxscore
U2,U2 360° Tour,Rock,9 August 2009,Zagreb,Croatia,Stadion Maksimir,Snow Patrol The Hours,"124,012 / 124,012","$12,700,784",Wikipedia / Billboard Boxscore
U2,U2 360° Tour,Rock,10 August 2009,Zagreb,Croatia,Stadion Maksimir,Snow Patrol The Hours,"124,012 / 124,012","$12,700,784",Wikipedia / Billboard Boxscore
U2,U2 360° Tour,Rock,14 August 2009,London,England,Wembley Stadium,Elbow The Hours,"164,244 / 164,244","$20,680,860",Wikipedia / Billboard Boxscore
U2,U2 360° Tour,Rock,15 August 2009,London,England,Wembley Stadium,Glasvegas The Hours,"164,244 / 164,244","$20,680,860",Wikipedia / Billboard Boxscore
U2,U2 360° Tour,Rock,18 August 2009,Glasgow,Scotland,Hampden Park,Glasvegas The Hours,"50,917 / 50,917","$5,290,103",Wikipedia / Billboard Boxscore
U2,U2 360° Tour,Rock,20 August 2009,Sheffield,England,Don Valley Stadium,Elbow The Hours,"49,955 / 49,955","$5,147,896",Wikipedia / Billboard Boxscore
U2,U2 360° Tour,Rock,22 August 2009,Cardiff,Wales,Millennium Stadium,Glasvegas The Hours,"66,538 / 66,538","$7,041,576",Wikipedia / Billboard Boxscore
U2,U2 360° Tour,Rock,Leg 2 — North America,Leg 2 — North America,Leg 2 — North America,Leg 2 — North America,Leg 2 — North America,Leg 2 — North America,Leg 2 — North America,Wikipedia / Billboard Boxscore
U2,U2 360° Tour,Rock,12 September 2009,Chicago,United States,Soldier Field,Snow Patrol,"135,872  / 135,872","$13,860,480",Wikipedia / Billboard Boxscore
U2,U2 360° Tour,Rock,13 September 2009,Chicago,United States,Soldier Field,Snow Patrol,"135,872  / 135,872","$13,860,480",Wikipedia / Billboard Boxscore
U2,U2 360° Tour,Rock,16 September 2009,Toronto,Canada,Rogers Centre,Snow Patrol,"115,411 / 115,411","$9,571,672",Wikipedia / Billboard Boxscore
U2,U2 360° Tour,Rock,17 September 2009,Toronto,Canada,Rogers Centre,Snow Patrol,"115,411 / 115,411","$9,571,672",Wikipedia / Billboard Boxscore
U2,U2 360° Tour,Rock,20 September 2009,Foxborough,United States,Gillette Stadium,Snow Patrol,"138,805 / 138,805","$12,859,778",Wikipedia / Billboard Boxscore
U2,U2 360° Tour,Rock,21 September 2009,Foxborough,United States,Gillette Stadium,Snow Patrol,"138,805 / 138,805","$12,859,778",Wikipedia / Billboard Boxscore
U2,U2 360° Tour,Rock,23 September 2009,East Rutherford,United States,Giants Stadium,Muse,"161,810 / 161,810","$16,128,950",Wikipedia / Billboard Boxscore
U2,U2 360° Tour,Rock,24 September 2009,East Rutherford,United States,Giants Stadium,Muse,"161,810 / 161,810","$16,128,950",Wikipedia / Billboard Boxscore
U2,U2 360° Tour,Rock,29 September 2009,Landover,United States,FedExField,Muse,"84,754 / 84,754","$6,718,315",Wikipedia / Billboard Boxscore
U2,U2 360° Tour,Rock,1 October 2009,Charlottesville,United States,Scott Stadium,Muse,"52,433 /  52,433","$4,738,695",Wikipedia / Billboard Boxscore
U2,U2 360° Tour,Rock,3 October 2009,Raleigh,United States,Carter–Finley Stadium,Muse,"55,027 / 55,027","$4,962,240",Wikipedia / Billboard Boxscore
U2,U2 360° Tour,Rock,6 October 2009,Atlanta,United States,Georgia Dome,Muse,"61,419 / 61,419","$5,746,430",Wikipedia / Billboard Boxscore
U2,U2 360° Tour,Rock,9 October 2009,Tampa,United States,Raymond James Stadium,Muse,"72,688 / 72,688","$6,399,375",Wikipedia / Billboard Boxscore
U2,U2 360° Tour,Rock,12 October 2009,Arlington,United States,Cowboys Stadium,Muse,"70,766 / 70,766","$6,664,880",Wikipedia / Billboard Boxscore
U2,U2 360° Tour,Rock,14 October 2009,Houston,United States,Reliant Stadium,Muse,"58,328 /  58,328","$5,985,101",Wikipedia / Billboard Boxscore
U2,U2 360° Tour,Rock,18 October 2009,Norman,United States,Oklahoma Memorial Stadium,The Black Eyed Peas,"50,951 / 50,951","$4,395,085",Wikipedia / Billboard Boxscore
U2,U2 360° Tour,Rock,20 October 2009,Glendale,United States,University of Phoenix Stadium,The Black Eyed Peas,"50,775 / 50,775","$4,912,050",Wikipedia / Billboard Boxscore
U2,U2 360° Tour,Rock,23 October 2009,Whitney,United States,Sam Boyd Stadium,The Black Eyed Peas,"42,213 / 42,213","$4,641,280",Wikipedia / Billboard Boxscore
U2,U2 360° Tour,Rock,25 October 2009,Pasadena,United States,Rose Bowl,The Black Eyed Peas,"97,014 / 97,014","$9,960,036",Wikipedia / Billboard Boxscore
U2,U2 360° Tour,Rock,28 October 2009,Vancouver,Canada,BC Place Stadium,The Black Eyed Peas,"63,802 / 63,802","$5,748,919",Wikipedia / Billboard Boxscore
U2,U2 360° Tour,Rock,Leg 3 — Europe,Leg 3 — Europe,Leg 3 — Europe,Leg 3 — Europe,Leg 3 — Europe,Leg 3 — Europe,Leg 3 — Europe,Wikipedia / Billboard Boxscore
U2,U2 360° Tour,Rock,6 August 2010,Turin,Italy,Stadio Olimpico di Torino,Kasabian,"42,441 / 42,441","$3,944,452",Wikipedia / Billboard Boxscore
U2,U2 360° Tour,Rock,10 August 2010,Frankfurt,Germany,Commerzbank-Arena,Kasabian,"53,825 / 53,825","$5,544,868",Wikipedia / Billboard Boxscore
U2,U2 360° Tour,Rock,12 August 2010,Hanover,Germany,AWD-Arena,Kasabian,"56,494 / 56,494","$4,967,381",Wikipedia / Billboard Boxscore
U2,U2 360° Tour,Rock,15 August 2010,Horsens,Denmark,CASA Arena Horsens,Snow Patrol,"69,886 / 69,886","$7,809,611",Wikipedia / Billboard Boxscore
U2,U2 360° Tour,Rock,16 August 2010,Horsens,Denmark,CASA Arena Horsens,Snow Patrol,"69,886 / 69,886","$7,809,611",Wikipedia / Billboard Boxscore
U2,U2 360° Tour,Rock,20 August 2010,Helsinki,Finland,Helsinki Olympic Stadium,Razorlight,"106,360 / 106,360","$10,642,517",Wikipedia / Billboard Boxscore
U2,U2 360° Tour,Rock,21 August 2010,Helsinki,Finland,Helsinki Olympic Stadium,Razorlight,"106,360 / 106,360","$10,642,517",Wikipedia / Billboard Boxscore
U2,U2 360° Tour,Rock,25 August 2010,Moscow,Russia,Luzhniki Stadium,Snow Patrol,"60,496 / 60,496","$7,986,534",Wikipedia / Billboard Boxscore
U2,U2 360° Tour,Rock,30 August 2010,Vienna,Austria,Ernst-Happel-Stadion,OneRepublic,"69,253 / 69,253","$6,866,065",Wikipedia / Billboard Boxscore
U2,U2 360° Tour,Rock,3 September 2010,Athens,Greece,Olympic Stadium,Snow Patrol Aviv Geffen,"82,622 / 82,622","$7,321,356",Wikipedia / Billboard Boxscore
U2,U2 360° Tour,Rock,6 September 2010,Istanbul,Turkey,Atatürk Olympic Stadium,Snow Patrol,"54,278 / 54,278","$3,775,662",Wikipedia / Billboard Boxscore
U2,U2 360° Tour,Rock,11 September 2010,Zürich,Switzerland,Letzigrund,OneRepublic,"90,349 / 90,349","$9,152,209",Wikipedia / Billboard Boxscore
U2,U2 360° Tour,Rock,12 September 2010,Zürich,Switzerland,Letzigrund,OneRepublic,"90,349 / 90,349","$9,152,209",Wikipedia / Billboard Boxscore
U2,U2 360° Tour,Rock,15 September 2010,Munich,Germany,Olympiastadion,OneRepublic,"76,150 / 76,150","$7,624,367",Wikipedia / Billboard Boxscore
U2,U2 360° Tour,Rock,18 September 2010,Saint-Denis,France,Stade de France,Interpol,"96,540 / 96,540","$10,175,248",Wikipedia / Billboard Boxscore
U2,U2 360° Tour,Rock,22 September 2010,Brussels,Belgium,King Baudouin Stadium,Interpol,"144,338 / 144,338","$15,074,746",Wikipedia / Billboard Boxscore
U2,U2 360° Tour,Rock,23 September 2010,Brussels,Belgium,King Baudouin Stadium,Interpol,"144,338 / 144,338","$15,074,746",Wikipedia / Billboard Boxscore
U2,U2 360° Tour,Rock,26 September 2010,San Sebastián,Spain,Estadio Anoeta,Interpol,"47,721 / 47,721","$4,956,464",Wikipedia / Billboard Boxscore
U2,U2 360° Tour,Rock,30 September 2010,Seville,Spain,Estadio Olímpico de Sevilla,Interpol,"76,159 / 76,159","$7,519,534",Wikipedia / Billboard Boxscore
U2,U2 360° Tour,Rock,2 October 2010,Coimbra,Portugal,Estádio Cidade de Coimbra,Interpol,"109,985 / 109,985","$9,925,611",Wikipedia / Billboard Boxscore
U2,U2 360° Tour,Rock,3 October 2010,Coimbra,Portugal,Estádio Cidade de Coimbra,Interpol,"109,985 / 109,985","$9,925,611",Wikipedia / Billboard Boxscore
U2,U2 360° Tour,Rock,8 October 2010,Rome,Italy,Stadio Olimpico,Interpol,"75,847 / 75,847","$8,215,742",Wikipedia / Billboard Boxscore
U2,U2 360° Tour,Rock,Leg 4 — Oceania,Leg 4 — Oceania,Leg 4 — Oceania,Leg 4 — Oceania,Leg 4 — Oceania,Leg 4 — Oceania,Leg 4 — Oceania,Wikipedia / Billboard Boxscore
U2,U2 360° Tour,Rock,25 November 2010,Auckland,New Zealand,Mount Smart Stadium,Jay-Z,"93,519 / 93,519","$8,819,418",Wikipedia / Billboard Boxscore
U2,U2 360° Tour,Rock,26 November 2010,Auckland,New Zealand,Mount Smart Stadium,Jay-Z,"93,519 / 93,519","$8,819,418",Wikipedia / Billboard Boxscore
U2,U2 360° Tour,Rock,1 December 2010,Melbourne,Australia,Etihad Stadium,Jay-Z,"105,312 / 105,312","$13,460,407",Wikipedia / Billboard Boxscore
U2,U2 360° Tour,Rock,3 December 2010,Melbourne,Australia,Etihad Stadium,Jay-Z,"105,312 / 105,312","$13,460,407",Wikipedia / Billboard Boxscore
U2,U2 360° Tour,Rock,8 December 2010,Brisbane,Australia,Suncorp Stadium,Jay-Z,"85,745 / 85,745","$11,031,839",Wikipedia / Billboard Boxscore
U2,U2 360° Tour,Rock,9 December 2010,Brisbane,Australia,Suncorp Stadium,Jay-Z,"85,745 / 85,745","$11,031,839",Wikipedia / Billboard Boxscore
U2,U2 360° Tour,Rock,13 December 2010,Sydney,Australia,ANZ Stadium,Jay-Z,"107,155 / 107,155","$13,695,929",Wikipedia / Billboard Boxscore
U2,U2 360° Tour,Rock,14 December 2010,Sydney,Australia,ANZ Stadium,Jay-Z,"107,155 / 107,155","$13,695,929",Wikipedia / Billboard Boxscore
U2,U2 360° Tour,Rock,18 December 2010,Perth,Australia,Subiaco Oval,Jay-Z,"108,706 / 108,706","$13,910,989",Wikipedia / Billboard Boxscore
U2,U2 360° Tour,Rock,19 December 2010,Perth,Australia,Subiaco Oval,Jay-Z,"108,706 / 108,706","$13,910,989",Wikipedia / Billboard Boxscore
U2,U2 360° Tour,Rock,Leg 5 – Africa,Leg 5 – Africa,Leg 5 – Africa,Leg 5 – Africa,Leg 5 – Africa,Leg 5 – Africa,Leg 5 – Africa,Wikipedia / Billboard Boxscore
U2,U2 360° Tour,Rock,13 February 2011,Johannesburg,South Africa,FNB Stadium,Springbok Nude Girls Amadou & Mariam,"94,232 / 94,232","$9,433,051",Wikipedia / Billboard Boxscore
U2,U2 360° Tour,Rock,18 February 2011,Cape Town,South Africa,Cape Town Stadium,Springbok Nude Girls Amadou & Mariam,"72,532 / 72,532","$6,107,754",Wikipedia / Billboard Boxscore
U2,U2 360° Tour,Rock,Leg 6 — South America,Leg 6 — South America,Leg 6 — South America,Leg 6 — South America,Leg 6 — South America,Leg 6 — South America,Leg 6 — South America,Wikipedia / Billboard Boxscore
U2,U2 360° Tour,Rock,25 March 2011,Santiago,Chile,Estadio Nacional de Chile,Muse,"77,765 / 77,765","$7,550,446",Wikipedia / Billboard Boxscore
U2,U2 360° Tour,Rock,30 March 2011,La Plata,Argentina,Estadio Ciudad de La Plata,Muse,"172,029 / 172,029","$20,550,302",Wikipedia / Billboard Boxscore
U2,U2 360° Tour,Rock,2 April 2011,La Plata,Argentina,Estadio Ciudad de La Plata,Muse,"172,029 / 172,029","$20,550,302",Wikipedia / Billboard Boxscore
U2,U2 360° Tour,Rock,3 April 2011,La Plata,Argentina,Estadio Ciudad de La Plata,Muse,"172,029 / 172,029","$20,550,302",Wikipedia / Billboard Boxscore
U2,U2 360° Tour,Rock,9 April 2011,São Paulo,Brazil,Estádio do Morumbi,Muse,"269,491 / 269,491","$32,754,065",Wikipedia / Billboard Boxscore
U2,U2 360° Tour,Rock,10 April 2011,São Paulo,Brazil,Estádio do Morumbi,Muse,"269,491 / 269,491","$32,754,065",Wikipedia / Billboard Boxscore
U2,U2 360° Tour,Rock,13 April 2011,São Paulo,Brazil,Estádio do Morumbi,Muse,"269,491 / 269,491","$32,754,065",Wikipedia / Billboard Boxscore
U2,U2 360° Tour,Rock,Leg 7 — North America,Leg 7 — North America,Leg 7 — North America,Leg 7 — North America,Leg 7 — North America,Leg 7 — North America,Leg 7 — North America,Wikipedia / Billboard Boxscore
U2,U2 360° Tour,Rock,11 May 2011,Mexico City,Mexico,Estadio Azteca,Snow Patrol,"282,978 / 282,978","$22,866,542",Wikipedia / Billboard Boxscore
U2,U2 360° Tour,Rock,14 May 2011,Mexico City,Mexico,Estadio Azteca,Snow Patrol,"282,978 / 282,978","$22,866,542",Wikipedia / Billboard Boxscore
U2,U2 360° Tour,Rock,15 May 2011,Mexico City,Mexico,Estadio Azteca,Snow Patrol,"282,978 / 282,978","$22,866,542",Wikipedia / Billboard Boxscore
U2,U2 360° Tour,Rock,21 May 2011,Denver,United States,Invesco Field,The Fray,"77,918 / 77,918","$6,663,410",Wikipedia / Billboard Boxscore
U2,U2 360° Tour,Rock,24 May 2011,Salt Lake City,United States,Rice-Eccles Stadium,The Fray,"47,710 / 47,710","$3,029,760",Wikipedia / Billboard Boxscore
U2,U2 360° Tour,Rock,29 May 2011,Winnipeg,Canada,Canad Inns Stadium,The Fray,"47,190 / 47,190","$4,908,091",Wikipedia / Billboard Boxscore
U2,U2 360° Tour,Rock,1 June 2011,Edmonton,Canada,Commonwealth Stadium,The Fray,"66,835 / 66,835","$6,498,291",Wikipedia / Billboard Boxscore
U2,U2 360° Tour,Rock,4 June 2011,Seattle,United States,Qwest Field,Lenny Kravitz,"69,439 / 69,439","$6,118,785",Wikipedia / Billboard Boxscore
U2,U2 360° Tour,Rock,7 June 2011,Oakland,United States,O.co Coliseum,Lenny Kravitz,"64,829 / 64,829","$6,075,895",Wikipedia / Billboard Boxscore
U2,U2 360° Tour,Rock,17 June 2011,Anaheim,United States,Angel Stadium of Anaheim,Lenny Kravitz,"105,955 / 105,955","$10,790,140",Wikipedia / Billboard Boxscore
U2,U2 360° Tour,Rock,18 June 2011,Anaheim,United States,Angel Stadium of Anaheim,Lenny Kravitz,"105,955 / 105,955","$10,790,140",Wikipedia / Billboard Boxscore
U2,U2 360° Tour,Rock,22 June 2011,Baltimore,United States,M&T Bank Stadium,Florence and the Machine,"74,557 / 74,557","$6,832,510",Wikipedia / Billboard Boxscore
U2,U2 360° Tour,Rock,Leg 7 — Europe,Leg 7 — Europe,Leg 7 — Europe,Leg 7 — Europe,Leg 7 — Europe,Leg 7 — Europe,Leg 7 — Europe,Wikipedia / Billboard Boxscore
U2,U2 360° Tour,Rock,Leg 8 — North America,Leg 8 — North America,Leg 8 — North America,Leg 8 — North America,Leg 8 — North America,Leg 8 — North America,Leg 8 — North America,Wikipedia / Billboard Boxscore
U2,U2 360° Tour,Rock,26 June 2011,East Lansing,United States,Spartan Stadium,Florence and the Machine,"63,824 / 63,824","$5,064,980",Wikipedia / Billboard Boxscore
U2,U2 360° Tour,Rock,29 June 2011,Miami Gardens,United States,Sun Life Stadium,Florence and the Machine,"72,569 / 72,569","$6,799,670",Wikipedia / Billboard Boxscore
U2,U2 360° Tour,Rock,2 July 2011,Nashville,United States,Vanderbilt Stadium,Florence and the Machine,"46,857 / 46,857","$4,269,125",Wikipedia / Billboard Boxscore
U2,U2 360° Tour,Rock,5 July 2011,Chicago,United States,Soldier Field,Interpol,"64,297 / 64,297","$5,786,335",Wikipedia / Billboard Boxscore
U2,U2 360° Tour,Rock,8 July 2011,Montreal,Canada,Hippodrome de Montreal,Interpol,"162,466 / 162,466","$17,178,724",Wikipedia / Billboard Boxscore
U2,U2 360° Tour,Rock,9 July 2011,Montreal,Canada,Hippodrome de Montreal,Interpol,"162,466 / 162,466","$17,178,724",Wikipedia / Billboard Boxscore
U2,U2 360° Tour,Rock,11 July 2011,Toronto,Canada,Rogers Centre,Interpol,"58,420 / 58,420","$6,856,131",Wikipedia / Billboard Boxscore
U2,U2 360° Tour,Rock,14 July 2011,Philadelphia,United States,Lincoln Financial Field,Interpol,"72,389 / 72,389","$6,536,230",Wikipedia / Billboard Boxscore
U2,U2 360° Tour,Rock,17 July 2011,St. Louis,United States,Busch Stadium,Interpol,"52,273 / 52,273","$4,423,395",Wikipedia / Billboard Boxscore
U2,U2 360° Tour,Rock,20 July 2011,East Rutherford,United States,New Meadowlands Stadium,Interpol,"88,491 / 88,491","$8,927,150",Wikipedia / Billboard Boxscore
U2,U2 360° Tour,Rock,23 July 2011,Minneapolis,United States,TCF Bank Stadium,Interpol,"59,843 / 59,843","$5,163,440",Wikipedia / Billboard Boxscore
U2,U2 360° Tour,Rock,26 July 2011,Pittsburgh,United States,Heinz Field,Interpol,"55,823 / 55,823","$5,050,730",Wikipedia / Billboard Boxscore
U2,U2 360° Tour,Rock,30 July 2011,Moncton,Canada,Magnetic Hill Concert Site,Carney Arcade Fire,"66,823 / 66,823","$6,127,953",Wikipedia / Billboard Boxscore
Elton John,Farewell Yellow Brick Road,Classic Rock,8 September 2018,Allentown,United States,PPL Center,,"8,983 / 8,983","$1,492,859",Wikipedia / Billboard Boxscore
Elton John,Farewell Yellow Brick Road,Classic Rock,11 September 2018,Philadelphia,United States,Wells Fargo Center,,"29,531 / 29,531","$4,273,021",Wikipedia / Billboard Boxscore
Elton John,Farewell Yellow Brick Road,Classic Rock,12 September 2018,Philadelphia,United States,Wells Fargo Center,,"29,531 / 29,531","$4,273,021",Wikipedia / Billboard Boxscore
Elton John,Farewell Yellow Brick Road,Classic Rock,15 September 2018,Buffalo,United States,KeyBank Center,,"15,581 / 15,641","$2,033,001",Wikipedia / Billboard Boxscore
Elton John,Farewell Yellow Brick Road,Classic Rock,16 September 2018,University Park,United States,Bryce Jordan Center,,"12,421 / 12,421","$1,662,468",Wikipedia / Billboard Boxscore
Elton John,Farewell Yellow Brick Road,Classic Rock,19 September 2018,Hartford,United States,XL Center,,"12,311 / 12,311","$1,430,695",Wikipedia / Billboard Boxscore
Elton John,Farewell Yellow Brick Road,Classic Rock,21 September 2018,"Washington, D.C.",United States,Capital One Arena,,"30,315 / 30,315","$4,464,426",Wikipedia / Billboard Boxscore
Elton John,Farewell Yellow Brick Road,Classic Rock,22 September 2018,"Washington, D.C.",United States,Capital One Arena,,"30,315 / 30,315","$4,464,426",Wikipedia / Billboard Boxscore
Elton John,Farewell Yellow Brick Road,Classic Rock,25 September 2018,Toronto,Canada,Scotiabank Arena,,"31,886 / 31,886","$3,590,343",Wikipedia / Billboard Boxscore
Elton John,Farewell Yellow Brick Road,Classic Rock,26 September 2018,Toronto,Canada,Scotiabank Arena,,"31,886 / 31,886","$3,590,343",Wikipedia / Billboard Boxscore
Elton John,Farewell Yellow Brick Road,Classic Rock,28 September 2018,Ottawa,Canada,Canadian Tire Centre,,"14,160 / 14,160","$1,330,020",Wikipedia / Billboard Boxscore
Elton John,Farewell Yellow Brick Road,Classic Rock,29 September 2018,Quebec City,Canada,Videotron Centre,,"14,553 / 14,553","$1,473,260",Wikipedia / Billboard Boxscore
Elton John,Farewell Yellow Brick Road,Classic Rock,4 October 2018,Montreal,Canada,Bell Centre,,"16,466 / 16,466","$1,681,260",Wikipedia / Billboard Boxscore
Elton John,Farewell Yellow Brick Road,Classic Rock,6 October 2018,Boston,United States,TD Garden,,"13,946 / 14,168","$1,953,520",Wikipedia / Billboard Boxscore
Elton John,Farewell Yellow Brick Road,Classic Rock,9 October 2018,Uniondale,United States,Nassau Coliseum,,"11,984 / 11,984","$1,648,995",Wikipedia / Billboard Boxscore
Elton John,Farewell Yellow Brick Road,Classic Rock,10 October 2018,Pittsburgh,United States,PPG Paints Arena,,"14,452 / 14,452","$1,998,879",Wikipedia / Billboard Boxscore
Elton John,Farewell Yellow Brick Road,Classic Rock,12 October 2018,Detroit,United States,Little Caesars Arena,,"30,218 / 30,218","$4,037,241",Wikipedia / Billboard Boxscore
Elton John,Farewell Yellow Brick Road,Classic Rock,13 October 2018,Detroit,United States,Little Caesars Arena,,"30,218 / 30,218","$4,037,241",Wikipedia / Billboard Boxscore
Elton John,Farewell Yellow Brick Road,Classic Rock,15 October 2018,Grand Rapids,United States,Van Andel Arena,,"12,689 / 12,689","$1,698,338",Wikipedia / Billboard Boxscore
Elton John,Farewell Yellow Brick Road,Classic Rock,18 October 2018,New York City,United States,Madison Square Garden,,"58,949 / 58,949","$10,024,748",Wikipedia / Billboard Boxscore
Elton John,Farewell Yellow Brick Road,Classic Rock,19 October 2018,New York City,United States,Madison Square Garden,,"58,949 / 58,949","$10,024,748",Wikipedia / Billboard Boxscore
Elton John,Farewell Yellow Brick Road,Classic Rock,23 October 2018,Louisville,United States,KFC Yum! Center,,"17,412 / 17,412","$1,990,938",Wikipedia / Billboard Boxscore
Elton John,Farewell Yellow Brick Road,Classic Rock,24 October 2018,Nashville,United States,Bridgestone Arena,,"14,447 / 14,513","$2,179,947",Wikipedia / Billboard Boxscore
Elton John,Farewell Yellow Brick Road,Classic Rock,26 October 2018,Chicago,United States,United Center,,"31,066 / 31,066","$4,431,187",Wikipedia / Billboard Boxscore
Elton John,Farewell Yellow Brick Road,Classic Rock,27 October 2018,Chicago,United States,United Center,,"31,066 / 31,066","$4,431,187",Wikipedia / Billboard Boxscore
Elton John,Farewell Yellow Brick Road,Classic Rock,30 October 2018,St. Louis,United States,Enterprise Center,,"15,495 / 15,495","$1,867,478",Wikipedia / Billboard Boxscore
Elton John,Farewell Yellow Brick Road,Classic Rock,2 November 2018,Columbus,United States,Schottenstein Center,,"14,399 / 14,399","$1,708,401",Wikipedia / Billboard Boxscore
Elton John,Farewell Yellow Brick Road,Classic Rock,3 November 2018,Cleveland,United States,Quicken Loans Arena,,"16,252 / 16,252","$1,923,705",Wikipedia / Billboard Boxscore
Elton John,Farewell Yellow Brick Road,Classic Rock,6 November 2018,Boston,United States,TD Garden,,"14,073 / 14,073","$2,047,084",Wikipedia / Billboard Boxscore
Elton John,Farewell Yellow Brick Road,Classic Rock,23 November 2018,Sunrise,United States,BB&T Center,,"14,182 / 14,182","$2,055,879",Wikipedia / Billboard Boxscore
Elton John,Farewell Yellow Brick Road,Classic Rock,24 November 2018,Miami,United States,American Airlines Arena,,"13,996 / 13,996","$2,119,362",Wikipedia / Billboard Boxscore
Elton John,Farewell Yellow Brick Road,Classic Rock,30 November 2018,Atlanta,United States,State Farm Arena,,"24,920 / 24,920","$3,310,272",Wikipedia / Billboard Boxscore
Elton John,Farewell Yellow Brick Road,Classic Rock,1 December 2018,Atlanta,United States,State Farm Arena,,"24,920 / 24,920","$3,310,272",Wikipedia / Billboard Boxscore
Elton John,Farewell Yellow Brick Road,Classic Rock,4 December 2018,Birmingham,United States,Legacy Arena,,"13,774 / 13,774","$1,466,013",Wikipedia / Billboard Boxscore
Elton John,Farewell Yellow Brick Road,Classic Rock,6 December 2018,New Orleans,United States,Smoothie King Center,,"14,573 / 14,573","$1,807,489",Wikipedia / Billboard Boxscore
Elton John,Farewell Yellow Brick Road,Classic Rock,8 December 2018,Houston,United States,Toyota Center,,"25,794 / 25,794","$3,958,024",Wikipedia / Billboard Boxscore
Elton John,Farewell Yellow Brick Road,Classic Rock,9 December 2018,Houston,United States,Toyota Center,,"25,794 / 25,794","$3,958,024",Wikipedia / Billboard Boxscore
Elton John,Farewell Yellow Brick Road,Classic Rock,12 December 2018,San Antonio,United States,AT&T Center,,"15,037 / 15,037","$1,707,532",Wikipedia / Billboard Boxscore
Elton John,Farewell Yellow Brick Road,Classic Rock,14 December 2018,Dallas,United States,American Airlines Center,,"28,928 / 28,928","$4,297,806",Wikipedia / Billboard Boxscore
Elton John,Farewell Yellow Brick Road,Classic Rock,15 December 2018,Dallas,United States,American Airlines Center,,"28,928 / 28,928","$4,297,806",Wikipedia / Billboard Boxscore
Elton John,Farewell Yellow Brick Road,Classic Rock,11 January 2019,Boise,United States,Taco Bell Arena,,"9,063 / 9,063","$1,189,869",Wikipedia / Billboard Boxscore
Elton John,Farewell Yellow Brick Road,Classic Rock,12 January 2019,Portland,United States,Moda Center,,"14,584 / 14,584","$1,843,608",Wikipedia / Billboard Boxscore
Elton John,Farewell Yellow Brick Road,Classic Rock,15 January 2019,Fresno,United States,Save Mart Center,,"12,271 / 12,271","$1,677,265",Wikipedia / Billboard Boxscore
Elton John,Farewell Yellow Brick Road,Classic Rock,16 January 2019,Sacramento,United States,Golden 1 Center,,"14,241 / 14,241","$1,860,305",Wikipedia / Billboard Boxscore
Elton John,Farewell Yellow Brick Road,Classic Rock,18 January 2019,Oakland,United States,Oracle Arena,,"14,749 / 14,749","$2,017,373",Wikipedia / Billboard Boxscore
Elton John,Farewell Yellow Brick Road,Classic Rock,19 January 2019,San Jose,United States,SAP Center,,"13,835 / 13,835","$1,992,673",Wikipedia / Billboard Boxscore
Elton John,Farewell Yellow Brick Road,Classic Rock,22 January 2019,Los Angeles,United States,Staples Center,,"57,213 / 57,213","$8,513,984",Wikipedia / Billboard Boxscore
Elton John,Farewell Yellow Brick Road,Classic Rock,23 January 2019,Los Angeles,United States,Staples Center,,"57,213 / 57,213","$8,513,984",Wikipedia / Billboard Boxscore
Elton John,Farewell Yellow Brick Road,Classic Rock,25 January 2019,Los Angeles,United States,Staples Center,,"57,213 / 57,213","$8,513,984",Wikipedia / Billboard Boxscore
Elton John,Farewell Yellow Brick Road,Classic Rock,26 January 2019,Glendale,United States,Gila River Arena,,"13,899 / 13,899","$1,864,926",Wikipedia / Billboard Boxscore
Elton John,Farewell Yellow Brick Road,Classic Rock,29 January 2019,San Diego,United States,Pechanga Arena,,"11,517 / 11,555","$1,361,249",Wikipedia / Billboard Boxscore
Elton John,Farewell Yellow Brick Road,Classic Rock,1 February 2019,Inglewood,United States,The Forum,,"29,408 / 29,408","$3,973,836",Wikipedia / Billboard Boxscore
Elton John,Farewell Yellow Brick Road,Classic Rock,2 February 2019,Inglewood,United States,The Forum,,"29,408 / 29,408","$3,973,836",Wikipedia / Billboard Boxscore
Elton John,Farewell Yellow Brick Road,Classic Rock,6 February 2019,Denver,United States,Pepsi Center,,"27,711 / 27,711","$4,208,205",Wikipedia / Billboard Boxscore
Elton John,Farewell Yellow Brick Road,Classic Rock,7 February 2019,Denver,United States,Pepsi Center,,"27,711 / 27,711","$4,208,205",Wikipedia / Billboard Boxscore
Elton John,Farewell Yellow Brick Road,Classic Rock,9 February 2019,Tulsa,United States,BOK Center,,"13,363 / 13,363","$1,629,219",Wikipedia / Billboard Boxscore
Elton John,Farewell Yellow Brick Road,Classic Rock,12 February 2019,Omaha,United States,CHI Health Center Omaha,,"14,738 / 14,738","$1,811,131",Wikipedia / Billboard Boxscore
Elton John,Farewell Yellow Brick Road,Classic Rock,13 February 2019,Kansas City,United States,Sprint Center,,"14,292 / 14,292","$1,974,229",Wikipedia / Billboard Boxscore
Elton John,Farewell Yellow Brick Road,Classic Rock,15 February 2019,Rosemont,United States,Allstate Arena,,"28,400 / 28,400","$3,942,660",Wikipedia / Billboard Boxscore
Elton John,Farewell Yellow Brick Road,Classic Rock,16 February 2019,Rosemont,United States,Allstate Arena,,"28,400 / 28,400","$3,942,660",Wikipedia / Billboard Boxscore
Elton John,Farewell Yellow Brick Road,Classic Rock,21 February 2019,Minneapolis,United States,Target Center,,"29,949 / 29,949","$4,205,786",Wikipedia / Billboard Boxscore
Elton John,Farewell Yellow Brick Road,Classic Rock,22 February 2019,Minneapolis,United States,Target Center,,"29,949 / 29,949","$4,205,786",Wikipedia / Billboard Boxscore
Elton John,Farewell Yellow Brick Road,Classic Rock,27 February 2019,Cincinnati,United States,U.S. Bank Arena,,"13,456 / 13,456","$1,678,397",Wikipedia / Billboard Boxscore
Elton John,Farewell Yellow Brick Road,Classic Rock,1 March 2019,Albany,United States,Times Union Center,,"12,617 / 12,617","$1,629,499",Wikipedia / Billboard Boxscore
Elton John,Farewell Yellow Brick Road,Classic Rock,2 March 2019,Newark,United States,Prudential Center,,"13,949 / 13,949","$2,141,546",Wikipedia / Billboard Boxscore
Elton John,Farewell Yellow Brick Road,Classic Rock,5 March 2019,New York City,United States,Madison Square Garden,,"29,821 / 29,821","$5,249,700",Wikipedia / Billboard Boxscore
Elton John,Farewell Yellow Brick Road,Classic Rock,6 March 2019,New York City,United States,Madison Square Garden,,"29,821 / 29,821","$5,249,700",Wikipedia / Billboard Boxscore
Elton John,Farewell Yellow Brick Road,Classic Rock,8 March 2019,Brooklyn,United States,Barclays Center,,"30,108 / 30,108","$4,295,346",Wikipedia / Billboard Boxscore
Elton John,Farewell Yellow Brick Road,Classic Rock,9 March 2019,Brooklyn,United States,Barclays Center,,"30,108 / 30,108","$4,295,346",Wikipedia / Billboard Boxscore
Elton John,Farewell Yellow Brick Road,Classic Rock,12 March 2019,Raleigh,United States,PNC Arena,,"14,885 / 14,885","$2,050,728",Wikipedia / Billboard Boxscore
Elton John,Farewell Yellow Brick Road,Classic Rock,13 March 2019,Columbia,United States,Colonial Life Arena,,"13,331 / 13,331","$1,833,220",Wikipedia / Billboard Boxscore
Elton John,Farewell Yellow Brick Road,Classic Rock,15 March 2019,Jacksonville,United States,VyStar Veterans Memorial Arena,,"12,370 / 12,370","$1,779,255",Wikipedia / Billboard Boxscore
Elton John,Farewell Yellow Brick Road,Classic Rock,16 March 2019,Sunrise,United States,BB&T Center,,"14,517 / 14,517","$2,109,042",Wikipedia / Billboard Boxscore
Elton John,Farewell Yellow Brick Road,Classic Rock,18 March 2019,Orlando,United States,Amway Center,,"13,446 / 13,446","$1,833,937",Wikipedia / Billboard Boxscore
Elton John,Farewell Yellow Brick Road,Classic Rock,1 May 2019,Vienna,Austria,Wiener Stadthalle,,"20,565 / 20,565","$2,706,734",Wikipedia / Billboard Boxscore
Elton John,Farewell Yellow Brick Road,Classic Rock,2 May 2019,Vienna,Austria,Wiener Stadthalle,,"20,565 / 20,565","$2,706,734",Wikipedia / Billboard Boxscore
Elton John,Farewell Yellow Brick Road,Classic Rock,4 May 2019,Kraków,Poland,Tauron Arena Kraków,,"13,972 / 13,972","$1,164,007",Wikipedia / Billboard Boxscore
Elton John,Farewell Yellow Brick Road,Classic Rock,7 May 2019,Prague,Czech Republic,O 2 Arena,,"13,722 / 13,722","$1,500,712",Wikipedia / Billboard Boxscore
Elton John,Farewell Yellow Brick Road,Classic Rock,9 May 2019,Bremen,Germany,ÖVB Arena,,"8,656 / 8,656","$973,112",Wikipedia / Billboard Boxscore
Elton John,Farewell Yellow Brick Road,Classic Rock,11 May 2019,Stuttgart,Germany,Hanns-Martin-Schleyer-Halle,,"9,841 / 9,841","$1,444,671",Wikipedia / Billboard Boxscore
Elton John,Farewell Yellow Brick Road,Classic Rock,12 May 2019,Oberhausen,Germany,König Pilsener Arena,,"10,139 / 10,139","$1,204,533",Wikipedia / Billboard Boxscore
Elton John,Farewell Yellow Brick Road,Classic Rock,18 May 2019,Copenhagen,Denmark,Royal Arena,,"26,465 / 26,465","$4,117,900",Wikipedia / Billboard Boxscore
Elton John,Farewell Yellow Brick Road,Classic Rock,19 May 2019,Gothenburg,Sweden,Scandinavium,,"9,701 / 9,701","$1,157,857",Wikipedia / Billboard Boxscore
Elton John,Farewell Yellow Brick Road,Classic Rock,22 May 2019,Hanover,Germany,TUI Arena,,"9,808 / 9,920","$1,101,335",Wikipedia / Billboard Boxscore
Elton John,Farewell Yellow Brick Road,Classic Rock,23 May 2019,Antwerp,Belgium,Sportpaleis,,"16,348 / 16,348","$1,588,629",Wikipedia / Billboard Boxscore
Elton John,Farewell Yellow Brick Road,Classic Rock,26 May 2019,Munich,Germany,Olympiahalle,,"11,108 / 11,108","$1,227,321",Wikipedia / Billboard Boxscore
Elton John,Farewell Yellow Brick Road,Classic Rock,29 May 2019,Verona,Italy,Verona Arena,,"11,932 / 11,932","$1,122,434",Wikipedia / Billboard Boxscore
Elton John,Farewell Yellow Brick Road,Classic Rock,1 June 2019,Wiesbaden,Germany,Bowling Green,,"10,280 / 10,280","$1,159,911",Wikipedia / Billboard Boxscore
Elton John,Farewell Yellow Brick Road,Classic Rock,4 June 2019,Bergen,Norway,Koengen,,"22,500 / 22,500","$2,201,784",Wikipedia / Billboard Boxscore
Elton John,Farewell Yellow Brick Road,Classic Rock,8 June 2019,Amsterdam,Netherlands,Ziggo Dome,,"25,315 / 25,315","$2,047,986",Wikipedia / Billboard Boxscore
Elton John,Farewell Yellow Brick Road,Classic Rock,9 June 2019,Hove,England,First Central County Ground,,"18,210 / 18,210","$1,935,090",Wikipedia / Billboard Boxscore
Elton John,Farewell Yellow Brick Road,Classic Rock,12 June 2019,Dublin,Ireland,3Arena,,"16,848 / 16,848","$3,048,861",Wikipedia / Billboard Boxscore
Elton John,Farewell Yellow Brick Road,Classic Rock,13 June 2019,Dublin,Ireland,3Arena,,"16,848 / 16,848","$3,048,861",Wikipedia / Billboard Boxscore
Elton John,Farewell Yellow Brick Road,Classic Rock,15 June 2019,Cardiff,Wales,Cardiff City Stadium,,"30,558 / 30,558","$2,863,159",Wikipedia / Billboard Boxscore
Elton John,Farewell Yellow Brick Road,Classic Rock,18 June 2019,Villeneuve-d'Ascq,France,Stade Pierre-Mauroy,,"26,517 / 26,517","$2,630,997",Wikipedia / Billboard Boxscore
Elton John,Farewell Yellow Brick Road,Classic Rock,20 June 2019,Paris,France,AccorHotels Arena,,"12,653 / 13,081","$2,192,829",Wikipedia / Billboard Boxscore
Elton John,Farewell Yellow Brick Road,Classic Rock,22 June 2019,Bordeaux,France,Arkéa Arena,,"8,044 / 8,044","$1,371,623",Wikipedia / Billboard Boxscore
Elton John,Farewell Yellow Brick Road,Classic Rock,23 June 2019,Nîmes,France,Arena of Nîmes,,"14,000 / 14,000","$1,485,776",Wikipedia / Billboard Boxscore
Elton John,Farewell Yellow Brick Road,Classic Rock,26 June 2019,Madrid,Spain,WiZink Center,,"11,490 / 11,490","$1,129,930",Wikipedia / Billboard Boxscore
Elton John,Farewell Yellow Brick Road,Classic Rock,29 June 2019,Montreux,Switzerland,Stadium Saussaz,,"14,723 / 14,723","$3,108,660",Wikipedia / Billboard Boxscore
Elton John,Farewell Yellow Brick Road,Classic Rock,3 July 2019,Graz,Austria,Messe Congress Graz,,"9,675 / 9,675","$1,318,618",Wikipedia / Billboard Boxscore
Elton John,Farewell Yellow Brick Road,Classic Rock,5 July 2019,Munich,Germany,Olympiahalle,,"11,532 / 11,532","$1,277,077",Wikipedia / Billboard Boxscore
Elton John,Farewell Yellow Brick Road,Classic Rock,7 July 2019,Lucca,Italy,Mura Storiche,,"19,737 / 19,737","$2,266,040",Wikipedia / Billboard Boxscore
Elton John,Farewell Yellow Brick Road,Classic Rock,4 September 2019,Salt Lake City,United States,Vivint Smart Home Arena,,"13,521 / 13,521","$1,802,270",Wikipedia / Billboard Boxscore
Elton John,Farewell Yellow Brick Road,Classic Rock,6 September 2019,Paradise,United States,T-Mobile Arena,,"31,274 / 31,274","$4,596,868",Wikipedia / Billboard Boxscore
Elton John,Farewell Yellow Brick Road,Classic Rock,7 September 2019,Paradise,United States,T-Mobile Arena,,"31,274 / 31,274","$4,596,868",Wikipedia / Billboard Boxscore
Elton John,Farewell Yellow Brick Road,Classic Rock,10 September 2019,Anaheim,United States,Honda Center,,"27,870 / 27,870","$3,776,139",Wikipedia / Billboard Boxscore
Elton John,Farewell Yellow Brick Road,Classic Rock,11 September 2019,Anaheim,United States,Honda Center,,"27,870 / 27,870","$3,776,139",Wikipedia / Billboard Boxscore
Elton John,Farewell Yellow Brick Road,Classic Rock,13 September 2019,San Francisco,United States,Chase Center,,"28,380 / 28,380","$4,374,647",Wikipedia / Billboard Boxscore
Elton John,Farewell Yellow Brick Road,Classic Rock,15 September 2019,San Francisco,United States,Chase Center,,"28,380 / 28,380","$4,374,647",Wikipedia / Billboard Boxscore
Elton John,Farewell Yellow Brick Road,Classic Rock,17 September 2019,Tacoma,United States,Tacoma Dome,,"38,728 / 38,728","$5,833,950",Wikipedia / Billboard Boxscore
Elton John,Farewell Yellow Brick Road,Classic Rock,18 September 2019,Tacoma,United States,Tacoma Dome,,"38,728 / 38,728","$5,833,950",Wikipedia / Billboard Boxscore
Elton John,Farewell Yellow Brick Road,Classic Rock,21 September 2019,Vancouver,Canada,Rogers Arena,,"45,425 / 45,425","$5,329,012",Wikipedia / Billboard Boxscore
Elton John,Farewell Yellow Brick Road,Classic Rock,22 September 2019,Vancouver,Canada,Rogers Arena,,"45,425 / 45,425","$5,329,012",Wikipedia / Billboard Boxscore
Elton John,Farewell Yellow Brick Road,Classic Rock,24 September 2019,Vancouver,Canada,Rogers Arena,,"45,425 / 45,425","$5,329,012",Wikipedia / Billboard Boxscore
Elton John,Farewell Yellow Brick Road,Classic Rock,27 September 2019,Edmonton,Canada,Rogers Place,,"30,806 / 30,806","$3,216,169",Wikipedia / Billboard Boxscore
Elton John,Farewell Yellow Brick Road,Classic Rock,28 September 2019,Edmonton,Canada,Rogers Place,,"30,806 / 30,806","$3,216,169",Wikipedia / Billboard Boxscore
Elton John,Farewell Yellow Brick Road,Classic Rock,1 October 2019,Saskatoon,Canada,SaskTel Centre,,"26,380 / 26,380","$2,615,473",Wikipedia / Billboard Boxscore
Elton John,Farewell Yellow Brick Road,Classic Rock,2 October 2019,Saskatoon,Canada,SaskTel Centre,,"26,380 / 26,380","$2,615,473",Wikipedia / Billboard Boxscore
Elton John,Farewell Yellow Brick Road,Classic Rock,4 October 2019,Winnipeg,Canada,Bell MTS Place,,"25,283 / 25,283","$2,725,778",Wikipedia / Billboard Boxscore
Elton John,Farewell Yellow Brick Road,Classic Rock,5 October 2019,Winnipeg,Canada,Bell MTS Place,,"25,283 / 25,283","$2,725,778",Wikipedia / Billboard Boxscore
Elton John,Farewell Yellow Brick Road,Classic Rock,19 October 2019,Milwaukee,United States,Fiserv Forum,,"13,012 / 13,012","$1,718,769",Wikipedia / Billboard Boxscore
Elton John,Farewell Yellow Brick Road,Classic Rock,23 October 2019,Toronto,Canada,Scotiabank Arena,,"32,202 / 32,202","$3,767,643",Wikipedia / Billboard Boxscore
Elton John,Farewell Yellow Brick Road,Classic Rock,24 October 2019,Toronto,Canada,Scotiabank Arena,,"32,202 / 32,202","$3,767,643",Wikipedia / Billboard Boxscore
Elton John,Farewell Yellow Brick Road,Classic Rock,28 October 2019,Nashville,United States,Bridgestone Arena,,"14,624 / 14,624","$2,320,071",Wikipedia / Billboard Boxscore
Elton John,Farewell Yellow Brick Road,Classic Rock,30 October 2019,Memphis,United States,FedExForum,,"14,435 / 14,435","$1,825,808",Wikipedia / Billboard Boxscore
Elton John,Farewell Yellow Brick Road,Classic Rock,1 November 2019,Atlanta,United States,State Farm Arena,,"23,708 / 23,708","$3,897,797",Wikipedia / Billboard Boxscore
Elton John,Farewell Yellow Brick Road,Classic Rock,2 November 2019,Atlanta,United States,State Farm Arena,,"23,708 / 23,708","$3,897,797",Wikipedia / Billboard Boxscore
Elton John,Farewell Yellow Brick Road,Classic Rock,4 November 2019,Tampa,United States,Amalie Arena,,"14,961 / 14,961","$2,190,160",Wikipedia / Billboard Boxscore
Elton John,Farewell Yellow Brick Road,Classic Rock,6 November 2019,Charlotte,United States,Spectrum Center,,"15,834 / 15,834","$2,163,283",Wikipedia / Billboard Boxscore
Elton John,Farewell Yellow Brick Road,Classic Rock,8 November 2019,Philadelphia,United States,Wells Fargo Center,,"31,230 / 31,230","$4,608,305",Wikipedia / Billboard Boxscore
Elton John,Farewell Yellow Brick Road,Classic Rock,9 November 2019,Philadelphia,United States,Wells Fargo Center,,"31,230 / 31,230","$4,608,305",Wikipedia / Billboard Boxscore
Elton John,Farewell Yellow Brick Road,Classic Rock,11 November 2019,Cleveland,United States,Rocket Mortgage FieldHouse,,"16,621 / 16,621","$2,168,485",Wikipedia / Billboard Boxscore
Elton John,Farewell Yellow Brick Road,Classic Rock,13 November 2019,Pittsburgh,United States,PPG Paints Arena,,"15,011 / 15,011","$2,182,135",Wikipedia / Billboard Boxscore
Elton John,Farewell Yellow Brick Road,Classic Rock,15 November 2019,Boston,United States,TD Garden,,"14,112 / 14,112","$2,046,734",Wikipedia / Billboard Boxscore
Elton John,Farewell Yellow Brick Road,Classic Rock,16 November 2019,Uniondale,United States,Nassau Coliseum,,"12,125 / 12,125","$1,722,978",Wikipedia / Billboard Boxscore
Elton John,Farewell Yellow Brick Road,Classic Rock,30 November 2019,Perth,Australia,Perth Oval,,"44,079 / 45,415","$5,965,750",Wikipedia / Billboard Boxscore
Elton John,Farewell Yellow Brick Road,Classic Rock,1 December 2019,Perth,Australia,Perth Oval,,"44,079 / 45,415","$5,965,750",Wikipedia / Billboard Boxscore
Elton John,Farewell Yellow Brick Road,Classic Rock,4 December 2019,Adelaide,Australia,Adelaide Botanic Park,,"32,523 / 32,966","$3,603,260",Wikipedia / Billboard Boxscore
Elton John,Farewell Yellow Brick Road,Classic Rock,5 December 2019,Adelaide,Australia,Adelaide Botanic Park,,"32,523 / 32,966","$3,603,260",Wikipedia / Billboard Boxscore
Elton John,Farewell Yellow Brick Road,Classic Rock,7 December 2019,Geelong,Australia,Mt Duneed Estate,,"20,849 / 20,849","$2,160,861",Wikipedia / Billboard Boxscore
Elton John,Farewell Yellow Brick Road,Classic Rock,10 December 2019,Melbourne,Australia,Rod Laver Arena,,"51,556 / 52,838","$7,994,560",Wikipedia / Billboard Boxscore
Elton John,Farewell Yellow Brick Road,Classic Rock,11 December 2019,Melbourne,Australia,Rod Laver Arena,,"51,556 / 52,838","$7,994,560",Wikipedia / Billboard Boxscore
Elton John,Farewell Yellow Brick Road,Classic Rock,14 December 2019,Melbourne,Australia,Rod Laver Arena,,"51,556 / 52,838","$7,994,560",Wikipedia / Billboard Boxscore
Elton John,Farewell Yellow Brick Road,Classic Rock,15 December 2019,Melbourne,Australia,Rod Laver Arena,,"51,556 / 52,838","$7,994,560",Wikipedia / Billboard Boxscore
Elton John,Farewell Yellow Brick Road,Classic Rock,18 December 2019,Brisbane,Australia,Brisbane Entertainment Centre,,"21,425 / 23,210","$2,979,870",Wikipedia / Billboard Boxscore
Elton John,Farewell Yellow Brick Road,Classic Rock,19 December 2019,Brisbane,Australia,Brisbane Entertainment Centre,,"21,425 / 23,210","$2,979,870",Wikipedia / Billboard Boxscore
Elton John,Farewell Yellow Brick Road,Classic Rock,21 December 2019,Sydney,Australia,First State Super Theatre,,"16,337 / 16,407","$2,752,960",Wikipedia / Billboard Boxscore
Elton John,Farewell Yellow Brick Road,Classic Rock,23 December 2019,Sydney,Australia,First State Super Theatre,,"16,337 / 16,407","$2,752,960",Wikipedia / Billboard Boxscore
Elton John,Farewell Yellow Brick Road,Classic Rock,7 January,Sydney,Australia,Qudos Bank Arena,,"44,438 / 44,438","$6,235,455",Wikipedia / Billboard Boxscore
Elton John,Farewell Yellow Brick Road,Classic Rock,9 January,Sydney,Australia,Qudos Bank Arena,,"44,438 / 44,438","$6,235,455",Wikipedia / Billboard Boxscore
Elton John,Farewell Yellow Brick Road,Classic Rock,11 January,Hunter Valley,Australia,Hope Estate Winery,,"38,200 / 38,343","$5,217,200",Wikipedia / Billboard Boxscore
Elton John,Farewell Yellow Brick Road,Classic Rock,12 January,Hunter Valley,Australia,Hope Estate Winery,,"38,200 / 38,343","$5,217,200",Wikipedia / Billboard Boxscore
Elton John,Farewell Yellow Brick Road,Classic Rock,16 January,Brisbane,Australia,Brisbane Entertainment Centre,,"10,830 / 10,892","$1,568,700",Wikipedia / Billboard Boxscore
Elton John,Farewell Yellow Brick Road,Classic Rock,18 January,Mount Cotton,Australia,Sirromet Wines,,"26,185 / 26,185","$3,229,690",Wikipedia / Billboard Boxscore
Elton John,Farewell Yellow Brick Road,Classic Rock,19 January,Mount Cotton,Australia,Sirromet Wines,,"26,185 / 26,185","$3,229,690",Wikipedia / Billboard Boxscore
Elton John,Farewell Yellow Brick Road,Classic Rock,22 January,Bathurst,Australia,Carrington Park,,"19,149 / 20,063","$2,330,340",Wikipedia / Billboard Boxscore
Elton John,Farewell Yellow Brick Road,Classic Rock,25 January,Macedon,Australia,Hanging Rock,,"40,327 / 40,327","$4,456,150",Wikipedia / Billboard Boxscore
Elton John,Farewell Yellow Brick Road,Classic Rock,26 January,Macedon,Australia,Hanging Rock,,"40,327 / 40,327","$4,456,150",Wikipedia / Billboard Boxscore
Elton John,Farewell Yellow Brick Road,Classic Rock,29 January,Wahgunyah,Australia,All Saints Estate Winery,,"11,175 / 11,175","$1,324,180",Wikipedia / Billboard Boxscore
Elton John,Farewell Yellow Brick Road,Classic Rock,31 January,Coldstream,Australia,Rochford Winery Yarra Valley,,"24,440 / 24,440","$2,699,520",Wikipedia / Billboard Boxscore
Elton John,Farewell Yellow Brick Road,Classic Rock,1 February,Coldstream,Australia,Rochford Winery Yarra Valley,,"24,440 / 24,440","$2,699,520",Wikipedia / Billboard Boxscore
Elton John,Farewell Yellow Brick Road,Classic Rock,4 February,Dunedin,New Zealand,Forsyth Barr Stadium,,"33,731 / 34,035","$4,117,990",Wikipedia / Billboard Boxscore
Elton John,Farewell Yellow Brick Road,Classic Rock,6 February,Napier,New Zealand,Mission Estate Winery,,"52,979 / 52,979","$5,838,600",Wikipedia / Billboard Boxscore
Elton John,Farewell Yellow Brick Road,Classic Rock,15 February,Napier,New Zealand,Mission Estate Winery,,"52,979 / 52,979","$5,838,600",Wikipedia / Billboard Boxscore
Elton John,Farewell Yellow Brick Road,Classic Rock,16 February,Auckland,New Zealand,Mount Smart Stadium,,"35,350 / 35,453","$4,825,850",Wikipedia / Billboard Boxscore
Elton John,Farewell Yellow Brick Road,Classic Rock,22 February,Melbourne,Australia,AAMI Park,,"29,967 / 30,536","$4,430,850",Wikipedia / Billboard Boxscore
Elton John,Farewell Yellow Brick Road,Classic Rock,25 February,Coffs Harbour,Australia,Coffs Harbour International Stadium,,"33,055 / 33,241","$3,992,190",Wikipedia / Billboard Boxscore
Elton John,Farewell Yellow Brick Road,Classic Rock,26 February,Coffs Harbour,Australia,Coffs Harbour International Stadium,,"33,055 / 33,241","$3,992,190",Wikipedia / Billboard Boxscore
Elton John,Farewell Yellow Brick Road,Classic Rock,29 February,Townsville,Australia,North Queensland Stadium,,"21,535 / 21,817","$2,323,100",Wikipedia / Billboard Boxscore
Elton John,Farewell Yellow Brick Road,Classic Rock,3 March,Sunshine Coast,Australia,Sunshine Coast Stadium,,"30,023 / 30,023","$4,363,793",Wikipedia / Billboard Boxscore
Elton John,Farewell Yellow Brick Road,Classic Rock,4 March,Sunshine Coast,Australia,Sunshine Coast Stadium,,"30,023 / 30,023","$4,363,793",Wikipedia / Billboard Boxscore
Elton John,Farewell Yellow Brick Road,Classic Rock,7 March,Parramatta,Australia,Western Sydney Stadium,,"26,596 / 26,596","$4,311,638",Wikipedia / Billboard Boxscore
Elton John,Farewell Yellow Brick Road,Classic Rock,19 January 2022,New Orleans,United States,Smoothie King Center,,"14,454 / 14,454","$1,972,978",Wikipedia / Billboard Boxscore
Elton John,Farewell Yellow Brick Road,Classic Rock,21 January 2022,Houston,United States,Toyota Center,,"25,951 / 25,951","$4,243,554",Wikipedia / Billboard Boxscore
Elton John,Farewell Yellow Brick Road,Classic Rock,22 January 2022,Houston,United States,Toyota Center,,"25,951 / 25,951","$4,243,554",Wikipedia / Billboard Boxscore
Elton John,Farewell Yellow Brick Road,Classic Rock,29 January 2022,North Little Rock,United States,Simmons Bank Arena,,"15,482 / 15,482","$2,476,445",Wikipedia / Billboard Boxscore
Elton John,Farewell Yellow Brick Road,Classic Rock,30 January 2022,Oklahoma City,United States,Paycom Center,,"13,393 / 13,393","$1,865,204",Wikipedia / Billboard Boxscore
Elton John,Farewell Yellow Brick Road,Classic Rock,1 February 2022,Kansas City,United States,T-Mobile Center,,"13,741 / 13,741","$2,368,483",Wikipedia / Billboard Boxscore
Elton John,Farewell Yellow Brick Road,Classic Rock,4 February 2022,Chicago,United States,United Center,,"30,467 / 30,467","$5,436,666",Wikipedia / Billboard Boxscore
Elton John,Farewell Yellow Brick Road,Classic Rock,5 February 2022,Chicago,United States,United Center,,"30,467 / 30,467","$5,436,666",Wikipedia / Billboard Boxscore
Elton John,Farewell Yellow Brick Road,Classic Rock,8 February 2022,Detroit,United States,Little Caesars Arena,,"28,278 / 28,278","$5,175,499",Wikipedia / Billboard Boxscore
Elton John,Farewell Yellow Brick Road,Classic Rock,9 February 2022,Detroit,United States,Little Caesars Arena,,"28,278 / 28,278","$5,175,499",Wikipedia / Billboard Boxscore
Elton John,Farewell Yellow Brick Road,Classic Rock,22 February 2022,New York City,United States,Madison Square Garden,,"29,893 / 29,893","$6,860,968",Wikipedia / Billboard Boxscore
Elton John,Farewell Yellow Brick Road,Classic Rock,23 February 2022,New York City,United States,Madison Square Garden,,"29,893 / 29,893","$6,860,968",Wikipedia / Billboard Boxscore
Elton John,Farewell Yellow Brick Road,Classic Rock,25 February 2022,Newark,United States,Prudential Center,,"13,889 / 13,889","$2,674,238",Wikipedia / Billboard Boxscore
Elton John,Farewell Yellow Brick Road,Classic Rock,27 February 2022,Hollywood,United States,Hard Rock Live,,"6,519 / 6,519","$2,991,322",Wikipedia / Billboard Boxscore
Elton John,Farewell Yellow Brick Road,Classic Rock,1 March 2022,Brooklyn,United States,Barclays Center,,"29,365 / 29,365","$4,907,543",Wikipedia / Billboard Boxscore
Elton John,Farewell Yellow Brick Road,Classic Rock,2 March 2022,Brooklyn,United States,Barclays Center,,"29,365 / 29,365","$4,907,543",Wikipedia / Billboard Boxscore
Elton John,Farewell Yellow Brick Road,Classic Rock,5 March 2022,Uniondale,United States,Nassau Coliseum,,"24,428 / 24,428","$4,358,411",Wikipedia / Billboard Boxscore
Elton John,Farewell Yellow Brick Road,Classic Rock,6 March 2022,Uniondale,United States,Nassau Coliseum,,"24,428 / 24,428","$4,358,411",Wikipedia / Billboard Boxscore
Elton John,Farewell Yellow Brick Road,Classic Rock,10 March 2022,Dallas,United States,American Airlines Center,,"28,661 / 28,661","$5,693,417",Wikipedia / Billboard Boxscore
Elton John,Farewell Yellow Brick Road,Classic Rock,11 March 2022,Dallas,United States,American Airlines Center,,"28,661 / 28,661","$5,693,417",Wikipedia / Billboard Boxscore
Elton John,Farewell Yellow Brick Road,Classic Rock,19 March 2022,Fargo,United States,Fargodome,,"20,896 / 20,896","$3,135,020",Wikipedia / Billboard Boxscore
Elton John,Farewell Yellow Brick Road,Classic Rock,22 March 2022,Saint Paul,United States,Xcel Energy Center,,"30,517 / 30,517","$5,696,798",Wikipedia / Billboard Boxscore
Elton John,Farewell Yellow Brick Road,Classic Rock,23 March 2022,Saint Paul,United States,Xcel Energy Center,,"30,517 / 30,517","$5,696,798",Wikipedia / Billboard Boxscore
Elton John,Farewell Yellow Brick Road,Classic Rock,26 March 2022,Des Moines,United States,Wells Fargo Arena,,"12,866 / 12,866","$1,942,673",Wikipedia / Billboard Boxscore
Elton John,Farewell Yellow Brick Road,Classic Rock,27 March 2022,Lincoln,United States,Pinnacle Bank Arena,,"13,143 / 13,143","$2,147,508",Wikipedia / Billboard Boxscore
Elton John,Farewell Yellow Brick Road,Classic Rock,30 March 2022,St. Louis,United States,Enterprise Center,,"13,801 / 13,801","$2,312,462",Wikipedia / Billboard Boxscore
Elton John,Farewell Yellow Brick Road,Classic Rock,1 April 2022,Indianapolis,United States,Gainbridge Fieldhouse,,"14,789 / 14,789","$2,312,462",Wikipedia / Billboard Boxscore
Elton John,Farewell Yellow Brick Road,Classic Rock,2 April 2022,Milwaukee,United States,Fiserv Forum,,"12,714 / 12,714","$1,825,203",Wikipedia / Billboard Boxscore
Elton John,Farewell Yellow Brick Road,Classic Rock,5 April 2022,Grand Rapids,United States,Van Andel Arena,,"11,939 / 11,939","$1,889,981",Wikipedia / Billboard Boxscore
Elton John,Farewell Yellow Brick Road,Classic Rock,8 April 2022,Knoxville,United States,Thompson–Boling Arena,,"15,842 / 15,842","$2,619,600",Wikipedia / Billboard Boxscore
Elton John,Farewell Yellow Brick Road,Classic Rock,9 April 2022,Lexington,United States,Rupp Arena,,"15,974 / 15,974","$2,338,510",Wikipedia / Billboard Boxscore
Elton John,Farewell Yellow Brick Road,Classic Rock,12 April 2022,Columbus,United States,Schottenstein Center,,"14,382 / 14,382","$2,289,637",Wikipedia / Billboard Boxscore
Elton John,Farewell Yellow Brick Road,Classic Rock,13 April 2022,Hershey,United States,Giant Center,,"14,488 / 14,488","$2,481,655",Wikipedia / Billboard Boxscore
Elton John,Farewell Yellow Brick Road,Classic Rock,16 April 2022,Louisville,United States,KFC Yum! Center,,"17,496 / 17,496","$2,222,386",Wikipedia / Billboard Boxscore
Elton John,Farewell Yellow Brick Road,Classic Rock,19 April 2022,Greensboro,United States,Greensboro Coliseum,,"15,635 / 15,635","$2,592,331",Wikipedia / Billboard Boxscore
Elton John,Farewell Yellow Brick Road,Classic Rock,20 April 2022,Columbia,United States,Colonial Life Arena,,"13,400 / 13,400","$1,876,370",Wikipedia / Billboard Boxscore
Elton John,Farewell Yellow Brick Road,Classic Rock,23 April 2022,Jacksonville,United States,VyStar Veterans Memorial Arena,,"12,599 / 12,599","$2,283,615",Wikipedia / Billboard Boxscore
Elton John,Farewell Yellow Brick Road,Classic Rock,24 April 2022,Tampa,United States,Amalie Arena,,"14,774 / 14,774","$2,210,391",Wikipedia / Billboard Boxscore
Elton John,Farewell Yellow Brick Road,Classic Rock,27 April 2022,Orlando,United States,Amway Center,,"13,555 / 13,555","$1,957,787",Wikipedia / Billboard Boxscore
Elton John,Farewell Yellow Brick Road,Classic Rock,28 April 2022,Miami,United States,FTX Arena,,"14,230 / 14,230","$2,991,909",Wikipedia / Billboard Boxscore
Elton John,Farewell Yellow Brick Road,Classic Rock,21 May 2022,Fornebu,Norway,Telenor Arena,,"38,989 / 38,989","$3,638,883",Wikipedia / Billboard Boxscore
Elton John,Farewell Yellow Brick Road,Classic Rock,22 May 2022,Fornebu,Norway,Telenor Arena,,"38,989 / 38,989","$3,638,883",Wikipedia / Billboard Boxscore
Elton John,Farewell Yellow Brick Road,Classic Rock,27 May 2022,Frankfurt,Germany,Deutsche Bank Park,,"32,693 / 32,693","$4,041,393",Wikipedia / Billboard Boxscore
Elton John,Farewell Yellow Brick Road,Classic Rock,29 May 2022,Leipzig,Germany,Red Bull Arena,,"30,781 / 30,781","$3,705,765",Wikipedia / Billboard Boxscore
Elton John,Farewell Yellow Brick Road,Classic Rock,1 June 2022,Bern,Switzerland,Stadion Wankdorf,,"19,936 / 19,936","$4,023,776",Wikipedia / Billboard Boxscore
Elton John,Farewell Yellow Brick Road,Classic Rock,4 June 2022,Milan,Italy,San Siro,,"48,885 / 48,885","$4,532,457",Wikipedia / Billboard Boxscore
Elton John,Farewell Yellow Brick Road,Classic Rock,7 June 2022,Horsens,Denmark,CASA Arena Horsens,,"25,000 / 25,000","$3,686,404",Wikipedia / Billboard Boxscore
Elton John,Farewell Yellow Brick Road,Classic Rock,9 June 2022,Arnhem,Netherlands,GelreDome,,"32,623 / 32,623","$3,663,843",Wikipedia / Billboard Boxscore
Elton John,Farewell Yellow Brick Road,Classic Rock,11 June 2022,Nanterre,France,Paris La Défense Arena,,"62,220 / 62,220","$9,846,099",Wikipedia / Billboard Boxscore
Elton John,Farewell Yellow Brick Road,Classic Rock,12 June 2022,Nanterre,France,Paris La Défense Arena,,"62,220 / 62,220","$9,846,099",Wikipedia / Billboard Boxscore
Elton John,Farewell Yellow Brick Road,Classic Rock,15 June 2022,Norwich,England,Carrow Road,,"22,989 / 22,989","$3,672,322",Wikipedia / Billboard Boxscore
Elton John,Farewell Yellow Brick Road,Classic Rock,17 June 2022,Liverpool,England,Anfield,,"34,666 / 34,666","$4,659,375",Wikipedia / Billboard Boxscore
Elton John,Farewell Yellow Brick Road,Classic Rock,19 June 2022,Sunderland,England,Stadium of Light,,"33,771 / 33,771","$4,609,018",Wikipedia / Billboard Boxscore
Elton John,Farewell Yellow Brick Road,Classic Rock,22 June 2022,Bristol,England,Ashton Gate,,"42,090 / 42,090","$5,906,700",Wikipedia / Billboard Boxscore
Elton John,Farewell Yellow Brick Road,Classic Rock,29 June 2022,Swansea,Wales,Swansea.com Stadium,,"18,439 / 18,439","$2,468,309",Wikipedia / Billboard Boxscore
Elton John,Farewell Yellow Brick Road,Classic Rock,1 July 2022,Cork,Ireland,Páirc Uí Chaoimh,,"31,821 / 31,821","$4,514,326",Wikipedia / Billboard Boxscore
Elton John,Farewell Yellow Brick Road,Classic Rock,3 July 2022,Watford,England,Vicarage Road,,"38,357 / 38,357","$6,218,612",Wikipedia / Billboard Boxscore
Elton John,Farewell Yellow Brick Road,Classic Rock,4 July 2022,Watford,England,Vicarage Road,,"38,357 / 38,357","$6,218,612",Wikipedia / Billboard Boxscore
Elton John,Farewell Yellow Brick Road,Classic Rock,15 July 2022,Philadelphia,United States,Citizens Bank Park,,"38,870 / 38,870","$6,263,878",Wikipedia / Billboard Boxscore
Elton John,Farewell Yellow Brick Road,Classic Rock,18 July 2022,Detroit,United States,Comerica Park,,"33,838 / 33,838","$4,267,268",Wikipedia / Billboard Boxscore
Elton John,Farewell Yellow Brick Road,Classic Rock,23 July 2022,East Rutherford,United States,MetLife Stadium,,"99,827 / 99,827","$14,876,417",Wikipedia / Billboard Boxscore
Elton John,Farewell Yellow Brick Road,Classic Rock,24 July 2022,East Rutherford,United States,MetLife Stadium,,"99,827 / 99,827","$14,876,417",Wikipedia / Billboard Boxscore
Elton John,Farewell Yellow Brick Road,Classic Rock,27 July 2022,Foxborough,United States,Gillette Stadium,,"96,039 / 96,039","$16,681,506",Wikipedia / Billboard Boxscore
Elton John,Farewell Yellow Brick Road,Classic Rock,28 July 2022,Foxborough,United States,Gillette Stadium,,"96,039 / 96,039","$16,681,506",Wikipedia / Billboard Boxscore
Elton John,Farewell Yellow Brick Road,Classic Rock,30 July 2022,Cleveland,United States,Progressive Field,,"38,495 / 38,495","$5,812,888",Wikipedia / Billboard Boxscore
Elton John,Farewell Yellow Brick Road,Classic Rock,5 August 2022,Chicago,United States,Soldier Field,,"48,413 / 48,413","$7,118,811",Wikipedia / Billboard Boxscore
Elton John,Farewell Yellow Brick Road,Classic Rock,7 September 2022,Toronto,Canada,Rogers Centre,,"88,493 / 88,493","$12,758,371",Wikipedia / Billboard Boxscore
Elton John,Farewell Yellow Brick Road,Classic Rock,8 September 2022,Toronto,Canada,Rogers Centre,,"88,493 / 88,493","$12,758,371",Wikipedia / Billboard Boxscore
Elton John,Farewell Yellow Brick Road,Classic Rock,10 September 2022,Syracuse,United States,JMA Wireless Dome,,"37,231 / 37,231","$6,606,217",Wikipedia / Billboard Boxscore
Elton John,Farewell Yellow Brick Road,Classic Rock,13 September 2022,Charleston,United States,Credit One Stadium,,"12,178 / 12,178","$2,800,325",Wikipedia / Billboard Boxscore
Elton John,Farewell Yellow Brick Road,Classic Rock,16 September 2022,Pittsburgh,United States,PNC Park,,"38,058 / 38,058","$5,677,913",Wikipedia / Billboard Boxscore
Elton John,Farewell Yellow Brick Road,Classic Rock,18 September 2022,Charlotte,United States,Bank of America Stadium,,"49,349 / 49,394","$7,442,573",Wikipedia / Billboard Boxscore
Elton John,Farewell Yellow Brick Road,Classic Rock,22 September 2022,Atlanta,United States,Mercedes-Benz Stadium,,"47,156 / 47,156","$7,843,802",Wikipedia / Billboard Boxscore
Elton John,Farewell Yellow Brick Road,Classic Rock,24 September 2022,"Washington, D.C.",United States,Nationals Park,,"39,434 / 39,434","$7,193,710",Wikipedia / Billboard Boxscore
Elton John,Farewell Yellow Brick Road,Classic Rock,30 September 2022,Arlington,United States,Globe Life Field,,"38,316 / 38,316","$6,876,473",Wikipedia / Billboard Boxscore
Elton John,Farewell Yellow Brick Road,Classic Rock,2 October 2022,Nashville,United States,Nissan Stadium,,"48,368 / 48,368","$7,700,419",Wikipedia / Billboard Boxscore
Elton John,Farewell Yellow Brick Road,Classic Rock,8 October 2022,Santa Clara,United States,Levi's Stadium,,"77,554 / 77,554","$13,424,470",Wikipedia / Billboard Boxscore
Elton John,Farewell Yellow Brick Road,Classic Rock,9 October 2022,Santa Clara,United States,Levi's Stadium,,"77,554 / 77,554","$13,424,470",Wikipedia / Billboard Boxscore
Elton John,Farewell Yellow Brick Road,Classic Rock,16 October 2022,Tacoma,United States,Tacoma Dome,,"37,806 / 37,806","$8,301,505",Wikipedia / Billboard Boxscore
Elton John,Farewell Yellow Brick Road,Classic Rock,17 October 2022,Tacoma,United States,Tacoma Dome,,"37,806 / 37,806","$8,301,505",Wikipedia / Billboard Boxscore
Elton John,Farewell Yellow Brick Road,Classic Rock,21 October 2022,Vancouver,Canada,BC Place,,"78,700 / 78,700","$11,875,443",Wikipedia / Billboard Boxscore
Elton John,Farewell Yellow Brick Road,Classic Rock,22 October 2022,Vancouver,Canada,BC Place,,"78,700 / 78,700","$11,875,443",Wikipedia / Billboard Boxscore
Elton John,Farewell Yellow Brick Road,Classic Rock,29 October 2022,San Antonio,United States,Alamodome,,"49,240 / 49,240","$8,296,026",Wikipedia / Billboard Boxscore
Elton John,Farewell Yellow Brick Road,Classic Rock,1 November 2022,Paradise,United States,Allegiant Stadium,,"45,792 / 45,792","$7,832,026",Wikipedia / Billboard Boxscore
Elton John,Farewell Yellow Brick Road,Classic Rock,4 November 2022,Denver,United States,Ball Arena,,"12,949 / 12,949","$4,336,028",Wikipedia / Billboard Boxscore
Elton John,Farewell Yellow Brick Road,Classic Rock,9 November 2022,San Diego,United States,Petco Park,,"38,828 / 38,828","$8,842,163",Wikipedia / Billboard Boxscore
Elton John,Farewell Yellow Brick Road,Classic Rock,11 November 2022,Phoenix,United States,Chase Field,,"99,394 / 99,394","$15,682,863",Wikipedia / Billboard Boxscore
Elton John,Farewell Yellow Brick Road,Classic Rock,12 November 2022,Phoenix,United States,Chase Field,,"99,394 / 99,394","$15,682,863",Wikipedia / Billboard Boxscore
Elton John,Farewell Yellow Brick Road,Classic Rock,17 November 2022,Los Angeles,United States,Dodger Stadium,,"142,970 / 142,970","$23,462,993",Wikipedia / Billboard Boxscore
Elton John,Farewell Yellow Brick Road,Classic Rock,19 November 2022,Los Angeles,United States,Dodger Stadium,,"142,970 / 142,970","$23,462,993",Wikipedia / Billboard Boxscore
Elton John,Farewell Yellow Brick Road,Classic Rock,20 November 2022,Los Angeles,United States,Dodger Stadium,,"142,970 / 142,970","$23,462,993",Wikipedia / Billboard Boxscore
Elton John,Farewell Yellow Brick Road,Classic Rock,8 January 2023,Newcastle,Australia,McDonald Jones Stadium,,"47,230 / 47,230","$8,424,664",Wikipedia / Billboard Boxscore
Elton John,Farewell Yellow Brick Road,Classic Rock,10 January 2023,Newcastle,Australia,McDonald Jones Stadium,,"47,230 / 47,230","$8,424,664",Wikipedia / Billboard Boxscore
Elton John,Farewell Yellow Brick Road,Classic Rock,13 January 2023,Melbourne,Australia,AAMI Park,,"58,129 / 58,129","$10,282,598",Wikipedia / Billboard Boxscore
Elton John,Farewell Yellow Brick Road,Classic Rock,14 January 2023,Melbourne,Australia,AAMI Park,,"58,129 / 58,129","$10,282,598",Wikipedia / Billboard Boxscore
Elton John,Farewell Yellow Brick Road,Classic Rock,17 January 2023,Sydney,Australia,Allianz Stadium,,"65,327 / 65,327","$11,274,550",Wikipedia / Billboard Boxscore
Elton John,Farewell Yellow Brick Road,Classic Rock,18 January 2023,Sydney,Australia,Allianz Stadium,,"65,327 / 65,327","$11,274,550",Wikipedia / Billboard Boxscore
Elton John,Farewell Yellow Brick Road,Classic Rock,21 January 2023,Brisbane,Australia,Suncorp Stadium,,"43,500 / 43,500","$6,950,826",Wikipedia / Billboard Boxscore
Elton John,Farewell Yellow Brick Road,Classic Rock,24 January 2023,Christchurch,New Zealand,Orangetheory Stadium,,"27,867 / 27,867","$3,964,296",Wikipedia / Billboard Boxscore
Elton John,Farewell Yellow Brick Road,Classic Rock,23 March 2023,Liverpool,England,M&S Bank Arena,,"18,730 / 18,730","$3,138,562",Wikipedia / Billboard Boxscore
Elton John,Farewell Yellow Brick Road,Classic Rock,24 March 2023,Liverpool,England,M&S Bank Arena,,"18,730 / 18,730","$3,138,562",Wikipedia / Billboard Boxscore
Elton John,Farewell Yellow Brick Road,Classic Rock,26 March 2023,Birmingham,England,Resorts World Arena,,"12,159 / 12,159","$2,077,333",Wikipedia / Billboard Boxscore
Elton John,Farewell Yellow Brick Road,Classic Rock,28 March 2023,Dublin,Ireland,3Arena,,"17,030 / 17,030","$3,309,770",Wikipedia / Billboard Boxscore
Elton John,Farewell Yellow Brick Road,Classic Rock,29 March 2023,Dublin,Ireland,3Arena,,"17,030 / 17,030","$3,309,770",Wikipedia / Billboard Boxscore
Elton John,Farewell Yellow Brick Road,Classic Rock,31 March 2023,Belfast,Northern Ireland,SSE Arena,,"8,224 / 8,224","$1,565,824",Wikipedia / Billboard Boxscore
Elton John,Farewell Yellow Brick Road,Classic Rock,2 April 2023,London,England,The O 2 Arena,,"164,963 / 164,963","$28,062,692",Wikipedia / Billboard Boxscore
Elton John,Farewell Yellow Brick Road,Classic Rock,4 April 2023,London,England,The O 2 Arena,,"164,963 / 164,963","$28,062,692",Wikipedia / Billboard Boxscore
Elton John,Farewell Yellow Brick Road,Classic Rock,5 April 2023,London,England,The O 2 Arena,,"164,963 / 164,963","$28,062,692",Wikipedia / Billboard Boxscore
Elton John,Farewell Yellow Brick Road,Classic Rock,8 April 2023,London,England,The O 2 Arena,,"164,963 / 164,963","$28,062,692",Wikipedia / Billboard Boxscore
Elton John,Farewell Yellow Brick Road,Classic Rock,9 April 2023,London,England,The O 2 Arena,,"164,963 / 164,963","$28,062,692",Wikipedia / Billboard Boxscore
Elton John,Farewell Yellow Brick Road,Classic Rock,12 April 2023,London,England,The O 2 Arena,,"164,963 / 164,963","$28,062,692",Wikipedia / Billboard Boxscore
Elton John,Farewell Yellow Brick Road,Classic Rock,13 April 2023,London,England,The O 2 Arena,,"164,963 / 164,963","$28,062,692",Wikipedia / Billboard Boxscore
Elton John,Farewell Yellow Brick Road,Classic Rock,16 April 2023,London,England,The O 2 Arena,,"164,963 / 164,963","$28,062,692",Wikipedia / Billboard Boxscore
Elton John,Farewell Yellow Brick Road,Classic Rock,17 April 2023,London,England,The O 2 Arena,,"164,963 / 164,963","$28,062,692",Wikipedia / Billboard Boxscore
Elton John,Farewell Yellow Brick Road,Classic Rock,27 April 2023,Munich,Germany,Olympiahalle,,"11,556 / 11,556","$1,783,016",Wikipedia / Billboard Boxscore
Elton John,Farewell Yellow Brick Road,Classic Rock,2 May 2023,Hamburg,Germany,Barclays Arena,,"35,468 / 35,468","$5,769,268",Wikipedia / Billboard Boxscore
Elton John,Farewell Yellow Brick Road,Classic Rock,4 May 2023,Hamburg,Germany,Barclays Arena,,"35,468 / 35,468","$5,769,268",Wikipedia / Billboard Boxscore
Elton John,Farewell Yellow Brick Road,Classic Rock,5 May 2023,Hamburg,Germany,Barclays Arena,,"35,468 / 35,468","$5,769,268",Wikipedia / Billboard Boxscore
Elton John,Farewell Yellow Brick Road,Classic Rock,8 May 2023,Berlin,Germany,Mercedes-Benz Arena,,"36,293 / 36,293","$5,896,665",Wikipedia / Billboard Boxscore
Elton John,Farewell Yellow Brick Road,Classic Rock,10 May 2023,Berlin,Germany,Mercedes-Benz Arena,,"36,293 / 36,293","$5,896,665",Wikipedia / Billboard Boxscore
Elton John,Farewell Yellow Brick Road,Classic Rock,11 May 2023,Berlin,Germany,Mercedes-Benz Arena,,"36,293 / 36,293","$5,896,665",Wikipedia / Billboard Boxscore
Elton John,Farewell Yellow Brick Road,Classic Rock,16 May 2023,Cologne,Germany,Lanxess Arena,,"44,701 / 44,701","$6,392,290",Wikipedia / Billboard Boxscore
Elton John,Farewell Yellow Brick Road,Classic Rock,18 May 2023,Cologne,Germany,Lanxess Arena,,"44,701 / 44,701","$6,392,290",Wikipedia / Billboard Boxscore
Elton John,Farewell Yellow Brick Road,Classic Rock,19 May 2023,Cologne,Germany,Lanxess Arena,,"44,701 / 44,701","$6,392,290",Wikipedia / Billboard Boxscore
Elton John,Farewell Yellow Brick Road,Classic Rock,22 May 2023,Barcelona,Spain,Palau Sant Jordi,,"28,138 / 28,138","$3,392,473",Wikipedia / Billboard Boxscore
Elton John,Farewell Yellow Brick Road,Classic Rock,23 May 2023,Barcelona,Spain,Palau Sant Jordi,,"28,138 / 28,138","$3,392,473",Wikipedia / Billboard Boxscore
Elton John,Farewell Yellow Brick Road,Classic Rock,27 May 2023,Antwerp,Belgium,Sportpaleis,,"37,487 / 37,487","$4,829,492",Wikipedia / Billboard Boxscore
Elton John,Farewell Yellow Brick Road,Classic Rock,28 May 2023,Antwerp,Belgium,Sportpaleis,,"37,487 / 37,487","$4,829,492",Wikipedia / Billboard Boxscore
Elton John,Farewell Yellow Brick Road,Classic Rock,31 May 2023,Manchester,England,AO Arena,,"44,178 / 44,178","$7,436,134",Wikipedia / Billboard Boxscore
Elton John,Farewell Yellow Brick Road,Classic Rock,2 June 2023,Manchester,England,AO Arena,,"44,178 / 44,178","$7,436,134",Wikipedia / Billboard Boxscore
Elton John,Farewell Yellow Brick Road,Classic Rock,3 June 2023,Manchester,England,AO Arena,,"44,178 / 44,178","$7,436,134",Wikipedia / Billboard Boxscore
Elton John,Farewell Yellow Brick Road,Classic Rock,6 June 2023,Leeds,England,First Direct Arena,,"10,741 / 10,741","$3,199,513",Wikipedia / Billboard Boxscore
Elton John,Farewell Yellow Brick Road,Classic Rock,8 June 2023,Birmingham,England,Utilita Arena Birmingham,,"38,747 / 38,747","$5,869,785",Wikipedia / Billboard Boxscore
Elton John,Farewell Yellow Brick Road,Classic Rock,10 June 2023,Birmingham,England,Utilita Arena Birmingham,,"38,747 / 38,747","$5,869,785",Wikipedia / Billboard Boxscore
Elton John,Farewell Yellow Brick Road,Classic Rock,11 June 2023,Birmingham,England,Utilita Arena Birmingham,,"38,747 / 38,747","$5,869,785",Wikipedia / Billboard Boxscore
Elton John,Farewell Yellow Brick Road,Classic Rock,13 June 2023,Aberdeen,Scotland,P&J Live,,"20,301 / 20,301","$3,046,642",Wikipedia / Billboard Boxscore
Elton John,Farewell Yellow Brick Road,Classic Rock,15 June 2023,Aberdeen,Scotland,P&J Live,,"20,301 / 20,301","$3,046,642",Wikipedia / Billboard Boxscore
Elton John,Farewell Yellow Brick Road,Classic Rock,17 June 2023,Glasgow,Scotland,OVO Hydro,,"23,754 / 23,754","$4,215,054",Wikipedia / Billboard Boxscore
Elton John,Farewell Yellow Brick Road,Classic Rock,18 June 2023,Glasgow,Scotland,OVO Hydro,,"23,754 / 23,754","$4,215,054",Wikipedia / Billboard Boxscore
Elton John,Farewell Yellow Brick Road,Classic Rock,21 June 2023,Paris,France,Accor Arena,,"39,502 / 39,502","$6,586,575",Wikipedia / Billboard Boxscore
Elton John,Farewell Yellow Brick Road,Classic Rock,1 July 2023,Zürich,Switzerland,Hallenstadion,,"21,000 / 21,000","$4,822,555",Wikipedia / Billboard Boxscore
Elton John,Farewell Yellow Brick Road,Classic Rock,2 July 2023,Zürich,Switzerland,Hallenstadion,,"21,000 / 21,000","$4,822,555",Wikipedia / Billboard Boxscore
Elton John,Farewell Yellow Brick Road,Classic Rock,5 July 2023,Copenhagen,Denmark,Royal Arena,,"13,458 / 13,458","$2,283,490",Wikipedia / Billboard Boxscore
Elton John,Farewell Yellow Brick Road,Classic Rock,7 July 2023,Stockholm,Sweden,Tele2 Arena,,"72,300 / 72,300","$7,635,445",Wikipedia / Billboard Boxscore
Elton John,Farewell Yellow Brick Road,Classic Rock,8 July 2023,Stockholm,Sweden,Tele2 Arena,,"72,300 / 72,300","$7,635,445",Wikipedia / Billboard Boxscore
Bad Bunny,World's Hottest Tour,Latin / Reggaeton,Leg 1 – United States 2022,Leg 1 – United States,Leg 1 – United States,Leg 1 – United States,Leg 1 – United States,Leg 1 – United States,Leg 1 – United States,Wikipedia / Billboard Boxscore
Bad Bunny,World's Hottest Tour,Latin / Reggaeton,August 5 2022,Orlando,United States,Camping World Stadium,Alesso,"47,670 / 47,670","$9,518,611",Wikipedia / Billboard Boxscore
Bad Bunny,World's Hottest Tour,Latin / Reggaeton,August 8 2022,Cumberland,United States,Truist Park,Alesso,"38,207 / 38,207","$8,678,799",Wikipedia / Billboard Boxscore
Bad Bunny,World's Hottest Tour,Latin / Reggaeton,August 12 2022,Miami Gardens,United States,Hard Rock Stadium,Alesso,"97,655 / 97,655","$21,900,878",Wikipedia / Billboard Boxscore
Bad Bunny,World's Hottest Tour,Latin / Reggaeton,August 13 2022,Miami Gardens,United States,Hard Rock Stadium,Alesso,"97,655 / 97,655","$21,900,878",Wikipedia / Billboard Boxscore
Bad Bunny,World's Hottest Tour,Latin / Reggaeton,August 18 2022,Boston,United States,Fenway Park,Alesso,"34,486 / 34,486","$7,003,692",Wikipedia / Billboard Boxscore
Bad Bunny,World's Hottest Tour,Latin / Reggaeton,August 20 2022,Chicago,United States,Soldier Field,— N/a,"50,854 / 50,854","$14,109,590",Wikipedia / Billboard Boxscore
Bad Bunny,World's Hottest Tour,Latin / Reggaeton,August 23 2022,"Washington, D.C.",United States,Nationals Park,Deorro,"38,481 / 38,481","$7,936,521",Wikipedia / Billboard Boxscore
Bad Bunny,World's Hottest Tour,Latin / Reggaeton,August 27 2022,New York City,United States,Yankee Stadium,Diplo,"84,865 / 84,865","$22,757,636",Wikipedia / Billboard Boxscore
Bad Bunny,World's Hottest Tour,Latin / Reggaeton,August 28 2022,New York City,United States,Yankee Stadium,Diplo,"84,865 / 84,865","$22,757,636",Wikipedia / Billboard Boxscore
Bad Bunny,World's Hottest Tour,Latin / Reggaeton,September 1 2022,Houston,United States,Minute Maid Park,Alesso,"83,518 / 83,518","$19,557,149",Wikipedia / Billboard Boxscore
Bad Bunny,World's Hottest Tour,Latin / Reggaeton,September 2 2022,Houston,United States,Minute Maid Park,Alesso,"83,518 / 83,518","$19,557,149",Wikipedia / Billboard Boxscore
Bad Bunny,World's Hottest Tour,Latin / Reggaeton,September 7 2022,San Antonio,United States,Alamodome,Alesso,"50,193 / 50,193","$12,342,663",Wikipedia / Billboard Boxscore
Bad Bunny,World's Hottest Tour,Latin / Reggaeton,September 9 2022,Arlington,United States,AT&T Stadium,Alesso,"54,637 / 54,637","$12,384,432",Wikipedia / Billboard Boxscore
Bad Bunny,World's Hottest Tour,Latin / Reggaeton,September 14 2022,Oakland,United States,RingCentral Coliseum,Alesso,"42,702 / 42,702","$10,784,001",Wikipedia / Billboard Boxscore
Bad Bunny,World's Hottest Tour,Latin / Reggaeton,September 17 2022,San Diego,United States,Petco Park,Alesso,"79,123 / 79,123","$20,038,705",Wikipedia / Billboard Boxscore
Bad Bunny,World's Hottest Tour,Latin / Reggaeton,September 18 2022,San Diego,United States,Petco Park,Alesso,"79,123 / 79,123","$20,038,705",Wikipedia / Billboard Boxscore
Bad Bunny,World's Hottest Tour,Latin / Reggaeton,September 23 2022,Las Vegas,United States,Allegiant Stadium,Alesso,"92,440 / 92,440","$22,098,725",Wikipedia / Billboard Boxscore
Bad Bunny,World's Hottest Tour,Latin / Reggaeton,September 24 2022,Las Vegas,United States,Allegiant Stadium,Alesso,"92,440 / 92,440","$22,098,725",Wikipedia / Billboard Boxscore
Bad Bunny,World's Hottest Tour,Latin / Reggaeton,September 28 2022,Phoenix,United States,Chase Field,Alesso,"49,421 / 49,421","$11,176,255",Wikipedia / Billboard Boxscore
Bad Bunny,World's Hottest Tour,Latin / Reggaeton,September 30 2022,Inglewood,United States,SoFi Stadium,Diplo,"99,816 / 99,816","$31,096,479",Wikipedia / Billboard Boxscore
Bad Bunny,World's Hottest Tour,Latin / Reggaeton,October 1 2022,Inglewood,United States,SoFi Stadium,Diplo,"99,816 / 99,816","$31,096,479",Wikipedia / Billboard Boxscore
Bad Bunny,World's Hottest Tour,Latin / Reggaeton,Leg 2 – Latin America 2022,Leg 2 – Latin America,Leg 2 – Latin America,Leg 2 – Latin America,Leg 2 – Latin America,Leg 2 – Latin America,Leg 2 – Latin America,Wikipedia / Billboard Boxscore
Bad Bunny,World's Hottest Tour,Latin / Reggaeton,October 21 2022,Santo Domingo,Dominican Republic,Estadio Olímpico Félix Sánchez,— N/a,"79,032 / 79,032","$7,738,992",Wikipedia / Billboard Boxscore
Bad Bunny,World's Hottest Tour,Latin / Reggaeton,October 22 2022,Santo Domingo,Dominican Republic,Estadio Olímpico Félix Sánchez,— N/a,"79,032 / 79,032","$7,738,992",Wikipedia / Billboard Boxscore
Bad Bunny,World's Hottest Tour,Latin / Reggaeton,October 28 2022,Santiago,Chile,Estadio Nacional de Chile,Young Cister & Pailita Pablito Pesadilla,"110,362 / 110,362","$6,080,508",Wikipedia / Billboard Boxscore
Bad Bunny,World's Hottest Tour,Latin / Reggaeton,October 29 2022,Santiago,Chile,Estadio Nacional de Chile,Pailita Pablito Pesadilla,"110,362 / 110,362","$6,080,508",Wikipedia / Billboard Boxscore
Bad Bunny,World's Hottest Tour,Latin / Reggaeton,November 4 2022,Buenos Aires,Argentina,Estadio José Amalfitani,Dani Ribba Rei,"85,345 / 85,345","$5,588,125",Wikipedia / Billboard Boxscore
Bad Bunny,World's Hottest Tour,Latin / Reggaeton,November 5 2022,Buenos Aires,Argentina,Estadio José Amalfitani,Dani Ribba Rei,"85,345 / 85,345","$5,588,125",Wikipedia / Billboard Boxscore
Bad Bunny,World's Hottest Tour,Latin / Reggaeton,November 11 2022,Asunción,Paraguay,Estadio General Pablo Rojas,Milk Shake Kaese,"58,017 / 58,017","$2,107,935",Wikipedia / Billboard Boxscore
Bad Bunny,World's Hottest Tour,Latin / Reggaeton,November 13 2022,Lima,Peru,Estadio Nacional del Perú,Tourista DJ Towa DJ Steve,"83,086 / 83,086","$8,721,775",Wikipedia / Billboard Boxscore
Bad Bunny,World's Hottest Tour,Latin / Reggaeton,November 14 2022,Lima,Peru,Estadio Nacional del Perú,Tourista DJ Towa DJ Steve,"83,086 / 83,086","$8,721,775",Wikipedia / Billboard Boxscore
Bad Bunny,World's Hottest Tour,Latin / Reggaeton,November 16 2022,Quito,Ecuador,Estadio Olímpico Atahualpa,— N/a,"28,998 / 28,998","$2,997,726",Wikipedia / Billboard Boxscore
Bad Bunny,World's Hottest Tour,Latin / Reggaeton,November 18 2022,Medellín,Colombia,Estadio Atanasio Girardot,DJ Agudelo888,"80,393 / 80,393","$5,021,660",Wikipedia / Billboard Boxscore
Bad Bunny,World's Hottest Tour,Latin / Reggaeton,November 19 2022,Medellín,Colombia,Estadio Atanasio Girardot,DJ Agudelo888,"80,393 / 80,393","$5,021,660",Wikipedia / Billboard Boxscore
Bad Bunny,World's Hottest Tour,Latin / Reggaeton,November 20 2022,Bogotá,Colombia,Estadio El Campín,DJ Agudelo888,"35,178 / 35,178","$3,710,757",Wikipedia / Billboard Boxscore
Bad Bunny,World's Hottest Tour,Latin / Reggaeton,November 22 2022,Panama City,Panama,Estadio Rommel Fernández,DJ Riki Silvera,"27,085 / 27,085","$1,955,449",Wikipedia / Billboard Boxscore
Bad Bunny,World's Hottest Tour,Latin / Reggaeton,November 24 2022,San José,Costa Rica,Estadio Nacional de Costa Rica,In Betwin Jurgen Dorsam DJ Tocuma,"52,851 / 52,851","$4,450,577",Wikipedia / Billboard Boxscore
Bad Bunny,World's Hottest Tour,Latin / Reggaeton,November 26 2022,San Salvador,El Salvador,Estadio Cuscatlán,— N/a,"18,927 / 18,927","$1,513,890",Wikipedia / Billboard Boxscore
Bad Bunny,World's Hottest Tour,Latin / Reggaeton,November 29 2022,San Pedro Sula,Honduras,Estadio Olímpico Metropolitano,— N/a,"35,148 / 35,148","$2,263,224",Wikipedia / Billboard Boxscore
Bad Bunny,World's Hottest Tour,Latin / Reggaeton,December 1 2022,Guatemala City,Guatemala,Explanada Cardales de Cayalá,Ale Q Ben Carrillo,"20,005 / 20,005","$2,067,136",Wikipedia / Billboard Boxscore
Bad Bunny,World's Hottest Tour,Latin / Reggaeton,December 3 2022,Monterrey,Mexico,Estadio BBVA,Mr. Pig,"90,084 / 90,084","$17,456,717",Wikipedia / Billboard Boxscore
Bad Bunny,World's Hottest Tour,Latin / Reggaeton,December 4 2022,Monterrey,Mexico,Estadio BBVA,Mr. Pig,"90,084 / 90,084","$17,456,717",Wikipedia / Billboard Boxscore
Bad Bunny,World's Hottest Tour,Latin / Reggaeton,December 9 2022,Mexico City,Mexico,Estadio Azteca,Uzielito Mix,"115,878 / 115,878","$10,308,460",Wikipedia / Billboard Boxscore
Bad Bunny,World's Hottest Tour,Latin / Reggaeton,December 10 2022,Mexico City,Mexico,Estadio Azteca,Uzielito Mix,"115,878 / 115,878","$10,308,460",Wikipedia / Billboard Boxscore
Ed Sheeran,÷ Tour,Pop / Singer-Songwriter,19 February 2018,London,England,Indigo at The O 2,— N/a,"2,056 / 2,717","$224,718",Wikipedia / Billboard Boxscore
Ed Sheeran,÷ Tour,Pop / Singer-Songwriter,2 March 2018,Perth,Australia,Optus Stadium,Missy Higgins Fergus James,"114,031 / 114,031","$9,146,953",Wikipedia / Billboard Boxscore
Ed Sheeran,÷ Tour,Pop / Singer-Songwriter,3 March 2018,Perth,Australia,Optus Stadium,Missy Higgins Fergus James,"114,031 / 114,031","$9,146,953",Wikipedia / Billboard Boxscore
Ed Sheeran,÷ Tour,Pop / Singer-Songwriter,7 March 2018,Adelaide,Australia,Adelaide Oval,Missy Higgins Fergus James,"62,915 / 62,915","$5,103,599",Wikipedia / Billboard Boxscore
Ed Sheeran,÷ Tour,Pop / Singer-Songwriter,9 March 2018,Melbourne,Australia,Etihad Stadium,Missy Higgins Bliss n Eso,"256,622 / 256,622","$20,838,652",Wikipedia / Billboard Boxscore
Ed Sheeran,÷ Tour,Pop / Singer-Songwriter,10 March 2018,Melbourne,Australia,Etihad Stadium,Missy Higgins Bliss n Eso,"256,622 / 256,622","$20,838,652",Wikipedia / Billboard Boxscore
Ed Sheeran,÷ Tour,Pop / Singer-Songwriter,11 March 2018,Melbourne,Australia,Etihad Stadium,Missy Higgins Bliss n Eso,"256,622 / 256,622","$20,838,652",Wikipedia / Billboard Boxscore
Ed Sheeran,÷ Tour,Pop / Singer-Songwriter,12 March 2018,Melbourne,Australia,Etihad Stadium,Missy Higgins Bliss n Eso,"256,622 / 256,622","$20,838,652",Wikipedia / Billboard Boxscore
Ed Sheeran,÷ Tour,Pop / Singer-Songwriter,15 March 2018,Sydney,Australia,ANZ Stadium,Missy Higgins Ryan McMullan,"231,185 / 231,185","$19,948,066",Wikipedia / Billboard Boxscore
Ed Sheeran,÷ Tour,Pop / Singer-Songwriter,16 March 2018,Sydney,Australia,ANZ Stadium,Missy Higgins Ryan McMullan,"231,185 / 231,185","$19,948,066",Wikipedia / Billboard Boxscore
Ed Sheeran,÷ Tour,Pop / Singer-Songwriter,17 March 2018,Sydney,Australia,ANZ Stadium,Missy Higgins Ryan McMullan,"231,185 / 231,185","$19,948,066",Wikipedia / Billboard Boxscore
Ed Sheeran,÷ Tour,Pop / Singer-Songwriter,20 March 2018,Brisbane,Australia,Suncorp Stadium,Missy Higgins Fergus James,"103,744 / 103,744","$8,595,585",Wikipedia / Billboard Boxscore
Ed Sheeran,÷ Tour,Pop / Singer-Songwriter,21 March 2018,Brisbane,Australia,Suncorp Stadium,Missy Higgins Fergus James,"103,744 / 103,744","$8,595,585",Wikipedia / Billboard Boxscore
Ed Sheeran,÷ Tour,Pop / Singer-Songwriter,24 March 2018,Auckland,New Zealand,Mount Smart Stadium,Drax Project,"132,876 / 132,876","$10,766,558",Wikipedia / Billboard Boxscore
Ed Sheeran,÷ Tour,Pop / Singer-Songwriter,25 March 2018,Auckland,New Zealand,Mount Smart Stadium,Drax Project,"132,876 / 132,876","$10,766,558",Wikipedia / Billboard Boxscore
Ed Sheeran,÷ Tour,Pop / Singer-Songwriter,26 March 2018,Auckland,New Zealand,Mount Smart Stadium,Drax Project,"132,876 / 132,876","$10,766,558",Wikipedia / Billboard Boxscore
Ed Sheeran,÷ Tour,Pop / Singer-Songwriter,29 March 2018,Dunedin,New Zealand,Forsyth Barr Stadium,Six60 Mitch James,"105,014 / 105,014","$8,475,218",Wikipedia / Billboard Boxscore
Ed Sheeran,÷ Tour,Pop / Singer-Songwriter,31 March 2018,Dunedin,New Zealand,Forsyth Barr Stadium,Six60 Mitch James,"105,014 / 105,014","$8,475,218",Wikipedia / Billboard Boxscore
Ed Sheeran,÷ Tour,Pop / Singer-Songwriter,1 April 2018,Dunedin,New Zealand,Forsyth Barr Stadium,Six60 Mitch James,"105,014 / 105,014","$8,475,218",Wikipedia / Billboard Boxscore
Ed Sheeran,÷ Tour,Pop / Singer-Songwriter,8 April 2018,Manila,Philippines,Mall of Asia Concert Grounds,— N/a,"18,752 / 18,752","$2,412,506",Wikipedia / Billboard Boxscore
Ed Sheeran,÷ Tour,Pop / Singer-Songwriter,11 April 2018,Osaka,Japan,Osaka-Jo Hall,— N/a,"10,161 / 10,161","$1,284,070",Wikipedia / Billboard Boxscore
Ed Sheeran,÷ Tour,Pop / Singer-Songwriter,13 April 2018,Tokyo,Japan,Budokan Hall,— N/a,"19,549 / 19,549","$2,504,547",Wikipedia / Billboard Boxscore
Ed Sheeran,÷ Tour,Pop / Singer-Songwriter,14 April 2018,Tokyo,Japan,Budokan Hall,— N/a,"19,549 / 19,549","$2,504,547",Wikipedia / Billboard Boxscore
Ed Sheeran,÷ Tour,Pop / Singer-Songwriter,4 May 2018,Cork,Ireland,Páirc Uí Chaoimh,Anne-Marie Jamie Lawson Beoga,"128,969 / 128,969","$12,371,587",Wikipedia / Billboard Boxscore
Ed Sheeran,÷ Tour,Pop / Singer-Songwriter,5 May 2018,Cork,Ireland,Páirc Uí Chaoimh,Anne-Marie Jamie Lawson Beoga,"128,969 / 128,969","$12,371,587",Wikipedia / Billboard Boxscore
Ed Sheeran,÷ Tour,Pop / Singer-Songwriter,6 May 2018,Cork,Ireland,Páirc Uí Chaoimh,Anne-Marie Jamie Lawson Beoga,"128,969 / 128,969","$12,371,587",Wikipedia / Billboard Boxscore
Ed Sheeran,÷ Tour,Pop / Singer-Songwriter,9 May 2018,Belfast,Northern Ireland,Boucher Playing Fields,Anne-Marie Jamie Lawson Beoga,"40,613 / 40,613","$3,911,083",Wikipedia / Billboard Boxscore
Ed Sheeran,÷ Tour,Pop / Singer-Songwriter,12 May 2018,Galway,Ireland,Pearse Stadium,Anne-Marie Jamie Lawson Beoga,"63,991 / 63,991","$5,952,120",Wikipedia / Billboard Boxscore
Ed Sheeran,÷ Tour,Pop / Singer-Songwriter,13 May 2018,Galway,Ireland,Pearse Stadium,Anne-Marie Jamie Lawson Beoga,"63,991 / 63,991","$5,952,120",Wikipedia / Billboard Boxscore
Ed Sheeran,÷ Tour,Pop / Singer-Songwriter,16 May 2018,Dublin,Ireland,Phoenix Park,Anne-Marie Jamie Lawson Beoga,"184,187 / 184,187","$17,090,104",Wikipedia / Billboard Boxscore
Ed Sheeran,÷ Tour,Pop / Singer-Songwriter,18 May 2018,Dublin,Ireland,Phoenix Park,Anne-Marie Jamie Lawson Beoga,"184,187 / 184,187","$17,090,104",Wikipedia / Billboard Boxscore
Ed Sheeran,÷ Tour,Pop / Singer-Songwriter,19 May 2018,Dublin,Ireland,Phoenix Park,Anne-Marie Jamie Lawson Beoga,"184,187 / 184,187","$17,090,104",Wikipedia / Billboard Boxscore
Ed Sheeran,÷ Tour,Pop / Singer-Songwriter,24 May 2018,Manchester,England,Etihad Stadium,Anne-Marie Jamie Lawson,"215,600 / 215,600","$19,806,800",Wikipedia / Billboard Boxscore
Ed Sheeran,÷ Tour,Pop / Singer-Songwriter,25 May 2018,Manchester,England,Etihad Stadium,Anne-Marie Jamie Lawson,"215,600 / 215,600","$19,806,800",Wikipedia / Billboard Boxscore
Ed Sheeran,÷ Tour,Pop / Singer-Songwriter,26 May 2018,Manchester,England,Etihad Stadium,Anne-Marie Jamie Lawson,"215,600 / 215,600","$19,806,800",Wikipedia / Billboard Boxscore
Ed Sheeran,÷ Tour,Pop / Singer-Songwriter,27 May 2018,Manchester,England,Etihad Stadium,Anne-Marie Jamie Lawson,"215,600 / 215,600","$19,806,800",Wikipedia / Billboard Boxscore
Ed Sheeran,÷ Tour,Pop / Singer-Songwriter,1 June 2018,Glasgow,Scotland,Hampden Park,Anne-Marie Jamie Lawson,"152,024 / 152,024","$13,746,027",Wikipedia / Billboard Boxscore
Ed Sheeran,÷ Tour,Pop / Singer-Songwriter,2 June 2018,Glasgow,Scotland,Hampden Park,Anne-Marie Jamie Lawson,"152,024 / 152,024","$13,746,027",Wikipedia / Billboard Boxscore
Ed Sheeran,÷ Tour,Pop / Singer-Songwriter,3 June 2018,Glasgow,Scotland,Hampden Park,Anne-Marie Jamie Lawson,"152,024 / 152,024","$13,746,027",Wikipedia / Billboard Boxscore
Ed Sheeran,÷ Tour,Pop / Singer-Songwriter,8 June 2018,Newcastle,England,St. James Park,Anne-Marie Jamie Lawson,"149,226 / 149,226","$13,498,865",Wikipedia / Billboard Boxscore
Ed Sheeran,÷ Tour,Pop / Singer-Songwriter,9 June 2018,Newcastle,England,St. James Park,Anne-Marie Jamie Lawson,"149,226 / 149,226","$13,498,865",Wikipedia / Billboard Boxscore
Ed Sheeran,÷ Tour,Pop / Singer-Songwriter,10 June 2018,Newcastle,England,St. James Park,Anne-Marie Jamie Lawson,"149,226 / 149,226","$13,498,865",Wikipedia / Billboard Boxscore
Ed Sheeran,÷ Tour,Pop / Singer-Songwriter,14 June 2018,London,England,Wembley Stadium,Anne-Marie Jamie Lawson,"299,013 / 299,013","$28,726,438",Wikipedia / Billboard Boxscore
Ed Sheeran,÷ Tour,Pop / Singer-Songwriter,15 June 2018,London,England,Wembley Stadium,Anne-Marie Jamie Lawson,"299,013 / 299,013","$28,726,438",Wikipedia / Billboard Boxscore
Ed Sheeran,÷ Tour,Pop / Singer-Songwriter,16 June 2018,London,England,Wembley Stadium,Anne-Marie Jamie Lawson,"299,013 / 299,013","$28,726,438",Wikipedia / Billboard Boxscore
Ed Sheeran,÷ Tour,Pop / Singer-Songwriter,17 June 2018,London,England,Wembley Stadium,Anne-Marie Jamie Lawson,"299,013 / 299,013","$28,726,438",Wikipedia / Billboard Boxscore
Ed Sheeran,÷ Tour,Pop / Singer-Songwriter,21 June 2018,Cardiff,Wales,Principality Stadium,Anne-Marie Jamie Lawson,"238,085 / 238,085","$21,249,947",Wikipedia / Billboard Boxscore
Ed Sheeran,÷ Tour,Pop / Singer-Songwriter,22 June 2018,Cardiff,Wales,Principality Stadium,Anne-Marie Jamie Lawson,"238,085 / 238,085","$21,249,947",Wikipedia / Billboard Boxscore
Ed Sheeran,÷ Tour,Pop / Singer-Songwriter,23 June 2018,Cardiff,Wales,Principality Stadium,Anne-Marie Jamie Lawson,"238,085 / 238,085","$21,249,947",Wikipedia / Billboard Boxscore
Ed Sheeran,÷ Tour,Pop / Singer-Songwriter,24 June 2018,Cardiff,Wales,Principality Stadium,Anne-Marie Jamie Lawson,"238,085 / 238,085","$21,249,947",Wikipedia / Billboard Boxscore
Ed Sheeran,÷ Tour,Pop / Singer-Songwriter,28 June 2018,Amsterdam,Netherlands,Amsterdam Arena,Anne-Marie Jamie Lawson,"102,463 / 102,463","$7,722,001",Wikipedia / Billboard Boxscore
Ed Sheeran,÷ Tour,Pop / Singer-Songwriter,29 June 2018,Amsterdam,Netherlands,Amsterdam Arena,Anne-Marie Jamie Lawson,"102,463 / 102,463","$7,722,001",Wikipedia / Billboard Boxscore
Ed Sheeran,÷ Tour,Pop / Singer-Songwriter,1 July 2018,Werchter,Belgium,Werchter Festival Ground,Anne-Marie Jamie Lawson,"64,987 / 64,987","$5,470,934",Wikipedia / Billboard Boxscore
Ed Sheeran,÷ Tour,Pop / Singer-Songwriter,6 July 2018,Saint-Denis,France,Stade de France,Anne-Marie Jamie Lawson,"153,065 / 153,065","$9,308,969",Wikipedia / Billboard Boxscore
Ed Sheeran,÷ Tour,Pop / Singer-Songwriter,7 July 2018,Saint-Denis,France,Stade de France,Anne-Marie Jamie Lawson,"153,065 / 153,065","$9,308,969",Wikipedia / Billboard Boxscore
Ed Sheeran,÷ Tour,Pop / Singer-Songwriter,10 July 2018,Gothenburg,Sweden,Ullevi,Anne-Marie Jamie Lawson,"122,952 / 122,952","$10,969,078",Wikipedia / Billboard Boxscore
Ed Sheeran,÷ Tour,Pop / Singer-Songwriter,11 July 2018,Gothenburg,Sweden,Ullevi,Anne-Marie Jamie Lawson,"122,952 / 122,952","$10,969,078",Wikipedia / Billboard Boxscore
Ed Sheeran,÷ Tour,Pop / Singer-Songwriter,14 July 2018,Stockholm,Sweden,Friends Arena,Anne-Marie Jamie Lawson,"54,234 / 54,234","$4,818,972",Wikipedia / Billboard Boxscore
Ed Sheeran,÷ Tour,Pop / Singer-Songwriter,19 July 2018,Berlin,Germany,Olympiastadion,Anne-Marie Jamie Lawson,"69,055 / 69,780","$6,392,576",Wikipedia / Billboard Boxscore
Ed Sheeran,÷ Tour,Pop / Singer-Songwriter,22 July 2018,Gelsenkirchen,Germany,Veltins-Arena,Anne-Marie Jamie Lawson,"102,778 / 112,406","$9,001,427",Wikipedia / Billboard Boxscore
Ed Sheeran,÷ Tour,Pop / Singer-Songwriter,23 July 2018,Gelsenkirchen,Germany,Veltins-Arena,Anne-Marie Jamie Lawson,"102,778 / 112,406","$9,001,427",Wikipedia / Billboard Boxscore
Ed Sheeran,÷ Tour,Pop / Singer-Songwriter,25 July 2018,Hamburg,Germany,Trabrennbahn Bahrenfeld,Anne-Marie Jamie Lawson,"80,326 / 80,413","$7,024,739",Wikipedia / Billboard Boxscore
Ed Sheeran,÷ Tour,Pop / Singer-Songwriter,29 July 2018,Munich,Germany,Olympiastadion,Anne-Marie Jamie Lawson,"135,036 / 135,164","$12,865,527",Wikipedia / Billboard Boxscore
Ed Sheeran,÷ Tour,Pop / Singer-Songwriter,30 July 2018,Munich,Germany,Olympiastadion,Anne-Marie Jamie Lawson,"135,036 / 135,164","$12,865,527",Wikipedia / Billboard Boxscore
Ed Sheeran,÷ Tour,Pop / Singer-Songwriter,3 August 2018,Zurich,Switzerland,Letzigrund,Anne-Marie Jamie Lawson,"95,142 / 95,458","$11,097,894",Wikipedia / Billboard Boxscore
Ed Sheeran,÷ Tour,Pop / Singer-Songwriter,4 August 2018,Zurich,Switzerland,Letzigrund,Anne-Marie Jamie Lawson,"95,142 / 95,458","$11,097,894",Wikipedia / Billboard Boxscore
Ed Sheeran,÷ Tour,Pop / Singer-Songwriter,7 August 2018,Vienna,Austria,Ernst-Happel-Stadion,Anne-Marie Jamie Lawson,"110,652 / 110,652","$9,570,146",Wikipedia / Billboard Boxscore
Ed Sheeran,÷ Tour,Pop / Singer-Songwriter,8 August 2018,Vienna,Austria,Ernst-Happel-Stadion,Anne-Marie Jamie Lawson,"110,652 / 110,652","$9,570,146",Wikipedia / Billboard Boxscore
Ed Sheeran,÷ Tour,Pop / Singer-Songwriter,11 August 2018,Warsaw,Poland,PGE Narodowy,Anne-Marie Jamie Lawson BeMy,"104,452 / 104,452","$7,470,882",Wikipedia / Billboard Boxscore
Ed Sheeran,÷ Tour,Pop / Singer-Songwriter,12 August 2018,Warsaw,Poland,PGE Narodowy,Anne-Marie Jamie Lawson BeMy,"104,452 / 104,452","$7,470,882",Wikipedia / Billboard Boxscore
Ed Sheeran,÷ Tour,Pop / Singer-Songwriter,18 August 2018,Pasadena,United States,Rose Bowl,Snow Patrol Anne-Marie,"62,321 / 62,321","$6,315,595",Wikipedia / Billboard Boxscore
Ed Sheeran,÷ Tour,Pop / Singer-Songwriter,21 August 2018,San Francisco,United States,AT&T Park,Snow Patrol Anne-Marie,"38,647 / 38,647","$4,199,073",Wikipedia / Billboard Boxscore
Ed Sheeran,÷ Tour,Pop / Singer-Songwriter,25 August 2018,Seattle,United States,CenturyLink Field,Snow Patrol Anne-Marie,"55,891 / 55,891","$4,932,401",Wikipedia / Billboard Boxscore
Ed Sheeran,÷ Tour,Pop / Singer-Songwriter,30 August 2018,Toronto,Canada,Rogers Centre,Snow Patrol Anne-Marie,"98,461 / 98,461","$8,459,818",Wikipedia / Billboard Boxscore
Ed Sheeran,÷ Tour,Pop / Singer-Songwriter,31 August 2018,Toronto,Canada,Rogers Centre,Snow Patrol Anne-Marie,"98,461 / 98,461","$8,459,818",Wikipedia / Billboard Boxscore
Ed Sheeran,÷ Tour,Pop / Singer-Songwriter,6 September 2018,St. Louis,United States,Busch Stadium,Snow Patrol Anne-Marie,"41,522 / 41,522","$3,726,270",Wikipedia / Billboard Boxscore
Ed Sheeran,÷ Tour,Pop / Singer-Songwriter,8 September 2018,Detroit,United States,Ford Field,Snow Patrol Anne-Marie,"47,804 / 47,804","$4,481,289",Wikipedia / Billboard Boxscore
Ed Sheeran,÷ Tour,Pop / Singer-Songwriter,14 September 2018,Foxborough,United States,Gillette Stadium,Snow Patrol Anne-Marie,"110,238 / 110,238","$9,832,549",Wikipedia / Billboard Boxscore
Ed Sheeran,÷ Tour,Pop / Singer-Songwriter,15 September 2018,Foxborough,United States,Gillette Stadium,Snow Patrol Anne-Marie,"110,238 / 110,238","$9,832,549",Wikipedia / Billboard Boxscore
Ed Sheeran,÷ Tour,Pop / Singer-Songwriter,21 September 2018,East Rutherford,United States,MetLife Stadium,Snow Patrol Anne-Marie,"107,500 / 107,500","$11,220,207",Wikipedia / Billboard Boxscore
Ed Sheeran,÷ Tour,Pop / Singer-Songwriter,22 September 2018,East Rutherford,United States,MetLife Stadium,Snow Patrol Anne-Marie,"107,500 / 107,500","$11,220,207",Wikipedia / Billboard Boxscore
Ed Sheeran,÷ Tour,Pop / Singer-Songwriter,27 September 2018,Philadelphia,United States,Lincoln Financial Field,Snow Patrol Anne-Marie,"54,292 / 54,292","$5,161,682",Wikipedia / Billboard Boxscore
Ed Sheeran,÷ Tour,Pop / Singer-Songwriter,29 September 2018,Pittsburgh,United States,PNC Park,Snow Patrol Anne-Marie,"41,014 / 41,014","$4,169,873",Wikipedia / Billboard Boxscore
Ed Sheeran,÷ Tour,Pop / Singer-Songwriter,4 October 2018,Chicago,United States,Soldier Field,Snow Patrol Lauv,"47,263 / 47,263","$4,339,349",Wikipedia / Billboard Boxscore
Ed Sheeran,÷ Tour,Pop / Singer-Songwriter,6 October 2018,Nashville,United States,Nissan Stadium,Snow Patrol Lauv,"45,888 / 45,888","$3,954,931",Wikipedia / Billboard Boxscore
Ed Sheeran,÷ Tour,Pop / Singer-Songwriter,13 October 2018,Kansas City,United States,Arrowhead Stadium,Snow Patrol Lauv,"51,324 / 51,324","$4,008,747",Wikipedia / Billboard Boxscore
Ed Sheeran,÷ Tour,Pop / Singer-Songwriter,17 October 2018,Fargo,United States,Fargodome,Snow Patrol Lauv,"17,761 / 17,761","$1,766,790",Wikipedia / Billboard Boxscore
Ed Sheeran,÷ Tour,Pop / Singer-Songwriter,20 October 2018,Minneapolis,United States,U.S. Bank Stadium,Snow Patrol Lauv,"49,359 / 49,359","$4,512,421",Wikipedia / Billboard Boxscore
Ed Sheeran,÷ Tour,Pop / Singer-Songwriter,24 October 2018,Milwaukee,United States,Miller Park,Snow Patrol,"37,288 / 37,288","$3,390,498",Wikipedia / Billboard Boxscore
Ed Sheeran,÷ Tour,Pop / Singer-Songwriter,27 October 2018,Arlington,United States,AT&T Stadium,Snow Patrol Lauv,"46,249 / 46,249","$4,528,560",Wikipedia / Billboard Boxscore
Ed Sheeran,÷ Tour,Pop / Singer-Songwriter,31 October 2018,New Orleans,United States,Mercedes-Benz Superdome,Snow Patrol Lauv,"42,295 / 42,295","$2,827,815",Wikipedia / Billboard Boxscore
Ed Sheeran,÷ Tour,Pop / Singer-Songwriter,3 November 2018,Houston,United States,Minute Maid Park,Snow Patrol Lauv,"39,354 / 39,354","$3,985,595",Wikipedia / Billboard Boxscore
Ed Sheeran,÷ Tour,Pop / Singer-Songwriter,7 November 2018,Tampa,United States,Raymond James Stadium,Snow Patrol Lauv,"51,120 / 51,120","$4,197,412",Wikipedia / Billboard Boxscore
Ed Sheeran,÷ Tour,Pop / Singer-Songwriter,9 November 2018,Atlanta,United States,Mercedes-Benz Stadium,Snow Patrol Lauv,"50,906 / 50,906","$5,021,395",Wikipedia / Billboard Boxscore
Ed Sheeran,÷ Tour,Pop / Singer-Songwriter,13 February 2019,São Paulo,Brazil,Allianz Parque,Passenger,"81,156 / 81,156","$6,435,571",Wikipedia / Billboard Boxscore
Ed Sheeran,÷ Tour,Pop / Singer-Songwriter,14 February 2019,São Paulo,Brazil,Allianz Parque,Passenger,"81,156 / 81,156","$6,435,571",Wikipedia / Billboard Boxscore
Ed Sheeran,÷ Tour,Pop / Singer-Songwriter,17 February 2019,Porto Alegre,Brazil,Arena do Grêmio,Passenger,"38,635 / 38,635","$3,103,947",Wikipedia / Billboard Boxscore
Ed Sheeran,÷ Tour,Pop / Singer-Songwriter,20 February 2019,Montevideo,Uruguay,Estadio Centenario,Passenger,"20,779 / 20,779","$1,887,584",Wikipedia / Billboard Boxscore
Ed Sheeran,÷ Tour,Pop / Singer-Songwriter,23 February 2019,Buenos Aires,Argentina,Campo Argentino de Polo,Passenger,"40,130 / 40,130","$2,516,252",Wikipedia / Billboard Boxscore
Ed Sheeran,÷ Tour,Pop / Singer-Songwriter,23 March 2019,Johannesburg,South Africa,FNB Stadium,Passenger Shekhinah,"128,977 / 130,178","$7,721,755",Wikipedia / Billboard Boxscore
Ed Sheeran,÷ Tour,Pop / Singer-Songwriter,24 March 2019,Johannesburg,South Africa,FNB Stadium,Passenger Shekhinah,"128,977 / 130,178","$7,721,755",Wikipedia / Billboard Boxscore
Ed Sheeran,÷ Tour,Pop / Singer-Songwriter,27 March 2019,Cape Town,South Africa,Cape Town Stadium,Passenger Shekhinah,"96,915 / 98,264","$5,375,129",Wikipedia / Billboard Boxscore
Ed Sheeran,÷ Tour,Pop / Singer-Songwriter,28 March 2019,Cape Town,South Africa,Cape Town Stadium,Passenger Shekhinah,"96,915 / 98,264","$5,375,129",Wikipedia / Billboard Boxscore
Ed Sheeran,÷ Tour,Pop / Singer-Songwriter,4 April 2019,Taoyuan,Taiwan,Taoyuan City Stadium,One Ok Rock,"28,136 / 28,136","$3,209,967",Wikipedia / Billboard Boxscore
Ed Sheeran,÷ Tour,Pop / Singer-Songwriter,9 April 2019,Tokyo,Japan,Tokyo Dome,One Ok Rock,"47,454 / 47,454","$6,125,211",Wikipedia / Billboard Boxscore
Ed Sheeran,÷ Tour,Pop / Singer-Songwriter,13 April 2019,Kuala Lumpur,Malaysia,Bukit Jalil National Stadium,One Ok Rock,"40,351 / 43,743","$2,896,413",Wikipedia / Billboard Boxscore
Ed Sheeran,÷ Tour,Pop / Singer-Songwriter,17 April 2019,Hong Kong,Hong Kong,Hong Kong Disneyland,One Ok Rock,"20,294 / 20,294","$2,850,290",Wikipedia / Billboard Boxscore
Ed Sheeran,÷ Tour,Pop / Singer-Songwriter,21 April 2019,Incheon,South Korea,Songdo Moonlight Festival Park,One Ok Rock,"24,910 / 25,033","$2,657,726",Wikipedia / Billboard Boxscore
Ed Sheeran,÷ Tour,Pop / Singer-Songwriter,23 April 2019,Osaka,Japan,Kyocera Dome,One Ok Rock,"37,790 / 37,790","$4,902,433",Wikipedia / Billboard Boxscore
Ed Sheeran,÷ Tour,Pop / Singer-Songwriter,26 April 2019,Singapore,Singapore,Singapore National Stadium,One Ok Rock,"49,810 / 49,810","$5,595,968",Wikipedia / Billboard Boxscore
Ed Sheeran,÷ Tour,Pop / Singer-Songwriter,28 April 2019,Bangkok,Thailand,Rajamangala Stadium,One Ok Rock,"29,119 / 32,691","$3,586,298",Wikipedia / Billboard Boxscore
Ed Sheeran,÷ Tour,Pop / Singer-Songwriter,3 May 2019,Jakarta,Indonesia,Gelora Bung Karno Stadium,One Ok Rock,"48,959 / 52,060","$4,754,628",Wikipedia / Billboard Boxscore
Ed Sheeran,÷ Tour,Pop / Singer-Songwriter,24 May 2019,Lyon,France,Groupama Stadium,James Bay Zara Larsson,"157,070 / 162,561","$11,665,699",Wikipedia / Billboard Boxscore
Ed Sheeran,÷ Tour,Pop / Singer-Songwriter,25 May 2019,Lyon,France,Groupama Stadium,James Bay Zara Larsson,"157,070 / 162,561","$11,665,699",Wikipedia / Billboard Boxscore
Ed Sheeran,÷ Tour,Pop / Singer-Songwriter,26 May 2019,Lyon,France,Groupama Stadium,James Bay Zara Larsson,"157,070 / 162,561","$11,665,699",Wikipedia / Billboard Boxscore
Ed Sheeran,÷ Tour,Pop / Singer-Songwriter,29 May 2019,Bordeaux,France,Matmut Atlantique,James Bay Zara Larsson,"41,449 / 41,716","$3,117,590",Wikipedia / Billboard Boxscore
Ed Sheeran,÷ Tour,Pop / Singer-Songwriter,1 June 2019,Lisbon,Portugal,Estádio da Luz,James Bay Zara Larsson Ben Kweller,"118,085 / 118,085","$8,929,969",Wikipedia / Billboard Boxscore
Ed Sheeran,÷ Tour,Pop / Singer-Songwriter,2 June 2019,Lisbon,Portugal,Estádio da Luz,James Bay Zara Larsson Ben Kweller,"118,085 / 118,085","$8,929,969",Wikipedia / Billboard Boxscore
Ed Sheeran,÷ Tour,Pop / Singer-Songwriter,7 June 2019,Barcelona,Spain,Estadi Olímpic Lluís Companys,James Bay Zara Larsson,"54,658 / 54,658","$4,126,519",Wikipedia / Billboard Boxscore
Ed Sheeran,÷ Tour,Pop / Singer-Songwriter,11 June 2019,Madrid,Spain,Wanda Metropolitano,James Bay Zara Larsson,"51,944 / 51,944","$3,793,349",Wikipedia / Billboard Boxscore
Ed Sheeran,÷ Tour,Pop / Singer-Songwriter,16 June 2019,Rome,Italy,Stadio Olimpico,James Bay Zara Larsson,"58,959 / 58,959","$4,549,349",Wikipedia / Billboard Boxscore
Ed Sheeran,÷ Tour,Pop / Singer-Songwriter,19 June 2019,Milan,Italy,Stadio Giuseppe Meazza,James Bay Zara Larsson,"54,892 / 54,892","$4,020,920",Wikipedia / Billboard Boxscore
Ed Sheeran,÷ Tour,Pop / Singer-Songwriter,22 June 2019,Hockenheim,Germany,Hockenheimring,James Bay Zara Larsson,"191,120 / 202,888","$16,289,639",Wikipedia / Billboard Boxscore
Ed Sheeran,÷ Tour,Pop / Singer-Songwriter,23 June 2019,Hockenheim,Germany,Hockenheimring,James Bay Zara Larsson,"191,120 / 202,888","$16,289,639",Wikipedia / Billboard Boxscore
Ed Sheeran,÷ Tour,Pop / Singer-Songwriter,28 June 2019,Klagenfurt,Austria,Wörthersee Stadion,James Bay Zara Larsson,"67,535 / 67,698","$6,279,570",Wikipedia / Billboard Boxscore
Ed Sheeran,÷ Tour,Pop / Singer-Songwriter,29 June 2019,Klagenfurt,Austria,Wörthersee Stadion,James Bay Zara Larsson,"67,535 / 67,698","$6,279,570",Wikipedia / Billboard Boxscore
Ed Sheeran,÷ Tour,Pop / Singer-Songwriter,3 July 2019,Bucharest,Romania,Arena Națională,James Bay Zara Larsson,"47,166 / 48,106","$2,942,900",Wikipedia / Billboard Boxscore
Ed Sheeran,÷ Tour,Pop / Singer-Songwriter,7 July 2019,Prague,Czechia,Letňany,James Bay Zara Larsson,"142,036 / 157,980","$11,419,946",Wikipedia / Billboard Boxscore
Ed Sheeran,÷ Tour,Pop / Singer-Songwriter,8 July 2019,Prague,Czechia,Letňany,James Bay Zara Larsson,"142,036 / 157,980","$11,419,946",Wikipedia / Billboard Boxscore
Ed Sheeran,÷ Tour,Pop / Singer-Songwriter,12 July 2019,Riga,Latvia,Lucavsala Park,James Bay Zara Larsson,"50,437 / 63,550","$3,982,564",Wikipedia / Billboard Boxscore
Ed Sheeran,÷ Tour,Pop / Singer-Songwriter,19 July 2019,Moscow,Russia,Otkritie Arena,James Bay Zara Larsson,"39,841 / 41,857","$3,585,231",Wikipedia / Billboard Boxscore
Ed Sheeran,÷ Tour,Pop / Singer-Songwriter,23 July 2019,Helsinki,Finland,Malmi Airport,James Bay Zara Larsson,"108,000 / 118,216","$9,481,707",Wikipedia / Billboard Boxscore
Ed Sheeran,÷ Tour,Pop / Singer-Songwriter,24 July 2019,Helsinki,Finland,Malmi Airport,James Bay Zara Larsson,"108,000 / 118,216","$9,481,707",Wikipedia / Billboard Boxscore
Ed Sheeran,÷ Tour,Pop / Singer-Songwriter,27 July 2019,Odense,Denmark,Tusindårsskoven,James Bay Zara Larsson,"87,401 / 87,401","$8,848,720",Wikipedia / Billboard Boxscore
Ed Sheeran,÷ Tour,Pop / Singer-Songwriter,28 July 2019,Odense,Denmark,Tusindårsskoven,James Bay Zara Larsson,"87,401 / 87,401","$8,848,720",Wikipedia / Billboard Boxscore
Ed Sheeran,÷ Tour,Pop / Singer-Songwriter,2 August 2019,Hanover,Germany,Messegelände,James Bay Zara Larsson,"131,538 / 148,720","$12,560,432",Wikipedia / Billboard Boxscore
Ed Sheeran,÷ Tour,Pop / Singer-Songwriter,3 August 2019,Hanover,Germany,Messegelände,James Bay Zara Larsson,"131,538 / 148,720","$12,560,432",Wikipedia / Billboard Boxscore
Ed Sheeran,÷ Tour,Pop / Singer-Songwriter,10 August 2019,Reykjavik,Iceland,Laugardalsvöllur,James Bay Zara Larsson,"43,830 / 56,642","$7,180,912",Wikipedia / Billboard Boxscore
Ed Sheeran,÷ Tour,Pop / Singer-Songwriter,11 August 2019,Reykjavik,Iceland,Laugardalsvöllur,James Bay Zara Larsson,"43,830 / 56,642","$7,180,912",Wikipedia / Billboard Boxscore
Ed Sheeran,÷ Tour,Pop / Singer-Songwriter,16 August 2019,Leeds,England,Roundhay Park,The Darkness Lewis Capaldi,"136,358 / 140,000","$12,405,249",Wikipedia / Billboard Boxscore
Ed Sheeran,÷ Tour,Pop / Singer-Songwriter,17 August 2019,Leeds,England,Roundhay Park,The Darkness Lewis Capaldi,"136,358 / 140,000","$12,405,249",Wikipedia / Billboard Boxscore
Ed Sheeran,÷ Tour,Pop / Singer-Songwriter,23 August 2019,Ipswich,England,Chantry Park,The Darkness Passenger,"139,984 / 181,548","$12,913,212",Wikipedia / Billboard Boxscore
Ed Sheeran,÷ Tour,Pop / Singer-Songwriter,24 August 2019,Ipswich,England,Chantry Park,The Darkness Passenger,"139,984 / 181,548","$12,913,212",Wikipedia / Billboard Boxscore
Ed Sheeran,÷ Tour,Pop / Singer-Songwriter,25 August 2019,Ipswich,England,Chantry Park,The Darkness Lewis Capaldi,"139,984 / 181,548","$12,913,212",Wikipedia / Billboard Boxscore
Ed Sheeran,÷ Tour,Pop / Singer-Songwriter,26 August 2019,Ipswich,England,Chantry Park,The Darkness Lewis Capaldi,"139,984 / 181,548","$12,913,212",Wikipedia / Billboard Boxscore
